match_id,frame_idx,timestamp_ms,mode,player_left_id,player_right_id,left_paddle_y,right_paddle_y,ball_x,ball_y,ball_vx,ball_vy,label_action_left,label_action_right,score_left,score_right
1775915817155,0,1679941.9000000954,pvp,player_1,player_2,222,222,484.667,270,280,0,stay,stay,0,0
1775915817155,1,1679958.3000000715,pvp,player_1,player_2,222,222,489.333,270,280,0,stay,stay,0,0
1775915817155,2,1679974.9000000954,pvp,player_1,player_2,222,222,494,270,280,0,stay,stay,0,0
1775915817155,3,1679991.8000000715,pvp,player_1,player_2,222,222,498.667,270,280,0,stay,stay,0,0
1775915817155,4,1680008.5,pvp,player_1,player_2,222,222,503.333,270,280,0,stay,stay,0,0
1775915817155,5,1680025,pvp,player_1,player_2,222,222,508,270,280,0,stay,stay,0,0
1775915817155,6,1680041.9000000954,pvp,player_1,player_2,222,222,512.667,270,280,0,stay,stay,0,0
1775915817155,7,1680058.8000000715,pvp,player_1,player_2,222,222,517.333,270,280,0,stay,stay,0,0
1775915817155,8,1680075.4000000954,pvp,player_1,player_2,222,222,522,270,280,0,stay,stay,0,0
1775915817155,9,1680091.7000000477,pvp,player_1,player_2,222,222,526.667,270,280,0,stay,stay,0,0
1775915817155,10,1680108.2000000477,pvp,player_1,player_2,222,222,531.333,270,280,0,stay,stay,0,0
1775915817155,11,1680124.8000000715,pvp,player_1,player_2,222,222,536,270,280,0,stay,stay,0,0
1775915817155,12,1680141.5,pvp,player_1,player_2,222,222,540.667,270,280,0,stay,stay,0,0
1775915817155,13,1680158.2000000477,pvp,player_1,player_2,222,222,545.333,270,280,0,stay,stay,0,0
1775915817155,14,1680174.8000000715,pvp,player_1,player_2,222,222,550,270,280,0,stay,stay,0,0
1775915817155,15,1680191.5,pvp,player_1,player_2,222,222,554.667,270,280,0,stay,stay,0,0
1775915817155,16,1680208.1000000238,pvp,player_1,player_2,222,222,559.333,270,280,0,stay,stay,0,0
1775915817155,17,1680225,pvp,player_1,player_2,222,222,564,270,280,0,stay,stay,0,0
1775915817155,18,1680241.5,pvp,player_1,player_2,222,222,568.667,270,280,0,stay,stay,0,0
1775915817155,19,1680258.2000000477,pvp,player_1,player_2,222,222,573.333,270,280,0,stay,stay,0,0
1775915817155,20,1680274.8000000715,pvp,player_1,player_2,222,222,578,270,280,0,stay,stay,0,0
1775915817155,21,1680291.7000000477,pvp,player_1,player_2,222,222,582.667,270,280,0,stay,stay,0,0
1775915817155,22,1680308.4000000954,pvp,player_1,player_2,222,222,587.333,270,280,0,stay,stay,0,0
1775915817155,23,1680324.9000000954,pvp,player_1,player_2,222,222,592,270,280,0,stay,stay,0,0
1775915817155,24,1680341.7000000477,pvp,player_1,player_2,222,222,596.667,270,280,0,stay,stay,0,0
1775915817155,25,1680358.3000000715,pvp,player_1,player_2,222,222,601.333,270,280,0,stay,stay,0,0
1775915817155,26,1680375.4000000954,pvp,player_1,player_2,222,222,606,270,280,0,stay,stay,0,0
1775915817155,27,1680391.7000000477,pvp,player_1,player_2,222,222,610.667,270,280,0,stay,stay,0,0
1775915817155,28,1680408.9000000954,pvp,player_1,player_2,222,222,615.333,270,280,0,stay,stay,0,0
1775915817155,29,1680425.1000000238,pvp,player_1,player_2,222,222,620,270,280,0,stay,stay,0,0
1775915817155,30,1680441.9000000954,pvp,player_1,player_2,222,222,624.667,270,280,0,stay,stay,0,0
1775915817155,31,1680458.7000000477,pvp,player_1,player_2,222,222,629.333,270,280,0,stay,stay,0,0
1775915817155,32,1680474.9000000954,pvp,player_1,player_2,222,222,634,270,280,0,stay,stay,0,0
1775915817155,33,1680492.1000000238,pvp,player_1,player_2,222,222,638.667,270,280,0,stay,stay,0,0
1775915817155,34,1680508.8000000715,pvp,player_1,player_2,222,222,643.333,270,280,0,stay,stay,0,0
1775915817155,35,1680525,pvp,player_1,player_2,222,222,648,270,280,0,stay,stay,0,0
1775915817155,36,1680541.7000000477,pvp,player_1,player_2,222,222,652.667,270,280,0,stay,stay,0,0
1775915817155,37,1680558.3000000715,pvp,player_1,player_2,222,222,657.333,270,280,0,stay,stay,0,0
1775915817155,38,1680574.8000000715,pvp,player_1,player_2,222,222,662,270,280,0,stay,stay,0,0
1775915817155,39,1680591.6000000238,pvp,player_1,player_2,222,222,666.667,270,280,0,stay,stay,0,0
1775915817155,40,1680608.5,pvp,player_1,player_2,222,222,671.333,270,280,0,stay,stay,0,0
1775915817155,41,1680625.2000000477,pvp,player_1,player_2,222,222,676,270,280,0,stay,stay,0,0
1775915817155,42,1680641.7000000477,pvp,player_1,player_2,222,222,680.667,270,280,0,stay,stay,0,0
1775915817155,43,1680658.2000000477,pvp,player_1,player_2,222,222,685.333,270,280,0,stay,stay,0,0
1775915817155,44,1680675.1000000238,pvp,player_1,player_2,222,222,690,270,280,0,stay,stay,0,0
1775915817155,45,1680691.8000000715,pvp,player_1,player_2,222,222,694.667,270,280,0,stay,stay,0,0
1775915817155,46,1680708.5,pvp,player_1,player_2,222,222,699.333,270,280,0,stay,stay,0,0
1775915817155,47,1680725,pvp,player_1,player_2,222,222,704,270,280,0,stay,stay,0,0
1775915817155,48,1680741.5,pvp,player_1,player_2,222,222,708.667,270,280,0,stay,stay,0,0
1775915817155,49,1680758.4000000954,pvp,player_1,player_2,222,222,713.333,270,280,0,stay,stay,0,0
1775915817155,50,1680774.8000000715,pvp,player_1,player_2,222,222,718,270,280,0,stay,stay,0,0
1775915817155,51,1680791.9000000954,pvp,player_1,player_2,222,222,722.667,270,280,0,stay,stay,0,0
1775915817155,52,1680808.3000000715,pvp,player_1,player_2,222,222,727.333,270,280,0,stay,stay,0,0
1775915817155,53,1680824.9000000954,pvp,player_1,player_2,222,222,732,270,280,0,stay,stay,0,0
1775915817155,54,1680841.5,pvp,player_1,player_2,222,222,736.667,270,280,0,stay,stay,0,0
1775915817155,55,1680858.2000000477,pvp,player_1,player_2,222,222,741.333,270,280,0,stay,stay,0,0
1775915817155,56,1680875,pvp,player_1,player_2,222,222,746,270,280,0,stay,stay,0,0
1775915817155,57,1680891.5,pvp,player_1,player_2,222,222,750.667,270,280,0,stay,stay,0,0
1775915817155,58,1680908.2000000477,pvp,player_1,player_2,222,222,755.333,270,280,0,stay,stay,0,0
1775915817155,59,1680924.9000000954,pvp,player_1,player_2,222,222,760,270,280,0,stay,stay,0,0
1775915817155,60,1680941.6000000238,pvp,player_1,player_2,222,222,764.667,270,280,0,stay,stay,0,0
1775915817155,61,1680958.3000000715,pvp,player_1,player_2,222,222,769.333,270,280,0,stay,stay,0,0
1775915817155,62,1680974.8000000715,pvp,player_1,player_2,222,222,774,270,280,0,stay,stay,0,0
1775915817155,63,1680991.6000000238,pvp,player_1,player_2,222,222,778.667,270,280,0,stay,stay,0,0
1775915817155,64,1681008.2000000477,pvp,player_1,player_2,222,222,783.333,270,280,0,stay,stay,0,0
1775915817155,65,1681024.8000000715,pvp,player_1,player_2,222,222,788,270,280,0,stay,stay,0,0
1775915817155,66,1681041.6000000238,pvp,player_1,player_2,222,222,792.667,270,280,0,stay,stay,0,0
1775915817155,67,1681058.3000000715,pvp,player_1,player_2,222,222,797.333,270,280,0,stay,stay,0,0
1775915817155,68,1681074.8000000715,pvp,player_1,player_2,222,222,802,270,280,0,stay,stay,0,0
1775915817155,69,1681091.5,pvp,player_1,player_2,222,222,806.667,270,280,0,stay,stay,0,0
1775915817155,70,1681108.1000000238,pvp,player_1,player_2,222,222,811.333,270,280,0,stay,stay,0,0
1775915817155,71,1681125.1000000238,pvp,player_1,player_2,222,222,816,270,280,0,stay,stay,0,0
1775915817155,72,1681141.6000000238,pvp,player_1,player_2,222,222,820.667,270,280,0,stay,stay,0,0
1775915817155,73,1681158.2000000477,pvp,player_1,player_2,222,222,825.333,270,280,0,stay,stay,0,0
1775915817155,74,1681174.9000000954,pvp,player_1,player_2,222,222,830,270,280,0,stay,stay,0,0
1775915817155,75,1681191.5,pvp,player_1,player_2,222,222,834.667,270,280,0,stay,stay,0,0
1775915817155,76,1681208.2000000477,pvp,player_1,player_2,222,222,839.333,270,280,0,stay,stay,0,0
1775915817155,77,1681224.9000000954,pvp,player_1,player_2,222,222,844,270,280,0,stay,stay,0,0
1775915817155,78,1681241.6000000238,pvp,player_1,player_2,222,222,848.667,270,280,0,stay,stay,0,0
1775915817155,79,1681258.1000000238,pvp,player_1,player_2,222,222,853.333,270,280,0,stay,stay,0,0
1775915817155,80,1681275,pvp,player_1,player_2,222,222,858,270,280,0,stay,stay,0,0
1775915817155,81,1681291.7000000477,pvp,player_1,player_2,222,222,862.667,270,280,0,stay,stay,0,0
1775915817155,82,1681308.2000000477,pvp,player_1,player_2,222,222,867.333,270,280,0,stay,stay,0,0
1775915817155,83,1681324.9000000954,pvp,player_1,player_2,222,222,872,270,280,0,stay,stay,0,0
1775915817155,84,1681341.5,pvp,player_1,player_2,222,222,876.667,270,280,0,stay,stay,0,0
1775915817155,85,1681358.2000000477,pvp,player_1,player_2,222,222,881.333,270,280,0,stay,stay,0,0
1775915817155,86,1681374.9000000954,pvp,player_1,player_2,222,222,886,270,280,0,stay,stay,0,0
1775915817155,87,1681391.4000000954,pvp,player_1,player_2,222,222,890.667,270,280,0,stay,stay,0,0
1775915817155,88,1681408.1000000238,pvp,player_1,player_2,222,222,895.333,270,280,0,stay,stay,0,0
1775915817155,89,1681424.9000000954,pvp,player_1,player_2,222,222,900,270,280,0,stay,stay,0,0
1775915817155,90,1681441.6000000238,pvp,player_1,player_2,222,222,904.667,270,280,0,stay,stay,0,0
1775915817155,91,1681458.1000000238,pvp,player_1,player_2,222,222,909.333,270,280,0,stay,stay,0,0
1775915817155,92,1681474.9000000954,pvp,player_1,player_2,222,222,912,270,-300,0,stay,stay,0,0
1775915817155,93,1681491.5,pvp,player_1,player_2,222,222,907,270,-300,0,stay,stay,0,0
1775915817155,94,1681508.2000000477,pvp,player_1,player_2,222,222,902,270,-300,0,stay,stay,0,0
1775915817155,95,1681524.8000000715,pvp,player_1,player_2,222,222,897,270,-300,0,stay,stay,0,0
1775915817155,96,1681541.4000000954,pvp,player_1,player_2,222,222,892,270,-300,0,stay,stay,0,0
1775915817155,97,1681558.2000000477,pvp,player_1,player_2,222,222,887,270,-300,0,stay,stay,0,0
1775915817155,98,1681574.8000000715,pvp,player_1,player_2,222,222,882,270,-300,0,stay,stay,0,0
1775915817155,99,1681591.6000000238,pvp,player_1,player_2,222,222,877,270,-300,0,stay,stay,0,0
1775915817155,100,1681608.1000000238,pvp,player_1,player_2,222,222,872,270,-300,0,stay,stay,0,0
1775915817155,101,1681624.8000000715,pvp,player_1,player_2,222,222,867,270,-300,0,stay,stay,0,0
1775915817155,102,1681641.7000000477,pvp,player_1,player_2,222,222,862,270,-300,0,stay,stay,0,0
1775915817155,103,1681658.1000000238,pvp,player_1,player_2,222,222,857,270,-300,0,stay,stay,0,0
1775915817155,104,1681675,pvp,player_1,player_2,222,222,852,270,-300,0,stay,stay,0,0
1775915817155,105,1681691.7000000477,pvp,player_1,player_2,222,222,847,270,-300,0,stay,stay,0,0
1775915817155,106,1681708.2000000477,pvp,player_1,player_2,222,222,842,270,-300,0,stay,stay,0,0
1775915817155,107,1681724.9000000954,pvp,player_1,player_2,222,222,837,270,-300,0,stay,stay,0,0
1775915817155,108,1681741.5,pvp,player_1,player_2,222,222,832,270,-300,0,stay,stay,0,0
1775915817155,109,1681758.2000000477,pvp,player_1,player_2,222,222,827,270,-300,0,stay,stay,0,0
1775915817155,110,1681775,pvp,player_1,player_2,222,222,822,270,-300,0,stay,stay,0,0
1775915817155,111,1681791.6000000238,pvp,player_1,player_2,222,222,817,270,-300,0,stay,stay,0,0
1775915817155,112,1681808.3000000715,pvp,player_1,player_2,222,222,812,270,-300,0,stay,stay,0,0
1775915817155,113,1681824.8000000715,pvp,player_1,player_2,222,222,807,270,-300,0,stay,stay,0,0
1775915817155,114,1681841.9000000954,pvp,player_1,player_2,222,222,802,270,-300,0,stay,stay,0,0
1775915817155,115,1681858.1000000238,pvp,player_1,player_2,222,222,797,270,-300,0,stay,stay,0,0
1775915817155,116,1681874.8000000715,pvp,player_1,player_2,222,222,792,270,-300,0,stay,stay,0,0
1775915817155,117,1681891.5,pvp,player_1,player_2,222,222,787,270,-300,0,stay,stay,0,0
1775915817155,118,1681908.3000000715,pvp,player_1,player_2,222,222,782,270,-300,0,stay,stay,0,0
1775915817155,119,1681924.9000000954,pvp,player_1,player_2,222,222,777,270,-300,0,stay,stay,0,0
1775915817155,120,1681941.6000000238,pvp,player_1,player_2,222,222,772,270,-300,0,stay,stay,0,0
1775915817155,121,1681958.4000000954,pvp,player_1,player_2,222,222,767,270,-300,0,stay,stay,0,0
1775915817155,122,1681974.9000000954,pvp,player_1,player_2,222,222,762,270,-300,0,stay,stay,0,0
1775915817155,123,1681991.6000000238,pvp,player_1,player_2,222,222,757,270,-300,0,stay,stay,0,0
1775915817155,124,1682008.5,pvp,player_1,player_2,222,222,752,270,-300,0,stay,stay,0,0
1775915817155,125,1682025,pvp,player_1,player_2,221.744,222,747,270,-300,0,up,stay,0,0
1775915817155,126,1682041.4000000954,pvp,player_1,player_2,221.233,222,742,270,-300,0,up,stay,0,0
1775915817155,127,1682058.2000000477,pvp,player_1,player_2,220.467,222,737,270,-300,0,up,stay,0,0
1775915817155,128,1682075,pvp,player_1,player_2,219.444,222,732,270,-300,0,up,stay,0,0
1775915817155,129,1682091.8000000715,pvp,player_1,player_2,218.167,222,727,270,-300,0,up,stay,0,0
1775915817155,130,1682108.4000000954,pvp,player_1,player_2,216.633,222,722,270,-300,0,up,stay,0,0
1775915817155,131,1682124.9000000954,pvp,player_1,player_2,214.844,222,717,270,-300,0,up,stay,0,0
1775915817155,132,1682141.4000000954,pvp,player_1,player_2,212.8,222,712,270,-300,0,up,stay,0,0
1775915817155,133,1682158.4000000954,pvp,player_1,player_2,210.5,222,707,270,-300,0,up,stay,0,0
1775915817155,134,1682174.9000000954,pvp,player_1,player_2,207.944,222,702,270,-300,0,up,stay,0,0
1775915817155,135,1682191.6000000238,pvp,player_1,player_2,205.133,222,697,270,-300,0,up,stay,0,0
1775915817155,136,1682208.4000000954,pvp,player_1,player_2,202.067,222,692,270,-300,0,up,stay,0,0
1775915817155,137,1682224.9000000954,pvp,player_1,player_2,198.744,222,687,270,-300,0,up,stay,0,0
1775915817155,138,1682241.6000000238,pvp,player_1,player_2,195.167,222,682,270,-300,0,up,stay,0,0
1775915817155,139,1682258.1000000238,pvp,player_1,player_2,191.333,222,677,270,-300,0,up,stay,0,0
1775915817155,140,1682274.8000000715,pvp,player_1,player_2,187.244,222,672,270,-300,0,up,stay,0,0
1775915817155,141,1682291.5,pvp,player_1,player_2,182.9,222,667,270,-300,0,up,stay,0,0
1775915817155,142,1682308.3000000715,pvp,player_1,player_2,178.3,222,662,270,-300,0,up,stay,0,0
1775915817155,143,1682324.9000000954,pvp,player_1,player_2,173.444,222,657,270,-300,0,up,stay,0,0
1775915817155,144,1682341.5,pvp,player_1,player_2,168.333,222,652,270,-300,0,up,stay,0,0
1775915817155,145,1682358.3000000715,pvp,player_1,player_2,162.967,222,647,270,-300,0,up,stay,0,0
1775915817155,146,1682374.7000000477,pvp,player_1,player_2,157.344,222,642,270,-300,0,up,stay,0,0
1775915817155,147,1682391.5,pvp,player_1,player_2,151.467,222,637,270,-300,0,up,stay,0,0
1775915817155,148,1682408.3000000715,pvp,player_1,player_2,145.333,222,632,270,-300,0,up,stay,0,0
1775915817155,149,1682424.9000000954,pvp,player_1,player_2,139.394,222,627,270,-300,0,stay,stay,0,0
1775915817155,150,1682441.5,pvp,player_1,player_2,133.65,222,622,270,-300,0,stay,stay,0,0
1775915817155,151,1682458.2000000477,pvp,player_1,player_2,128.1,222,617,270,-300,0,stay,stay,0,0
1775915817155,152,1682475.2000000477,pvp,player_1,player_2,122.744,222,612,270,-300,0,stay,stay,0,0
1775915817155,153,1682491.7000000477,pvp,player_1,player_2,117.583,222,607,270,-300,0,stay,stay,0,0
1775915817155,154,1682508.1000000238,pvp,player_1,player_2,112.617,222,602,270,-300,0,stay,stay,0,0
1775915817155,155,1682525,pvp,player_1,player_2,107.844,222,597,270,-300,0,stay,stay,0,0
1775915817155,156,1682541.7000000477,pvp,player_1,player_2,103.267,222,592,270,-300,0,stay,stay,0,0
1775915817155,157,1682558.2000000477,pvp,player_1,player_2,99.05,222,587,270,-300,0,down,stay,0,0
1775915817155,158,1682574.8000000715,pvp,player_1,player_2,95.194,222,582,270,-300,0,down,stay,0,0
1775915817155,159,1682591.6000000238,pvp,player_1,player_2,91.7,222,577,270,-300,0,down,stay,0,0
1775915817155,160,1682608.2000000477,pvp,player_1,player_2,88.567,222,572,270,-300,0,down,stay,0,0
1775915817155,161,1682625.4000000954,pvp,player_1,player_2,85.794,222,567,270,-300,0,down,stay,0,0
1775915817155,162,1682641.6000000238,pvp,player_1,player_2,83.383,222,562,270,-300,0,down,stay,0,0
1775915817155,163,1682658.8000000715,pvp,player_1,player_2,81.333,222,557,270,-300,0,down,stay,0,0
1775915817155,164,1682674.7000000477,pvp,player_1,player_2,79.644,222,552,270,-300,0,down,stay,0,0
1775915817155,165,1682691.5,pvp,player_1,player_2,78.317,222,547,270,-300,0,down,stay,0,0
1775915817155,166,1682708.2000000477,pvp,player_1,player_2,77.35,222,542,270,-300,0,down,stay,0,0
1775915817155,167,1682725.1000000238,pvp,player_1,player_2,76.744,222,537,270,-300,0,down,stay,0,0
1775915817155,168,1682741.8000000715,pvp,player_1,player_2,76.5,222,532,270,-300,0,down,stay,0,0
1775915817155,169,1682758.5,pvp,player_1,player_2,76.617,222,527,270,-300,0,down,stay,0,0
1775915817155,170,1682775,pvp,player_1,player_2,76.989,222,522,270,-300,0,down,stay,0,0
1775915817155,171,1682791.6000000238,pvp,player_1,player_2,77.617,222,517,270,-300,0,down,stay,0,0
1775915817155,172,1682808.5,pvp,player_1,player_2,78.5,222,512,270,-300,0,down,stay,0,0
1775915817155,173,1682824.8000000715,pvp,player_1,player_2,79.639,222,507,270,-300,0,down,stay,0,0
1775915817155,174,1682841.5,pvp,player_1,player_2,81.033,222,502,270,-300,0,down,stay,0,0
1775915817155,175,1682858.3000000715,pvp,player_1,player_2,82.683,222,497,270,-300,0,down,stay,0,0
1775915817155,176,1682874.9000000954,pvp,player_1,player_2,84.589,222,492,270,-300,0,down,stay,0,0
1775915817155,177,1682891.5,pvp,player_1,player_2,86.75,222,487,270,-300,0,down,stay,0,0
1775915817155,178,1682908.1000000238,pvp,player_1,player_2,89.167,222,482,270,-300,0,down,stay,0,0
1775915817155,179,1682924.9000000954,pvp,player_1,player_2,91.839,222,477,270,-300,0,down,stay,0,0
1775915817155,180,1682942,pvp,player_1,player_2,94.767,222,472,270,-300,0,down,stay,0,0
1775915817155,181,1682958.7000000477,pvp,player_1,player_2,97.95,222,467,270,-300,0,down,stay,0,0
1775915817155,182,1682975.4000000954,pvp,player_1,player_2,101.389,222,462,270,-300,0,down,stay,0,0
1775915817155,183,1682992.4000000954,pvp,player_1,player_2,105.083,222,457,270,-300,0,down,stay,0,0
1775915817155,184,1683008.9000000954,pvp,player_1,player_2,109.033,222,452,270,-300,0,down,stay,0,0
1775915817155,185,1683025.5,pvp,player_1,player_2,113.239,222,447,270,-300,0,down,stay,0,0
1775915817155,186,1683042.6000000238,pvp,player_1,player_2,117.7,222,442,270,-300,0,down,stay,0,0
1775915817155,187,1683058.8000000715,pvp,player_1,player_2,122.417,222,437,270,-300,0,down,stay,0,0
1775915817155,188,1683075.7000000477,pvp,player_1,player_2,127.389,222,432,270,-300,0,down,stay,0,0
1775915817155,189,1683092.9000000954,pvp,player_1,player_2,132.617,222,427,270,-300,0,down,stay,0,0
1775915817155,190,1683109.1000000238,pvp,player_1,player_2,138.1,222,422,270,-300,0,down,stay,0,0
1775915817155,191,1683125.3000000715,pvp,player_1,player_2,143.839,222,417,270,-300,0,down,stay,0,0
1775915817155,192,1683141.7000000477,pvp,player_1,player_2,149.833,222,412,270,-300,0,down,stay,0,0
1775915817155,193,1683158.5,pvp,player_1,player_2,156.083,222,407,270,-300,0,down,stay,0,0
1775915817155,194,1683175.6000000238,pvp,player_1,player_2,162.589,222,402,270,-300,0,down,stay,0,0
1775915817155,195,1683192.2000000477,pvp,player_1,player_2,169.35,222,397,270,-300,0,down,stay,0,0
1775915817155,196,1683209,pvp,player_1,player_2,176.367,222,392,270,-300,0,down,stay,0,0
1775915817155,197,1683225.7000000477,pvp,player_1,player_2,183.639,222,387,270,-300,0,down,stay,0,0
1775915817155,198,1683242.3000000715,pvp,player_1,player_2,191.167,222,382,270,-300,0,down,stay,0,0
1775915817155,199,1683258.8000000715,pvp,player_1,player_2,198.833,222,377,270,-300,0,down,stay,0,0
1775915817155,200,1683275.3000000715,pvp,player_1,player_2,206.306,222,372,270,-300,0,stay,stay,0,0
1775915817155,201,1683292.4000000954,pvp,player_1,player_2,213.583,222,367,270,-300,0,stay,stay,0,0
1775915817155,202,1683308.9000000954,pvp,player_1,player_2,220.667,222,362,270,-300,0,stay,stay,0,0
1775915817155,203,1683325.5,pvp,player_1,player_2,227.556,222,357,270,-300,0,stay,stay,0,0
1775915817155,204,1683342,pvp,player_1,player_2,234.25,222,352,270,-300,0,stay,stay,0,0
1775915817155,205,1683358.6000000238,pvp,player_1,player_2,240.75,222,347,270,-300,0,stay,stay,0,0
1775915817155,206,1683375.5,pvp,player_1,player_2,247.056,222,342,270,-300,0,stay,stay,0,0
1775915817155,207,1683391.9000000954,pvp,player_1,player_2,253.167,222,337,270,-300,0,stay,stay,0,0
1775915817155,208,1683408.6000000238,pvp,player_1,player_2,259.083,222,332,270,-300,0,stay,stay,0,0
1775915817155,209,1683425.5,pvp,player_1,player_2,264.806,222,327,270,-300,0,stay,stay,0,0
1775915817155,210,1683442.6000000238,pvp,player_1,player_2,270.333,222,322,270,-300,0,stay,stay,0,0
1775915817155,211,1683459,pvp,player_1,player_2,275.667,222,317,270,-300,0,stay,stay,0,0
1775915817155,212,1683475.6000000238,pvp,player_1,player_2,280.639,222,312,270,-300,0,up,stay,0,0
1775915817155,213,1683492.3000000715,pvp,player_1,player_2,285.25,222,307,270,-300,0,up,stay,0,0
1775915817155,214,1683509.2000000477,pvp,player_1,player_2,289.5,222,302,270,-300,0,up,stay,0,0
1775915817155,215,1683525.6000000238,pvp,player_1,player_2,293.389,222,297,270,-300,0,up,stay,0,0
1775915817155,216,1683542.5,pvp,player_1,player_2,296.917,222,292,270,-300,0,up,stay,0,0
1775915817155,217,1683558.7000000477,pvp,player_1,player_2,300.083,222,287,270,-300,0,up,stay,0,0
1775915817155,218,1683575.4000000954,pvp,player_1,player_2,302.889,222,282,270,-300,0,up,stay,0,0
1775915817155,219,1683592.1000000238,pvp,player_1,player_2,305.333,222,277,270,-300,0,up,stay,0,0
1775915817155,220,1683609,pvp,player_1,player_2,307.417,222,272,270,-300,0,up,stay,0,0
1775915817155,221,1683625.3000000715,pvp,player_1,player_2,309.139,222,267,270,-300,0,up,stay,0,0
1775915817155,222,1683642.4000000954,pvp,player_1,player_2,310.5,222,262,270,-300,0,up,stay,0,0
1775915817155,223,1683658.9000000954,pvp,player_1,player_2,311.5,222,257,270,-300,0,up,stay,0,0
1775915817155,224,1683675.4000000954,pvp,player_1,player_2,312.139,222,252,270,-300,0,up,stay,0,0
1775915817155,225,1683692.1000000238,pvp,player_1,player_2,312.417,222,247,270,-300,0,up,stay,0,0
1775915817155,226,1683709.2000000477,pvp,player_1,player_2,312.333,222,242,270,-300,0,up,stay,0,0
1775915817155,227,1683725.6000000238,pvp,player_1,player_2,311.994,222,237,270,-300,0,up,stay,0,0
1775915817155,228,1683742.5,pvp,player_1,player_2,311.4,222,232,270,-300,0,up,stay,0,0
1775915817155,229,1683758.7000000477,pvp,player_1,player_2,310.55,222,227,270,-300,0,up,stay,0,0
1775915817155,230,1683775.1000000238,pvp,player_1,player_2,309.444,222,222,270,-300,0,up,stay,0,0
1775915817155,231,1683792.3000000715,pvp,player_1,player_2,308.083,222,217,270,-300,0,up,stay,0,0
1775915817155,232,1683808.7000000477,pvp,player_1,player_2,306.467,222,212,270,-300,0,up,stay,0,0
1775915817155,233,1683825.3000000715,pvp,player_1,player_2,304.594,222,207,270,-300,0,up,stay,0,0
1775915817155,234,1683842,pvp,player_1,player_2,302.467,222,202,270,-300,0,up,stay,0,0
1775915817155,235,1683858.4000000954,pvp,player_1,player_2,300.083,222,197,270,-300,0,up,stay,0,0
1775915817155,236,1683875.6000000238,pvp,player_1,player_2,297.444,222,192,270,-300,0,up,stay,0,0
1775915817155,237,1683892.3000000715,pvp,player_1,player_2,294.55,222,187,270,-300,0,up,stay,0,0
1775915817155,238,1683909.2000000477,pvp,player_1,player_2,291.4,222,182,270,-300,0,up,stay,0,0
1775915817155,239,1683925.8000000715,pvp,player_1,player_2,287.994,222,177,270,-300,0,up,stay,0,0
1775915817155,240,1683942.3000000715,pvp,player_1,player_2,284.333,222,172,270,-300,0,up,stay,0,0
1775915817155,241,1683959.1000000238,pvp,player_1,player_2,280.417,222,167,270,-300,0,up,stay,0,0
1775915817155,242,1683975.6000000238,pvp,player_1,player_2,276.244,222,162,270,-300,0,up,stay,0,0
1775915817155,243,1683992.4000000954,pvp,player_1,player_2,271.817,222,157,270,-300,0,up,stay,0,0
1775915817155,244,1684009.1000000238,pvp,player_1,player_2,267.133,222,152,270,-300,0,up,stay,0,0
1775915817155,245,1684025.7000000477,pvp,player_1,player_2,262.194,222,147,270,-300,0,up,stay,0,0
1775915817155,246,1684041.6000000238,pvp,player_1,player_2,257,222,142,270,-300,0,up,stay,0,0
1775915817155,247,1684059.2000000477,pvp,player_1,player_2,251.55,222,137,270,-300,0,up,stay,0,0
1775915817155,248,1684075.4000000954,pvp,player_1,player_2,245.844,222,132,270,-300,0,up,stay,0,0
1775915817155,249,1684092.3000000715,pvp,player_1,player_2,239.883,222,127,270,-300,0,up,stay,0,0
1775915817155,250,1684108.9000000954,pvp,player_1,player_2,233.667,222,122,270,-300,0,up,stay,0,0
1775915817155,251,1684125.5,pvp,player_1,player_2,227.644,222,117,270,-300,0,stay,stay,0,0
1775915817155,252,1684142.2000000477,pvp,player_1,player_2,221.817,222,112,270,-300,0,stay,stay,0,0
1775915817155,253,1684158.8000000715,pvp,player_1,player_2,216.183,222,107,270,-300,0,stay,stay,0,0
1775915817155,254,1684175.2000000477,pvp,player_1,player_2,210.744,222,102,270,-300,0,stay,stay,0,0
1775915817155,255,1684192.4000000954,pvp,player_1,player_2,205.5,222,97,270,-300,0,stay,stay,0,0
1775915817155,256,1684208.2000000477,pvp,player_1,player_2,200.45,222,92,270,-300,0,stay,stay,0,0
1775915817155,257,1684225,pvp,player_1,player_2,195.594,222,87,270,-300,0,stay,stay,0,0
1775915817155,258,1684241.5,pvp,player_1,player_2,191.1,222,82,270,-300,0,down,stay,0,0
1775915817155,259,1684258.3000000715,pvp,player_1,player_2,186.967,222,77,270,-300,0,down,stay,0,0
1775915817155,260,1684274.8000000715,pvp,player_1,player_2,183.194,222,72,270,-300,0,down,stay,0,0
1775915817155,261,1684291.5,pvp,player_1,player_2,179.783,222,67,270,-300,0,down,stay,0,0
1775915817155,262,1684308.3000000715,pvp,player_1,player_2,176.733,222,62,270,-300,0,down,stay,0,0
1775915817155,263,1684325.2000000477,pvp,player_1,player_2,174.044,222,57,270,-300,0,down,stay,0,0
1775915817155,264,1684341.9000000954,pvp,player_1,player_2,171.717,222,52,270,-300,0,down,stay,0,0
1775915817155,265,1684359.2000000477,pvp,player_1,player_2,169.75,222,48,270,135.238,290.018,down,stay,0,0
1775915817155,266,1684374.9000000954,pvp,player_1,player_2,168.144,222,50.254,274.834,135.238,290.018,down,stay,0,0
1775915817155,267,1684391.6000000238,pvp,player_1,player_2,166.9,222,52.508,279.667,135.238,290.018,down,stay,0,0
1775915817155,268,1684408.4000000954,pvp,player_1,player_2,166.017,222,54.762,284.501,135.238,290.018,down,stay,0,0
1775915817155,269,1684424.8000000715,pvp,player_1,player_2,165.494,222,57.016,289.335,135.238,290.018,down,stay,0,0
1775915817155,270,1684441.6000000238,pvp,player_1,player_2,165.333,222,59.27,294.168,135.238,290.018,down,stay,0,0
1775915817155,271,1684458.3000000715,pvp,player_1,player_2,165.533,222,61.524,299.002,135.238,290.018,down,stay,0,0
1775915817155,272,1684474.9000000954,pvp,player_1,player_2,165.989,222,63.778,303.835,135.238,290.018,down,stay,0,0
1775915817155,273,1684491.5,pvp,player_1,player_2,166.7,222,66.032,308.669,135.238,290.018,down,stay,0,0
1775915817155,274,1684508.4000000954,pvp,player_1,player_2,167.667,222,68.286,313.503,135.238,290.018,down,stay,0,0
1775915817155,275,1684525,pvp,player_1,player_2,168.889,222,70.54,318.336,135.238,290.018,down,stay,0,0
1775915817155,276,1684541.4000000954,pvp,player_1,player_2,170.367,222,72.794,323.17,135.238,290.018,down,stay,0,0
1775915817155,277,1684558.2000000477,pvp,player_1,player_2,172.1,222,75.048,328.004,135.238,290.018,down,stay,0,0
1775915817155,278,1684574.8000000715,pvp,player_1,player_2,174.089,222,77.302,332.837,135.238,290.018,down,stay,0,0
1775915817155,279,1684591.7000000477,pvp,player_1,player_2,176.333,222,79.555,337.671,135.238,290.018,down,stay,0,0
1775915817155,280,1684608.3000000715,pvp,player_1,player_2,178.833,222,81.809,342.505,135.238,290.018,down,stay,0,0
1775915817155,281,1684625,pvp,player_1,player_2,181.589,222,84.063,347.338,135.238,290.018,down,stay,0,0
1775915817155,282,1684641.5,pvp,player_1,player_2,184.6,222,86.317,352.172,135.238,290.018,down,stay,0,0
1775915817155,283,1684658.2000000477,pvp,player_1,player_2,187.867,222,88.571,357.006,135.238,290.018,down,stay,0,0
1775915817155,284,1684674.8000000715,pvp,player_1,player_2,191.389,222,90.825,361.839,135.238,290.018,down,stay,0,0
1775915817155,285,1684692,pvp,player_1,player_2,195.167,222,93.079,366.673,135.238,290.018,down,stay,0,0
1775915817155,286,1684709.1000000238,pvp,player_1,player_2,199.2,222,95.333,371.506,135.238,290.018,down,stay,0,0
1775915817155,287,1684726,pvp,player_1,player_2,203.489,222,97.587,376.34,135.238,290.018,down,stay,0,0
1775915817155,288,1684741.8000000715,pvp,player_1,player_2,208.033,222,99.841,381.174,135.238,290.018,down,stay,0,0
1775915817155,289,1684759,pvp,player_1,player_2,212.833,222,102.095,386.007,135.238,290.018,down,stay,0,0
1775915817155,290,1684774.8000000715,pvp,player_1,player_2,217.889,222,104.349,390.841,135.238,290.018,down,stay,0,0
1775915817155,291,1684792,pvp,player_1,player_2,223.2,222,106.603,395.675,135.238,290.018,down,stay,0,0
1775915817155,292,1684808.9000000954,pvp,player_1,player_2,228.767,222,108.857,400.508,135.238,290.018,down,stay,0,0
1775915817155,293,1684824.8000000715,pvp,player_1,player_2,234.589,222,111.111,405.342,135.238,290.018,down,stay,0,0
1775915817155,294,1684842.3000000715,pvp,player_1,player_2,240.667,222,113.365,410.176,135.238,290.018,down,stay,0,0
1775915817155,295,1684858.8000000715,pvp,player_1,player_2,247,222,115.619,415.009,135.238,290.018,down,stay,0,0
1775915817155,296,1684875.6000000238,pvp,player_1,player_2,253.589,222,117.873,419.843,135.238,290.018,down,stay,0,0
1775915817155,297,1684891.4000000954,pvp,player_1,player_2,260.433,222,120.127,424.677,135.238,290.018,down,stay,0,0
1775915817155,298,1684909.1000000238,pvp,player_1,player_2,267.533,222,122.381,429.51,135.238,290.018,down,stay,0,0
1775915817155,299,1684925.1000000238,pvp,player_1,player_2,274.889,222,124.635,434.344,135.238,290.018,down,stay,0,0
1775915817155,300,1684942.4000000954,pvp,player_1,player_2,282.5,222,126.889,439.177,135.238,290.018,down,stay,0,0
1775915817155,301,1684958.6000000238,pvp,player_1,player_2,290.167,222,129.143,444.011,135.238,290.018,down,stay,0,0
1775915817155,302,1684975.5,pvp,player_1,player_2,297.833,222,131.397,448.845,135.238,290.018,down,stay,0,0
1775915817155,303,1684992.4000000954,pvp,player_1,player_2,305.5,222,133.651,453.678,135.238,290.018,down,stay,0,0
1775915817155,304,1685008.7000000477,pvp,player_1,player_2,313.167,222,135.905,458.512,135.238,290.018,down,stay,0,0
1775915817155,305,1685025.7000000477,pvp,player_1,player_2,320.833,222,138.159,463.346,135.238,290.018,down,stay,0,0
1775915817155,306,1685042.1000000238,pvp,player_1,player_2,328.5,222,140.413,468.179,135.238,290.018,down,stay,0,0
1775915817155,307,1685058.9000000954,pvp,player_1,player_2,336.167,222,142.666,473.013,135.238,290.018,down,stay,0,0
1775915817155,308,1685075.5,pvp,player_1,player_2,343.833,222,144.92,477.847,135.238,290.018,down,stay,0,0
1775915817155,309,1685092.4000000954,pvp,player_1,player_2,351.5,222,147.174,482.68,135.238,290.018,down,stay,0,0
1775915817155,310,1685108.7000000477,pvp,player_1,player_2,359.167,222,149.428,487.514,135.238,290.018,down,stay,0,0
1775915817155,311,1685125.6000000238,pvp,player_1,player_2,366.833,222,151.682,492.348,135.238,290.018,down,stay,0,0
1775915817155,312,1685141.9000000954,pvp,player_1,player_2,374.5,222,153.936,497.181,135.238,290.018,down,stay,0,0
1775915817155,313,1685159.1000000238,pvp,player_1,player_2,382.167,222,156.19,502.015,135.238,290.018,down,stay,0,0
1775915817155,314,1685175.5,pvp,player_1,player_2,389.833,222,158.444,506.848,135.238,290.018,down,stay,0,0
1775915817155,315,1685192.2000000477,pvp,player_1,player_2,397.5,222,160.698,511.682,135.238,290.018,down,stay,0,0
1775915817155,316,1685208.9000000954,pvp,player_1,player_2,404.972,222,162.952,516.516,135.238,290.018,stay,stay,0,0
1775915817155,317,1685225.7000000477,pvp,player_1,player_2,412.25,222,165.206,521.349,135.238,290.018,stay,stay,0,0
1775915817155,318,1685242.4000000954,pvp,player_1,player_2,419.333,222,167.46,526.183,135.238,290.018,stay,stay,0,0
1775915817155,319,1685258.5,pvp,player_1,player_2,426.222,222,169.714,530,135.238,-290.018,stay,stay,0,0
1775915817155,320,1685275.4000000954,pvp,player_1,player_2,432.917,222,171.968,525.166,135.238,-290.018,stay,stay,0,0
1775915817155,321,1685292.6000000238,pvp,player_1,player_2,439.417,222,174.222,520.333,135.238,-290.018,stay,stay,0,0
1775915817155,322,1685308.8000000715,pvp,player_1,player_2,444,222,176.476,515.499,135.238,-290.018,stay,stay,0,0
1775915817155,323,1685325.1000000238,pvp,player_1,player_2,444,222,178.73,510.665,135.238,-290.018,stay,stay,0,0
1775915817155,324,1685341.7000000477,pvp,player_1,player_2,444,222,180.984,505.832,135.238,-290.018,stay,stay,0,0
1775915817155,325,1685358.1000000238,pvp,player_1,player_2,444,222,183.238,500.998,135.238,-290.018,stay,stay,0,0
1775915817155,326,1685374.8000000715,pvp,player_1,player_2,444,222,185.492,496.165,135.238,-290.018,stay,stay,0,0
1775915817155,327,1685392,pvp,player_1,player_2,444,222,187.746,491.331,135.238,-290.018,stay,stay,0,0
1775915817155,328,1685408.7000000477,pvp,player_1,player_2,444,222,190,486.497,135.238,-290.018,stay,stay,0,0
1775915817155,329,1685425.3000000715,pvp,player_1,player_2,444,222,192.254,481.664,135.238,-290.018,stay,stay,0,0
1775915817155,330,1685442.5,pvp,player_1,player_2,444,222,194.508,476.83,135.238,-290.018,stay,stay,0,0
1775915817155,331,1685458.9000000954,pvp,player_1,player_2,444,222,196.762,471.996,135.238,-290.018,stay,stay,0,0
1775915817155,332,1685475.7000000477,pvp,player_1,player_2,444,222,199.016,467.163,135.238,-290.018,stay,stay,0,0
1775915817155,333,1685492.8000000715,pvp,player_1,player_2,444,222,201.27,462.329,135.238,-290.018,stay,stay,0,0
1775915817155,334,1685509.2000000477,pvp,player_1,player_2,444,222,203.524,457.495,135.238,-290.018,stay,stay,0,0
1775915817155,335,1685525.2000000477,pvp,player_1,player_2,444,222,205.777,452.662,135.238,-290.018,stay,stay,0,0
1775915817155,336,1685542,pvp,player_1,player_2,444,222,208.031,447.828,135.238,-290.018,stay,stay,0,0
1775915817155,337,1685558.8000000715,pvp,player_1,player_2,444,222,210.285,442.994,135.238,-290.018,stay,stay,0,0
1775915817155,338,1685575.1000000238,pvp,player_1,player_2,444,222,212.539,438.161,135.238,-290.018,stay,stay,0,0
1775915817155,339,1685592.3000000715,pvp,player_1,player_2,444,222,214.793,433.327,135.238,-290.018,stay,stay,0,0
1775915817155,340,1685608.9000000954,pvp,player_1,player_2,444,222,217.047,428.494,135.238,-290.018,stay,stay,0,0
1775915817155,341,1685625.6000000238,pvp,player_1,player_2,444,222,219.301,423.66,135.238,-290.018,stay,stay,0,0
1775915817155,342,1685642.5,pvp,player_1,player_2,444,222,221.555,418.826,135.238,-290.018,stay,stay,0,0
1775915817155,343,1685658.7000000477,pvp,player_1,player_2,444,222,223.809,413.993,135.238,-290.018,stay,stay,0,0
1775915817155,344,1685675.6000000238,pvp,player_1,player_2,444,222,226.063,409.159,135.238,-290.018,stay,stay,0,0
1775915817155,345,1685692.3000000715,pvp,player_1,player_2,444,222,228.317,404.325,135.238,-290.018,stay,stay,0,0
1775915817155,346,1685709,pvp,player_1,player_2,444,222,230.571,399.492,135.238,-290.018,stay,stay,0,0
1775915817155,347,1685725.6000000238,pvp,player_1,player_2,444,222,232.825,394.658,135.238,-290.018,stay,stay,0,0
1775915817155,348,1685742.3000000715,pvp,player_1,player_2,444,222,235.079,389.824,135.238,-290.018,stay,stay,0,0
1775915817155,349,1685758.9000000954,pvp,player_1,player_2,444,222,237.333,384.991,135.238,-290.018,stay,stay,0,0
1775915817155,350,1685774.8000000715,pvp,player_1,player_2,444,222,239.587,380.157,135.238,-290.018,stay,stay,0,0
1775915817155,351,1685791.7000000477,pvp,player_1,player_2,444,222,241.841,375.323,135.238,-290.018,stay,stay,0,0
1775915817155,352,1685808.9000000954,pvp,player_1,player_2,444,222,244.095,370.49,135.238,-290.018,stay,stay,0,0
1775915817155,353,1685825.5,pvp,player_1,player_2,444,222,246.349,365.656,135.238,-290.018,stay,stay,0,0
1775915817155,354,1685841.8000000715,pvp,player_1,player_2,444,222,248.603,360.823,135.238,-290.018,stay,stay,0,0
1775915817155,355,1685859.1000000238,pvp,player_1,player_2,444,222,250.857,355.989,135.238,-290.018,stay,stay,0,0
1775915817155,356,1685875.6000000238,pvp,player_1,player_2,444,222,253.111,351.155,135.238,-290.018,stay,stay,0,0
1775915817155,357,1685892.4000000954,pvp,player_1,player_2,444,222,255.365,346.322,135.238,-290.018,stay,stay,0,0
1775915817155,358,1685908.9000000954,pvp,player_1,player_2,444,222,257.619,341.488,135.238,-290.018,stay,stay,0,0
1775915817155,359,1685925.6000000238,pvp,player_1,player_2,444,222,259.873,336.654,135.238,-290.018,stay,stay,0,0
1775915817155,360,1685942.2000000477,pvp,player_1,player_2,444,222,262.127,331.821,135.238,-290.018,stay,stay,0,0
1775915817155,361,1685958.9000000954,pvp,player_1,player_2,444,222,264.381,326.987,135.238,-290.018,stay,stay,0,0
1775915817155,362,1685975.3000000715,pvp,player_1,player_2,444,222,266.635,322.153,135.238,-290.018,stay,stay,0,0
1775915817155,363,1685992.3000000715,pvp,player_1,player_2,444,221.744,268.888,317.32,135.238,-290.018,stay,up,0,0
1775915817155,364,1686009.2000000477,pvp,player_1,player_2,444,221.233,271.142,312.486,135.238,-290.018,stay,up,0,0
1775915817155,365,1686025.1000000238,pvp,player_1,player_2,444,220.467,273.396,307.652,135.238,-290.018,stay,up,0,0
1775915817155,366,1686042.2000000477,pvp,player_1,player_2,444,219.444,275.65,302.819,135.238,-290.018,stay,up,0,0
1775915817155,367,1686058.5,pvp,player_1,player_2,444,218.167,277.904,297.985,135.238,-290.018,stay,up,0,0
1775915817155,368,1686075.3000000715,pvp,player_1,player_2,444,216.633,280.158,293.152,135.238,-290.018,stay,up,0,0
1775915817155,369,1686092.3000000715,pvp,player_1,player_2,444,214.844,282.412,288.318,135.238,-290.018,stay,up,0,0
1775915817155,370,1686109,pvp,player_1,player_2,444,212.8,284.666,283.484,135.238,-290.018,stay,up,0,0
1775915817155,371,1686125.6000000238,pvp,player_1,player_2,444,210.5,286.92,278.651,135.238,-290.018,stay,up,0,0
1775915817155,372,1686142.2000000477,pvp,player_1,player_2,444,207.944,289.174,273.817,135.238,-290.018,stay,up,0,0
1775915817155,373,1686158.9000000954,pvp,player_1,player_2,444,205.133,291.428,268.983,135.238,-290.018,stay,up,0,0
1775915817155,374,1686175.7000000477,pvp,player_1,player_2,444,202.067,293.682,264.15,135.238,-290.018,stay,up,0,0
1775915817155,375,1686191.7000000477,pvp,player_1,player_2,444,198.744,295.936,259.316,135.238,-290.018,stay,up,0,0
1775915817155,376,1686208.6000000238,pvp,player_1,player_2,444,195.167,298.19,254.482,135.238,-290.018,stay,up,0,0
1775915817155,377,1686225.6000000238,pvp,player_1,player_2,444,191.333,300.444,249.649,135.238,-290.018,stay,up,0,0
1775915817155,378,1686242.5,pvp,player_1,player_2,444,187.244,302.698,244.815,135.238,-290.018,stay,up,0,0
1775915817155,379,1686258.6000000238,pvp,player_1,player_2,444,182.9,304.952,239.982,135.238,-290.018,stay,up,0,0
1775915817155,380,1686275.5,pvp,player_1,player_2,444,178.3,307.206,235.148,135.238,-290.018,stay,up,0,0
1775915817155,381,1686292.4000000954,pvp,player_1,player_2,444,173.444,309.46,230.314,135.238,-290.018,stay,up,0,0
1775915817155,382,1686308.7000000477,pvp,player_1,player_2,444,168.333,311.714,225.481,135.238,-290.018,stay,up,0,0
1775915817155,383,1686325.4000000954,pvp,player_1,player_2,444,162.967,313.968,220.647,135.238,-290.018,stay,up,0,0
1775915817155,384,1686342.3000000715,pvp,player_1,player_2,444,157.344,316.222,215.813,135.238,-290.018,stay,up,0,0
1775915817155,385,1686359.1000000238,pvp,player_1,player_2,444,151.467,318.476,210.98,135.238,-290.018,stay,up,0,0
1775915817155,386,1686375.5,pvp,player_1,player_2,444,145.333,320.73,206.146,135.238,-290.018,stay,up,0,0
1775915817155,387,1686392.3000000715,pvp,player_1,player_2,444,138.944,322.984,201.312,135.238,-290.018,stay,up,0,0
1775915817155,388,1686409,pvp,player_1,player_2,444,132.3,325.238,196.479,135.238,-290.018,stay,up,0,0
1775915817155,389,1686425.7000000477,pvp,player_1,player_2,444,125.4,327.492,191.645,135.238,-290.018,stay,up,0,0
1775915817155,390,1686442.1000000238,pvp,player_1,player_2,444,118.244,329.746,186.811,135.238,-290.018,stay,up,0,0
1775915817155,391,1686458.2000000477,pvp,player_1,player_2,444,111.283,331.999,181.978,135.238,-290.018,stay,stay,0,0
1775915817155,392,1686475.5,pvp,player_1,player_2,444,104.517,334.253,177.144,135.238,-290.018,stay,stay,0,0
1775915817155,393,1686491.9000000954,pvp,player_1,player_2,444,97.944,336.507,172.311,135.238,-290.018,stay,stay,0,0
1775915817155,394,1686509,pvp,player_1,player_2,444,91.567,338.761,167.477,135.238,-290.018,stay,stay,0,0
1775915817155,395,1686525.6000000238,pvp,player_1,player_2,444,85.383,341.015,162.643,135.238,-290.018,stay,stay,0,0
1775915817155,396,1686542.5,pvp,player_1,player_2,444,79.394,343.269,157.81,135.238,-290.018,stay,stay,0,0
1775915817155,397,1686559,pvp,player_1,player_2,444,73.6,345.523,152.976,135.238,-290.018,stay,stay,0,0
1775915817155,398,1686575.5,pvp,player_1,player_2,444,68,347.777,148.142,135.238,-290.018,stay,stay,0,0
1775915817155,399,1686592.2000000477,pvp,player_1,player_2,444,62.594,350.031,143.309,135.238,-290.018,stay,stay,0,0
1775915817155,400,1686608.6000000238,pvp,player_1,player_2,444,57.383,352.285,138.475,135.238,-290.018,stay,stay,0,0
1775915817155,401,1686625.9000000954,pvp,player_1,player_2,444,52.533,354.539,133.641,135.238,-290.018,stay,down,0,0
1775915817155,402,1686641.8000000715,pvp,player_1,player_2,444,48.044,356.793,128.808,135.238,-290.018,stay,down,0,0
1775915817155,403,1686658.2000000477,pvp,player_1,player_2,444,43.75,359.047,123.974,135.238,-290.018,stay,stay,0,0
1775915817155,404,1686675.1000000238,pvp,player_1,player_2,444,39.817,361.301,119.14,135.238,-290.018,stay,down,0,0
1775915817155,405,1686692.4000000954,pvp,player_1,player_2,444,36.244,363.555,114.307,135.238,-290.018,stay,down,0,0
1775915817155,406,1686708.1000000238,pvp,player_1,player_2,444,33.033,365.809,109.473,135.238,-290.018,stay,down,0,0
1775915817155,407,1686725.2000000477,pvp,player_1,player_2,444,30.183,368.063,104.64,135.238,-290.018,stay,down,0,0
1775915817155,408,1686742.3000000715,pvp,player_1,player_2,444,27.694,370.317,99.806,135.238,-290.018,stay,down,0,0
1775915817155,409,1686758.2000000477,pvp,player_1,player_2,444,25.567,372.571,94.972,135.238,-290.018,stay,down,0,0
1775915817155,410,1686774.9000000954,pvp,player_1,player_2,444,23.8,374.825,90.139,135.238,-290.018,stay,down,0,0
1775915817155,411,1686792,pvp,player_1,player_2,444,22.394,377.079,85.305,135.238,-290.018,stay,down,0,0
1775915817155,412,1686808.8000000715,pvp,player_1,player_2,444,21.35,379.333,80.471,135.238,-290.018,stay,down,0,0
1775915817155,413,1686825.4000000954,pvp,player_1,player_2,444,20.667,381.587,75.638,135.238,-290.018,stay,down,0,0
1775915817155,414,1686842.1000000238,pvp,player_1,player_2,444,20.344,383.841,70.804,135.238,-290.018,stay,down,0,0
1775915817155,415,1686858.7000000477,pvp,player_1,player_2,444,20.383,386.095,65.97,135.238,-290.018,stay,down,0,0
1775915817155,416,1686875.4000000954,pvp,player_1,player_2,444,20.678,388.349,61.137,135.238,-290.018,stay,down,0,0
1775915817155,417,1686892.3000000715,pvp,player_1,player_2,444,21.228,390.603,56.303,135.238,-290.018,stay,down,0,0
1775915817155,418,1686908.6000000238,pvp,player_1,player_2,444,22.033,392.857,51.469,135.238,-290.018,stay,down,0,0
1775915817155,419,1686925,pvp,player_1,player_2,444,23.094,395.11,46.636,135.238,-290.018,stay,down,0,0
1775915817155,420,1686942.3000000715,pvp,player_1,player_2,444,24.411,397.364,41.802,135.238,-290.018,stay,down,0,0
1775915817155,421,1686958.8000000715,pvp,player_1,player_2,444,25.983,399.618,36.969,135.238,-290.018,stay,down,0,0
1775915817155,422,1686975.6000000238,pvp,player_1,player_2,444,27.811,401.872,32.135,135.238,-290.018,stay,down,0,0
1775915817155,423,1686992.8000000715,pvp,player_1,player_2,444,29.894,404.126,27.301,135.238,-290.018,stay,down,0,0
1775915817155,424,1687008.5,pvp,player_1,player_2,444,32.233,406.38,22.468,135.238,-290.018,stay,down,0,0
1775915817155,425,1687025.6000000238,pvp,player_1,player_2,444,34.828,408.634,17.634,135.238,-290.018,stay,down,0,0
1775915817155,426,1687042.4000000954,pvp,player_1,player_2,444,37.678,410.888,12.8,135.238,-290.018,stay,down,0,0
1775915817155,427,1687059.1000000238,pvp,player_1,player_2,444,40.783,413.142,10,135.238,290.018,stay,down,0,0
1775915817155,428,1687075.7000000477,pvp,player_1,player_2,444,44.144,415.396,14.834,135.238,290.018,stay,down,0,0
1775915817155,429,1687092.4000000954,pvp,player_1,player_2,444,47.761,417.65,19.667,135.238,290.018,stay,down,0,0
1775915817155,430,1687109.3000000715,pvp,player_1,player_2,444,51.633,419.904,24.501,135.238,290.018,stay,down,0,0
1775915817155,431,1687125.7000000477,pvp,player_1,player_2,444,55.761,422.158,29.335,135.238,290.018,stay,down,0,0
1775915817155,432,1687142.4000000954,pvp,player_1,player_2,444,60.144,424.412,34.168,135.238,290.018,stay,down,0,0
1775915817155,433,1687159.1000000238,pvp,player_1,player_2,444,64.783,426.666,39.002,135.238,290.018,stay,down,0,0
1775915817155,434,1687175.4000000954,pvp,player_1,player_2,444,69.678,428.92,43.835,135.238,290.018,stay,down,0,0
1775915817155,435,1687192.4000000954,pvp,player_1,player_2,444,74.828,431.174,48.669,135.238,290.018,stay,down,0,0
1775915817155,436,1687208.9000000954,pvp,player_1,player_2,444,80.233,433.428,53.503,135.238,290.018,stay,down,0,0
1775915817155,437,1687225.2000000477,pvp,player_1,player_2,444,85.894,435.682,58.336,135.238,290.018,stay,down,0,0
1775915817155,438,1687242.6000000238,pvp,player_1,player_2,444,91.811,437.936,63.17,135.238,290.018,stay,down,0,0
1775915817155,439,1687258.6000000238,pvp,player_1,player_2,444,97.983,440.19,68.004,135.238,290.018,stay,down,0,0
1775915817155,440,1687275.1000000238,pvp,player_1,player_2,444,104.411,442.444,72.837,135.238,290.018,stay,down,0,0
1775915817155,441,1687292.3000000715,pvp,player_1,player_2,444,111.094,444.698,77.671,135.238,290.018,stay,down,0,0
1775915817155,442,1687309.2000000477,pvp,player_1,player_2,444,118.033,446.952,82.505,135.238,290.018,stay,down,0,0
1775915817155,443,1687325,pvp,player_1,player_2,444,125.228,449.206,87.338,135.238,290.018,stay,down,0,0
1775915817155,444,1687341.8000000715,pvp,player_1,player_2,444,132.678,451.46,92.172,135.238,290.018,stay,down,0,0
1775915817155,445,1687358.9000000954,pvp,player_1,player_2,444,140.344,453.714,97.006,135.238,290.018,stay,down,0,0
1775915817155,446,1687375.3000000715,pvp,player_1,player_2,444,148.011,455.967,101.839,135.238,290.018,stay,down,0,0
1775915817155,447,1687391.9000000954,pvp,player_1,player_2,444,155.678,458.221,106.673,135.238,290.018,stay,down,0,0
1775915817155,448,1687408.9000000954,pvp,player_1,player_2,444,163.15,460.475,111.506,135.238,290.018,stay,stay,0,0
1775915817155,449,1687425.4000000954,pvp,player_1,player_2,444,170.428,462.729,116.34,135.238,290.018,stay,stay,0,0
1775915817155,450,1687442.2000000477,pvp,player_1,player_2,444,177.511,464.983,121.174,135.238,290.018,stay,stay,0,0
1775915817155,451,1687458.8000000715,pvp,player_1,player_2,444,184.4,467.237,126.007,135.238,290.018,stay,stay,0,0
1775915817155,452,1687475.4000000954,pvp,player_1,player_2,444,191.094,469.491,130.841,135.238,290.018,stay,stay,0,0
1775915817155,453,1687492.4000000954,pvp,player_1,player_2,444,197.594,471.745,135.675,135.238,290.018,stay,stay,0,0
1775915817155,454,1687508.5,pvp,player_1,player_2,444,203.9,473.999,140.508,135.238,290.018,stay,stay,0,0
1775915817155,455,1687525.4000000954,pvp,player_1,player_2,444,210.011,476.253,145.342,135.238,290.018,stay,stay,0,0
1775915817155,456,1687541.8000000715,pvp,player_1,player_2,444,215.928,478.507,150.176,135.238,290.018,stay,stay,0,0
1775915817155,457,1687558.4000000954,pvp,player_1,player_2,444,221.483,480.761,155.009,135.238,290.018,stay,up,0,0
1775915817155,458,1687575.5,pvp,player_1,player_2,444,226.678,483.015,159.843,135.238,290.018,stay,up,0,0
1775915817155,459,1687592.2000000477,pvp,player_1,player_2,444,231.511,485.269,164.677,135.238,290.018,stay,up,0,0
1775915817155,460,1687608.7000000477,pvp,player_1,player_2,444,235.983,487.523,169.51,135.238,290.018,stay,up,0,0
1775915817155,461,1687625.1000000238,pvp,player_1,player_2,444,240.094,489.777,174.344,135.238,290.018,stay,up,0,0
1775915817155,462,1687642.4000000954,pvp,player_1,player_2,444,243.844,492.031,179.177,135.238,290.018,stay,up,0,0
1775915817155,463,1687658.5,pvp,player_1,player_2,444,247.4,494.285,184.011,135.238,290.018,stay,stay,0,0
1775915817155,464,1687675.1000000238,pvp,player_1,player_2,444,250.761,496.539,188.845,135.238,290.018,stay,stay,0,0
1775915817155,465,1687692.2000000477,pvp,player_1,player_2,444,253.928,498.793,193.678,135.238,290.018,stay,stay,0,0
1775915817155,466,1687708.7000000477,pvp,player_1,player_2,444,256.9,501.047,198.512,135.238,290.018,stay,stay,0,0
1775915817155,467,1687724.9000000954,pvp,player_1,player_2,444,259.678,503.301,203.346,135.238,290.018,stay,stay,0,0
1775915817155,468,1687741.5,pvp,player_1,player_2,444,262.261,505.555,208.179,135.238,290.018,stay,stay,0,0
1775915817155,469,1687758.3000000715,pvp,player_1,player_2,444,264.65,507.809,213.013,135.238,290.018,stay,stay,0,0
1775915817155,470,1687774.8000000715,pvp,player_1,player_2,444,266.844,510.063,217.847,135.238,290.018,stay,stay,0,0
1775915817155,471,1687791.8000000715,pvp,player_1,player_2,444,268.678,512.317,222.68,135.238,290.018,stay,up,0,0
1775915817155,472,1687808.7000000477,pvp,player_1,player_2,444,270.15,514.571,227.514,135.238,290.018,stay,up,0,0
1775915817155,473,1687825.2000000477,pvp,player_1,player_2,444,271.261,516.825,232.348,135.238,290.018,stay,up,0,0
1775915817155,474,1687842.1000000238,pvp,player_1,player_2,444,272.011,519.078,237.181,135.238,290.018,stay,up,0,0
1775915817155,475,1687859,pvp,player_1,player_2,444,272.4,521.332,242.015,135.238,290.018,stay,up,0,0
1775915817155,476,1687875.3000000715,pvp,player_1,player_2,444,272.428,523.586,246.848,135.238,290.018,stay,up,0,0
1775915817155,477,1687891.9000000954,pvp,player_1,player_2,444,272.094,525.84,251.682,135.238,290.018,stay,up,0,0
1775915817155,478,1687908.9000000954,pvp,player_1,player_2,444,271.506,528.094,256.516,135.238,290.018,stay,up,0,0
1775915817155,479,1687925.4000000954,pvp,player_1,player_2,444,270.661,530.348,261.349,135.238,290.018,stay,up,0,0
1775915817155,480,1687941.7000000477,pvp,player_1,player_2,444,270.011,532.602,266.183,135.238,290.018,stay,stay,0,0
1775915817155,481,1687958.5,pvp,player_1,player_2,444,269.556,534.856,271.017,135.238,290.018,stay,stay,0,0
1775915817155,482,1687975.1000000238,pvp,player_1,player_2,444,269.294,537.11,275.85,135.238,290.018,stay,stay,0,0
1775915817155,483,1687991.8000000715,pvp,player_1,player_2,444,269.294,539.364,280.684,135.238,290.018,stay,stay,0,0
1775915817155,484,1688008.5,pvp,player_1,player_2,444,269.294,541.618,285.518,135.238,290.018,stay,stay,0,0
1775915817155,485,1688025.4000000954,pvp,player_1,player_2,444,269.294,543.872,290.351,135.238,290.018,stay,stay,0,0
1775915817155,486,1688041.7000000477,pvp,player_1,player_2,444,269.294,546.126,295.185,135.238,290.018,stay,stay,0,0
1775915817155,487,1688058.8000000715,pvp,player_1,player_2,444,269.294,548.38,300.018,135.238,290.018,stay,stay,0,0
1775915817155,488,1688075.5,pvp,player_1,player_2,444,269.294,550.634,304.852,135.238,290.018,stay,stay,0,0
1775915817155,489,1688091.6000000238,pvp,player_1,player_2,444,269.294,552.888,309.686,135.238,290.018,stay,stay,0,0
1775915817155,490,1688108.5,pvp,player_1,player_2,444,269.294,555.142,314.519,135.238,290.018,stay,stay,0,0
1775915817155,491,1688125.5,pvp,player_1,player_2,444,269.294,557.396,319.353,135.238,290.018,stay,stay,0,0
1775915817155,492,1688141.5,pvp,player_1,player_2,444,269.294,559.65,324.187,135.238,290.018,stay,stay,0,0
1775915817155,493,1688158.3000000715,pvp,player_1,player_2,444,269.55,561.904,329.02,135.238,290.018,stay,down,0,0
1775915817155,494,1688175.4000000954,pvp,player_1,player_2,444,270.061,564.158,333.854,135.238,290.018,stay,down,0,0
1775915817155,495,1688192,pvp,player_1,player_2,444,270.828,566.412,338.688,135.238,290.018,stay,down,0,0
1775915817155,496,1688208.4000000954,pvp,player_1,player_2,444,271.85,568.666,343.521,135.238,290.018,stay,down,0,0
1775915817155,497,1688224.8000000715,pvp,player_1,player_2,444,273.128,570.92,348.355,135.238,290.018,stay,down,0,0
1775915817155,498,1688241.7000000477,pvp,player_1,player_2,444,274.661,573.174,353.189,135.238,290.018,stay,down,0,0
1775915817155,499,1688258.7000000477,pvp,player_1,player_2,444,276.45,575.428,358.022,135.238,290.018,stay,down,0,0
1775915817155,500,1688275.4000000954,pvp,player_1,player_2,444,278.494,577.682,362.856,135.238,290.018,stay,down,0,0
1775915817155,501,1688291.7000000477,pvp,player_1,player_2,444,280.794,579.936,367.689,135.238,290.018,stay,down,0,0
1775915817155,502,1688308.8000000715,pvp,player_1,player_2,444,283.35,582.189,372.523,135.238,290.018,stay,down,0,0
1775915817155,503,1688325.5,pvp,player_1,player_2,444,286.161,584.443,377.357,135.238,290.018,stay,down,0,0
1775915817155,504,1688342.4000000954,pvp,player_1,player_2,444,289.228,586.697,382.19,135.238,290.018,stay,down,0,0
1775915817155,505,1688359,pvp,player_1,player_2,444,292.55,588.951,387.024,135.238,290.018,stay,down,0,0
1775915817155,506,1688375.7000000477,pvp,player_1,player_2,444,296.128,591.205,391.858,135.238,290.018,stay,down,0,0
1775915817155,507,1688392.3000000715,pvp,player_1,player_2,444,299.961,593.459,396.691,135.238,290.018,stay,down,0,0
1775915817155,508,1688409,pvp,player_1,player_2,444,304.05,595.713,401.525,135.238,290.018,stay,down,0,0
1775915817155,509,1688425.5,pvp,player_1,player_2,444,308.394,597.967,406.359,135.238,290.018,stay,down,0,0
1775915817155,510,1688442.1000000238,pvp,player_1,player_2,444,312.994,600.221,411.192,135.238,290.018,stay,down,0,0
1775915817155,511,1688458.9000000954,pvp,player_1,player_2,444,317.85,602.475,416.026,135.238,290.018,stay,down,0,0
1775915817155,512,1688474.9000000954,pvp,player_1,player_2,444,322.961,604.729,420.86,135.238,290.018,stay,down,0,0
1775915817155,513,1688491.7000000477,pvp,player_1,player_2,444,328.328,606.983,425.693,135.238,290.018,stay,down,0,0
1775915817155,514,1688508.3000000715,pvp,player_1,player_2,444,333.95,609.237,430.527,135.238,290.018,stay,down,0,0
1775915817155,515,1688525.1000000238,pvp,player_1,player_2,444,339.828,611.491,435.36,135.238,290.018,stay,down,0,0
1775915817155,516,1688542.1000000238,pvp,player_1,player_2,444,345.961,613.745,440.194,135.238,290.018,stay,down,0,0
1775915817155,517,1688558.6000000238,pvp,player_1,player_2,444,352.35,615.999,445.028,135.238,290.018,stay,down,0,0
1775915817155,518,1688575.4000000954,pvp,player_1,player_2,444,358.994,618.253,449.861,135.238,290.018,stay,down,0,0
1775915817155,519,1688592.3000000715,pvp,player_1,player_2,444,365.894,620.507,454.695,135.238,290.018,stay,down,0,0
1775915817155,520,1688608.9000000954,pvp,player_1,player_2,444,373.05,622.761,459.529,135.238,290.018,stay,down,0,0
1775915817155,521,1688625.5,pvp,player_1,player_2,444,380.461,625.015,464.362,135.238,290.018,stay,down,0,0
1775915817155,522,1688642.3000000715,pvp,player_1,player_2,444,388.128,627.269,469.196,135.238,290.018,stay,down,0,0
1775915817155,523,1688659,pvp,player_1,player_2,444,395.794,629.523,474.03,135.238,290.018,stay,down,0,0
1775915817155,524,1688675.8000000715,pvp,player_1,player_2,444,403.461,631.777,478.863,135.238,290.018,stay,down,0,0
1775915817155,525,1688692.4000000954,pvp,player_1,player_2,444,411.128,634.031,483.697,135.238,290.018,stay,down,0,0
1775915817155,526,1688708.9000000954,pvp,player_1,player_2,444,418.794,636.285,488.531,135.238,290.018,stay,down,0,0
1775915817155,527,1688725.2000000477,pvp,player_1,player_2,444,426.461,638.539,493.364,135.238,290.018,stay,down,0,0
1775915817155,528,1688741.6000000238,pvp,player_1,player_2,444,433.933,640.793,498.198,135.238,290.018,stay,stay,0,0
1775915817155,529,1688758.3000000715,pvp,player_1,player_2,444,441.211,643.047,503.031,135.238,290.018,stay,stay,0,0
1775915817155,530,1688775,pvp,player_1,player_2,444,444,645.3,507.865,135.238,290.018,stay,stay,0,0
1775915817155,531,1688791.8000000715,pvp,player_1,player_2,444,444,647.554,512.699,135.238,290.018,stay,stay,0,0
1775915817155,532,1688808.6000000238,pvp,player_1,player_2,444,444,649.808,517.532,135.238,290.018,stay,stay,0,0
1775915817155,533,1688825.3000000715,pvp,player_1,player_2,444,444,652.062,522.366,135.238,290.018,stay,stay,0,0
1775915817155,534,1688842.1000000238,pvp,player_1,player_2,444,444,654.316,527.2,135.238,290.018,stay,stay,0,0
1775915817155,535,1688858.6000000238,pvp,player_1,player_2,444,444,656.57,530,135.238,-290.018,stay,stay,0,0
1775915817155,536,1688875.3000000715,pvp,player_1,player_2,444,444,658.824,525.166,135.238,-290.018,stay,stay,0,0
1775915817155,537,1688892.2000000477,pvp,player_1,player_2,444,444,661.078,520.333,135.238,-290.018,stay,stay,0,0
1775915817155,538,1688908.8000000715,pvp,player_1,player_2,444,444,663.332,515.499,135.238,-290.018,stay,stay,0,0
1775915817155,539,1688925.5,pvp,player_1,player_2,444,444,665.586,510.665,135.238,-290.018,stay,stay,0,0
1775915817155,540,1688941.7000000477,pvp,player_1,player_2,444,444,667.84,505.832,135.238,-290.018,stay,up,0,0
1775915817155,541,1688958.3000000715,pvp,player_1,player_2,444,444,670.094,500.998,135.238,-290.018,stay,up,0,0
1775915817155,542,1688975.2000000477,pvp,player_1,player_2,444,444,672.348,496.165,135.238,-290.018,stay,up,0,0
1775915817155,543,1688992.1000000238,pvp,player_1,player_2,444,444,674.602,491.331,135.238,-290.018,stay,up,0,0
1775915817155,544,1689008.1000000238,pvp,player_1,player_2,444,444,676.856,486.497,135.238,-290.018,stay,up,0,0
1775915817155,545,1689025.2000000477,pvp,player_1,player_2,444,444,679.11,481.664,135.238,-290.018,stay,up,0,0
1775915817155,546,1689042.1000000238,pvp,player_1,player_2,444,444,681.364,476.83,135.238,-290.018,stay,up,0,0
1775915817155,547,1689058.8000000715,pvp,player_1,player_2,444,444,683.618,471.996,135.238,-290.018,stay,up,0,0
1775915817155,548,1689075.6000000238,pvp,player_1,player_2,444,444,685.872,467.163,135.238,-290.018,stay,up,0,0
1775915817155,549,1689092.3000000715,pvp,player_1,player_2,444,444,688.126,462.329,135.238,-290.018,stay,up,0,0
1775915817155,550,1689108.6000000238,pvp,player_1,player_2,444,444,690.38,457.495,135.238,-290.018,stay,up,0,0
1775915817155,551,1689125.4000000954,pvp,player_1,player_2,444,444,692.634,452.662,135.238,-290.018,stay,up,0,0
1775915817155,552,1689141.3000000715,pvp,player_1,player_2,444,444,694.888,447.828,135.238,-290.018,stay,up,0,0
1775915817155,553,1689158.4000000954,pvp,player_1,player_2,444,444,697.142,442.994,135.238,-290.018,stay,up,0,0
1775915817155,554,1689175,pvp,player_1,player_2,444,443.917,699.396,438.161,135.238,-290.018,stay,up,0,0
1775915817155,555,1689191.6000000238,pvp,player_1,player_2,444,443.578,701.65,433.327,135.238,-290.018,stay,up,0,0
1775915817155,556,1689208.3000000715,pvp,player_1,player_2,444,442.983,703.904,428.494,135.238,-290.018,stay,up,0,0
1775915817155,557,1689225.4000000954,pvp,player_1,player_2,444,442.133,706.158,423.66,135.238,-290.018,stay,up,0,0
1775915817155,558,1689242.1000000238,pvp,player_1,player_2,444,441.028,708.411,418.826,135.238,-290.018,stay,up,0,0
1775915817155,559,1689258.7000000477,pvp,player_1,player_2,444,439.667,710.665,413.993,135.238,-290.018,stay,up,0,0
1775915817155,560,1689275,pvp,player_1,player_2,444,438.05,712.919,409.159,135.238,-290.018,stay,up,0,0
1775915817155,561,1689292.1000000238,pvp,player_1,player_2,444,436.178,715.173,404.325,135.238,-290.018,stay,up,0,0
1775915817155,562,1689308.8000000715,pvp,player_1,player_2,444,434.05,717.427,399.492,135.238,-290.018,stay,up,0,0
1775915817155,563,1689325.4000000954,pvp,player_1,player_2,444,431.667,719.681,394.658,135.238,-290.018,stay,up,0,0
1775915817155,564,1689342.3000000715,pvp,player_1,player_2,444,429.028,721.935,389.824,135.238,-290.018,stay,up,0,0
1775915817155,565,1689358.8000000715,pvp,player_1,player_2,444,426.133,724.189,384.991,135.238,-290.018,stay,up,0,0
1775915817155,566,1689374.9000000954,pvp,player_1,player_2,444,422.983,726.443,380.157,135.238,-290.018,stay,up,0,0
1775915817155,567,1689391.8000000715,pvp,player_1,player_2,444,419.578,728.697,375.323,135.238,-290.018,stay,up,0,0
1775915817155,568,1689408.7000000477,pvp,player_1,player_2,444,415.917,730.951,370.49,135.238,-290.018,stay,up,0,0
1775915817155,569,1689425.8000000715,pvp,player_1,player_2,444,412,733.205,365.656,135.238,-290.018,stay,up,0,0
1775915817155,570,1689442.1000000238,pvp,player_1,player_2,444,407.828,735.459,360.823,135.238,-290.018,stay,up,0,0
1775915817155,571,1689458.8000000715,pvp,player_1,player_2,444,403.4,737.713,355.989,135.238,-290.018,stay,up,0,0
1775915817155,572,1689475.3000000715,pvp,player_1,player_2,444,398.717,739.967,351.155,135.238,-290.018,stay,up,0,0
1775915817155,573,1689491.6000000238,pvp,player_1,player_2,444,393.778,742.221,346.322,135.238,-290.018,stay,up,0,0
1775915817155,574,1689508,pvp,player_1,player_2,444,388.583,744.475,341.488,135.238,-290.018,stay,up,0,0
1775915817155,575,1689524.6000000238,pvp,player_1,player_2,444,383.133,746.729,336.654,135.238,-290.018,stay,up,0,0
1775915817155,576,1689541.3000000715,pvp,player_1,player_2,444,377.428,748.983,331.821,135.238,-290.018,stay,up,0,0
1775915817155,577,1689558,pvp,player_1,player_2,444,371.467,751.237,326.987,135.238,-290.018,stay,up,0,0
1775915817155,578,1689574.7000000477,pvp,player_1,player_2,444,365.25,753.491,322.153,135.238,-290.018,stay,up,0,0
1775915817155,579,1689591.4000000954,pvp,player_1,player_2,444,358.778,755.745,317.32,135.238,-290.018,stay,up,0,0
1775915817155,580,1689608.3000000715,pvp,player_1,player_2,444,352.05,757.999,312.486,135.238,-290.018,stay,up,0,0
1775915817155,581,1689624.7000000477,pvp,player_1,player_2,444,345.067,760.253,307.652,135.238,-290.018,stay,up,0,0
1775915817155,582,1689641.2000000477,pvp,player_1,player_2,444,337.828,762.507,302.819,135.238,-290.018,stay,up,0,0
1775915817155,583,1689657.9000000954,pvp,player_1,player_2,444,330.333,764.761,297.985,135.238,-290.018,stay,up,0,0
1775915817155,584,1689674.8000000715,pvp,player_1,player_2,444,322.667,767.015,293.152,135.238,-290.018,stay,up,0,0
1775915817155,585,1689691.5,pvp,player_1,player_2,444,315,769.269,288.318,135.238,-290.018,stay,up,0,0
1775915817155,586,1689708.1000000238,pvp,player_1,player_2,444,307.333,771.522,283.484,135.238,-290.018,stay,up,0,0
1775915817155,587,1689724.8000000715,pvp,player_1,player_2,444,299.667,773.776,278.651,135.238,-290.018,stay,up,0,0
1775915817155,588,1689741.3000000715,pvp,player_1,player_2,444,292,776.03,273.817,135.238,-290.018,stay,up,0,0
1775915817155,589,1689758,pvp,player_1,player_2,444,284.333,778.284,268.983,135.238,-290.018,stay,up,0,0
1775915817155,590,1689774.7000000477,pvp,player_1,player_2,444,276.667,780.538,264.15,135.238,-290.018,stay,up,0,0
1775915817155,591,1689791.4000000954,pvp,player_1,player_2,444,269,782.792,259.316,135.238,-290.018,stay,up,0,0
1775915817155,592,1689808.1000000238,pvp,player_1,player_2,444,261.333,785.046,254.482,135.238,-290.018,stay,up,0,0
1775915817155,593,1689824.8000000715,pvp,player_1,player_2,444,253.667,787.3,249.649,135.238,-290.018,stay,up,0,0
1775915817155,594,1689841.6000000238,pvp,player_1,player_2,444,246,789.554,244.815,135.238,-290.018,stay,up,0,0
1775915817155,595,1689858.1000000238,pvp,player_1,player_2,444,238.333,791.808,239.982,135.238,-290.018,stay,up,0,0
1775915817155,596,1689874.8000000715,pvp,player_1,player_2,444,230.667,794.062,235.148,135.238,-290.018,stay,up,0,0
1775915817155,597,1689891.3000000715,pvp,player_1,player_2,444,223,796.316,230.314,135.238,-290.018,stay,up,0,0
1775915817155,598,1689908.3000000715,pvp,player_1,player_2,444,215.333,798.57,225.481,135.238,-290.018,stay,up,0,0
1775915817155,599,1689924.6000000238,pvp,player_1,player_2,444,207.667,800.824,220.647,135.238,-290.018,stay,up,0,0
1775915817155,600,1689941.3000000715,pvp,player_1,player_2,444,200,803.078,215.813,135.238,-290.018,stay,up,0,0
1775915817155,601,1689958.2000000477,pvp,player_1,player_2,444,192.333,805.332,210.98,135.238,-290.018,stay,up,0,0
1775915817155,602,1689974.7000000477,pvp,player_1,player_2,444,184.667,807.586,206.146,135.238,-290.018,stay,up,0,0
1775915817155,603,1689991.3000000715,pvp,player_1,player_2,444,177,809.84,201.312,135.238,-290.018,stay,up,0,0
1775915817155,604,1690008.1000000238,pvp,player_1,player_2,444,169.333,812.094,196.479,135.238,-290.018,stay,up,0,0
1775915817155,605,1690024.7000000477,pvp,player_1,player_2,444,161.667,814.348,191.645,135.238,-290.018,stay,up,0,0
1775915817155,606,1690041.6000000238,pvp,player_1,player_2,444,154,816.602,186.811,135.238,-290.018,stay,up,0,0
1775915817155,607,1690058.2000000477,pvp,player_1,player_2,444,146.333,818.856,181.978,135.238,-290.018,stay,up,0,0
1775915817155,608,1690074.8000000715,pvp,player_1,player_2,444,138.667,821.11,177.144,135.238,-290.018,stay,up,0,0
1775915817155,609,1690091.4000000954,pvp,player_1,player_2,444,131,823.364,172.311,135.238,-290.018,stay,up,0,0
1775915817155,610,1690108.2000000477,pvp,player_1,player_2,444,123.333,825.618,167.477,135.238,-290.018,stay,up,0,0
1775915817155,611,1690125.2000000477,pvp,player_1,player_2,444,115.667,827.872,162.643,135.238,-290.018,stay,up,0,0
1775915817155,612,1690142,pvp,player_1,player_2,444,108,830.126,157.81,135.238,-290.018,stay,up,0,0
1775915817155,613,1690158.8000000715,pvp,player_1,player_2,444,100.333,832.379,152.976,135.238,-290.018,stay,up,0,0
1775915817155,614,1690175.1000000238,pvp,player_1,player_2,444,92.667,834.633,148.142,135.238,-290.018,stay,up,0,0
1775915817155,615,1690192.5,pvp,player_1,player_2,444,85,836.887,143.309,135.238,-290.018,stay,up,0,0
1775915817155,616,1690208.6000000238,pvp,player_1,player_2,444,77.333,839.141,138.475,135.238,-290.018,stay,up,0,0
1775915817155,617,1690224.8000000715,pvp,player_1,player_2,444,69.667,841.395,133.641,135.238,-290.018,stay,up,0,0
1775915817155,618,1690241.3000000715,pvp,player_1,player_2,444,62,843.649,128.808,135.238,-290.018,stay,up,0,0
1775915817155,619,1690258.1000000238,pvp,player_1,player_2,444,54.333,845.903,123.974,135.238,-290.018,stay,up,0,0
1775915817155,620,1690274.8000000715,pvp,player_1,player_2,444,46.667,848.157,119.14,135.238,-290.018,stay,up,0,0
1775915817155,621,1690291.7000000477,pvp,player_1,player_2,444,39,850.411,114.307,135.238,-290.018,stay,up,0,0
1775915817155,622,1690308.1000000238,pvp,player_1,player_2,444,31.528,852.665,109.473,135.238,-290.018,stay,stay,0,0
1775915817155,623,1690325.4000000954,pvp,player_1,player_2,444,24.25,854.919,104.64,135.238,-290.018,stay,stay,0,0
1775915817155,624,1690341.8000000715,pvp,player_1,player_2,444,17.167,857.173,99.806,135.238,-290.018,stay,stay,0,0
1775915817155,625,1690358.8000000715,pvp,player_1,player_2,444,10.278,859.427,94.972,135.238,-290.018,stay,stay,0,0
1775915817155,626,1690375.4000000954,pvp,player_1,player_2,444,3.583,861.681,90.139,135.238,-290.018,stay,stay,0,0
1775915817155,627,1690392.2000000477,pvp,player_1,player_2,444,0,863.935,85.305,135.238,-290.018,stay,stay,0,0
1775915817155,628,1690409.2000000477,pvp,player_1,player_2,444,0,866.189,80.471,135.238,-290.018,stay,stay,0,0
1775915817155,629,1690425.7000000477,pvp,player_1,player_2,444,0,868.443,75.638,135.238,-290.018,stay,stay,0,0
1775915817155,630,1690441.9000000954,pvp,player_1,player_2,444,0,870.697,70.804,135.238,-290.018,stay,stay,0,0
1775915817155,631,1690458.5,pvp,player_1,player_2,444,0,872.951,65.97,135.238,-290.018,stay,down,0,0
1775915817155,632,1690475.2000000477,pvp,player_1,player_2,444,0,875.205,61.137,135.238,-290.018,stay,down,0,0
1775915817155,633,1690492.1000000238,pvp,player_1,player_2,444,0,877.459,56.303,135.238,-290.018,stay,down,0,0
1775915817155,634,1690508.9000000954,pvp,player_1,player_2,444,0,879.713,51.469,135.238,-290.018,stay,down,0,0
1775915817155,635,1690525.2000000477,pvp,player_1,player_2,444,0,881.967,46.636,135.238,-290.018,stay,down,0,0
1775915817155,636,1690542.3000000715,pvp,player_1,player_2,444,0,884.221,41.802,135.238,-290.018,stay,down,0,0
1775915817155,637,1690558.8000000715,pvp,player_1,player_2,444,0,886.475,36.969,135.238,-290.018,stay,down,0,0
1775915817155,638,1690575.6000000238,pvp,player_1,player_2,444,0,888.729,32.135,135.238,-290.018,stay,down,0,0
1775915817155,639,1690592.3000000715,pvp,player_1,player_2,444,0,890.983,27.301,135.238,-290.018,stay,down,0,0
1775915817155,640,1690608.6000000238,pvp,player_1,player_2,444,0,893.237,22.468,135.238,-290.018,stay,down,0,0
1775915817155,641,1690625.6000000238,pvp,player_1,player_2,444,0,895.49,17.634,135.238,-290.018,stay,down,0,0
1775915817155,642,1690642.3000000715,pvp,player_1,player_2,444,0,897.744,12.8,135.238,-290.018,stay,down,0,0
1775915817155,643,1690659,pvp,player_1,player_2,444,0,899.998,10,135.238,290.018,stay,down,0,0
1775915817155,644,1690674.9000000954,pvp,player_1,player_2,444,0,902.252,14.834,135.238,290.018,stay,down,0,0
1775915817155,645,1690691.7000000477,pvp,player_1,player_2,444,0,904.506,19.667,135.238,290.018,stay,down,0,0
1775915817155,646,1690708.7000000477,pvp,player_1,player_2,444,0,906.76,24.501,135.238,290.018,stay,down,0,0
1775915817155,647,1690725.4000000954,pvp,player_1,player_2,444,0.222,909.014,29.335,135.238,290.018,stay,down,0,0
1775915817155,648,1690742.1000000238,pvp,player_1,player_2,444,0.7,911.268,34.168,135.238,290.018,stay,down,0,0
1775915817155,649,1690758.3000000715,pvp,player_1,player_2,444,1.433,912,39.002,-329.719,-82.979,stay,down,0,0
1775915817155,650,1690775,pvp,player_1,player_2,444,2.422,906.505,37.619,-329.719,-82.979,stay,down,0,0
1775915817155,651,1690791.4000000954,pvp,player_1,player_2,444,3.667,901.009,36.236,-329.719,-82.979,stay,down,0,0
1775915817155,652,1690808.2000000477,pvp,player_1,player_2,444,5.167,895.514,34.853,-329.719,-82.979,stay,down,0,0
1775915817155,653,1690825.2000000477,pvp,player_1,player_2,444,6.922,890.019,33.47,-329.719,-82.979,stay,down,0,0
1775915817155,654,1690841.7000000477,pvp,player_1,player_2,444,8.933,884.523,32.087,-329.719,-82.979,stay,down,0,0
1775915817155,655,1690858.5,pvp,player_1,player_2,444,11.2,879.028,30.704,-329.719,-82.979,stay,down,0,0
1775915817155,656,1690875,pvp,player_1,player_2,444,13.722,873.533,29.321,-329.719,-82.979,stay,down,0,0
1775915817155,657,1690892.3000000715,pvp,player_1,player_2,444,16.5,868.037,27.938,-329.719,-82.979,stay,down,0,0
1775915817155,658,1690908,pvp,player_1,player_2,444,19.533,862.542,26.555,-329.719,-82.979,stay,down,0,0
1775915817155,659,1690925,pvp,player_1,player_2,444,22.822,857.047,25.172,-329.719,-82.979,stay,down,0,0
1775915817155,660,1690942,pvp,player_1,player_2,444,26.367,851.552,23.789,-329.719,-82.979,stay,down,0,0
1775915817155,661,1690958.9000000954,pvp,player_1,player_2,444,30.167,846.056,22.406,-329.719,-82.979,stay,down,0,0
1775915817155,662,1690974.9000000954,pvp,player_1,player_2,444,34.222,840.561,21.023,-329.719,-82.979,stay,down,0,0
1775915817155,663,1690991.8000000715,pvp,player_1,player_2,444,38.533,835.066,19.64,-329.719,-82.979,stay,down,0,0
1775915817155,664,1691008.9000000954,pvp,player_1,player_2,444,43.1,829.57,18.257,-329.719,-82.979,stay,down,0,0
1775915817155,665,1691025.5,pvp,player_1,player_2,444,47.922,824.075,16.874,-329.719,-82.979,stay,down,0,0
1775915817155,666,1691042.2000000477,pvp,player_1,player_2,444,53,818.58,15.491,-329.719,-82.979,stay,down,0,0
1775915817155,667,1691058.3000000715,pvp,player_1,player_2,444,58.333,813.084,14.108,-329.719,-82.979,stay,down,0,0
1775915817155,668,1691075,pvp,player_1,player_2,444,63.922,807.589,12.725,-329.719,-82.979,stay,down,0,0
1775915817155,669,1691092.4000000954,pvp,player_1,player_2,444,69.767,802.094,11.342,-329.719,-82.979,stay,down,0,0
1775915817155,670,1691108.6000000238,pvp,player_1,player_2,444,75.867,796.598,10,-329.719,82.979,stay,down,0,0
1775915817155,671,1691125,pvp,player_1,player_2,444,82.222,791.103,11.383,-329.719,82.979,stay,down,0,0
1775915817155,672,1691142,pvp,player_1,player_2,444,88.833,785.608,12.766,-329.719,82.979,stay,down,0,0
1775915817155,673,1691158.3000000715,pvp,player_1,player_2,444,95.7,780.112,14.149,-329.719,82.979,stay,down,0,0
1775915817155,674,1691175,pvp,player_1,player_2,444,102.822,774.617,15.532,-329.719,82.979,stay,down,0,0
1775915817155,675,1691191.9000000954,pvp,player_1,player_2,444,110.2,769.122,16.915,-329.719,82.979,stay,down,0,0
1775915817155,676,1691208.4000000954,pvp,player_1,player_2,444,117.833,763.626,18.298,-329.719,82.979,stay,down,0,0
1775915817155,677,1691225.2000000477,pvp,player_1,player_2,444,125.5,758.131,19.681,-329.719,82.979,stay,down,0,0
1775915817155,678,1691241.7000000477,pvp,player_1,player_2,444,133.167,752.636,21.064,-329.719,82.979,stay,down,0,0
1775915817155,679,1691259.1000000238,pvp,player_1,player_2,444,140.833,747.141,22.447,-329.719,82.979,stay,down,0,0
1775915817155,680,1691275,pvp,player_1,player_2,444,148.5,741.645,23.83,-329.719,82.979,stay,down,0,0
1775915817155,681,1691292.2000000477,pvp,player_1,player_2,444,156.167,736.15,25.213,-329.719,82.979,stay,down,0,0
1775915817155,682,1691307.9000000954,pvp,player_1,player_2,444,163.833,730.655,26.596,-329.719,82.979,stay,down,0,0
1775915817155,683,1691324.7000000477,pvp,player_1,player_2,444,171.5,725.159,27.979,-329.719,82.979,stay,down,0,0
1775915817155,684,1691341.2000000477,pvp,player_1,player_2,444,178.972,719.664,29.362,-329.719,82.979,stay,stay,0,0
1775915817155,685,1691358,pvp,player_1,player_2,444,186.25,714.169,30.745,-329.719,82.979,stay,stay,0,0
1775915817155,686,1691374.7000000477,pvp,player_1,player_2,444,193.333,708.673,32.128,-329.719,82.979,stay,stay,0,0
1775915817155,687,1691391.2000000477,pvp,player_1,player_2,444,200.222,703.178,33.511,-329.719,82.979,stay,stay,0,0
1775915817155,688,1691407.9000000954,pvp,player_1,player_2,444,206.917,697.683,34.894,-329.719,82.979,stay,stay,0,0
1775915817155,689,1691424.6000000238,pvp,player_1,player_2,444,213.417,692.187,36.277,-329.719,82.979,stay,stay,0,0
1775915817155,690,1691441.3000000715,pvp,player_1,player_2,444,219.722,686.692,37.66,-329.719,82.979,stay,stay,0,0
1775915817155,691,1691457.8000000715,pvp,player_1,player_2,444,225.833,681.197,39.042,-329.719,82.979,stay,stay,0,0
1775915817155,692,1691474.5,pvp,player_1,player_2,444,231.75,675.701,40.425,-329.719,82.979,stay,stay,0,0
1775915817155,693,1691491.2000000477,pvp,player_1,player_2,444,237.472,670.206,41.808,-329.719,82.979,stay,stay,0,0
1775915817155,694,1691507.9000000954,pvp,player_1,player_2,444,243,664.711,43.191,-329.719,82.979,stay,stay,0,0
1775915817155,695,1691524.5,pvp,player_1,player_2,444,248.333,659.216,44.574,-329.719,82.979,stay,stay,0,0
1775915817155,696,1691541.2000000477,pvp,player_1,player_2,444,253.472,653.72,45.957,-329.719,82.979,stay,stay,0,0
1775915817155,697,1691557.8000000715,pvp,player_1,player_2,444,258.417,648.225,47.34,-329.719,82.979,stay,stay,0,0
1775915817155,698,1691574.6000000238,pvp,player_1,player_2,444,263.167,642.73,48.723,-329.719,82.979,stay,stay,0,0
1775915817155,699,1691591.3000000715,pvp,player_1,player_2,444,267.722,637.234,50.106,-329.719,82.979,stay,stay,0,0
1775915817155,700,1691607.9000000954,pvp,player_1,player_2,444,272.083,631.739,51.489,-329.719,82.979,stay,stay,0,0
1775915817155,701,1691624.5,pvp,player_1,player_2,444,276.25,626.244,52.872,-329.719,82.979,stay,stay,0,0
1775915817155,702,1691641.3000000715,pvp,player_1,player_2,444,280.222,620.748,54.255,-329.719,82.979,stay,stay,0,0
1775915817155,703,1691657.9000000954,pvp,player_1,player_2,444,284,615.253,55.638,-329.719,82.979,stay,stay,0,0
1775915817155,704,1691674.5,pvp,player_1,player_2,444,287.583,609.758,57.021,-329.719,82.979,stay,stay,0,0
1775915817155,705,1691691.2000000477,pvp,player_1,player_2,444,290.972,604.262,58.404,-329.719,82.979,stay,stay,0,0
1775915817155,706,1691707.9000000954,pvp,player_1,player_2,444,294.167,598.767,59.787,-329.719,82.979,stay,stay,0,0
1775915817155,707,1691724.5,pvp,player_1,player_2,444,297.167,593.272,61.17,-329.719,82.979,stay,stay,0,0
1775915817155,708,1691741.2000000477,pvp,player_1,player_2,444,299.972,587.776,62.553,-329.719,82.979,stay,stay,0,0
1775915817155,709,1691758,pvp,player_1,player_2,444,302.583,582.281,63.936,-329.719,82.979,stay,stay,0,0
1775915817155,710,1691774.6000000238,pvp,player_1,player_2,444,305,576.786,65.319,-329.719,82.979,stay,stay,0,0
1775915817155,711,1691791.1000000238,pvp,player_1,player_2,443.744,307.222,571.29,66.702,-329.719,82.979,up,stay,0,0
1775915817155,712,1691808,pvp,player_1,player_2,443.233,309.25,565.795,68.085,-329.719,82.979,up,stay,0,0
1775915817155,713,1691824.7000000477,pvp,player_1,player_2,442.467,311.083,560.3,69.468,-329.719,82.979,up,stay,0,0
1775915817155,714,1691841.3000000715,pvp,player_1,player_2,441.444,312.722,554.805,70.851,-329.719,82.979,up,stay,0,0
1775915817155,715,1691858.1000000238,pvp,player_1,player_2,440.167,314.167,549.309,72.234,-329.719,82.979,up,stay,0,0
1775915817155,716,1691874.6000000238,pvp,player_1,player_2,438.633,315.417,543.814,73.617,-329.719,82.979,up,stay,0,0
1775915817155,717,1691891.7000000477,pvp,player_1,player_2,436.844,316.472,538.319,75,-329.719,82.979,up,stay,0,0
1775915817155,718,1691908.4000000954,pvp,player_1,player_2,434.8,317.333,532.823,76.383,-329.719,82.979,up,stay,0,0
1775915817155,719,1691925.2000000477,pvp,player_1,player_2,432.5,318,527.328,77.766,-329.719,82.979,up,stay,0,0
1775915817155,720,1691941.8000000715,pvp,player_1,player_2,429.944,318.472,521.833,79.149,-329.719,82.979,up,stay,0,0
1775915817155,721,1691958.4000000954,pvp,player_1,player_2,427.133,318.75,516.337,80.532,-329.719,82.979,up,stay,0,0
1775915817155,722,1691975.7000000477,pvp,player_1,player_2,424.067,318.75,510.842,81.915,-329.719,82.979,up,stay,0,0
1775915817155,723,1691992.1000000238,pvp,player_1,player_2,420.744,318.75,505.347,83.298,-329.719,82.979,up,stay,0,0
1775915817155,724,1692008.8000000715,pvp,player_1,player_2,417.167,318.75,499.851,84.681,-329.719,82.979,up,stay,0,0
1775915817155,725,1692025.6000000238,pvp,player_1,player_2,413.333,318.75,494.356,86.064,-329.719,82.979,up,stay,0,0
1775915817155,726,1692042.3000000715,pvp,player_1,player_2,409.244,318.75,488.861,87.447,-329.719,82.979,up,stay,0,0
1775915817155,727,1692058.9000000954,pvp,player_1,player_2,404.9,318.75,483.365,88.83,-329.719,82.979,up,stay,0,0
1775915817155,728,1692075.5,pvp,player_1,player_2,400.3,318.75,477.87,90.213,-329.719,82.979,up,stay,0,0
1775915817155,729,1692092,pvp,player_1,player_2,395.444,318.75,472.375,91.596,-329.719,82.979,up,stay,0,0
1775915817155,730,1692108.6000000238,pvp,player_1,player_2,390.333,318.75,466.879,92.979,-329.719,82.979,up,stay,0,0
1775915817155,731,1692125.3000000715,pvp,player_1,player_2,384.967,318.75,461.384,94.362,-329.719,82.979,up,stay,0,0
1775915817155,732,1692141.9000000954,pvp,player_1,player_2,379.344,318.75,455.889,95.745,-329.719,82.979,up,stay,0,0
1775915817155,733,1692158.6000000238,pvp,player_1,player_2,373.467,318.75,450.394,97.127,-329.719,82.979,up,stay,0,0
1775915817155,734,1692175.5,pvp,player_1,player_2,367.333,318.75,444.898,98.51,-329.719,82.979,up,stay,0,0
1775915817155,735,1692192.1000000238,pvp,player_1,player_2,360.944,318.75,439.403,99.893,-329.719,82.979,up,stay,0,0
1775915817155,736,1692208.8000000715,pvp,player_1,player_2,354.3,318.75,433.908,101.276,-329.719,82.979,up,stay,0,0
1775915817155,737,1692225.6000000238,pvp,player_1,player_2,347.4,318.75,428.412,102.659,-329.719,82.979,up,stay,0,0
1775915817155,738,1692242.1000000238,pvp,player_1,player_2,340.244,318.75,422.917,104.042,-329.719,82.979,up,stay,0,0
1775915817155,739,1692259,pvp,player_1,player_2,332.833,318.75,417.422,105.425,-329.719,82.979,up,stay,0,0
1775915817155,740,1692275.6000000238,pvp,player_1,player_2,325.167,318.75,411.926,106.808,-329.719,82.979,up,stay,0,0
1775915817155,741,1692291.7000000477,pvp,player_1,player_2,317.5,318.75,406.431,108.191,-329.719,82.979,up,stay,0,0
1775915817155,742,1692308.9000000954,pvp,player_1,player_2,309.833,318.75,400.936,109.574,-329.719,82.979,up,stay,0,0
1775915817155,743,1692325.6000000238,pvp,player_1,player_2,302.167,318.75,395.44,110.957,-329.719,82.979,up,stay,0,0
1775915817155,744,1692342,pvp,player_1,player_2,294.5,318.75,389.945,112.34,-329.719,82.979,up,stay,0,0
1775915817155,745,1692358.9000000954,pvp,player_1,player_2,286.833,318.75,384.45,113.723,-329.719,82.979,up,stay,0,0
1775915817155,746,1692375.1000000238,pvp,player_1,player_2,279.167,318.75,378.954,115.106,-329.719,82.979,up,stay,0,0
1775915817155,747,1692392.1000000238,pvp,player_1,player_2,271.5,318.75,373.459,116.489,-329.719,82.979,up,stay,0,0
1775915817155,748,1692408.4000000954,pvp,player_1,player_2,263.833,318.75,367.964,117.872,-329.719,82.979,up,stay,0,0
1775915817155,749,1692425.2000000477,pvp,player_1,player_2,256.167,318.75,362.468,119.255,-329.719,82.979,up,stay,0,0
1775915817155,750,1692442,pvp,player_1,player_2,248.5,318.75,356.973,120.638,-329.719,82.979,up,stay,0,0
1775915817155,751,1692458.8000000715,pvp,player_1,player_2,240.833,318.75,351.478,122.021,-329.719,82.979,up,stay,0,0
1775915817155,752,1692475,pvp,player_1,player_2,233.167,318.75,345.983,123.404,-329.719,82.979,up,stay,0,0
1775915817155,753,1692492.3000000715,pvp,player_1,player_2,225.5,318.75,340.487,124.787,-329.719,82.979,up,stay,0,0
1775915817155,754,1692508,pvp,player_1,player_2,217.833,318.75,334.992,126.17,-329.719,82.979,up,stay,0,0
1775915817155,755,1692524.8000000715,pvp,player_1,player_2,210.167,318.75,329.497,127.553,-329.719,82.979,up,stay,0,0
1775915817155,756,1692541.6000000238,pvp,player_1,player_2,202.5,318.75,324.001,128.936,-329.719,82.979,up,stay,0,0
1775915817155,757,1692559,pvp,player_1,player_2,194.833,318.75,318.506,130.319,-329.719,82.979,up,stay,0,0
1775915817155,758,1692575.9000000954,pvp,player_1,player_2,187.167,318.75,313.011,131.702,-329.719,82.979,up,stay,0,0
1775915817155,759,1692591.7000000477,pvp,player_1,player_2,179.5,318.75,307.515,133.085,-329.719,82.979,up,stay,0,0
1775915817155,760,1692608.4000000954,pvp,player_1,player_2,171.833,318.75,302.02,134.468,-329.719,82.979,up,stay,0,0
1775915817155,761,1692625.4000000954,pvp,player_1,player_2,164.167,318.75,296.525,135.851,-329.719,82.979,up,stay,0,0
1775915817155,762,1692641.8000000715,pvp,player_1,player_2,156.694,318.75,291.029,137.234,-329.719,82.979,stay,stay,0,0
1775915817155,763,1692658.9000000954,pvp,player_1,player_2,149.417,318.75,285.534,138.617,-329.719,82.979,stay,stay,0,0
1775915817155,764,1692675.4000000954,pvp,player_1,player_2,142.333,318.75,280.039,140,-329.719,82.979,stay,stay,0,0
1775915817155,765,1692692.2000000477,pvp,player_1,player_2,135.444,318.75,274.543,141.383,-329.719,82.979,stay,stay,0,0
1775915817155,766,1692708.9000000954,pvp,player_1,player_2,128.75,318.75,269.048,142.766,-329.719,82.979,stay,stay,0,0
1775915817155,767,1692725.7000000477,pvp,player_1,player_2,122.25,318.75,263.553,144.149,-329.719,82.979,stay,stay,0,0
1775915817155,768,1692741.8000000715,pvp,player_1,player_2,115.944,318.75,258.057,145.532,-329.719,82.979,stay,stay,0,0
1775915817155,769,1692758.7000000477,pvp,player_1,player_2,109.833,318.75,252.562,146.915,-329.719,82.979,stay,stay,0,0
1775915817155,770,1692775.1000000238,pvp,player_1,player_2,103.917,318.75,247.067,148.298,-329.719,82.979,stay,stay,0,0
1775915817155,771,1692791.7000000477,pvp,player_1,player_2,98.361,318.75,241.572,149.681,-329.719,82.979,down,stay,0,0
1775915817155,772,1692808.9000000954,pvp,player_1,player_2,93.167,318.75,236.076,151.064,-329.719,82.979,down,stay,0,0
1775915817155,773,1692825.5,pvp,player_1,player_2,88.333,318.75,230.581,152.447,-329.719,82.979,down,stay,0,0
1775915817155,774,1692842.1000000238,pvp,player_1,player_2,83.861,318.75,225.086,153.829,-329.719,82.979,down,stay,0,0
1775915817155,775,1692858.3000000715,pvp,player_1,player_2,79.75,318.75,219.59,155.212,-329.719,82.979,down,stay,0,0
1775915817155,776,1692875,pvp,player_1,player_2,76,318.75,214.095,156.595,-329.719,82.979,down,stay,0,0
1775915817155,777,1692892.1000000238,pvp,player_1,player_2,72.611,318.75,208.6,157.978,-329.719,82.979,down,stay,0,0
1775915817155,778,1692908.7000000477,pvp,player_1,player_2,69.583,318.75,203.104,159.361,-329.719,82.979,down,stay,0,0
1775915817155,779,1692925.3000000715,pvp,player_1,player_2,66.917,318.75,197.609,160.744,-329.719,82.979,down,stay,0,0
1775915817155,780,1692942.1000000238,pvp,player_1,player_2,64.611,318.75,192.114,162.127,-329.719,82.979,down,stay,0,0
1775915817155,781,1692958.5,pvp,player_1,player_2,62.667,318.75,186.618,163.51,-329.719,82.979,down,stay,0,0
1775915817155,782,1692975.1000000238,pvp,player_1,player_2,61.083,318.75,181.123,164.893,-329.719,82.979,down,stay,0,0
1775915817155,783,1692991.9000000954,pvp,player_1,player_2,59.861,318.75,175.628,166.276,-329.719,82.979,down,stay,0,0
1775915817155,784,1693008.8000000715,pvp,player_1,player_2,59,318.75,170.132,167.659,-329.719,82.979,down,stay,0,0
1775915817155,785,1693025.5,pvp,player_1,player_2,58.5,318.75,164.637,169.042,-329.719,82.979,down,stay,0,0
1775915817155,786,1693042.3000000715,pvp,player_1,player_2,58.361,318.75,159.142,170.425,-329.719,82.979,down,stay,0,0
1775915817155,787,1693059.1000000238,pvp,player_1,player_2,58.583,318.75,153.647,171.808,-329.719,82.979,down,stay,0,0
1775915817155,788,1693075.6000000238,pvp,player_1,player_2,59.061,318.75,148.151,173.191,-329.719,82.979,down,stay,0,0
1775915817155,789,1693092.2000000477,pvp,player_1,player_2,59.794,318.75,142.656,174.574,-329.719,82.979,down,stay,0,0
1775915817155,790,1693108.9000000954,pvp,player_1,player_2,60.783,318.75,137.161,175.957,-329.719,82.979,down,stay,0,0
1775915817155,791,1693125.6000000238,pvp,player_1,player_2,62.028,318.75,131.665,177.34,-329.719,82.979,down,stay,0,0
1775915817155,792,1693141.8000000715,pvp,player_1,player_2,63.528,318.75,126.17,178.723,-329.719,82.979,down,stay,0,0
1775915817155,793,1693158.3000000715,pvp,player_1,player_2,65.283,318.75,120.675,180.106,-329.719,82.979,down,stay,0,0
1775915817155,794,1693174.8000000715,pvp,player_1,player_2,67.294,318.75,115.179,181.489,-329.719,82.979,down,stay,0,0
1775915817155,795,1693191.5,pvp,player_1,player_2,69.561,318.75,109.684,182.872,-329.719,82.979,down,stay,0,0
1775915817155,796,1693208.2000000477,pvp,player_1,player_2,72.083,318.75,104.189,184.255,-329.719,82.979,down,stay,0,0
1775915817155,797,1693225,pvp,player_1,player_2,74.861,318.75,98.693,185.638,-329.719,82.979,down,stay,0,0
1775915817155,798,1693241.4000000954,pvp,player_1,player_2,77.894,318.75,93.198,187.021,-329.719,82.979,down,stay,0,0
1775915817155,799,1693258.2000000477,pvp,player_1,player_2,81.183,318.75,87.703,188.404,-329.719,82.979,down,stay,0,0
1775915817155,800,1693274.7000000477,pvp,player_1,player_2,84.728,318.75,82.207,189.787,-329.719,82.979,down,stay,0,0
1775915817155,801,1693291.4000000954,pvp,player_1,player_2,88.528,318.75,76.712,191.17,-329.719,82.979,down,stay,0,0
1775915817155,802,1693308.5,pvp,player_1,player_2,92.583,318.75,71.217,192.553,-329.719,82.979,down,stay,0,0
1775915817155,803,1693325.6000000238,pvp,player_1,player_2,96.894,318.75,65.721,193.936,-329.719,82.979,down,stay,0,0
1775915817155,804,1693342,pvp,player_1,player_2,101.461,318.75,60.226,195.319,-329.719,82.979,down,stay,0,0
1775915817155,805,1693357.8000000715,pvp,player_1,player_2,106.283,318.75,54.731,196.702,-329.719,82.979,down,stay,0,0
1775915817155,806,1693375.2000000477,pvp,player_1,player_2,111.361,318.75,49.236,198.085,-329.719,82.979,down,stay,0,0
1775915817155,807,1693391.5,pvp,player_1,player_2,116.694,318.75,48,199.468,245.111,263.667,down,stay,0,0
1775915817155,808,1693408.8000000715,pvp,player_1,player_2,122.283,318.75,52.085,203.862,245.111,263.667,down,stay,0,0
1775915817155,809,1693424.8000000715,pvp,player_1,player_2,128.128,318.75,56.17,208.257,245.111,263.667,down,stay,0,0
1775915817155,810,1693442.2000000477,pvp,player_1,player_2,134.228,318.75,60.256,212.651,245.111,263.667,down,stay,0,0
1775915817155,811,1693458.4000000954,pvp,player_1,player_2,140.583,318.75,64.341,217.046,245.111,263.667,down,stay,0,0
1775915817155,812,1693475.7000000477,pvp,player_1,player_2,147.194,318.75,68.426,221.44,245.111,263.667,down,stay,0,0
1775915817155,813,1693491.8000000715,pvp,player_1,player_2,154.061,318.75,72.511,225.834,245.111,263.667,down,stay,0,0
1775915817155,814,1693508.2000000477,pvp,player_1,player_2,161.183,318.75,76.596,230.229,245.111,263.667,down,stay,0,0
1775915817155,815,1693524.7000000477,pvp,player_1,player_2,168.561,318.75,80.681,234.623,245.111,263.667,down,stay,0,0
1775915817155,816,1693541.6000000238,pvp,player_1,player_2,176.194,318.75,84.767,239.018,245.111,263.667,down,stay,0,0
1775915817155,817,1693558.5,pvp,player_1,player_2,183.861,318.75,88.852,243.412,245.111,263.667,down,stay,0,0
1775915817155,818,1693575.4000000954,pvp,player_1,player_2,191.528,318.75,92.937,247.807,245.111,263.667,down,stay,0,0
1775915817155,819,1693592.4000000954,pvp,player_1,player_2,199.194,318.75,97.022,252.201,245.111,263.667,down,stay,0,0
1775915817155,820,1693608.4000000954,pvp,player_1,player_2,206.861,318.75,101.107,256.596,245.111,263.667,down,stay,0,0
1775915817155,821,1693625,pvp,player_1,player_2,214.528,318.75,105.193,260.99,245.111,263.667,down,stay,0,0
1775915817155,822,1693641.8000000715,pvp,player_1,player_2,222.194,318.75,109.278,265.385,245.111,263.667,down,stay,0,0
1775915817155,823,1693658.2000000477,pvp,player_1,player_2,229.861,318.75,113.363,269.779,245.111,263.667,down,stay,0,0
1775915817155,824,1693675.1000000238,pvp,player_1,player_2,237.528,318.75,117.448,274.173,245.111,263.667,down,stay,0,0
1775915817155,825,1693692.2000000477,pvp,player_1,player_2,245.194,318.75,121.533,278.568,245.111,263.667,down,stay,0,0
1775915817155,826,1693708.8000000715,pvp,player_1,player_2,252.861,318.75,125.619,282.962,245.111,263.667,down,stay,0,0
1775915817155,827,1693725.7000000477,pvp,player_1,player_2,260.528,318.75,129.704,287.357,245.111,263.667,down,stay,0,0
1775915817155,828,1693741.5,pvp,player_1,player_2,268.194,318.75,133.789,291.751,245.111,263.667,down,stay,0,0
1775915817155,829,1693758.9000000954,pvp,player_1,player_2,275.861,318.75,137.874,296.146,245.111,263.667,down,stay,0,0
1775915817155,830,1693774.8000000715,pvp,player_1,player_2,283.528,318.75,141.959,300.54,245.111,263.667,down,stay,0,0
1775915817155,831,1693792,pvp,player_1,player_2,291.194,318.75,146.044,304.935,245.111,263.667,down,stay,0,0
1775915817155,832,1693808.6000000238,pvp,player_1,player_2,298.861,318.75,150.13,309.329,245.111,263.667,down,stay,0,0
1775915817155,833,1693825.5,pvp,player_1,player_2,306.528,318.75,154.215,313.724,245.111,263.667,down,stay,0,0
1775915817155,834,1693842.1000000238,pvp,player_1,player_2,314.194,318.75,158.3,318.118,245.111,263.667,down,stay,0,0
1775915817155,835,1693859,pvp,player_1,player_2,321.861,318.75,162.385,322.512,245.111,263.667,down,stay,0,0
1775915817155,836,1693875,pvp,player_1,player_2,329.528,318.75,166.47,326.907,245.111,263.667,down,stay,0,0
1775915817155,837,1693891.6000000238,pvp,player_1,player_2,337.194,318.75,170.556,331.301,245.111,263.667,down,stay,0,0
1775915817155,838,1693908.5,pvp,player_1,player_2,344.667,318.75,174.641,335.696,245.111,263.667,stay,stay,0,0
1775915817155,839,1693925.4000000954,pvp,player_1,player_2,351.944,318.75,178.726,340.09,245.111,263.667,stay,stay,0,0
1775915817155,840,1693942,pvp,player_1,player_2,359.028,318.75,182.811,344.485,245.111,263.667,stay,stay,0,0
1775915817155,841,1693958.7000000477,pvp,player_1,player_2,365.917,318.75,186.896,348.879,245.111,263.667,stay,stay,0,0
1775915817155,842,1693975.6000000238,pvp,player_1,player_2,372.611,318.75,190.982,353.274,245.111,263.667,stay,stay,0,0
1775915817155,843,1693992,pvp,player_1,player_2,379.111,318.75,195.067,357.668,245.111,263.667,stay,stay,0,0
1775915817155,844,1694008.8000000715,pvp,player_1,player_2,385.417,318.75,199.152,362.063,245.111,263.667,stay,stay,0,0
1775915817155,845,1694025.6000000238,pvp,player_1,player_2,391.528,318.75,203.237,366.457,245.111,263.667,stay,stay,0,0
1775915817155,846,1694042.5,pvp,player_1,player_2,397.278,318.75,207.322,370.852,245.111,263.667,up,stay,0,0
1775915817155,847,1694059.1000000238,pvp,player_1,player_2,402.667,318.75,211.407,375.246,245.111,263.667,up,stay,0,0
1775915817155,848,1694075.6000000238,pvp,player_1,player_2,407.694,318.75,215.493,379.64,245.111,263.667,up,stay,0,0
1775915817155,849,1694092.2000000477,pvp,player_1,player_2,412.361,318.75,219.578,384.035,245.111,263.667,up,stay,0,0
1775915817155,850,1694108.4000000954,pvp,player_1,player_2,416.667,318.75,223.663,388.429,245.111,263.667,up,stay,0,0
1775915817155,851,1694124.9000000954,pvp,player_1,player_2,420.611,318.75,227.748,392.824,245.111,263.667,up,stay,0,0
1775915817155,852,1694141.8000000715,pvp,player_1,player_2,424.194,318.75,231.833,397.218,245.111,263.667,up,stay,0,0
1775915817155,853,1694158.4000000954,pvp,player_1,player_2,427.417,318.75,235.919,401.613,245.111,263.667,up,stay,0,0
1775915817155,854,1694175.5,pvp,player_1,player_2,430.278,318.75,240.004,406.007,245.111,263.667,up,stay,0,0
1775915817155,855,1694192.2000000477,pvp,player_1,player_2,432.778,318.75,244.089,410.402,245.111,263.667,up,stay,0,0
1775915817155,856,1694208.7000000477,pvp,player_1,player_2,434.917,318.75,248.174,414.796,245.111,263.667,up,stay,0,0
1775915817155,857,1694225.1000000238,pvp,player_1,player_2,436.694,318.75,252.259,419.191,245.111,263.667,up,stay,0,0
1775915817155,858,1694242.2000000477,pvp,player_1,player_2,438.111,318.75,256.345,423.585,245.111,263.667,up,stay,0,0
1775915817155,859,1694258.9000000954,pvp,player_1,player_2,439.167,318.75,260.43,427.979,245.111,263.667,up,stay,0,0
1775915817155,860,1694275.3000000715,pvp,player_1,player_2,439.861,318.75,264.515,432.374,245.111,263.667,up,stay,0,0
1775915817155,861,1694292.2000000477,pvp,player_1,player_2,440.194,318.75,268.6,436.768,245.111,263.667,up,stay,0,0
1775915817155,862,1694308.8000000715,pvp,player_1,player_2,440.167,318.75,272.685,441.163,245.111,263.667,up,stay,0,0
1775915817155,863,1694325.4000000954,pvp,player_1,player_2,439.883,318.75,276.77,445.557,245.111,263.667,up,stay,0,0
1775915817155,864,1694342.2000000477,pvp,player_1,player_2,439.344,318.75,280.856,449.952,245.111,263.667,up,stay,0,0
1775915817155,865,1694358.3000000715,pvp,player_1,player_2,438.55,318.75,284.941,454.346,245.111,263.667,up,stay,0,0
1775915817155,866,1694375.1000000238,pvp,player_1,player_2,437.5,318.75,289.026,458.741,245.111,263.667,up,stay,0,0
1775915817155,867,1694392.2000000477,pvp,player_1,player_2,436.194,318.494,293.111,463.135,245.111,263.667,up,up,0,0
1775915817155,868,1694408.9000000954,pvp,player_1,player_2,434.633,317.983,297.196,467.53,245.111,263.667,up,up,0,0
1775915817155,869,1694425.2000000477,pvp,player_1,player_2,432.817,317.217,301.282,471.924,245.111,263.667,up,up,0,0
1775915817155,870,1694442.2000000477,pvp,player_1,player_2,430.744,316.194,305.367,476.318,245.111,263.667,up,up,0,0
1775915817155,871,1694459.1000000238,pvp,player_1,player_2,428.417,314.917,309.452,480.713,245.111,263.667,up,up,0,0
1775915817155,872,1694475.5,pvp,player_1,player_2,425.833,313.383,313.537,485.107,245.111,263.667,up,up,0,0
1775915817155,873,1694492.2000000477,pvp,player_1,player_2,422.994,311.594,317.622,489.502,245.111,263.667,up,up,0,0
1775915817155,874,1694508.8000000715,pvp,player_1,player_2,419.9,309.55,321.707,493.896,245.111,263.667,up,up,0,0
1775915817155,875,1694524.7000000477,pvp,player_1,player_2,416.55,307.25,325.793,498.291,245.111,263.667,up,up,0,0
1775915817155,876,1694541.4000000954,pvp,player_1,player_2,412.944,304.694,329.878,502.685,245.111,263.667,up,up,0,0
1775915817155,877,1694558.2000000477,pvp,player_1,player_2,409.083,301.883,333.963,507.08,245.111,263.667,up,up,0,0
1775915817155,878,1694574.5,pvp,player_1,player_2,404.967,298.817,338.048,511.474,245.111,263.667,up,up,0,0
1775915817155,879,1694591.5,pvp,player_1,player_2,401.044,295.494,342.133,515.869,245.111,263.667,stay,up,0,0
1775915817155,880,1694608.1000000238,pvp,player_1,player_2,397.317,291.917,346.219,520.263,245.111,263.667,stay,up,0,0
1775915817155,881,1694624.6000000238,pvp,player_1,player_2,393.783,288.083,350.304,524.657,245.111,263.667,stay,up,0,0
1775915817155,882,1694641.3000000715,pvp,player_1,player_2,390.444,283.994,354.389,529.052,245.111,263.667,stay,up,0,0
1775915817155,883,1694658,pvp,player_1,player_2,387.3,279.65,358.474,530,245.111,-263.667,stay,up,0,0
1775915817155,884,1694674.6000000238,pvp,player_1,player_2,384.35,275.05,362.559,525.606,245.111,-263.667,stay,up,0,0
1775915817155,885,1694691.2000000477,pvp,player_1,player_2,381.594,270.194,366.645,521.211,245.111,-263.667,stay,up,0,0
1775915817155,886,1694707.9000000954,pvp,player_1,player_2,379.033,265.083,370.73,516.817,245.111,-263.667,stay,up,0,0
1775915817155,887,1694724.7000000477,pvp,player_1,player_2,376.667,259.717,374.815,512.422,245.111,-263.667,stay,up,0,0
1775915817155,888,1694741.3000000715,pvp,player_1,player_2,374.494,254.094,378.9,508.028,245.111,-263.667,stay,up,0,0
1775915817155,889,1694758,pvp,player_1,player_2,372.517,248.217,382.985,503.633,245.111,-263.667,stay,up,0,0
1775915817155,890,1694774.7000000477,pvp,player_1,player_2,370.733,242.083,387.07,499.239,245.111,-263.667,stay,up,0,0
1775915817155,891,1694791.4000000954,pvp,player_1,player_2,369.144,235.694,391.156,494.844,245.111,-263.667,stay,up,0,0
1775915817155,892,1694808.1000000238,pvp,player_1,player_2,367.75,229.05,395.241,490.45,245.111,-263.667,stay,up,0,0
1775915817155,893,1694824.7000000477,pvp,player_1,player_2,366.55,222.15,399.326,486.055,245.111,-263.667,stay,up,0,0
1775915817155,894,1694841.2000000477,pvp,player_1,player_2,365.544,214.994,403.411,481.661,245.111,-263.667,stay,up,0,0
1775915817155,895,1694857.9000000954,pvp,player_1,player_2,364.733,207.583,407.496,477.267,245.111,-263.667,stay,up,0,0
1775915817155,896,1694874.7000000477,pvp,player_1,player_2,364.117,199.917,411.582,472.872,245.111,-263.667,stay,up,0,0
1775915817155,897,1694891.1000000238,pvp,player_1,player_2,363.694,192.25,415.667,468.478,245.111,-263.667,stay,up,0,0
1775915817155,898,1694908,pvp,player_1,player_2,363.467,184.583,419.752,464.083,245.111,-263.667,stay,up,0,0
1775915817155,899,1694924.4000000954,pvp,player_1,player_2,363.467,176.917,423.837,459.689,245.111,-263.667,stay,up,0,0
1775915817155,900,1694941.3000000715,pvp,player_1,player_2,363.467,169.25,427.922,455.294,245.111,-263.667,stay,up,0,0
1775915817155,901,1694957.9000000954,pvp,player_1,player_2,363.467,161.583,432.008,450.9,245.111,-263.667,stay,up,0,0
1775915817155,902,1694974.6000000238,pvp,player_1,player_2,363.467,154.111,436.093,446.505,245.111,-263.667,stay,stay,0,0
1775915817155,903,1694991.3000000715,pvp,player_1,player_2,363.467,146.833,440.178,442.111,245.111,-263.667,stay,stay,0,0
1775915817155,904,1695008,pvp,player_1,player_2,363.467,139.75,444.263,437.716,245.111,-263.667,stay,stay,0,0
1775915817155,905,1695024.6000000238,pvp,player_1,player_2,363.467,132.861,448.348,433.322,245.111,-263.667,stay,stay,0,0
1775915817155,906,1695041.4000000954,pvp,player_1,player_2,363.467,126.167,452.433,428.927,245.111,-263.667,stay,stay,0,0
1775915817155,907,1695058.1000000238,pvp,player_1,player_2,363.467,119.667,456.519,424.533,245.111,-263.667,stay,stay,0,0
1775915817155,908,1695074.7000000477,pvp,player_1,player_2,363.467,113.361,460.604,420.139,245.111,-263.667,stay,stay,0,0
1775915817155,909,1695091.2000000477,pvp,player_1,player_2,363.467,107.25,464.689,415.744,245.111,-263.667,stay,stay,0,0
1775915817155,910,1695108,pvp,player_1,player_2,363.467,101.333,468.774,411.35,245.111,-263.667,stay,stay,0,0
1775915817155,911,1695124.9000000954,pvp,player_1,player_2,363.467,95.611,472.859,406.955,245.111,-263.667,stay,stay,0,0
1775915817155,912,1695141.3000000715,pvp,player_1,player_2,363.467,90.083,476.945,402.561,245.111,-263.667,stay,stay,0,0
1775915817155,913,1695157.9000000954,pvp,player_1,player_2,363.467,84.75,481.03,398.166,245.111,-263.667,stay,stay,0,0
1775915817155,914,1695174.8000000715,pvp,player_1,player_2,363.467,79.611,485.115,393.772,245.111,-263.667,stay,stay,0,0
1775915817155,915,1695191.2000000477,pvp,player_1,player_2,363.467,74.667,489.2,389.377,245.111,-263.667,stay,stay,0,0
1775915817155,916,1695208.3000000715,pvp,player_1,player_2,363.467,69.917,493.285,384.983,245.111,-263.667,stay,stay,0,0
1775915817155,917,1695224.9000000954,pvp,player_1,player_2,363.467,65.361,497.371,380.588,245.111,-263.667,stay,stay,0,0
1775915817155,918,1695241.7000000477,pvp,player_1,player_2,363.467,61,501.456,376.194,245.111,-263.667,stay,stay,0,0
1775915817155,919,1695259,pvp,player_1,player_2,363.467,56.833,505.541,371.8,245.111,-263.667,stay,stay,0,0
1775915817155,920,1695275.4000000954,pvp,player_1,player_2,363.467,52.861,509.626,367.405,245.111,-263.667,stay,stay,0,0
1775915817155,921,1695292.3000000715,pvp,player_1,player_2,363.467,49.083,513.711,363.011,245.111,-263.667,stay,stay,0,0
1775915817155,922,1695308.6000000238,pvp,player_1,player_2,363.467,45.5,517.796,358.616,245.111,-263.667,stay,stay,0,0
1775915817155,923,1695325,pvp,player_1,player_2,363.467,42.111,521.882,354.222,245.111,-263.667,stay,stay,0,0
1775915817155,924,1695342,pvp,player_1,player_2,363.467,38.917,525.967,349.827,245.111,-263.667,stay,stay,0,0
1775915817155,925,1695359.2000000477,pvp,player_1,player_2,363.467,35.917,530.052,345.433,245.111,-263.667,stay,stay,0,0
1775915817155,926,1695375.6000000238,pvp,player_1,player_2,363.467,33.111,534.137,341.038,245.111,-263.667,stay,stay,0,0
1775915817155,927,1695391.8000000715,pvp,player_1,player_2,363.467,30.5,538.222,336.644,245.111,-263.667,stay,stay,0,0
1775915817155,928,1695408.8000000715,pvp,player_1,player_2,363.467,28.083,542.308,332.249,245.111,-263.667,stay,stay,0,0
1775915817155,929,1695424.9000000954,pvp,player_1,player_2,363.467,25.861,546.393,327.855,245.111,-263.667,stay,stay,0,0
1775915817155,930,1695442,pvp,player_1,player_2,363.467,23.833,550.478,323.461,245.111,-263.667,stay,stay,0,0
1775915817155,931,1695458.6000000238,pvp,player_1,player_2,363.467,22.167,554.563,319.066,245.111,-263.667,stay,down,0,0
1775915817155,932,1695475.1000000238,pvp,player_1,player_2,363.467,20.861,558.648,314.672,245.111,-263.667,stay,down,0,0
1775915817155,933,1695491.8000000715,pvp,player_1,player_2,363.467,19.917,562.734,310.277,245.111,-263.667,stay,down,0,0
1775915817155,934,1695508.4000000954,pvp,player_1,player_2,363.467,19.333,566.819,305.883,245.111,-263.667,stay,down,0,0
1775915817155,935,1695524.5,pvp,player_1,player_2,363.467,19.111,570.904,301.488,245.111,-263.667,stay,down,0,0
1775915817155,936,1695541.5,pvp,player_1,player_2,363.467,19.25,574.989,297.094,245.111,-263.667,stay,down,0,0
1775915817155,937,1695558.6000000238,pvp,player_1,player_2,363.467,19.644,579.074,292.699,245.111,-263.667,stay,down,0,0
1775915817155,938,1695574.9000000954,pvp,player_1,player_2,363.467,20.294,583.159,288.305,245.111,-263.667,stay,down,0,0
1775915817155,939,1695591.8000000715,pvp,player_1,player_2,363.467,21.2,587.245,283.91,245.111,-263.667,stay,down,0,0
1775915817155,940,1695609.1000000238,pvp,player_1,player_2,363.467,22.361,591.33,279.516,245.111,-263.667,stay,down,0,0
1775915817155,941,1695625.5,pvp,player_1,player_2,363.467,23.778,595.415,275.122,245.111,-263.667,stay,down,0,0
1775915817155,942,1695642,pvp,player_1,player_2,363.467,25.45,599.5,270.727,245.111,-263.667,stay,down,0,0
1775915817155,943,1695658.2000000477,pvp,player_1,player_2,363.467,27.378,603.585,266.333,245.111,-263.667,stay,down,0,0
1775915817155,944,1695674.6000000238,pvp,player_1,player_2,363.467,29.561,607.671,261.938,245.111,-263.667,stay,down,0,0
1775915817155,945,1695691.7000000477,pvp,player_1,player_2,363.467,32,611.756,257.544,245.111,-263.667,stay,down,0,0
1775915817155,946,1695708.7000000477,pvp,player_1,player_2,363.467,34.694,615.841,253.149,245.111,-263.667,stay,down,0,0
1775915817155,947,1695725.3000000715,pvp,player_1,player_2,363.467,37.644,619.926,248.755,245.111,-263.667,stay,down,0,0
1775915817155,948,1695741.6000000238,pvp,player_1,player_2,363.467,40.4,624.011,244.36,245.111,-263.667,stay,stay,0,0
1775915817155,949,1695759,pvp,player_1,player_2,363.467,42.961,628.096,239.966,245.111,-263.667,stay,stay,0,0
1775915817155,950,1695775,pvp,player_1,player_2,363.467,45.328,632.182,235.571,245.111,-263.667,stay,stay,0,0
1775915817155,951,1695791.8000000715,pvp,player_1,player_2,363.467,47.5,636.267,231.177,245.111,-263.667,stay,stay,0,0
1775915817155,952,1695808.8000000715,pvp,player_1,player_2,363.467,49.478,640.352,226.782,245.111,-263.667,stay,stay,0,0
1775915817155,953,1695825.5,pvp,player_1,player_2,363.467,51.261,644.437,222.388,245.111,-263.667,stay,stay,0,0
1775915817155,954,1695842.1000000238,pvp,player_1,player_2,363.467,52.85,648.522,217.994,245.111,-263.667,stay,stay,0,0
1775915817155,955,1695858.8000000715,pvp,player_1,player_2,363.467,54.244,652.608,213.599,245.111,-263.667,stay,stay,0,0
1775915817155,956,1695875.2000000477,pvp,player_1,player_2,363.467,55.444,656.693,209.205,245.111,-263.667,stay,stay,0,0
1775915817155,957,1695892,pvp,player_1,player_2,363.467,56.45,660.778,204.81,245.111,-263.667,stay,stay,0,0
1775915817155,958,1695908.8000000715,pvp,player_1,player_2,363.467,57.261,664.863,200.416,245.111,-263.667,stay,stay,0,0
1775915817155,959,1695924.9000000954,pvp,player_1,player_2,363.467,57.878,668.948,196.021,245.111,-263.667,stay,stay,0,0
1775915817155,960,1695942.3000000715,pvp,player_1,player_2,363.467,58.3,673.034,191.627,245.111,-263.667,stay,stay,0,0
1775915817155,961,1695958.6000000238,pvp,player_1,player_2,363.467,58.361,677.119,187.232,245.111,-263.667,stay,up,0,0
1775915817155,962,1695974.9000000954,pvp,player_1,player_2,363.467,58.061,681.204,182.838,245.111,-263.667,stay,up,0,0
1775915817155,963,1695992.2000000477,pvp,player_1,player_2,363.467,57.506,685.289,178.443,245.111,-263.667,stay,up,0,0
1775915817155,964,1696008.7000000477,pvp,player_1,player_2,363.467,56.694,689.374,174.049,245.111,-263.667,stay,up,0,0
1775915817155,965,1696025,pvp,player_1,player_2,363.467,55.628,693.459,169.655,245.111,-263.667,stay,up,0,0
1775915817155,966,1696041.7000000477,pvp,player_1,player_2,363.467,54.306,697.545,165.26,245.111,-263.667,stay,up,0,0
1775915817155,967,1696058.7000000477,pvp,player_1,player_2,363.467,52.728,701.63,160.866,245.111,-263.667,stay,up,0,0
1775915817155,968,1696075.6000000238,pvp,player_1,player_2,363.467,50.894,705.715,156.471,245.111,-263.667,stay,up,0,0
1775915817155,969,1696091.8000000715,pvp,player_1,player_2,363.467,48.806,709.8,152.077,245.111,-263.667,stay,up,0,0
1775915817155,970,1696109,pvp,player_1,player_2,363.467,46.461,713.885,147.682,245.111,-263.667,stay,up,0,0
1775915817155,971,1696125.5,pvp,player_1,player_2,363.467,43.861,717.971,143.288,245.111,-263.667,stay,up,0,0
1775915817155,972,1696142,pvp,player_1,player_2,363.467,41.006,722.056,138.893,245.111,-263.667,stay,up,0,0
1775915817155,973,1696158.3000000715,pvp,player_1,player_2,363.467,37.894,726.141,134.499,245.111,-263.667,stay,up,0,0
1775915817155,974,1696175.1000000238,pvp,player_1,player_2,363.467,34.528,730.226,130.104,245.111,-263.667,stay,up,0,0
1775915817155,975,1696191.6000000238,pvp,player_1,player_2,363.467,30.906,734.311,125.71,245.111,-263.667,stay,up,0,0
1775915817155,976,1696208.7000000477,pvp,player_1,player_2,363.467,27.028,738.397,121.316,245.111,-263.667,stay,up,0,0
1775915817155,977,1696225.5,pvp,player_1,player_2,363.467,22.894,742.482,116.921,245.111,-263.667,stay,up,0,0
1775915817155,978,1696242.2000000477,pvp,player_1,player_2,363.467,18.506,746.567,112.527,245.111,-263.667,stay,up,0,0
1775915817155,979,1696258.8000000715,pvp,player_1,player_2,363.467,13.861,750.652,108.132,245.111,-263.667,stay,up,0,0
1775915817155,980,1696275.4000000954,pvp,player_1,player_2,363.467,8.961,754.737,103.738,245.111,-263.667,stay,up,0,0
1775915817155,981,1696292.2000000477,pvp,player_1,player_2,363.467,3.806,758.822,99.343,245.111,-263.667,stay,up,0,0
1775915817155,982,1696308.7000000477,pvp,player_1,player_2,363.467,0,762.908,94.949,245.111,-263.667,stay,up,0,0
1775915817155,983,1696325.4000000954,pvp,player_1,player_2,363.467,0,766.993,90.554,245.111,-263.667,stay,up,0,0
1775915817155,984,1696341.9000000954,pvp,player_1,player_2,363.467,0,771.078,86.16,245.111,-263.667,stay,up,0,0
1775915817155,985,1696358.8000000715,pvp,player_1,player_2,363.467,0,775.163,81.765,245.111,-263.667,stay,up,0,0
1775915817155,986,1696375.5,pvp,player_1,player_2,363.467,0,779.248,77.371,245.111,-263.667,stay,up,0,0
1775915817155,987,1696391.4000000954,pvp,player_1,player_2,363.467,0,783.334,72.976,245.111,-263.667,stay,stay,0,0
1775915817155,988,1696408.7000000477,pvp,player_1,player_2,363.467,0,787.419,68.582,245.111,-263.667,stay,stay,0,0
1775915817155,989,1696425.5,pvp,player_1,player_2,363.467,0,791.504,64.188,245.111,-263.667,stay,stay,0,0
1775915817155,990,1696442.2000000477,pvp,player_1,player_2,363.467,0,795.589,59.793,245.111,-263.667,stay,stay,0,0
1775915817155,991,1696458.9000000954,pvp,player_1,player_2,363.467,0,799.674,55.399,245.111,-263.667,stay,stay,0,0
1775915817155,992,1696475.3000000715,pvp,player_1,player_2,363.467,0,803.76,51.004,245.111,-263.667,stay,stay,0,0
1775915817155,993,1696492,pvp,player_1,player_2,363.467,0,807.845,46.61,245.111,-263.667,stay,stay,0,0
1775915817155,994,1696508.6000000238,pvp,player_1,player_2,363.467,0,811.93,42.215,245.111,-263.667,stay,stay,0,0
1775915817155,995,1696525.4000000954,pvp,player_1,player_2,363.467,0,816.015,37.821,245.111,-263.667,stay,stay,0,0
1775915817155,996,1696541.3000000715,pvp,player_1,player_2,363.467,0,820.1,33.426,245.111,-263.667,stay,stay,0,0
1775915817155,997,1696558.6000000238,pvp,player_1,player_2,363.467,0,824.185,29.032,245.111,-263.667,stay,stay,0,0
1775915817155,998,1696575.5,pvp,player_1,player_2,363.467,0,828.271,24.637,245.111,-263.667,stay,stay,0,0
1775915817155,999,1696592.2000000477,pvp,player_1,player_2,363.467,0,832.356,20.243,245.111,-263.667,stay,stay,0,0
1775915817155,1000,1696608.8000000715,pvp,player_1,player_2,363.467,0,836.441,15.849,245.111,-263.667,stay,stay,0,0
1775915817155,1001,1696625,pvp,player_1,player_2,363.467,0,840.526,11.454,245.111,-263.667,stay,stay,0,0
1775915817155,1002,1696641.9000000954,pvp,player_1,player_2,363.467,0,844.611,10,245.111,263.667,stay,stay,0,0
1775915817155,1003,1696658.6000000238,pvp,player_1,player_2,363.467,0,848.697,14.394,245.111,263.667,stay,stay,0,0
1775915817155,1004,1696675.6000000238,pvp,player_1,player_2,363.467,0,852.782,18.789,245.111,263.667,stay,stay,0,0
1775915817155,1005,1696691.7000000477,pvp,player_1,player_2,363.467,0,856.867,23.183,245.111,263.667,stay,stay,0,0
1775915817155,1006,1696708,pvp,player_1,player_2,363.467,0,860.952,27.578,245.111,263.667,stay,stay,0,0
1775915817155,1007,1696724.7000000477,pvp,player_1,player_2,363.467,0,865.037,31.972,245.111,263.667,stay,stay,0,0
1775915817155,1008,1696741.4000000954,pvp,player_1,player_2,363.467,0,869.122,36.367,245.111,263.667,stay,stay,0,0
1775915817155,1009,1696758,pvp,player_1,player_2,363.467,0,873.208,40.761,245.111,263.667,stay,stay,0,0
1775915817155,1010,1696774.8000000715,pvp,player_1,player_2,363.467,0,877.293,45.156,245.111,263.667,stay,stay,0,0
1775915817155,1011,1696791.5,pvp,player_1,player_2,363.467,0,881.378,49.55,245.111,263.667,stay,stay,0,0
1775915817155,1012,1696808,pvp,player_1,player_2,363.467,0,885.463,53.945,245.111,263.667,stay,stay,0,0
1775915817155,1013,1696824.6000000238,pvp,player_1,player_2,363.467,0,889.548,58.339,245.111,263.667,stay,stay,0,0
1775915817155,1014,1696841.2000000477,pvp,player_1,player_2,363.467,0,893.634,62.733,245.111,263.667,stay,stay,0,0
1775915817155,1015,1696858,pvp,player_1,player_2,363.467,0,897.719,67.128,245.111,263.667,stay,stay,0,0
1775915817155,1016,1696874.5,pvp,player_1,player_2,363.467,0,901.804,71.522,245.111,263.667,stay,stay,0,0
1775915817155,1017,1696891.6000000238,pvp,player_1,player_2,363.467,0,905.889,75.917,245.111,263.667,stay,stay,0,0
1775915817155,1018,1696908.4000000954,pvp,player_1,player_2,363.467,0,909.974,80.311,245.111,263.667,stay,down,0,0
1775915817155,1019,1696925.5,pvp,player_1,player_2,363.467,0.317,912,84.706,-247.913,287.991,stay,down,0,0
1775915817155,1020,1696941.9000000954,pvp,player_1,player_2,363.467,0.889,907.868,89.506,-247.913,287.991,stay,down,0,0
1775915817155,1021,1696958.9000000954,pvp,player_1,player_2,363.467,1.717,903.736,94.305,-247.913,287.991,stay,down,0,0
1775915817155,1022,1696975.5,pvp,player_1,player_2,363.467,2.8,899.604,99.105,-247.913,287.991,stay,down,0,0
1775915817155,1023,1696992.3000000715,pvp,player_1,player_2,363.467,4.139,895.472,103.905,-247.913,287.991,stay,down,0,0
1775915817155,1024,1697008.3000000715,pvp,player_1,player_2,363.467,5.733,891.341,108.705,-247.913,287.991,stay,down,0,0
1775915817155,1025,1697025.5,pvp,player_1,player_2,363.467,7.583,887.209,113.505,-247.913,287.991,stay,down,0,0
1775915817155,1026,1697042.1000000238,pvp,player_1,player_2,363.467,9.689,883.077,118.305,-247.913,287.991,stay,down,0,0
1775915817155,1027,1697058.7000000477,pvp,player_1,player_2,363.467,12.05,878.945,123.105,-247.913,287.991,stay,down,0,0
1775915817155,1028,1697075.3000000715,pvp,player_1,player_2,363.467,14.667,874.813,127.904,-247.913,287.991,stay,down,0,0
1775915817155,1029,1697091.6000000238,pvp,player_1,player_2,363.467,17.539,870.681,132.704,-247.913,287.991,stay,down,0,0
1775915817155,1030,1697108.4000000954,pvp,player_1,player_2,363.467,20.667,866.549,137.504,-247.913,287.991,stay,down,0,0
1775915817155,1031,1697125.3000000715,pvp,player_1,player_2,363.467,24.05,862.417,142.304,-247.913,287.991,stay,down,0,0
1775915817155,1032,1697142,pvp,player_1,player_2,363.467,27.689,858.285,147.104,-247.913,287.991,stay,down,0,0
1775915817155,1033,1697158.4000000954,pvp,player_1,player_2,363.467,31.583,854.154,151.904,-247.913,287.991,stay,down,0,0
1775915817155,1034,1697175.4000000954,pvp,player_1,player_2,363.467,35.733,850.022,156.704,-247.913,287.991,stay,down,0,0
1775915817155,1035,1697192.4000000954,pvp,player_1,player_2,363.467,40.139,845.89,161.503,-247.913,287.991,stay,down,0,0
1775915817155,1036,1697208.9000000954,pvp,player_1,player_2,363.467,44.8,841.758,166.303,-247.913,287.991,stay,down,0,0
1775915817155,1037,1697225.3000000715,pvp,player_1,player_2,363.467,49.717,837.626,171.103,-247.913,287.991,stay,down,0,0
1775915817155,1038,1697242.2000000477,pvp,player_1,player_2,363.467,54.889,833.494,175.903,-247.913,287.991,stay,down,0,0
1775915817155,1039,1697258.9000000954,pvp,player_1,player_2,363.467,60.317,829.362,180.703,-247.913,287.991,stay,down,0,0
1775915817155,1040,1697275.5,pvp,player_1,player_2,363.467,66,825.23,185.503,-247.913,287.991,stay,down,0,0
1775915817155,1041,1697292.2000000477,pvp,player_1,player_2,363.467,71.939,821.098,190.303,-247.913,287.991,stay,down,0,0
1775915817155,1042,1697308.8000000715,pvp,player_1,player_2,363.467,78.133,816.966,195.102,-247.913,287.991,stay,down,0,0
1775915817155,1043,1697325.7000000477,pvp,player_1,player_2,363.467,84.583,812.835,199.902,-247.913,287.991,stay,down,0,0
1775915817155,1044,1697342.1000000238,pvp,player_1,player_2,363.467,91.289,808.703,204.702,-247.913,287.991,stay,down,0,0
1775915817155,1045,1697358.3000000715,pvp,player_1,player_2,363.467,98.25,804.571,209.502,-247.913,287.991,stay,down,0,0
1775915817155,1046,1697375.4000000954,pvp,player_1,player_2,363.467,105.467,800.439,214.302,-247.913,287.991,stay,down,0,0
1775915817155,1047,1697392,pvp,player_1,player_2,363.467,112.939,796.307,219.102,-247.913,287.991,stay,down,0,0
1775915817155,1048,1697408.5,pvp,player_1,player_2,363.467,120.606,792.175,223.901,-247.913,287.991,stay,down,0,0
1775915817155,1049,1697425.5,pvp,player_1,player_2,363.467,128.272,788.043,228.701,-247.913,287.991,stay,down,0,0
1775915817155,1050,1697442.1000000238,pvp,player_1,player_2,363.467,135.939,783.911,233.501,-247.913,287.991,stay,down,0,0
1775915817155,1051,1697458.8000000715,pvp,player_1,player_2,363.467,143.606,779.779,238.301,-247.913,287.991,stay,down,0,0
1775915817155,1052,1697475.2000000477,pvp,player_1,player_2,363.467,151.272,775.648,243.101,-247.913,287.991,stay,down,0,0
1775915817155,1053,1697492.4000000954,pvp,player_1,player_2,363.467,158.939,771.516,247.901,-247.913,287.991,stay,down,0,0
1775915817155,1054,1697508.6000000238,pvp,player_1,player_2,363.467,166.606,767.384,252.701,-247.913,287.991,stay,down,0,0
1775915817155,1055,1697525.2000000477,pvp,player_1,player_2,363.467,174.272,763.252,257.5,-247.913,287.991,stay,down,0,0
1775915817155,1056,1697542.2000000477,pvp,player_1,player_2,363.467,181.939,759.12,262.3,-247.913,287.991,stay,down,0,0
1775915817155,1057,1697558.1000000238,pvp,player_1,player_2,363.467,189.606,754.988,267.1,-247.913,287.991,stay,down,0,0
1775915817155,1058,1697574.9000000954,pvp,player_1,player_2,363.467,197.272,750.856,271.9,-247.913,287.991,stay,down,0,0
1775915817155,1059,1697591.6000000238,pvp,player_1,player_2,363.467,204.939,746.724,276.7,-247.913,287.991,stay,down,0,0
1775915817155,1060,1697608.6000000238,pvp,player_1,player_2,363.467,212.606,742.592,281.5,-247.913,287.991,stay,down,0,0
1775915817155,1061,1697624.9000000954,pvp,player_1,player_2,363.467,220.272,738.461,286.3,-247.913,287.991,stay,down,0,0
1775915817155,1062,1697642.3000000715,pvp,player_1,player_2,363.467,227.939,734.329,291.099,-247.913,287.991,stay,down,0,0
1775915817155,1063,1697658.2000000477,pvp,player_1,player_2,363.467,235.606,730.197,295.899,-247.913,287.991,stay,down,0,0
1775915817155,1064,1697675.6000000238,pvp,player_1,player_2,363.467,243.272,726.065,300.699,-247.913,287.991,stay,down,0,0
1775915817155,1065,1697692,pvp,player_1,player_2,363.467,250.939,721.933,305.499,-247.913,287.991,stay,down,0,0
1775915817155,1066,1697708.7000000477,pvp,player_1,player_2,363.467,258.606,717.801,310.299,-247.913,287.991,stay,down,0,0
1775915817155,1067,1697725.1000000238,pvp,player_1,player_2,363.467,266.272,713.669,315.099,-247.913,287.991,stay,down,0,0
1775915817155,1068,1697742.3000000715,pvp,player_1,player_2,363.467,273.939,709.537,319.899,-247.913,287.991,stay,down,0,0
1775915817155,1069,1697758.7000000477,pvp,player_1,player_2,363.467,281.606,705.405,324.698,-247.913,287.991,stay,down,0,0
1775915817155,1070,1697774.6000000238,pvp,player_1,player_2,363.467,289.272,701.274,329.498,-247.913,287.991,stay,down,0,0
1775915817155,1071,1697792.1000000238,pvp,player_1,player_2,363.467,296.939,697.142,334.298,-247.913,287.991,stay,down,0,0
1775915817155,1072,1697808.7000000477,pvp,player_1,player_2,363.467,304.606,693.01,339.098,-247.913,287.991,stay,down,0,0
1775915817155,1073,1697825.3000000715,pvp,player_1,player_2,363.467,312.272,688.878,343.898,-247.913,287.991,stay,down,0,0
1775915817155,1074,1697841.8000000715,pvp,player_1,player_2,363.467,319.939,684.746,348.698,-247.913,287.991,stay,down,0,0
1775915817155,1075,1697858.9000000954,pvp,player_1,player_2,363.467,327.606,680.614,353.498,-247.913,287.991,stay,down,0,0
1775915817155,1076,1697875.2000000477,pvp,player_1,player_2,363.467,335.272,676.482,358.297,-247.913,287.991,stay,down,0,0
1775915817155,1077,1697891.7000000477,pvp,player_1,player_2,363.467,342.744,672.35,363.097,-247.913,287.991,stay,stay,0,0
1775915817155,1078,1697908.7000000477,pvp,player_1,player_2,363.467,350.022,668.218,367.897,-247.913,287.991,stay,stay,0,0
1775915817155,1079,1697925.2000000477,pvp,player_1,player_2,363.467,357.106,664.087,372.697,-247.913,287.991,stay,stay,0,0
1775915817155,1080,1697942.1000000238,pvp,player_1,player_2,363.467,363.994,659.955,377.497,-247.913,287.991,stay,stay,0,0
1775915817155,1081,1697958.6000000238,pvp,player_1,player_2,363.467,370.689,655.823,382.297,-247.913,287.991,stay,stay,0,0
1775915817155,1082,1697975.4000000954,pvp,player_1,player_2,363.467,377.189,651.691,387.096,-247.913,287.991,stay,stay,0,0
1775915817155,1083,1697992.1000000238,pvp,player_1,player_2,363.467,383.494,647.559,391.896,-247.913,287.991,stay,stay,0,0
1775915817155,1084,1698008.4000000954,pvp,player_1,player_2,363.467,389.606,643.427,396.696,-247.913,287.991,stay,stay,0,0
1775915817155,1085,1698025.1000000238,pvp,player_1,player_2,363.467,395.522,639.295,401.496,-247.913,287.991,stay,stay,0,0
1775915817155,1086,1698041.7000000477,pvp,player_1,player_2,363.467,401.244,635.163,406.296,-247.913,287.991,stay,stay,0,0
1775915817155,1087,1698059.1000000238,pvp,player_1,player_2,363.467,406.772,631.031,411.096,-247.913,287.991,stay,stay,0,0
1775915817155,1088,1698075.5,pvp,player_1,player_2,363.211,412.106,626.899,415.896,-247.913,287.991,up,stay,0,0
1775915817155,1089,1698091.8000000715,pvp,player_1,player_2,362.7,417.244,622.768,420.695,-247.913,287.991,up,stay,0,0
1775915817155,1090,1698108.5,pvp,player_1,player_2,361.933,422.189,618.636,425.495,-247.913,287.991,up,stay,0,0
1775915817155,1091,1698125.6000000238,pvp,player_1,player_2,360.911,426.939,614.504,430.295,-247.913,287.991,up,stay,0,0
1775915817155,1092,1698142.2000000477,pvp,player_1,player_2,359.633,431.494,610.372,435.095,-247.913,287.991,up,stay,0,0
1775915817155,1093,1698158.7000000477,pvp,player_1,player_2,358.1,435.856,606.24,439.895,-247.913,287.991,up,stay,0,0
1775915817155,1094,1698175.2000000477,pvp,player_1,player_2,356.311,440.022,602.108,444.695,-247.913,287.991,up,stay,0,0
1775915817155,1095,1698191.5,pvp,player_1,player_2,354.267,443.994,597.976,449.495,-247.913,287.991,up,stay,0,0
1775915817155,1096,1698208.7000000477,pvp,player_1,player_2,351.967,444,593.844,454.294,-247.913,287.991,up,stay,0,0
1775915817155,1097,1698225.6000000238,pvp,player_1,player_2,349.411,444,589.712,459.094,-247.913,287.991,up,stay,0,0
1775915817155,1098,1698241.8000000715,pvp,player_1,player_2,346.6,444,585.581,463.894,-247.913,287.991,up,stay,0,0
1775915817155,1099,1698258.5,pvp,player_1,player_2,343.533,444,581.449,468.694,-247.913,287.991,up,stay,0,0
1775915817155,1100,1698274.9000000954,pvp,player_1,player_2,340.211,444,577.317,473.494,-247.913,287.991,up,stay,0,0
1775915817155,1101,1698291.2000000477,pvp,player_1,player_2,336.633,444,573.185,478.294,-247.913,287.991,up,stay,0,0
1775915817155,1102,1698308.1000000238,pvp,player_1,player_2,332.8,444,569.053,483.094,-247.913,287.991,up,stay,0,0
1775915817155,1103,1698324.9000000954,pvp,player_1,player_2,328.711,444,564.921,487.893,-247.913,287.991,up,stay,0,0
1775915817155,1104,1698341.2000000477,pvp,player_1,player_2,324.367,444,560.789,492.693,-247.913,287.991,up,stay,0,0
1775915817155,1105,1698358.5,pvp,player_1,player_2,319.767,444,556.657,497.493,-247.913,287.991,up,stay,0,0
1775915817155,1106,1698375,pvp,player_1,player_2,314.911,444,552.525,502.293,-247.913,287.991,up,stay,0,0
1775915817155,1107,1698391.8000000715,pvp,player_1,player_2,309.8,444,548.394,507.093,-247.913,287.991,up,stay,0,0
1775915817155,1108,1698408.6000000238,pvp,player_1,player_2,304.433,444,544.262,511.893,-247.913,287.991,up,stay,0,0
1775915817155,1109,1698425.3000000715,pvp,player_1,player_2,298.811,444,540.13,516.692,-247.913,287.991,up,stay,0,0
1775915817155,1110,1698441.9000000954,pvp,player_1,player_2,292.933,444,535.998,521.492,-247.913,287.991,up,stay,0,0
1775915817155,1111,1698458.6000000238,pvp,player_1,player_2,286.8,444,531.866,526.292,-247.913,287.991,up,stay,0,0
1775915817155,1112,1698475.1000000238,pvp,player_1,player_2,280.861,444,527.734,530,-247.913,-287.991,stay,stay,0,0
1775915817155,1113,1698492,pvp,player_1,player_2,275.117,444,523.602,525.2,-247.913,-287.991,stay,stay,0,0
1775915817155,1114,1698508.6000000238,pvp,player_1,player_2,269.567,444,519.47,520.4,-247.913,-287.991,stay,stay,0,0
1775915817155,1115,1698524.9000000954,pvp,player_1,player_2,264.211,444,515.338,515.6,-247.913,-287.991,stay,stay,0,0
1775915817155,1116,1698541.8000000715,pvp,player_1,player_2,259.05,444,511.207,510.801,-247.913,-287.991,stay,stay,0,0
1775915817155,1117,1698558.3000000715,pvp,player_1,player_2,254.083,444,507.075,506.001,-247.913,-287.991,stay,stay,0,0
1775915817155,1118,1698575.4000000954,pvp,player_1,player_2,249.311,444,502.943,501.201,-247.913,-287.991,stay,stay,0,0
1775915817155,1119,1698591.8000000715,pvp,player_1,player_2,244.733,444,498.811,496.401,-247.913,-287.991,stay,stay,0,0
1775915817155,1120,1698608.5,pvp,player_1,player_2,240.35,444,494.679,491.601,-247.913,-287.991,stay,stay,0,0
1775915817155,1121,1698625.5,pvp,player_1,player_2,236.161,444,490.547,486.801,-247.913,-287.991,stay,stay,0,0
1775915817155,1122,1698641.6000000238,pvp,player_1,player_2,232.167,444,486.415,482.001,-247.913,-287.991,stay,stay,0,0
1775915817155,1123,1698659,pvp,player_1,player_2,228.533,444,482.283,477.202,-247.913,-287.991,down,stay,0,0
1775915817155,1124,1698675.2000000477,pvp,player_1,player_2,225.261,444,478.151,472.402,-247.913,-287.991,down,stay,0,0
1775915817155,1125,1698692.2000000477,pvp,player_1,player_2,222.35,444,474.019,467.602,-247.913,-287.991,down,stay,0,0
1775915817155,1126,1698708.7000000477,pvp,player_1,player_2,219.8,444,469.888,462.802,-247.913,-287.991,down,stay,0,0
1775915817155,1127,1698725.1000000238,pvp,player_1,player_2,217.611,444,465.756,458.002,-247.913,-287.991,down,stay,0,0
1775915817155,1128,1698741.9000000954,pvp,player_1,player_2,215.783,444,461.624,453.202,-247.913,-287.991,down,stay,0,0
1775915817155,1129,1698758.6000000238,pvp,player_1,player_2,214.317,444,457.492,448.403,-247.913,-287.991,down,stay,0,0
1775915817155,1130,1698775.2000000477,pvp,player_1,player_2,213.211,444,453.36,443.603,-247.913,-287.991,down,stay,0,0
1775915817155,1131,1698791.6000000238,pvp,player_1,player_2,212.467,444,449.228,438.803,-247.913,-287.991,down,stay,0,0
1775915817155,1132,1698808.7000000477,pvp,player_1,player_2,212.083,444,445.096,434.003,-247.913,-287.991,down,stay,0,0
1775915817155,1133,1698825.5,pvp,player_1,player_2,212.061,444,440.964,429.203,-247.913,-287.991,down,stay,0,0
1775915817155,1134,1698841.7000000477,pvp,player_1,player_2,212.4,444,436.832,424.403,-247.913,-287.991,down,stay,0,0
1775915817155,1135,1698858.9000000954,pvp,player_1,player_2,212.994,444,432.701,419.603,-247.913,-287.991,down,stay,0,0
1775915817155,1136,1698875.7000000477,pvp,player_1,player_2,213.844,444,428.569,414.804,-247.913,-287.991,down,stay,0,0
1775915817155,1137,1698892,pvp,player_1,player_2,214.95,444,424.437,410.004,-247.913,-287.991,down,stay,0,0
1775915817155,1138,1698908.7000000477,pvp,player_1,player_2,216.311,444,420.305,405.204,-247.913,-287.991,down,stay,0,0
1775915817155,1139,1698925.4000000954,pvp,player_1,player_2,217.928,444,416.173,400.404,-247.913,-287.991,down,stay,0,0
1775915817155,1140,1698941.8000000715,pvp,player_1,player_2,219.8,444,412.041,395.604,-247.913,-287.991,down,stay,0,0
1775915817155,1141,1698957.9000000954,pvp,player_1,player_2,221.478,444,407.909,390.804,-247.913,-287.991,stay,stay,0,0
1775915817155,1142,1698974.9000000954,pvp,player_1,player_2,222.961,444,403.777,386.004,-247.913,-287.991,stay,stay,0,0
1775915817155,1143,1698992,pvp,player_1,player_2,224.25,444,399.645,381.205,-247.913,-287.991,stay,stay,0,0
1775915817155,1144,1699008.6000000238,pvp,player_1,player_2,225.344,444,395.514,376.405,-247.913,-287.991,stay,stay,0,0
1775915817155,1145,1699025.4000000954,pvp,player_1,player_2,226.244,444,391.382,371.605,-247.913,-287.991,stay,stay,0,0
1775915817155,1146,1699042.1000000238,pvp,player_1,player_2,226.95,444,387.25,366.805,-247.913,-287.991,stay,stay,0,0
1775915817155,1147,1699058.8000000715,pvp,player_1,player_2,227.461,444,383.118,362.005,-247.913,-287.991,stay,stay,0,0
1775915817155,1148,1699075.1000000238,pvp,player_1,player_2,227.778,444,378.986,357.205,-247.913,-287.991,stay,stay,0,0
1775915817155,1149,1699091.8000000715,pvp,player_1,player_2,227.778,444,374.854,352.405,-247.913,-287.991,stay,stay,0,0
1775915817155,1150,1699108.6000000238,pvp,player_1,player_2,227.778,444,370.722,347.606,-247.913,-287.991,stay,stay,0,0
1775915817155,1151,1699125,pvp,player_1,player_2,227.522,444,366.59,342.806,-247.913,-287.991,up,stay,0,0
1775915817155,1152,1699141.7000000477,pvp,player_1,player_2,227.011,444,362.458,338.006,-247.913,-287.991,up,stay,0,0
1775915817155,1153,1699158.6000000238,pvp,player_1,player_2,226.244,444,358.327,333.206,-247.913,-287.991,up,stay,0,0
1775915817155,1154,1699175.3000000715,pvp,player_1,player_2,225.222,444,354.195,328.406,-247.913,-287.991,up,stay,0,0
1775915817155,1155,1699192.4000000954,pvp,player_1,player_2,223.944,444,350.063,323.606,-247.913,-287.991,up,stay,0,0
1775915817155,1156,1699208.3000000715,pvp,player_1,player_2,222.411,444,345.931,318.806,-247.913,-287.991,up,stay,0,0
1775915817155,1157,1699225.4000000954,pvp,player_1,player_2,220.622,444,341.799,314.007,-247.913,-287.991,up,stay,0,0
1775915817155,1158,1699241.9000000954,pvp,player_1,player_2,218.578,444,337.667,309.207,-247.913,-287.991,up,stay,0,0
1775915817155,1159,1699258.7000000477,pvp,player_1,player_2,216.278,444,333.535,304.407,-247.913,-287.991,up,stay,0,0
1775915817155,1160,1699275.3000000715,pvp,player_1,player_2,213.722,444,329.403,299.607,-247.913,-287.991,up,stay,0,0
1775915817155,1161,1699292.3000000715,pvp,player_1,player_2,210.911,444,325.271,294.807,-247.913,-287.991,up,stay,0,0
1775915817155,1162,1699308.6000000238,pvp,player_1,player_2,207.844,444,321.14,290.007,-247.913,-287.991,up,stay,0,0
1775915817155,1163,1699325.4000000954,pvp,player_1,player_2,204.522,444,317.008,285.208,-247.913,-287.991,up,stay,0,0
1775915817155,1164,1699342,pvp,player_1,player_2,200.944,444,312.876,280.408,-247.913,-287.991,up,stay,0,0
1775915817155,1165,1699358.5,pvp,player_1,player_2,197.111,444,308.744,275.608,-247.913,-287.991,up,stay,0,0
1775915817155,1166,1699375.5,pvp,player_1,player_2,193.022,444,304.612,270.808,-247.913,-287.991,up,stay,0,0
1775915817155,1167,1699392,pvp,player_1,player_2,188.678,444,300.48,266.008,-247.913,-287.991,up,stay,0,0
1775915817155,1168,1699408.7000000477,pvp,player_1,player_2,184.078,444,296.348,261.208,-247.913,-287.991,up,stay,0,0
1775915817155,1169,1699424.9000000954,pvp,player_1,player_2,179.222,444,292.216,256.408,-247.913,-287.991,up,stay,0,0
1775915817155,1170,1699441.6000000238,pvp,player_1,player_2,174.111,444,288.084,251.609,-247.913,-287.991,up,stay,0,0
1775915817155,1171,1699458.5,pvp,player_1,player_2,168.744,444,283.952,246.809,-247.913,-287.991,up,stay,0,0
1775915817155,1172,1699475.2000000477,pvp,player_1,player_2,163.122,444,279.821,242.009,-247.913,-287.991,up,stay,0,0
1775915817155,1173,1699491.9000000954,pvp,player_1,player_2,157.244,444,275.689,237.209,-247.913,-287.991,up,stay,0,0
1775915817155,1174,1699508.3000000715,pvp,player_1,player_2,151.111,444,271.557,232.409,-247.913,-287.991,up,stay,0,0
1775915817155,1175,1699525.1000000238,pvp,player_1,player_2,144.722,444,267.425,227.609,-247.913,-287.991,up,stay,0,0
1775915817155,1176,1699541.5,pvp,player_1,player_2,138.078,444,263.293,222.809,-247.913,-287.991,up,stay,0,0
1775915817155,1177,1699558.6000000238,pvp,player_1,player_2,131.178,444,259.161,218.01,-247.913,-287.991,up,stay,0,0
1775915817155,1178,1699574.9000000954,pvp,player_1,player_2,124.022,444,255.029,213.21,-247.913,-287.991,up,stay,0,0
1775915817155,1179,1699591.6000000238,pvp,player_1,player_2,116.611,444,250.897,208.41,-247.913,-287.991,up,stay,0,0
1775915817155,1180,1699608.2000000477,pvp,player_1,player_2,108.944,444,246.765,203.61,-247.913,-287.991,up,stay,0,0
1775915817155,1181,1699625,pvp,player_1,player_2,101.472,444,242.634,198.81,-247.913,-287.991,stay,stay,0,0
1775915817155,1182,1699641.9000000954,pvp,player_1,player_2,94.194,444,238.502,194.01,-247.913,-287.991,stay,stay,0,0
1775915817155,1183,1699659.2000000477,pvp,player_1,player_2,87.111,444,234.37,189.21,-247.913,-287.991,stay,stay,0,0
1775915817155,1184,1699675,pvp,player_1,player_2,80.222,444,230.238,184.411,-247.913,-287.991,stay,stay,0,0
1775915817155,1185,1699691.5,pvp,player_1,player_2,73.528,444,226.106,179.611,-247.913,-287.991,stay,stay,0,0
1775915817155,1186,1699708.7000000477,pvp,player_1,player_2,67.028,444,221.974,174.811,-247.913,-287.991,stay,stay,0,0
1775915817155,1187,1699725.3000000715,pvp,player_1,player_2,60.722,444,217.842,170.011,-247.913,-287.991,stay,stay,0,0
1775915817155,1188,1699741.8000000715,pvp,player_1,player_2,54.611,444,213.71,165.211,-247.913,-287.991,stay,stay,0,0
1775915817155,1189,1699758.6000000238,pvp,player_1,player_2,48.694,444,209.578,160.411,-247.913,-287.991,stay,stay,0,0
1775915817155,1190,1699774.6000000238,pvp,player_1,player_2,42.972,444,205.447,155.612,-247.913,-287.991,stay,stay,0,0
1775915817155,1191,1699791.5,pvp,player_1,player_2,37.444,444,201.315,150.812,-247.913,-287.991,stay,stay,0,0
1775915817155,1192,1699808.3000000715,pvp,player_1,player_2,32.111,444,197.183,146.012,-247.913,-287.991,stay,stay,0,0
1775915817155,1193,1699824.6000000238,pvp,player_1,player_2,26.972,444,193.051,141.212,-247.913,-287.991,stay,stay,0,0
1775915817155,1194,1699841.4000000954,pvp,player_1,player_2,22.028,444,188.919,136.412,-247.913,-287.991,stay,stay,0,0
1775915817155,1195,1699858.6000000238,pvp,player_1,player_2,17.278,444,184.787,131.612,-247.913,-287.991,stay,stay,0,0
1775915817155,1196,1699875.4000000954,pvp,player_1,player_2,12.722,444,180.655,126.812,-247.913,-287.991,stay,stay,0,0
1775915817155,1197,1699891.9000000954,pvp,player_1,player_2,8.361,444,176.523,122.013,-247.913,-287.991,stay,stay,0,0
1775915817155,1198,1699908.1000000238,pvp,player_1,player_2,4.194,444,172.391,117.213,-247.913,-287.991,stay,stay,0,0
1775915817155,1199,1699924.7000000477,pvp,player_1,player_2,0.222,444,168.26,112.413,-247.913,-287.991,stay,stay,0,0
1775915817155,1200,1699942,pvp,player_1,player_2,0,444,164.128,107.613,-247.913,-287.991,stay,stay,0,0
1775915817155,1201,1699958.5,pvp,player_1,player_2,0,444,159.996,102.813,-247.913,-287.991,stay,stay,0,0
1775915817155,1202,1699975.3000000715,pvp,player_1,player_2,0,444,155.864,98.013,-247.913,-287.991,stay,stay,0,0
1775915817155,1203,1699991.9000000954,pvp,player_1,player_2,0,444,151.732,93.213,-247.913,-287.991,stay,stay,0,0
1775915817155,1204,1700008.6000000238,pvp,player_1,player_2,0,444,147.6,88.414,-247.913,-287.991,stay,stay,0,0
1775915817155,1205,1700025.3000000715,pvp,player_1,player_2,0,444,143.468,83.614,-247.913,-287.991,stay,stay,0,0
1775915817155,1206,1700041.9000000954,pvp,player_1,player_2,0,444,139.336,78.814,-247.913,-287.991,stay,stay,0,0
1775915817155,1207,1700058.6000000238,pvp,player_1,player_2,0,444,135.204,74.014,-247.913,-287.991,stay,stay,0,0
1775915817155,1208,1700075.2000000477,pvp,player_1,player_2,0,444,131.073,69.214,-247.913,-287.991,stay,stay,0,0
1775915817155,1209,1700091.7000000477,pvp,player_1,player_2,0,444,126.941,64.414,-247.913,-287.991,stay,stay,0,0
1775915817155,1210,1700108.6000000238,pvp,player_1,player_2,0,444,122.809,59.614,-247.913,-287.991,stay,stay,0,0
1775915817155,1211,1700125.4000000954,pvp,player_1,player_2,0,444,118.677,54.815,-247.913,-287.991,stay,stay,0,0
1775915817155,1212,1700142.3000000715,pvp,player_1,player_2,0,444,114.545,50.015,-247.913,-287.991,stay,stay,0,0
1775915817155,1213,1700158.2000000477,pvp,player_1,player_2,0,444,110.413,45.215,-247.913,-287.991,stay,stay,0,0
1775915817155,1214,1700175.2000000477,pvp,player_1,player_2,0,444,106.281,40.415,-247.913,-287.991,stay,stay,0,0
1775915817155,1215,1700191.9000000954,pvp,player_1,player_2,0,444,102.149,35.615,-247.913,-287.991,stay,stay,0,0
1775915817155,1216,1700208.2000000477,pvp,player_1,player_2,0,444,98.017,30.815,-247.913,-287.991,stay,stay,0,0
1775915817155,1217,1700224.6000000238,pvp,player_1,player_2,0,444,93.885,26.015,-247.913,-287.991,stay,stay,0,0
1775915817155,1218,1700241.8000000715,pvp,player_1,player_2,0,444,89.754,21.216,-247.913,-287.991,stay,stay,0,0
1775915817155,1219,1700257.9000000954,pvp,player_1,player_2,0.083,444,85.622,16.416,-247.913,-287.991,down,stay,0,0
1775915817155,1220,1700275.3000000715,pvp,player_1,player_2,0.422,444,81.49,11.616,-247.913,-287.991,down,stay,0,0
1775915817155,1221,1700292,pvp,player_1,player_2,1.017,444,77.358,10,-247.913,287.991,down,stay,0,0
1775915817155,1222,1700308.6000000238,pvp,player_1,player_2,1.867,444,73.226,14.8,-247.913,287.991,down,stay,0,0
1775915817155,1223,1700325.2000000477,pvp,player_1,player_2,2.972,444,69.094,19.6,-247.913,287.991,down,stay,0,0
1775915817155,1224,1700342,pvp,player_1,player_2,4.333,444,64.962,24.4,-247.913,287.991,down,stay,0,0
1775915817155,1225,1700358.6000000238,pvp,player_1,player_2,5.95,444,60.83,29.199,-247.913,287.991,down,stay,0,0
1775915817155,1226,1700376.2000000477,pvp,player_1,player_2,7.822,444,56.698,33.999,-247.913,287.991,down,stay,0,0
1775915817155,1227,1700391.6000000238,pvp,player_1,player_2,9.95,444,52.567,38.799,-247.913,287.991,down,stay,0,0
1775915817155,1228,1700408.3000000715,pvp,player_1,player_2,12.333,444,48.435,43.599,-247.913,287.991,down,stay,0,0
1775915817155,1229,1700425.4000000954,pvp,player_1,player_2,14.972,444,48,48.399,376.506,-135.067,down,stay,0,0
1775915817155,1230,1700441.9000000954,pvp,player_1,player_2,17.867,444,54.275,46.148,376.506,-135.067,down,stay,0,0
1775915817155,1231,1700458.5,pvp,player_1,player_2,21.017,444,60.55,43.897,376.506,-135.067,down,stay,0,0
1775915817155,1232,1700475.2000000477,pvp,player_1,player_2,24.422,444,66.825,41.645,376.506,-135.067,down,stay,0,0
1775915817155,1233,1700492,pvp,player_1,player_2,28.083,444,73.1,39.394,376.506,-135.067,down,stay,0,0
1775915817155,1234,1700508.5,pvp,player_1,player_2,32,444,79.376,37.143,376.506,-135.067,down,stay,0,0
1775915817155,1235,1700525.2000000477,pvp,player_1,player_2,36.172,444,85.651,34.892,376.506,-135.067,down,stay,0,0
1775915817155,1236,1700541.8000000715,pvp,player_1,player_2,40.6,444,91.926,32.641,376.506,-135.067,down,stay,0,0
1775915817155,1237,1700558.7000000477,pvp,player_1,player_2,45.283,444,98.201,30.39,376.506,-135.067,down,stay,0,0
1775915817155,1238,1700575.6000000238,pvp,player_1,player_2,50.222,444,104.476,28.139,376.506,-135.067,down,stay,0,0
1775915817155,1239,1700592,pvp,player_1,player_2,55.417,444,110.751,25.888,376.506,-135.067,down,stay,0,0
1775915817155,1240,1700608.7000000477,pvp,player_1,player_2,60.867,444,117.026,23.637,376.506,-135.067,down,stay,0,0
1775915817155,1241,1700624.7000000477,pvp,player_1,player_2,66.572,444,123.301,21.385,376.506,-135.067,down,stay,0,0
1775915817155,1242,1700642,pvp,player_1,player_2,72.533,444,129.576,19.134,376.506,-135.067,down,stay,0,0
1775915817155,1243,1700658,pvp,player_1,player_2,78.75,444,135.851,16.883,376.506,-135.067,down,stay,0,0
1775915817155,1244,1700675.1000000238,pvp,player_1,player_2,85.222,444,142.127,14.632,376.506,-135.067,down,stay,0,0
1775915817155,1245,1700691.9000000954,pvp,player_1,player_2,91.95,444,148.402,12.381,376.506,-135.067,down,stay,0,0
1775915817155,1246,1700708.5,pvp,player_1,player_2,98.933,444,154.677,10.13,376.506,-135.067,down,stay,0,0
1775915817155,1247,1700725.3000000715,pvp,player_1,player_2,106.172,444,160.952,10,376.506,135.067,down,stay,0,0
1775915817155,1248,1700741.9000000954,pvp,player_1,player_2,113.667,444,167.227,12.251,376.506,135.067,down,stay,0,0
1775915817155,1249,1700758.7000000477,pvp,player_1,player_2,121.333,444,173.502,14.502,376.506,135.067,down,stay,0,0
1775915817155,1250,1700774.5,pvp,player_1,player_2,129,444,179.777,16.753,376.506,135.067,down,stay,0,0
1775915817155,1251,1700791.2000000477,pvp,player_1,player_2,136.667,444,186.052,19.004,376.506,135.067,down,stay,0,0
1775915817155,1252,1700807.7000000477,pvp,player_1,player_2,144.333,444,192.327,21.256,376.506,135.067,down,stay,0,0
1775915817155,1253,1700824.5,pvp,player_1,player_2,152,444,198.602,23.507,376.506,135.067,down,stay,0,0
1775915817155,1254,1700841.1000000238,pvp,player_1,player_2,159.667,444,204.878,25.758,376.506,135.067,down,stay,0,0
1775915817155,1255,1700857.8000000715,pvp,player_1,player_2,167.333,444,211.153,28.009,376.506,135.067,down,stay,0,0
1775915817155,1256,1700874.5,pvp,player_1,player_2,175,444,217.428,30.26,376.506,135.067,down,stay,0,0
1775915817155,1257,1700891.1000000238,pvp,player_1,player_2,182.667,444,223.703,32.511,376.506,135.067,down,stay,0,0
1775915817155,1258,1700907.8000000715,pvp,player_1,player_2,190.139,444,229.978,34.762,376.506,135.067,stay,stay,0,0
1775915817155,1259,1700924.8000000715,pvp,player_1,player_2,197.417,444,236.253,37.013,376.506,135.067,stay,stay,0,0
1775915817155,1260,1700941.5,pvp,player_1,player_2,204.5,444,242.528,39.264,376.506,135.067,stay,stay,0,0
1775915817155,1261,1700958.8000000715,pvp,player_1,player_2,211.389,444,248.803,41.516,376.506,135.067,stay,stay,0,0
1775915817155,1262,1700975.3000000715,pvp,player_1,player_2,218.083,444,255.078,43.767,376.506,135.067,stay,stay,0,0
1775915817155,1263,1700992.1000000238,pvp,player_1,player_2,224.583,444,261.354,46.018,376.506,135.067,stay,stay,0,0
1775915817155,1264,1701008.6000000238,pvp,player_1,player_2,230.889,444,267.629,48.269,376.506,135.067,stay,stay,0,0
1775915817155,1265,1701025.6000000238,pvp,player_1,player_2,237,444,273.904,50.52,376.506,135.067,stay,stay,0,0
1775915817155,1266,1701041.8000000715,pvp,player_1,player_2,242.917,444,280.179,52.771,376.506,135.067,stay,stay,0,0
1775915817155,1267,1701058.5,pvp,player_1,player_2,248.639,444,286.454,55.022,376.506,135.067,stay,stay,0,0
1775915817155,1268,1701075.3000000715,pvp,player_1,player_2,254.167,444,292.729,57.273,376.506,135.067,stay,stay,0,0
1775915817155,1269,1701091.8000000715,pvp,player_1,player_2,259.5,444,299.004,59.525,376.506,135.067,stay,stay,0,0
1775915817155,1270,1701108.6000000238,pvp,player_1,player_2,264.639,444,305.279,61.776,376.506,135.067,stay,stay,0,0
1775915817155,1271,1701124.9000000954,pvp,player_1,player_2,269.583,444,311.554,64.027,376.506,135.067,stay,stay,0,0
1775915817155,1272,1701141.4000000954,pvp,player_1,player_2,274.333,444,317.829,66.278,376.506,135.067,stay,stay,0,0
1775915817155,1273,1701158.2000000477,pvp,player_1,player_2,278.889,444,324.105,68.529,376.506,135.067,stay,stay,0,0
1775915817155,1274,1701175,pvp,player_1,player_2,283.25,444,330.38,70.78,376.506,135.067,stay,stay,0,0
1775915817155,1275,1701192.2000000477,pvp,player_1,player_2,287.417,444,336.655,73.031,376.506,135.067,stay,stay,0,0
1775915817155,1276,1701208.4000000954,pvp,player_1,player_2,291.389,444,342.93,75.282,376.506,135.067,stay,stay,0,0
1775915817155,1277,1701225.5,pvp,player_1,player_2,295.167,444,349.205,77.533,376.506,135.067,stay,stay,0,0
1775915817155,1278,1701242.1000000238,pvp,player_1,player_2,298.75,444,355.48,79.785,376.506,135.067,stay,stay,0,0
1775915817155,1279,1701258.5,pvp,player_1,player_2,302.139,444,361.755,82.036,376.506,135.067,stay,stay,0,0
1775915817155,1280,1701275.5,pvp,player_1,player_2,305.333,444,368.03,84.287,376.506,135.067,stay,stay,0,0
1775915817155,1281,1701292,pvp,player_1,player_2,308.333,444,374.305,86.538,376.506,135.067,stay,stay,0,0
1775915817155,1282,1701308.6000000238,pvp,player_1,player_2,311.139,444,380.58,88.789,376.506,135.067,stay,stay,0,0
1775915817155,1283,1701325.3000000715,pvp,player_1,player_2,313.75,444,386.856,91.04,376.506,135.067,stay,stay,0,0
1775915817155,1284,1701342.1000000238,pvp,player_1,player_2,316.167,444,393.131,93.291,376.506,135.067,stay,stay,0,0
1775915817155,1285,1701358.1000000238,pvp,player_1,player_2,318.389,444,399.406,95.542,376.506,135.067,stay,stay,0,0
1775915817155,1286,1701375.5,pvp,player_1,player_2,320.417,444,405.681,97.793,376.506,135.067,stay,stay,0,0
1775915817155,1287,1701391.6000000238,pvp,player_1,player_2,322.25,444,411.956,100.045,376.506,135.067,stay,stay,0,0
1775915817155,1288,1701408.4000000954,pvp,player_1,player_2,323.889,444,418.231,102.296,376.506,135.067,stay,stay,0,0
1775915817155,1289,1701424.4000000954,pvp,player_1,player_2,325.333,443.744,424.506,104.547,376.506,135.067,stay,up,0,0
1775915817155,1290,1701441.6000000238,pvp,player_1,player_2,326.583,443.233,430.781,106.798,376.506,135.067,stay,up,0,0
1775915817155,1291,1701457.9000000954,pvp,player_1,player_2,327.639,442.467,437.056,109.049,376.506,135.067,stay,up,0,0
1775915817155,1292,1701474.7000000477,pvp,player_1,player_2,328.5,441.444,443.332,111.3,376.506,135.067,stay,up,0,0
1775915817155,1293,1701491.3000000715,pvp,player_1,player_2,329.167,440.167,449.607,113.551,376.506,135.067,stay,up,0,0
1775915817155,1294,1701507.9000000954,pvp,player_1,player_2,329.639,438.633,455.882,115.802,376.506,135.067,stay,up,0,0
1775915817155,1295,1701524.5,pvp,player_1,player_2,329.917,436.844,462.157,118.054,376.506,135.067,stay,up,0,0
1775915817155,1296,1701541.1000000238,pvp,player_1,player_2,329.917,434.8,468.432,120.305,376.506,135.067,stay,up,0,0
1775915817155,1297,1701557.9000000954,pvp,player_1,player_2,329.917,432.5,474.707,122.556,376.506,135.067,stay,up,0,0
1775915817155,1298,1701574.5,pvp,player_1,player_2,329.917,429.944,480.982,124.807,376.506,135.067,stay,up,0,0
1775915817155,1299,1701591.2000000477,pvp,player_1,player_2,329.917,427.133,487.257,127.058,376.506,135.067,stay,up,0,0
1775915817155,1300,1701607.7000000477,pvp,player_1,player_2,329.917,424.067,493.532,129.309,376.506,135.067,stay,up,0,0
1775915817155,1301,1701624.5,pvp,player_1,player_2,329.917,420.744,499.807,131.56,376.506,135.067,stay,up,0,0
1775915817155,1302,1701641.2000000477,pvp,player_1,player_2,329.917,417.167,506.083,133.811,376.506,135.067,stay,up,0,0
1775915817155,1303,1701657.9000000954,pvp,player_1,player_2,329.917,413.333,512.358,136.062,376.506,135.067,stay,up,0,0
1775915817155,1304,1701674.6000000238,pvp,player_1,player_2,329.917,409.244,518.633,138.314,376.506,135.067,stay,up,0,0
1775915817155,1305,1701691.3000000715,pvp,player_1,player_2,329.917,404.9,524.908,140.565,376.506,135.067,stay,up,0,0
1775915817155,1306,1701707.7000000477,pvp,player_1,player_2,329.917,400.3,531.183,142.816,376.506,135.067,stay,up,0,0
1775915817155,1307,1701724.6000000238,pvp,player_1,player_2,329.917,395.444,537.458,145.067,376.506,135.067,stay,up,0,0
1775915817155,1308,1701741.2000000477,pvp,player_1,player_2,329.917,390.333,543.733,147.318,376.506,135.067,stay,up,0,0
1775915817155,1309,1701758,pvp,player_1,player_2,329.917,384.967,550.008,149.569,376.506,135.067,stay,up,0,0
1775915817155,1310,1701774.4000000954,pvp,player_1,player_2,329.917,379.344,556.283,151.82,376.506,135.067,stay,up,0,0
1775915817155,1311,1701791.2000000477,pvp,player_1,player_2,329.917,373.467,562.558,154.071,376.506,135.067,stay,up,0,0
1775915817155,1312,1701807.8000000715,pvp,player_1,player_2,329.917,367.333,568.834,156.322,376.506,135.067,stay,up,0,0
1775915817155,1313,1701824.5,pvp,player_1,player_2,329.917,360.944,575.109,158.574,376.506,135.067,stay,up,0,0
1775915817155,1314,1701841.5,pvp,player_1,player_2,329.917,354.3,581.384,160.825,376.506,135.067,stay,up,0,0
1775915817155,1315,1701858.6000000238,pvp,player_1,player_2,329.917,347.4,587.659,163.076,376.506,135.067,stay,up,0,0
1775915817155,1316,1701874.9000000954,pvp,player_1,player_2,329.917,340.244,593.934,165.327,376.506,135.067,stay,up,0,0
1775915817155,1317,1701892.1000000238,pvp,player_1,player_2,329.917,332.833,600.209,167.578,376.506,135.067,stay,up,0,0
1775915817155,1318,1701908.7000000477,pvp,player_1,player_2,329.917,325.167,606.484,169.829,376.506,135.067,stay,up,0,0
1775915817155,1319,1701925.3000000715,pvp,player_1,player_2,329.917,317.5,612.759,172.08,376.506,135.067,stay,up,0,0
1775915817155,1320,1701941.4000000954,pvp,player_1,player_2,329.917,309.833,619.034,174.331,376.506,135.067,stay,up,0,0
1775915817155,1321,1701957.8000000715,pvp,player_1,player_2,329.917,302.361,625.31,176.583,376.506,135.067,stay,stay,0,0
1775915817155,1322,1701975,pvp,player_1,player_2,329.917,295.083,631.585,178.834,376.506,135.067,stay,stay,0,0
1775915817155,1323,1701992.1000000238,pvp,player_1,player_2,329.917,288,637.86,181.085,376.506,135.067,stay,stay,0,0
1775915817155,1324,1702008.6000000238,pvp,player_1,player_2,329.917,281.111,644.135,183.336,376.506,135.067,stay,stay,0,0
1775915817155,1325,1702024.8000000715,pvp,player_1,player_2,329.917,274.417,650.41,185.587,376.506,135.067,stay,stay,0,0
1775915817155,1326,1702041.5,pvp,player_1,player_2,329.917,267.917,656.685,187.838,376.506,135.067,stay,stay,0,0
1775915817155,1327,1702058.6000000238,pvp,player_1,player_2,329.917,261.611,662.96,190.089,376.506,135.067,stay,stay,0,0
1775915817155,1328,1702075.4000000954,pvp,player_1,player_2,329.917,255.5,669.235,192.34,376.506,135.067,stay,stay,0,0
1775915817155,1329,1702092,pvp,player_1,player_2,329.917,249.583,675.51,194.591,376.506,135.067,stay,stay,0,0
1775915817155,1330,1702108.6000000238,pvp,player_1,player_2,329.917,243.861,681.785,196.843,376.506,135.067,stay,stay,0,0
1775915817155,1331,1702125.3000000715,pvp,player_1,player_2,329.917,238.333,688.061,199.094,376.506,135.067,stay,stay,0,0
1775915817155,1332,1702141.7000000477,pvp,player_1,player_2,329.917,233,694.336,201.345,376.506,135.067,stay,stay,0,0
1775915817155,1333,1702158.5,pvp,player_1,player_2,329.917,227.861,700.611,203.596,376.506,135.067,stay,stay,0,0
1775915817155,1334,1702174.5,pvp,player_1,player_2,329.917,222.917,706.886,205.847,376.506,135.067,stay,stay,0,0
1775915817155,1335,1702191.7000000477,pvp,player_1,player_2,329.917,218.167,713.161,208.098,376.506,135.067,stay,stay,0,0
1775915817155,1336,1702208.6000000238,pvp,player_1,player_2,329.917,213.611,719.436,210.349,376.506,135.067,stay,stay,0,0
1775915817155,1337,1702225.4000000954,pvp,player_1,player_2,329.917,209.25,725.711,212.6,376.506,135.067,stay,stay,0,0
1775915817155,1338,1702241.5,pvp,player_1,player_2,329.917,205.083,731.986,214.851,376.506,135.067,stay,stay,0,0
1775915817155,1339,1702258.7000000477,pvp,player_1,player_2,329.917,201.111,738.261,217.103,376.506,135.067,stay,stay,0,0
1775915817155,1340,1702274.7000000477,pvp,player_1,player_2,329.917,197.333,744.536,219.354,376.506,135.067,stay,stay,0,0
1775915817155,1341,1702291.6000000238,pvp,player_1,player_2,329.917,193.75,750.812,221.605,376.506,135.067,stay,stay,0,0
1775915817155,1342,1702308.3000000715,pvp,player_1,player_2,329.917,190.361,757.087,223.856,376.506,135.067,stay,stay,0,0
1775915817155,1343,1702325.3000000715,pvp,player_1,player_2,329.917,187.167,763.362,226.107,376.506,135.067,stay,stay,0,0
1775915817155,1344,1702342.2000000477,pvp,player_1,player_2,329.917,184.167,769.637,228.358,376.506,135.067,stay,stay,0,0
1775915817155,1345,1702358.9000000954,pvp,player_1,player_2,329.917,181.361,775.912,230.609,376.506,135.067,stay,stay,0,0
1775915817155,1346,1702375.6000000238,pvp,player_1,player_2,329.917,178.75,782.187,232.86,376.506,135.067,stay,stay,0,0
1775915817155,1347,1702391.8000000715,pvp,player_1,player_2,329.917,176.333,788.462,235.112,376.506,135.067,stay,stay,0,0
1775915817155,1348,1702408.4000000954,pvp,player_1,player_2,329.917,174.111,794.737,237.363,376.506,135.067,stay,stay,0,0
1775915817155,1349,1702425.5,pvp,player_1,player_2,329.917,172.083,801.012,239.614,376.506,135.067,stay,stay,0,0
1775915817155,1350,1702442,pvp,player_1,player_2,329.917,170.25,807.288,241.865,376.506,135.067,stay,stay,0,0
1775915817155,1351,1702458.7000000477,pvp,player_1,player_2,329.917,168.611,813.563,244.116,376.506,135.067,stay,stay,0,0
1775915817155,1352,1702475.5,pvp,player_1,player_2,329.917,167.167,819.838,246.367,376.506,135.067,stay,stay,0,0
1775915817155,1353,1702492.1000000238,pvp,player_1,player_2,329.917,165.917,826.113,248.618,376.506,135.067,stay,stay,0,0
1775915817155,1354,1702508.6000000238,pvp,player_1,player_2,329.917,164.861,832.388,250.869,376.506,135.067,stay,stay,0,0
1775915817155,1355,1702525.3000000715,pvp,player_1,player_2,329.917,164,838.663,253.12,376.506,135.067,stay,stay,0,0
1775915817155,1356,1702541.8000000715,pvp,player_1,player_2,329.917,163.333,844.938,255.372,376.506,135.067,stay,stay,0,0
1775915817155,1357,1702558.1000000238,pvp,player_1,player_2,329.917,162.861,851.213,257.623,376.506,135.067,stay,stay,0,0
1775915817155,1358,1702575.1000000238,pvp,player_1,player_2,329.917,162.583,857.488,259.874,376.506,135.067,stay,stay,0,0
1775915817155,1359,1702592,pvp,player_1,player_2,329.917,162.667,863.763,262.125,376.506,135.067,stay,down,0,0
1775915817155,1360,1702608.4000000954,pvp,player_1,player_2,329.917,163.006,870.039,264.376,376.506,135.067,stay,down,0,0
1775915817155,1361,1702625,pvp,player_1,player_2,329.917,163.6,876.314,266.627,376.506,135.067,stay,down,0,0
1775915817155,1362,1702642.1000000238,pvp,player_1,player_2,329.917,164.45,882.589,268.878,376.506,135.067,stay,down,0,0
1775915817155,1363,1702658.5,pvp,player_1,player_2,329.917,165.556,888.864,271.129,376.506,135.067,stay,down,0,0
1775915817155,1364,1702675.5,pvp,player_1,player_2,329.917,166.917,895.139,273.38,376.506,135.067,stay,down,0,0
1775915817155,1365,1702691.8000000715,pvp,player_1,player_2,329.917,168.533,901.414,275.632,376.506,135.067,stay,down,0,0
1775915817155,1366,1702708.7000000477,pvp,player_1,player_2,329.917,170.406,907.689,277.883,376.506,135.067,stay,down,0,0
1775915817155,1367,1702725.5,pvp,player_1,player_2,329.917,172.533,913.964,280.134,376.506,135.067,stay,down,0,0
1775915817155,1368,1702742.1000000238,pvp,player_1,player_2,329.917,174.917,920.239,282.385,376.506,135.067,stay,down,0,0
1775915817155,1369,1702758.7000000477,pvp,player_1,player_2,329.917,177.556,926.514,284.636,376.506,135.067,stay,down,0,0
1775915817155,1370,1702775.2000000477,pvp,player_1,player_2,329.917,180.45,932.79,286.887,376.506,135.067,stay,down,0,0
1775915817155,1371,1702791.8000000715,pvp,player_1,player_2,329.917,183.6,939.065,289.138,376.506,135.067,stay,down,0,0
1775915817155,1372,1702808.7000000477,pvp,player_1,player_2,329.917,187.006,945.34,291.389,376.506,135.067,stay,down,0,0
1775915817155,1373,1702825.3000000715,pvp,player_1,player_2,329.917,190.667,951.615,293.641,376.506,135.067,stay,down,0,0
1775915817155,1374,1702841.9000000954,pvp,player_1,player_2,329.917,194.583,957.89,295.892,376.506,135.067,stay,down,0,0
1775915817155,1375,1702858.5,pvp,player_1,player_2,329.917,198.756,964.165,298.143,376.506,135.067,stay,down,0,0
1775915817155,1376,1702875.5,pvp,player_1,player_2,329.917,203.183,480,270,280,0,stay,down,1,0
1775915817155,1377,1702891.6000000238,pvp,player_1,player_2,329.917,207.867,484.667,270,280,0,stay,down,1,0
1775915817155,1378,1702908.5,pvp,player_1,player_2,329.917,212.806,489.333,270,280,0,stay,down,1,0
1775915817155,1379,1702925.3000000715,pvp,player_1,player_2,329.917,218,494,270,280,0,stay,down,1,0
1775915817155,1380,1702941.3000000715,pvp,player_1,player_2,329.917,223.45,498.667,270,280,0,stay,down,1,0
1775915817155,1381,1702958.6000000238,pvp,player_1,player_2,329.917,229.156,503.333,270,280,0,stay,down,1,0
1775915817155,1382,1702975.4000000954,pvp,player_1,player_2,329.917,235.117,508,270,280,0,stay,down,1,0
1775915817155,1383,1702992,pvp,player_1,player_2,329.917,241.333,512.667,270,280,0,stay,down,1,0
1775915817155,1384,1703008.2000000477,pvp,player_1,player_2,329.917,247.806,517.333,270,280,0,stay,down,1,0
1775915817155,1385,1703025.3000000715,pvp,player_1,player_2,329.917,254.533,522,270,280,0,stay,down,1,0
1775915817155,1386,1703041.9000000954,pvp,player_1,player_2,329.917,261.517,526.667,270,280,0,stay,down,1,0
1775915817155,1387,1703058.6000000238,pvp,player_1,player_2,329.917,268.756,531.333,270,280,0,stay,down,1,0
1775915817155,1388,1703075.5,pvp,player_1,player_2,329.917,276.25,536,270,280,0,stay,down,1,0
1775915817155,1389,1703091.9000000954,pvp,player_1,player_2,329.917,283.917,540.667,270,280,0,stay,down,1,0
1775915817155,1390,1703108.6000000238,pvp,player_1,player_2,329.917,291.583,545.333,270,280,0,stay,down,1,0
1775915817155,1391,1703125.5,pvp,player_1,player_2,329.917,299.25,550,270,280,0,stay,down,1,0
1775915817155,1392,1703141.9000000954,pvp,player_1,player_2,329.917,306.917,554.667,270,280,0,stay,down,1,0
1775915817155,1393,1703158.4000000954,pvp,player_1,player_2,329.917,314.583,559.333,270,280,0,stay,down,1,0
1775915817155,1394,1703175.3000000715,pvp,player_1,player_2,329.917,322.25,564,270,280,0,stay,down,1,0
1775915817155,1395,1703191.7000000477,pvp,player_1,player_2,329.917,329.917,568.667,270,280,0,stay,down,1,0
1775915817155,1396,1703208.3000000715,pvp,player_1,player_2,329.917,337.583,573.333,270,280,0,stay,down,1,0
1775915817155,1397,1703225.4000000954,pvp,player_1,player_2,329.917,345.25,578,270,280,0,stay,down,1,0
1775915817155,1398,1703242,pvp,player_1,player_2,329.917,352.917,582.667,270,280,0,stay,down,1,0
1775915817155,1399,1703258.4000000954,pvp,player_1,player_2,329.917,360.583,587.333,270,280,0,stay,down,1,0
1775915817155,1400,1703274.8000000715,pvp,player_1,player_2,329.917,368.25,592,270,280,0,stay,down,1,0
1775915817155,1401,1703291.6000000238,pvp,player_1,player_2,329.917,375.917,596.667,270,280,0,stay,down,1,0
1775915817155,1402,1703308.5,pvp,player_1,player_2,329.917,383.583,601.333,270,280,0,stay,down,1,0
1775915817155,1403,1703325.6000000238,pvp,player_1,player_2,329.917,391.25,606,270,280,0,stay,down,1,0
1775915817155,1404,1703341.9000000954,pvp,player_1,player_2,329.917,398.917,610.667,270,280,0,stay,down,1,0
1775915817155,1405,1703358.3000000715,pvp,player_1,player_2,329.917,406.389,615.333,270,280,0,stay,stay,1,0
1775915817155,1406,1703375.3000000715,pvp,player_1,player_2,329.917,413.667,620,270,280,0,stay,stay,1,0
1775915817155,1407,1703392.2000000477,pvp,player_1,player_2,329.917,420.75,624.667,270,280,0,stay,stay,1,0
1775915817155,1408,1703408.8000000715,pvp,player_1,player_2,329.917,427.639,629.333,270,280,0,stay,stay,1,0
1775915817155,1409,1703425.3000000715,pvp,player_1,player_2,329.917,434.333,634,270,280,0,stay,stay,1,0
1775915817155,1410,1703442.1000000238,pvp,player_1,player_2,329.917,440.833,638.667,270,280,0,stay,stay,1,0
1775915817155,1411,1703458.7000000477,pvp,player_1,player_2,329.917,444,643.333,270,280,0,stay,stay,1,0
1775915817155,1412,1703474.9000000954,pvp,player_1,player_2,329.917,444,648,270,280,0,stay,up,1,0
1775915817155,1413,1703491.9000000954,pvp,player_1,player_2,329.917,444,652.667,270,280,0,stay,up,1,0
1775915817155,1414,1703508.7000000477,pvp,player_1,player_2,329.917,444,657.333,270,280,0,stay,up,1,0
1775915817155,1415,1703525.4000000954,pvp,player_1,player_2,329.917,444,662,270,280,0,stay,up,1,0
1775915817155,1416,1703541.7000000477,pvp,player_1,player_2,329.917,444,666.667,270,280,0,stay,up,1,0
1775915817155,1417,1703558.4000000954,pvp,player_1,player_2,329.917,444,671.333,270,280,0,stay,up,1,0
1775915817155,1418,1703575.3000000715,pvp,player_1,player_2,329.917,444,676,270,280,0,stay,up,1,0
1775915817155,1419,1703592.1000000238,pvp,player_1,player_2,329.917,444,680.667,270,280,0,stay,up,1,0
1775915817155,1420,1703608.9000000954,pvp,player_1,player_2,329.917,444,685.333,270,280,0,stay,up,1,0
1775915817155,1421,1703625,pvp,player_1,player_2,329.917,444,690,270,280,0,stay,up,1,0
1775915817155,1422,1703642.2000000477,pvp,player_1,player_2,329.917,444,694.667,270,280,0,stay,up,1,0
1775915817155,1423,1703658.3000000715,pvp,player_1,player_2,329.917,444,699.333,270,280,0,stay,up,1,0
1775915817155,1424,1703674.9000000954,pvp,player_1,player_2,329.917,444,704,270,280,0,stay,up,1,0
1775915817155,1425,1703691.9000000954,pvp,player_1,player_2,329.917,444,708.667,270,280,0,stay,up,1,0
1775915817155,1426,1703708.6000000238,pvp,player_1,player_2,329.917,444,713.333,270,280,0,stay,up,1,0
1775915817155,1427,1703725.4000000954,pvp,player_1,player_2,329.917,444,718,270,280,0,stay,up,1,0
1775915817155,1428,1703741.9000000954,pvp,player_1,player_2,329.917,444,722.667,270,280,0,stay,up,1,0
1775915817155,1429,1703758.7000000477,pvp,player_1,player_2,329.917,443.806,727.333,270,280,0,stay,up,1,0
1775915817155,1430,1703774.4000000954,pvp,player_1,player_2,329.917,443.356,732,270,280,0,stay,up,1,0
1775915817155,1431,1703791.7000000477,pvp,player_1,player_2,329.917,442.65,736.667,270,280,0,stay,up,1,0
1775915817155,1432,1703808.7000000477,pvp,player_1,player_2,329.917,441.689,741.333,270,280,0,stay,up,1,0
1775915817155,1433,1703825,pvp,player_1,player_2,329.917,440.472,746,270,280,0,stay,up,1,0
1775915817155,1434,1703841.9000000954,pvp,player_1,player_2,329.917,439,750.667,270,280,0,stay,up,1,0
1775915817155,1435,1703858.2000000477,pvp,player_1,player_2,329.917,437.272,755.333,270,280,0,stay,up,1,0
1775915817155,1436,1703875.1000000238,pvp,player_1,player_2,329.917,435.289,760,270,280,0,stay,up,1,0
1775915817155,1437,1703891.4000000954,pvp,player_1,player_2,329.917,433.05,764.667,270,280,0,stay,up,1,0
1775915817155,1438,1703908.4000000954,pvp,player_1,player_2,329.917,430.556,769.333,270,280,0,stay,up,1,0
1775915817155,1439,1703925,pvp,player_1,player_2,329.917,427.806,774,270,280,0,stay,up,1,0
1775915817155,1440,1703941.3000000715,pvp,player_1,player_2,329.917,424.8,778.667,270,280,0,stay,up,1,0
1775915817155,1441,1703958.5,pvp,player_1,player_2,329.917,421.539,783.333,270,280,0,stay,up,1,0
1775915817155,1442,1703975.5,pvp,player_1,player_2,329.917,418.022,788,270,280,0,stay,up,1,0
1775915817155,1443,1703992.1000000238,pvp,player_1,player_2,329.917,414.25,792.667,270,280,0,stay,up,1,0
1775915817155,1444,1704009.3000000715,pvp,player_1,player_2,329.917,410.222,797.333,270,280,0,stay,up,1,0
1775915817155,1445,1704025.1000000238,pvp,player_1,player_2,329.917,405.939,802,270,280,0,stay,up,1,0
1775915817155,1446,1704041.4000000954,pvp,player_1,player_2,329.917,401.4,806.667,270,280,0,stay,up,1,0
1775915817155,1447,1704058.6000000238,pvp,player_1,player_2,329.917,396.606,811.333,270,280,0,stay,up,1,0
1775915817155,1448,1704075,pvp,player_1,player_2,329.917,391.556,816,270,280,0,stay,up,1,0
1775915817155,1449,1704091.9000000954,pvp,player_1,player_2,329.917,386.25,820.667,270,280,0,stay,up,1,0
1775915817155,1450,1704108.6000000238,pvp,player_1,player_2,329.917,380.689,825.333,270,280,0,stay,up,1,0
1775915817155,1451,1704124.9000000954,pvp,player_1,player_2,329.917,374.872,830,270,280,0,stay,up,1,0
1775915817155,1452,1704142,pvp,player_1,player_2,329.917,368.8,834.667,270,280,0,stay,up,1,0
1775915817155,1453,1704158.6000000238,pvp,player_1,player_2,329.917,362.472,839.333,270,280,0,stay,up,1,0
1775915817155,1454,1704174.7000000477,pvp,player_1,player_2,329.917,355.889,844,270,280,0,stay,up,1,0
1775915817155,1455,1704192,pvp,player_1,player_2,329.917,349.05,848.667,270,280,0,stay,up,1,0
1775915817155,1456,1704208.6000000238,pvp,player_1,player_2,329.917,341.956,853.333,270,280,0,stay,up,1,0
1775915817155,1457,1704225.1000000238,pvp,player_1,player_2,329.917,334.606,858,270,280,0,stay,up,1,0
1775915817155,1458,1704241.8000000715,pvp,player_1,player_2,329.917,327,862.667,270,280,0,stay,up,1,0
1775915817155,1459,1704258,pvp,player_1,player_2,329.917,319.333,867.333,270,280,0,stay,up,1,0
1775915817155,1460,1704274.9000000954,pvp,player_1,player_2,329.917,311.667,872,270,280,0,stay,up,1,0
1775915817155,1461,1704291.6000000238,pvp,player_1,player_2,329.917,304,876.667,270,280,0,stay,up,1,0
1775915817155,1462,1704308.5,pvp,player_1,player_2,329.917,296.333,881.333,270,280,0,stay,up,1,0
1775915817155,1463,1704325,pvp,player_1,player_2,329.917,288.667,886,270,280,0,stay,up,1,0
1775915817155,1464,1704342.1000000238,pvp,player_1,player_2,329.917,281,890.667,270,280,0,stay,up,1,0
1775915817155,1465,1704358.1000000238,pvp,player_1,player_2,329.917,273.333,895.333,270,280,0,stay,up,1,0
1775915817155,1466,1704375.7000000477,pvp,player_1,player_2,329.917,265.667,900,270,280,0,stay,up,1,0
1775915817155,1467,1704391.7000000477,pvp,player_1,player_2,329.917,258,904.667,270,280,0,stay,up,1,0
1775915817155,1468,1704408.8000000715,pvp,player_1,player_2,329.917,250.333,909.333,270,280,0,stay,up,1,0
1775915817155,1469,1704425.2000000477,pvp,player_1,player_2,329.917,242.667,912,270,-264.918,-140.777,stay,up,1,0
1775915817155,1470,1704442,pvp,player_1,player_2,329.917,235,907.585,267.654,-264.918,-140.777,stay,up,1,0
1775915817155,1471,1704458.1000000238,pvp,player_1,player_2,329.917,227.333,903.169,265.307,-264.918,-140.777,stay,up,1,0
1775915817155,1472,1704475.2000000477,pvp,player_1,player_2,329.917,219.667,898.754,262.961,-264.918,-140.777,stay,up,1,0
1775915817155,1473,1704491.5,pvp,player_1,player_2,329.917,212,894.339,260.615,-264.918,-140.777,stay,up,1,0
1775915817155,1474,1704508.5,pvp,player_1,player_2,329.917,204.333,889.923,258.269,-264.918,-140.777,stay,up,1,0
1775915817155,1475,1704525,pvp,player_1,player_2,329.917,196.667,885.508,255.922,-264.918,-140.777,stay,up,1,0
1775915817155,1476,1704541.6000000238,pvp,player_1,player_2,329.917,189,881.093,253.576,-264.918,-140.777,stay,up,1,0
1775915817155,1477,1704558.2000000477,pvp,player_1,player_2,329.917,181.333,876.678,251.23,-264.918,-140.777,stay,up,1,0
1775915817155,1478,1704574.7000000477,pvp,player_1,player_2,329.917,173.667,872.262,248.883,-264.918,-140.777,stay,up,1,0
1775915817155,1479,1704591.9000000954,pvp,player_1,player_2,329.917,166,867.847,246.537,-264.918,-140.777,stay,up,1,0
1775915817155,1480,1704607.9000000954,pvp,player_1,player_2,329.917,158.333,863.432,244.191,-264.918,-140.777,stay,up,1,0
1775915817155,1481,1704624.9000000954,pvp,player_1,player_2,329.917,150.667,859.016,241.845,-264.918,-140.777,stay,up,1,0
1775915817155,1482,1704641.1000000238,pvp,player_1,player_2,329.917,143,854.601,239.498,-264.918,-140.777,stay,up,1,0
1775915817155,1483,1704658.3000000715,pvp,player_1,player_2,329.917,135.333,850.186,237.152,-264.918,-140.777,stay,up,1,0
1775915817155,1484,1704675.3000000715,pvp,player_1,player_2,329.917,127.667,845.77,234.806,-264.918,-140.777,stay,up,1,0
1775915817155,1485,1704692.3000000715,pvp,player_1,player_2,329.917,120,841.355,232.459,-264.918,-140.777,stay,up,1,0
1775915817155,1486,1704708.3000000715,pvp,player_1,player_2,329.917,112.333,836.94,230.113,-264.918,-140.777,stay,up,1,0
1775915817155,1487,1704724.4000000954,pvp,player_1,player_2,329.917,104.861,832.524,227.767,-264.918,-140.777,stay,stay,1,0
1775915817155,1488,1704741.4000000954,pvp,player_1,player_2,329.917,97.583,828.109,225.421,-264.918,-140.777,stay,stay,1,0
1775915817155,1489,1704758,pvp,player_1,player_2,329.917,90.5,823.694,223.074,-264.918,-140.777,stay,stay,1,0
1775915817155,1490,1704774.8000000715,pvp,player_1,player_2,329.917,83.611,819.279,220.728,-264.918,-140.777,stay,stay,1,0
1775915817155,1491,1704791.5,pvp,player_1,player_2,329.917,76.917,814.863,218.382,-264.918,-140.777,stay,stay,1,0
1775915817155,1492,1704808.5,pvp,player_1,player_2,329.917,70.417,810.448,216.035,-264.918,-140.777,stay,stay,1,0
1775915817155,1493,1704824.9000000954,pvp,player_1,player_2,329.917,64.111,806.033,213.689,-264.918,-140.777,stay,stay,1,0
1775915817155,1494,1704841.7000000477,pvp,player_1,player_2,329.917,58,801.617,211.343,-264.918,-140.777,stay,stay,1,0
1775915817155,1495,1704858.4000000954,pvp,player_1,player_2,329.917,52.083,797.202,208.997,-264.918,-140.777,stay,stay,1,0
1775915817155,1496,1704875.6000000238,pvp,player_1,player_2,329.917,46.361,792.787,206.65,-264.918,-140.777,stay,stay,1,0
1775915817155,1497,1704891.8000000715,pvp,player_1,player_2,329.917,40.833,788.371,204.304,-264.918,-140.777,stay,stay,1,0
1775915817155,1498,1704908.4000000954,pvp,player_1,player_2,329.917,35.5,783.956,201.958,-264.918,-140.777,stay,stay,1,0
1775915817155,1499,1704925.3000000715,pvp,player_1,player_2,329.917,30.361,779.541,199.611,-264.918,-140.777,stay,stay,1,0
1775915817155,1500,1704941.6000000238,pvp,player_1,player_2,329.917,25.417,775.125,197.265,-264.918,-140.777,stay,stay,1,0
1775915817155,1501,1704958.3000000715,pvp,player_1,player_2,329.917,20.667,770.71,194.919,-264.918,-140.777,stay,stay,1,0
1775915817155,1502,1704975.3000000715,pvp,player_1,player_2,329.917,16.111,766.295,192.573,-264.918,-140.777,stay,stay,1,0
1775915817155,1503,1704991.5,pvp,player_1,player_2,329.917,11.75,761.88,190.226,-264.918,-140.777,stay,stay,1,0
1775915817155,1504,1705008.5,pvp,player_1,player_2,329.917,7.583,757.464,187.88,-264.918,-140.777,stay,stay,1,0
1775915817155,1505,1705025.2000000477,pvp,player_1,player_2,329.917,3.611,753.049,185.534,-264.918,-140.777,stay,stay,1,0
1775915817155,1506,1705041.7000000477,pvp,player_1,player_2,329.917,0,748.634,183.187,-264.918,-140.777,stay,stay,1,0
1775915817155,1507,1705058.5,pvp,player_1,player_2,329.917,0,744.218,180.841,-264.918,-140.777,stay,stay,1,0
1775915817155,1508,1705075.2000000477,pvp,player_1,player_2,329.917,0,739.803,178.495,-264.918,-140.777,stay,stay,1,0
1775915817155,1509,1705092,pvp,player_1,player_2,329.917,0,735.388,176.148,-264.918,-140.777,stay,stay,1,0
1775915817155,1510,1705108.6000000238,pvp,player_1,player_2,329.917,0,730.972,173.802,-264.918,-140.777,stay,stay,1,0
1775915817155,1511,1705125.4000000954,pvp,player_1,player_2,329.917,0,726.557,171.456,-264.918,-140.777,stay,stay,1,0
1775915817155,1512,1705141.8000000715,pvp,player_1,player_2,329.917,0,722.142,169.11,-264.918,-140.777,stay,stay,1,0
1775915817155,1513,1705158.4000000954,pvp,player_1,player_2,329.917,0,717.726,166.763,-264.918,-140.777,stay,stay,1,0
1775915817155,1514,1705175.1000000238,pvp,player_1,player_2,329.917,0,713.311,164.417,-264.918,-140.777,stay,stay,1,0
1775915817155,1515,1705191.9000000954,pvp,player_1,player_2,329.917,0,708.896,162.071,-264.918,-140.777,stay,stay,1,0
1775915817155,1516,1705208.1000000238,pvp,player_1,player_2,329.917,0,704.481,159.724,-264.918,-140.777,stay,stay,1,0
1775915817155,1517,1705224.7000000477,pvp,player_1,player_2,329.917,0,700.065,157.378,-264.918,-140.777,stay,stay,1,0
1775915817155,1518,1705241.3000000715,pvp,player_1,player_2,329.917,0,695.65,155.032,-264.918,-140.777,stay,stay,1,0
1775915817155,1519,1705258.2000000477,pvp,player_1,player_2,329.917,0,691.235,152.686,-264.918,-140.777,stay,stay,1,0
1775915817155,1520,1705274.9000000954,pvp,player_1,player_2,329.917,0,686.819,150.339,-264.918,-140.777,stay,stay,1,0
1775915817155,1521,1705291.9000000954,pvp,player_1,player_2,329.917,0,682.404,147.993,-264.918,-140.777,stay,stay,1,0
1775915817155,1522,1705308,pvp,player_1,player_2,329.917,0,677.989,145.647,-264.918,-140.777,stay,stay,1,0
1775915817155,1523,1705324.6000000238,pvp,player_1,player_2,329.917,0,673.573,143.3,-264.918,-140.777,stay,stay,1,0
1775915817155,1524,1705341.7000000477,pvp,player_1,player_2,329.917,0,669.158,140.954,-264.918,-140.777,stay,stay,1,0
1775915817155,1525,1705358.5,pvp,player_1,player_2,329.917,0,664.743,138.608,-264.918,-140.777,stay,stay,1,0
1775915817155,1526,1705375,pvp,player_1,player_2,329.917,0,660.328,136.262,-264.918,-140.777,stay,stay,1,0
1775915817155,1527,1705391.8000000715,pvp,player_1,player_2,329.917,0,655.912,133.915,-264.918,-140.777,stay,stay,1,0
1775915817155,1528,1705408.8000000715,pvp,player_1,player_2,329.917,0,651.497,131.569,-264.918,-140.777,stay,stay,1,0
1775915817155,1529,1705425.2000000477,pvp,player_1,player_2,329.917,0,647.082,129.223,-264.918,-140.777,stay,stay,1,0
1775915817155,1530,1705442.1000000238,pvp,player_1,player_2,329.917,0,642.666,126.876,-264.918,-140.777,stay,stay,1,0
1775915817155,1531,1705458,pvp,player_1,player_2,329.917,0,638.251,124.53,-264.918,-140.777,stay,stay,1,0
1775915817155,1532,1705475.2000000477,pvp,player_1,player_2,329.917,0,633.836,122.184,-264.918,-140.777,stay,stay,1,0
1775915817155,1533,1705491.7000000477,pvp,player_1,player_2,329.917,0,629.42,119.838,-264.918,-140.777,stay,stay,1,0
1775915817155,1534,1705508.5,pvp,player_1,player_2,329.917,0,625.005,117.491,-264.918,-140.777,stay,stay,1,0
1775915817155,1535,1705525.2000000477,pvp,player_1,player_2,329.917,0,620.59,115.145,-264.918,-140.777,stay,stay,1,0
1775915817155,1536,1705541.8000000715,pvp,player_1,player_2,329.917,0,616.174,112.799,-264.918,-140.777,stay,stay,1,0
1775915817155,1537,1705558.4000000954,pvp,player_1,player_2,329.917,0,611.759,110.452,-264.918,-140.777,stay,stay,1,0
1775915817155,1538,1705575.1000000238,pvp,player_1,player_2,329.917,0,607.344,108.106,-264.918,-140.777,stay,stay,1,0
1775915817155,1539,1705591.6000000238,pvp,player_1,player_2,329.917,0,602.929,105.76,-264.918,-140.777,stay,stay,1,0
1775915817155,1540,1705608.5,pvp,player_1,player_2,329.917,0,598.513,103.414,-264.918,-140.777,stay,stay,1,0
1775915817155,1541,1705625.1000000238,pvp,player_1,player_2,329.917,0,594.098,101.067,-264.918,-140.777,stay,stay,1,0
1775915817155,1542,1705641.9000000954,pvp,player_1,player_2,329.917,0,589.683,98.721,-264.918,-140.777,stay,stay,1,0
1775915817155,1543,1705658.6000000238,pvp,player_1,player_2,329.917,0,585.267,96.375,-264.918,-140.777,stay,stay,1,0
1775915817155,1544,1705674.6000000238,pvp,player_1,player_2,329.917,0,580.852,94.028,-264.918,-140.777,stay,stay,1,0
1775915817155,1545,1705690.9000000954,pvp,player_1,player_2,329.917,0,576.437,91.682,-264.918,-140.777,stay,stay,1,0
1775915817155,1546,1705707.8000000715,pvp,player_1,player_2,329.917,0,572.021,89.336,-264.918,-140.777,stay,stay,1,0
1775915817155,1547,1705724.9000000954,pvp,player_1,player_2,329.917,0,567.606,86.99,-264.918,-140.777,stay,stay,1,0
1775915817155,1548,1705741.4000000954,pvp,player_1,player_2,329.917,0,563.191,84.643,-264.918,-140.777,stay,stay,1,0
1775915817155,1549,1705758.1000000238,pvp,player_1,player_2,329.917,0,558.775,82.297,-264.918,-140.777,stay,stay,1,0
1775915817155,1550,1705774.5,pvp,player_1,player_2,329.917,0,554.36,79.951,-264.918,-140.777,stay,stay,1,0
1775915817155,1551,1705791.5,pvp,player_1,player_2,329.917,0,549.945,77.604,-264.918,-140.777,stay,stay,1,0
1775915817155,1552,1705808.6000000238,pvp,player_1,player_2,329.917,0,545.53,75.258,-264.918,-140.777,stay,stay,1,0
1775915817155,1553,1705825,pvp,player_1,player_2,329.917,0,541.114,72.912,-264.918,-140.777,stay,stay,1,0
1775915817155,1554,1705841.9000000954,pvp,player_1,player_2,329.917,0,536.699,70.566,-264.918,-140.777,stay,stay,1,0
1775915817155,1555,1705858.7000000477,pvp,player_1,player_2,329.917,0,532.284,68.219,-264.918,-140.777,stay,stay,1,0
1775915817155,1556,1705874.9000000954,pvp,player_1,player_2,329.917,0,527.868,65.873,-264.918,-140.777,stay,stay,1,0
1775915817155,1557,1705891.8000000715,pvp,player_1,player_2,329.917,0,523.453,63.527,-264.918,-140.777,stay,stay,1,0
1775915817155,1558,1705908.5,pvp,player_1,player_2,329.917,0,519.038,61.18,-264.918,-140.777,stay,stay,1,0
1775915817155,1559,1705925.2000000477,pvp,player_1,player_2,329.917,0,514.622,58.834,-264.918,-140.777,stay,stay,1,0
1775915817155,1560,1705941.3000000715,pvp,player_1,player_2,329.917,0,510.207,56.488,-264.918,-140.777,stay,stay,1,0
1775915817155,1561,1705958.5,pvp,player_1,player_2,329.917,0,505.792,54.142,-264.918,-140.777,stay,stay,1,0
1775915817155,1562,1705975.4000000954,pvp,player_1,player_2,329.661,0,501.376,51.795,-264.918,-140.777,up,stay,1,0
1775915817155,1563,1705991.9000000954,pvp,player_1,player_2,329.15,0,496.961,49.449,-264.918,-140.777,up,stay,1,0
1775915817155,1564,1706008.5,pvp,player_1,player_2,328.383,0,492.546,47.103,-264.918,-140.777,up,stay,1,0
1775915817155,1565,1706025,pvp,player_1,player_2,327.361,0,488.131,44.756,-264.918,-140.777,up,stay,1,0
1775915817155,1566,1706041.7000000477,pvp,player_1,player_2,326.083,0,483.715,42.41,-264.918,-140.777,up,stay,1,0
1775915817155,1567,1706058.3000000715,pvp,player_1,player_2,324.55,0,479.3,40.064,-264.918,-140.777,up,stay,1,0
1775915817155,1568,1706075.3000000715,pvp,player_1,player_2,322.761,0,474.885,37.718,-264.918,-140.777,up,stay,1,0
1775915817155,1569,1706091.6000000238,pvp,player_1,player_2,320.717,0,470.469,35.371,-264.918,-140.777,up,stay,1,0
1775915817155,1570,1706108.8000000715,pvp,player_1,player_2,318.417,0,466.054,33.025,-264.918,-140.777,up,stay,1,0
1775915817155,1571,1706124.7000000477,pvp,player_1,player_2,315.861,0,461.639,30.679,-264.918,-140.777,up,stay,1,0
1775915817155,1572,1706141.6000000238,pvp,player_1,player_2,313.05,0,457.223,28.332,-264.918,-140.777,up,stay,1,0
1775915817155,1573,1706158.6000000238,pvp,player_1,player_2,309.983,0,452.808,25.986,-264.918,-140.777,up,stay,1,0
1775915817155,1574,1706175.1000000238,pvp,player_1,player_2,306.661,0,448.393,23.64,-264.918,-140.777,up,stay,1,0
1775915817155,1575,1706192,pvp,player_1,player_2,303.083,0,443.977,21.294,-264.918,-140.777,up,stay,1,0
1775915817155,1576,1706208.4000000954,pvp,player_1,player_2,299.25,0,439.562,18.947,-264.918,-140.777,up,stay,1,0
1775915817155,1577,1706225.2000000477,pvp,player_1,player_2,295.161,0,435.147,16.601,-264.918,-140.777,up,stay,1,0
1775915817155,1578,1706241.8000000715,pvp,player_1,player_2,290.817,0,430.732,14.255,-264.918,-140.777,up,stay,1,0
1775915817155,1579,1706258.3000000715,pvp,player_1,player_2,286.217,0,426.316,11.908,-264.918,-140.777,up,stay,1,0
1775915817155,1580,1706275.1000000238,pvp,player_1,player_2,281.361,0,421.901,10,-264.918,140.777,up,stay,1,0
1775915817155,1581,1706291.2000000477,pvp,player_1,player_2,276.25,0,417.486,12.346,-264.918,140.777,up,stay,1,0
1775915817155,1582,1706308.4000000954,pvp,player_1,player_2,270.883,0,413.07,14.693,-264.918,140.777,up,stay,1,0
1775915817155,1583,1706325.1000000238,pvp,player_1,player_2,265.261,0,408.655,17.039,-264.918,140.777,up,stay,1,0
1775915817155,1584,1706341.6000000238,pvp,player_1,player_2,259.383,0,404.24,19.385,-264.918,140.777,up,stay,1,0
1775915817155,1585,1706358.1000000238,pvp,player_1,player_2,253.25,0,399.824,21.731,-264.918,140.777,up,stay,1,0
1775915817155,1586,1706374.6000000238,pvp,player_1,player_2,246.861,0,395.409,24.078,-264.918,140.777,up,stay,1,0
1775915817155,1587,1706391.5,pvp,player_1,player_2,240.217,0,390.994,26.424,-264.918,140.777,up,stay,1,0
1775915817155,1588,1706408.5,pvp,player_1,player_2,233.317,0,386.578,28.77,-264.918,140.777,up,stay,1,0
1775915817155,1589,1706424.9000000954,pvp,player_1,player_2,226.611,0,382.163,31.117,-264.918,140.777,stay,stay,1,0
1775915817155,1590,1706441.8000000715,pvp,player_1,player_2,220.1,0,377.748,33.463,-264.918,140.777,stay,stay,1,0
1775915817155,1591,1706458.5,pvp,player_1,player_2,213.783,0,373.333,35.809,-264.918,140.777,stay,stay,1,0
1775915817155,1592,1706475.1000000238,pvp,player_1,player_2,207.661,0,368.917,38.155,-264.918,140.777,stay,stay,1,0
1775915817155,1593,1706491.8000000715,pvp,player_1,player_2,201.733,0,364.502,40.502,-264.918,140.777,stay,stay,1,0
1775915817155,1594,1706508.7000000477,pvp,player_1,player_2,196,0,360.087,42.848,-264.918,140.777,stay,stay,1,0
1775915817155,1595,1706525.2000000477,pvp,player_1,player_2,190.461,0,355.671,45.194,-264.918,140.777,stay,stay,1,0
1775915817155,1596,1706541.9000000954,pvp,player_1,player_2,185.117,0,351.256,47.541,-264.918,140.777,stay,stay,1,0
1775915817155,1597,1706558.9000000954,pvp,player_1,player_2,179.967,0,346.841,49.887,-264.918,140.777,stay,stay,1,0
1775915817155,1598,1706574.7000000477,pvp,player_1,player_2,175.011,0,342.425,52.233,-264.918,140.777,stay,stay,1,0
1775915817155,1599,1706591.6000000238,pvp,player_1,player_2,170.25,0,338.01,54.579,-264.918,140.777,stay,stay,1,0
1775915817155,1600,1706608.3000000715,pvp,player_1,player_2,165.683,0,333.595,56.926,-264.918,140.777,stay,stay,1,0
1775915817155,1601,1706625,pvp,player_1,player_2,161.311,0,329.179,59.272,-264.918,140.777,stay,stay,1,0
1775915817155,1602,1706641.4000000954,pvp,player_1,player_2,157.133,0,324.764,61.618,-264.918,140.777,stay,stay,1,0
1775915817155,1603,1706658.1000000238,pvp,player_1,player_2,153.15,0,320.349,63.965,-264.918,140.777,stay,stay,1,0
1775915817155,1604,1706675.1000000238,pvp,player_1,player_2,149.361,0,315.934,66.311,-264.918,140.777,stay,stay,1,0
1775915817155,1605,1706691.9000000954,pvp,player_1,player_2,145.767,0,311.518,68.657,-264.918,140.777,stay,stay,1,0
1775915817155,1606,1706708.5,pvp,player_1,player_2,142.367,0,307.103,71.003,-264.918,140.777,stay,stay,1,0
1775915817155,1607,1706725,pvp,player_1,player_2,139.161,0,302.688,73.35,-264.918,140.777,stay,stay,1,0
1775915817155,1608,1706741.2000000477,pvp,player_1,player_2,136.317,0,298.272,75.696,-264.918,140.777,down,stay,1,0
1775915817155,1609,1706758.4000000954,pvp,player_1,player_2,133.833,0,293.857,78.042,-264.918,140.777,down,stay,1,0
1775915817155,1610,1706774.4000000954,pvp,player_1,player_2,131.711,0,289.442,80.389,-264.918,140.777,down,stay,1,0
1775915817155,1611,1706791.3000000715,pvp,player_1,player_2,129.95,0,285.026,82.735,-264.918,140.777,down,stay,1,0
1775915817155,1612,1706808.4000000954,pvp,player_1,player_2,128.55,0,280.611,85.081,-264.918,140.777,down,stay,1,0
1775915817155,1613,1706825.2000000477,pvp,player_1,player_2,127.511,0,276.196,87.427,-264.918,140.777,down,stay,1,0
1775915817155,1614,1706841.8000000715,pvp,player_1,player_2,126.833,0,271.781,89.774,-264.918,140.777,down,stay,1,0
1775915817155,1615,1706858.4000000954,pvp,player_1,player_2,126.517,0,267.365,92.12,-264.918,140.777,down,stay,1,0
1775915817155,1616,1706874.7000000477,pvp,player_1,player_2,126.561,0,262.95,94.466,-264.918,140.777,down,stay,1,0
1775915817155,1617,1706890.9000000954,pvp,player_1,player_2,126.861,0,258.535,96.813,-264.918,140.777,down,stay,1,0
1775915817155,1618,1706907.7000000477,pvp,player_1,player_2,127.417,0,254.119,99.159,-264.918,140.777,down,stay,1,0
1775915817155,1619,1706924.3000000715,pvp,player_1,player_2,128.228,0,249.704,101.505,-264.918,140.777,down,stay,1,0
1775915817155,1620,1706941,pvp,player_1,player_2,129.294,0,245.289,103.852,-264.918,140.777,down,stay,1,0
1775915817155,1621,1706957.7000000477,pvp,player_1,player_2,130.617,0,240.873,106.198,-264.918,140.777,down,stay,1,0
1775915817155,1622,1706974.3000000715,pvp,player_1,player_2,132.194,0,236.458,108.544,-264.918,140.777,down,stay,1,0
1775915817155,1623,1706991.1000000238,pvp,player_1,player_2,134.028,0,232.043,110.89,-264.918,140.777,down,stay,1,0
1775915817155,1624,1707007.8000000715,pvp,player_1,player_2,136.117,0,227.627,113.237,-264.918,140.777,down,stay,1,0
1775915817155,1625,1707024.4000000954,pvp,player_1,player_2,138.461,0,223.212,115.583,-264.918,140.777,down,stay,1,0
1775915817155,1626,1707041.5,pvp,player_1,player_2,141.061,0,218.797,117.929,-264.918,140.777,down,stay,1,0
1775915817155,1627,1707058.4000000954,pvp,player_1,player_2,143.917,0,214.382,120.276,-264.918,140.777,down,stay,1,0
1775915817155,1628,1707074.9000000954,pvp,player_1,player_2,147.028,0,209.966,122.622,-264.918,140.777,down,stay,1,0
1775915817155,1629,1707092.1000000238,pvp,player_1,player_2,150.394,0,205.551,124.968,-264.918,140.777,down,stay,1,0
1775915817155,1630,1707108.7000000477,pvp,player_1,player_2,154.017,0,201.136,127.314,-264.918,140.777,down,stay,1,0
1775915817155,1631,1707125,pvp,player_1,player_2,157.894,0,196.72,129.661,-264.918,140.777,down,stay,1,0
1775915817155,1632,1707141.7000000477,pvp,player_1,player_2,162.028,0,192.305,132.007,-264.918,140.777,down,stay,1,0
1775915817155,1633,1707158.3000000715,pvp,player_1,player_2,165.967,0,187.89,134.353,-264.918,140.777,stay,stay,1,0
1775915817155,1634,1707175.1000000238,pvp,player_1,player_2,169.711,0,183.474,136.7,-264.918,140.777,stay,stay,1,0
1775915817155,1635,1707192.3000000715,pvp,player_1,player_2,173.261,0,179.059,139.046,-264.918,140.777,stay,stay,1,0
1775915817155,1636,1707208.6000000238,pvp,player_1,player_2,176.617,0,174.644,141.392,-264.918,140.777,stay,stay,1,0
1775915817155,1637,1707225.5,pvp,player_1,player_2,179.778,0,170.228,143.738,-264.918,140.777,stay,stay,1,0
1775915817155,1638,1707241.9000000954,pvp,player_1,player_2,182.744,0,165.813,146.085,-264.918,140.777,stay,stay,1,0
1775915817155,1639,1707258.7000000477,pvp,player_1,player_2,185.517,0,161.398,148.431,-264.918,140.777,stay,stay,1,0
1775915817155,1640,1707275.3000000715,pvp,player_1,player_2,188.094,0,156.983,150.777,-264.918,140.777,stay,stay,1,0
1775915817155,1641,1707291.9000000954,pvp,player_1,player_2,190.478,0,152.567,153.124,-264.918,140.777,stay,stay,1,0
1775915817155,1642,1707308.7000000477,pvp,player_1,player_2,192.667,0,148.152,155.47,-264.918,140.777,stay,stay,1,0
1775915817155,1643,1707325.2000000477,pvp,player_1,player_2,194.661,0,143.737,157.816,-264.918,140.777,stay,stay,1,0
1775915817155,1644,1707341.7000000477,pvp,player_1,player_2,196.461,0,139.321,160.162,-264.918,140.777,stay,stay,1,0
1775915817155,1645,1707358.1000000238,pvp,player_1,player_2,198.067,0,134.906,162.509,-264.918,140.777,stay,stay,1,0
1775915817155,1646,1707374.9000000954,pvp,player_1,player_2,199.478,0,130.491,164.855,-264.918,140.777,stay,stay,1,0
1775915817155,1647,1707391.1000000238,pvp,player_1,player_2,200.694,0,126.075,167.201,-264.918,140.777,stay,stay,1,0
1775915817155,1648,1707408,pvp,player_1,player_2,201.717,0,121.66,169.548,-264.918,140.777,stay,stay,1,0
1775915817155,1649,1707425.1000000238,pvp,player_1,player_2,202.544,0,117.245,171.894,-264.918,140.777,stay,stay,1,0
1775915817155,1650,1707441.9000000954,pvp,player_1,player_2,203.178,0,112.829,174.24,-264.918,140.777,stay,stay,1,0
1775915817155,1651,1707458.5,pvp,player_1,player_2,203.617,0,108.414,176.586,-264.918,140.777,stay,stay,1,0
1775915817155,1652,1707475,pvp,player_1,player_2,203.861,0,103.999,178.933,-264.918,140.777,stay,stay,1,0
1775915817155,1653,1707491.9000000954,pvp,player_1,player_2,203.861,0,99.584,181.279,-264.918,140.777,stay,stay,1,0
1775915817155,1654,1707508.8000000715,pvp,player_1,player_2,203.861,0,95.168,183.625,-264.918,140.777,stay,stay,1,0
1775915817155,1655,1707525.3000000715,pvp,player_1,player_2,203.861,0,90.753,185.972,-264.918,140.777,stay,stay,1,0
1775915817155,1656,1707542,pvp,player_1,player_2,203.861,0,86.338,188.318,-264.918,140.777,stay,stay,1,0
1775915817155,1657,1707558.6000000238,pvp,player_1,player_2,203.861,0,81.922,190.664,-264.918,140.777,stay,stay,1,0
1775915817155,1658,1707574.5,pvp,player_1,player_2,203.606,0,77.507,193.01,-264.918,140.777,up,stay,1,0
1775915817155,1659,1707591.6000000238,pvp,player_1,player_2,203.094,0,73.092,195.357,-264.918,140.777,up,stay,1,0
1775915817155,1660,1707608.3000000715,pvp,player_1,player_2,202.328,0,68.676,197.703,-264.918,140.777,up,stay,1,0
1775915817155,1661,1707624.6000000238,pvp,player_1,player_2,201.306,0,64.261,200.049,-264.918,140.777,up,stay,1,0
1775915817155,1662,1707641.7000000477,pvp,player_1,player_2,200.028,0,59.846,202.396,-264.918,140.777,up,stay,1,0
1775915817155,1663,1707658.5,pvp,player_1,player_2,198.494,0,55.43,204.742,-264.918,140.777,up,stay,1,0
1775915817155,1664,1707675.1000000238,pvp,player_1,player_2,196.706,0,51.015,207.088,-264.918,140.777,up,stay,1,0
1775915817155,1665,1707691.8000000715,pvp,player_1,player_2,194.661,0,48,209.434,226.296,-226.252,up,stay,1,0
1775915817155,1666,1707708.6000000238,pvp,player_1,player_2,192.361,0,51.772,205.664,226.296,-226.252,up,stay,1,0
1775915817155,1667,1707725.6000000238,pvp,player_1,player_2,189.806,0,55.543,201.893,226.296,-226.252,up,stay,1,0
1775915817155,1668,1707741.8000000715,pvp,player_1,player_2,186.994,0,59.315,198.122,226.296,-226.252,up,stay,1,0
1775915817155,1669,1707758.4000000954,pvp,player_1,player_2,183.928,0,63.086,194.351,226.296,-226.252,up,stay,1,0
1775915817155,1670,1707774.9000000954,pvp,player_1,player_2,180.606,0,66.858,190.58,226.296,-226.252,up,stay,1,0
1775915817155,1671,1707791.8000000715,pvp,player_1,player_2,177.028,0,70.63,186.809,226.296,-226.252,up,stay,1,0
1775915817155,1672,1707808.5,pvp,player_1,player_2,173.194,0,74.401,183.038,226.296,-226.252,up,stay,1,0
1775915817155,1673,1707825,pvp,player_1,player_2,169.106,0,78.173,179.267,226.296,-226.252,up,stay,1,0
1775915817155,1674,1707841.4000000954,pvp,player_1,player_2,164.761,0,81.944,175.497,226.296,-226.252,up,stay,1,0
1775915817155,1675,1707858.6000000238,pvp,player_1,player_2,160.161,0,85.716,171.726,226.296,-226.252,up,stay,1,0
1775915817155,1676,1707875.1000000238,pvp,player_1,player_2,155.306,0,89.488,167.955,226.296,-226.252,up,stay,1,0
1775915817155,1677,1707891.9000000954,pvp,player_1,player_2,150.194,0,93.259,164.184,226.296,-226.252,up,stay,1,0
1775915817155,1678,1707908.3000000715,pvp,player_1,player_2,144.828,0,97.031,160.413,226.296,-226.252,up,stay,1,0
1775915817155,1679,1707925.1000000238,pvp,player_1,player_2,139.206,0,100.802,156.642,226.296,-226.252,up,stay,1,0
1775915817155,1680,1707941.7000000477,pvp,player_1,player_2,133.328,0,104.574,152.871,226.296,-226.252,up,stay,1,0
1775915817155,1681,1707958.8000000715,pvp,player_1,player_2,127.194,0,108.346,149.101,226.296,-226.252,up,stay,1,0
1775915817155,1682,1707975.2000000477,pvp,player_1,player_2,120.806,0,112.117,145.33,226.296,-226.252,up,stay,1,0
1775915817155,1683,1707991.7000000477,pvp,player_1,player_2,114.161,0,115.889,141.559,226.296,-226.252,up,stay,1,0
1775915817155,1684,1708008.2000000477,pvp,player_1,player_2,107.261,0,119.66,137.788,226.296,-226.252,up,stay,1,0
1775915817155,1685,1708025.3000000715,pvp,player_1,player_2,100.106,0,123.432,134.017,226.296,-226.252,up,stay,1,0
1775915817155,1686,1708041.9000000954,pvp,player_1,player_2,92.694,0,127.204,130.246,226.296,-226.252,up,stay,1,0
1775915817155,1687,1708059.2000000477,pvp,player_1,player_2,85.028,0,130.975,126.475,226.296,-226.252,up,stay,1,0
1775915817155,1688,1708074.7000000477,pvp,player_1,player_2,77.361,0,134.747,122.704,226.296,-226.252,up,stay,1,0
1775915817155,1689,1708091.8000000715,pvp,player_1,player_2,69.694,0,138.518,118.934,226.296,-226.252,up,stay,1,0
1775915817155,1690,1708108.3000000715,pvp,player_1,player_2,62.028,0,142.29,115.163,226.296,-226.252,up,stay,1,0
1775915817155,1691,1708125.1000000238,pvp,player_1,player_2,54.361,0,146.062,111.392,226.296,-226.252,up,stay,1,0
1775915817155,1692,1708141.6000000238,pvp,player_1,player_2,46.694,0,149.833,107.621,226.296,-226.252,up,stay,1,0
1775915817155,1693,1708158.6000000238,pvp,player_1,player_2,39.028,0,153.605,103.85,226.296,-226.252,up,stay,1,0
1775915817155,1694,1708174.9000000954,pvp,player_1,player_2,31.361,0,157.376,100.079,226.296,-226.252,up,stay,1,0
1775915817155,1695,1708191.8000000715,pvp,player_1,player_2,23.694,0,161.148,96.308,226.296,-226.252,up,stay,1,0
1775915817155,1696,1708208,pvp,player_1,player_2,16.028,0,164.92,92.537,226.296,-226.252,up,stay,1,0
1775915817155,1697,1708225,pvp,player_1,player_2,8.361,0,168.691,88.767,226.296,-226.252,up,stay,1,0
1775915817155,1698,1708241.2000000477,pvp,player_1,player_2,0.694,0,172.463,84.996,226.296,-226.252,up,stay,1,0
1775915817155,1699,1708258,pvp,player_1,player_2,0,0,176.234,81.225,226.296,-226.252,stay,stay,1,0
1775915817155,1700,1708275,pvp,player_1,player_2,0,0,180.006,77.454,226.296,-226.252,stay,stay,1,0
1775915817155,1701,1708292.1000000238,pvp,player_1,player_2,0,0,183.778,73.683,226.296,-226.252,stay,stay,1,0
1775915817155,1702,1708308,pvp,player_1,player_2,0,0,187.549,69.912,226.296,-226.252,stay,stay,1,0
1775915817155,1703,1708324.3000000715,pvp,player_1,player_2,0,0,191.321,66.141,226.296,-226.252,stay,stay,1,0
1775915817155,1704,1708341.4000000954,pvp,player_1,player_2,0,0,195.092,62.37,226.296,-226.252,stay,stay,1,0
1775915817155,1705,1708358.4000000954,pvp,player_1,player_2,0,0,198.864,58.6,226.296,-226.252,stay,stay,1,0
1775915817155,1706,1708374.6000000238,pvp,player_1,player_2,0,0,202.636,54.829,226.296,-226.252,stay,stay,1,0
1775915817155,1707,1708391.9000000954,pvp,player_1,player_2,0,0,206.407,51.058,226.296,-226.252,stay,stay,1,0
1775915817155,1708,1708407.7000000477,pvp,player_1,player_2,0,0,210.179,47.287,226.296,-226.252,stay,stay,1,0
1775915817155,1709,1708424.9000000954,pvp,player_1,player_2,0,0,213.95,43.516,226.296,-226.252,stay,stay,1,0
1775915817155,1710,1708441.5,pvp,player_1,player_2,0,0,217.722,39.745,226.296,-226.252,stay,stay,1,0
1775915817155,1711,1708458.6000000238,pvp,player_1,player_2,0,0,221.494,35.974,226.296,-226.252,stay,stay,1,0
1775915817155,1712,1708475.1000000238,pvp,player_1,player_2,0,0,225.265,32.204,226.296,-226.252,stay,stay,1,0
1775915817155,1713,1708491.6000000238,pvp,player_1,player_2,0,0,229.037,28.433,226.296,-226.252,stay,stay,1,0
1775915817155,1714,1708508.4000000954,pvp,player_1,player_2,0,0,232.808,24.662,226.296,-226.252,stay,stay,1,0
1775915817155,1715,1708525.5,pvp,player_1,player_2,0,0,236.58,20.891,226.296,-226.252,stay,stay,1,0
1775915817155,1716,1708541.2000000477,pvp,player_1,player_2,0,0,240.352,17.12,226.296,-226.252,stay,stay,1,0
1775915817155,1717,1708558.2000000477,pvp,player_1,player_2,0,0,244.123,13.349,226.296,-226.252,stay,stay,1,0
1775915817155,1718,1708574.8000000715,pvp,player_1,player_2,0,0,247.895,10,226.296,226.252,stay,stay,1,0
1775915817155,1719,1708591.4000000954,pvp,player_1,player_2,0,0,251.666,13.771,226.296,226.252,stay,stay,1,0
1775915817155,1720,1708607.9000000954,pvp,player_1,player_2,0,0,255.438,17.542,226.296,226.252,stay,stay,1,0
1775915817155,1721,1708624.9000000954,pvp,player_1,player_2,0,0,259.21,21.313,226.296,226.252,stay,stay,1,0
1775915817155,1722,1708641.4000000954,pvp,player_1,player_2,0,0,262.981,25.083,226.296,226.252,stay,stay,1,0
1775915817155,1723,1708658.4000000954,pvp,player_1,player_2,0,0.256,266.753,28.854,226.296,226.252,stay,down,1,0
1775915817155,1724,1708674.8000000715,pvp,player_1,player_2,0,0.767,270.525,32.625,226.296,226.252,stay,down,1,0
1775915817155,1725,1708691.5,pvp,player_1,player_2,0,1.533,274.296,36.396,226.296,226.252,stay,down,1,0
1775915817155,1726,1708708.5,pvp,player_1,player_2,0,2.556,278.068,40.167,226.296,226.252,stay,down,1,0
1775915817155,1727,1708724.9000000954,pvp,player_1,player_2,0,3.833,281.839,43.938,226.296,226.252,stay,down,1,0
1775915817155,1728,1708742.1000000238,pvp,player_1,player_2,0,5.367,285.611,47.709,226.296,226.252,stay,down,1,0
1775915817155,1729,1708758.2000000477,pvp,player_1,player_2,0,7.156,289.383,51.48,226.296,226.252,stay,down,1,0
1775915817155,1730,1708774.6000000238,pvp,player_1,player_2,0,9.2,293.154,55.25,226.296,226.252,stay,down,1,0
1775915817155,1731,1708791.1000000238,pvp,player_1,player_2,0,11.5,296.926,59.021,226.296,226.252,stay,down,1,0
1775915817155,1732,1708808.4000000954,pvp,player_1,player_2,0,14.056,300.697,62.792,226.296,226.252,stay,down,1,0
1775915817155,1733,1708824.5,pvp,player_1,player_2,0,16.867,304.469,66.563,226.296,226.252,stay,down,1,0
1775915817155,1734,1708841.5,pvp,player_1,player_2,0,19.933,308.241,70.334,226.296,226.252,stay,down,1,0
1775915817155,1735,1708858.5,pvp,player_1,player_2,0,23.256,312.012,74.105,226.296,226.252,stay,down,1,0
1775915817155,1736,1708875,pvp,player_1,player_2,0,26.833,315.784,77.876,226.296,226.252,stay,down,1,0
1775915817155,1737,1708891.3000000715,pvp,player_1,player_2,0,30.667,319.555,81.647,226.296,226.252,stay,down,1,0
1775915817155,1738,1708907.7000000477,pvp,player_1,player_2,0,34.756,323.327,85.417,226.296,226.252,stay,down,1,0
1775915817155,1739,1708924.3000000715,pvp,player_1,player_2,0,39.1,327.099,89.188,226.296,226.252,stay,down,1,0
1775915817155,1740,1708940.9000000954,pvp,player_1,player_2,0,43.7,330.87,92.959,226.296,226.252,stay,down,1,0
1775915817155,1741,1708957.6000000238,pvp,player_1,player_2,0,48.556,334.642,96.73,226.296,226.252,stay,down,1,0
1775915817155,1742,1708974.3000000715,pvp,player_1,player_2,0,53.667,338.413,100.501,226.296,226.252,stay,down,1,0
1775915817155,1743,1708991,pvp,player_1,player_2,0,59.033,342.185,104.272,226.296,226.252,stay,down,1,0
1775915817155,1744,1709007.7000000477,pvp,player_1,player_2,0,64.656,345.957,108.043,226.296,226.252,stay,down,1,0
1775915817155,1745,1709024.3000000715,pvp,player_1,player_2,0,70.533,349.728,111.814,226.296,226.252,stay,down,1,0
1775915817155,1746,1709041.2000000477,pvp,player_1,player_2,0,76.667,353.5,115.584,226.296,226.252,stay,down,1,0
1775915817155,1747,1709057.7000000477,pvp,player_1,player_2,0,83.056,357.271,119.355,226.296,226.252,stay,down,1,0
1775915817155,1748,1709074.3000000715,pvp,player_1,player_2,0,89.7,361.043,123.126,226.296,226.252,stay,down,1,0
1775915817155,1749,1709091.4000000954,pvp,player_1,player_2,0,96.6,364.815,126.897,226.296,226.252,stay,down,1,0
1775915817155,1750,1709107.8000000715,pvp,player_1,player_2,0,103.756,368.586,130.668,226.296,226.252,stay,down,1,0
1775915817155,1751,1709124.5,pvp,player_1,player_2,0,111.167,372.358,134.439,226.296,226.252,stay,down,1,0
1775915817155,1752,1709141.2000000477,pvp,player_1,player_2,0,118.833,376.129,138.21,226.296,226.252,stay,down,1,0
1775915817155,1753,1709157.8000000715,pvp,player_1,player_2,0,126.5,379.901,141.98,226.296,226.252,stay,down,1,0
1775915817155,1754,1709174.3000000715,pvp,player_1,player_2,0,134.167,383.673,145.751,226.296,226.252,stay,down,1,0
1775915817155,1755,1709191.1000000238,pvp,player_1,player_2,0,141.833,387.444,149.522,226.296,226.252,stay,down,1,0
1775915817155,1756,1709207.8000000715,pvp,player_1,player_2,0,149.5,391.216,153.293,226.296,226.252,stay,down,1,0
1775915817155,1757,1709224.4000000954,pvp,player_1,player_2,0,157.167,394.987,157.064,226.296,226.252,stay,down,1,0
1775915817155,1758,1709241.3000000715,pvp,player_1,player_2,0,164.833,398.759,160.835,226.296,226.252,stay,down,1,0
1775915817155,1759,1709257.8000000715,pvp,player_1,player_2,0,172.5,402.531,164.606,226.296,226.252,stay,down,1,0
1775915817155,1760,1709274.4000000954,pvp,player_1,player_2,0,180.167,406.302,168.377,226.296,226.252,stay,down,1,0
1775915817155,1761,1709291.4000000954,pvp,player_1,player_2,0,187.639,410.074,172.147,226.296,226.252,stay,stay,1,0
1775915817155,1762,1709308.1000000238,pvp,player_1,player_2,0,194.917,413.845,175.918,226.296,226.252,stay,stay,1,0
1775915817155,1763,1709324.9000000954,pvp,player_1,player_2,0,202,417.617,179.689,226.296,226.252,stay,stay,1,0
1775915817155,1764,1709341.4000000954,pvp,player_1,player_2,0,208.889,421.389,183.46,226.296,226.252,stay,stay,1,0
1775915817155,1765,1709358.4000000954,pvp,player_1,player_2,0,215.583,425.16,187.231,226.296,226.252,stay,stay,1,0
1775915817155,1766,1709375.4000000954,pvp,player_1,player_2,0,222.083,428.932,191.002,226.296,226.252,stay,stay,1,0
1775915817155,1767,1709392.1000000238,pvp,player_1,player_2,0,228.389,432.703,194.773,226.296,226.252,stay,stay,1,0
1775915817155,1768,1709408.8000000715,pvp,player_1,player_2,0,234.5,436.475,198.544,226.296,226.252,stay,stay,1,0
1775915817155,1769,1709424.8000000715,pvp,player_1,player_2,0,240.417,440.247,202.314,226.296,226.252,stay,stay,1,0
1775915817155,1770,1709441,pvp,player_1,player_2,0,246.139,444.018,206.085,226.296,226.252,stay,stay,1,0
1775915817155,1771,1709458.2000000477,pvp,player_1,player_2,0,251.667,447.79,209.856,226.296,226.252,stay,stay,1,0
1775915817155,1772,1709474.8000000715,pvp,player_1,player_2,0,257,451.561,213.627,226.296,226.252,stay,stay,1,0
1775915817155,1773,1709491.5,pvp,player_1,player_2,0,262.139,455.333,217.398,226.296,226.252,stay,stay,1,0
1775915817155,1774,1709508.5,pvp,player_1,player_2,0,267.083,459.105,221.169,226.296,226.252,stay,stay,1,0
1775915817155,1775,1709525.5,pvp,player_1,player_2,0,271.833,462.876,224.94,226.296,226.252,stay,stay,1,0
1775915817155,1776,1709541.5,pvp,player_1,player_2,0,276.389,466.648,228.71,226.296,226.252,stay,stay,1,0
1775915817155,1777,1709558.5,pvp,player_1,player_2,0,280.75,470.419,232.481,226.296,226.252,stay,stay,1,0
1775915817155,1778,1709575.6000000238,pvp,player_1,player_2,0,284.917,474.191,236.252,226.296,226.252,stay,stay,1,0
1775915817155,1779,1709592,pvp,player_1,player_2,0,288.889,477.963,240.023,226.296,226.252,stay,stay,1,0
1775915817155,1780,1709607.9000000954,pvp,player_1,player_2,0,292.667,481.734,243.794,226.296,226.252,stay,stay,1,0
1775915817155,1781,1709625,pvp,player_1,player_2,0,296.25,485.506,247.565,226.296,226.252,stay,stay,1,0
1775915817155,1782,1709640.9000000954,pvp,player_1,player_2,0,300.089,489.277,251.336,226.296,226.252,stay,down,1,0
1775915817155,1783,1709658.4000000954,pvp,player_1,player_2,0,304.183,493.049,255.107,226.296,226.252,stay,down,1,0
1775915817155,1784,1709675.1000000238,pvp,player_1,player_2,0,308.533,496.821,258.877,226.296,226.252,stay,down,1,0
1775915817155,1785,1709691.4000000954,pvp,player_1,player_2,0,313.139,500.592,262.648,226.296,226.252,stay,down,1,0
1775915817155,1786,1709708.4000000954,pvp,player_1,player_2,0,318,504.364,266.419,226.296,226.252,stay,down,1,0
1775915817155,1787,1709725.1000000238,pvp,player_1,player_2,0,323.117,508.135,270.19,226.296,226.252,stay,down,1,0
1775915817155,1788,1709741.7000000477,pvp,player_1,player_2,0,328.489,511.907,273.961,226.296,226.252,stay,down,1,0
1775915817155,1789,1709758.2000000477,pvp,player_1,player_2,0,334.117,515.679,277.732,226.296,226.252,stay,down,1,0
1775915817155,1790,1709774.5,pvp,player_1,player_2,0,340,519.45,281.503,226.296,226.252,stay,down,1,0
1775915817155,1791,1709791.3000000715,pvp,player_1,player_2,0,346.139,523.222,285.274,226.296,226.252,stay,down,1,0
1775915817155,1792,1709808,pvp,player_1,player_2,0,352.533,526.993,289.044,226.296,226.252,stay,down,1,0
1775915817155,1793,1709825,pvp,player_1,player_2,0,359.183,530.765,292.815,226.296,226.252,stay,down,1,0
1775915817155,1794,1709841.6000000238,pvp,player_1,player_2,0,366.089,534.537,296.586,226.296,226.252,stay,down,1,0
1775915817155,1795,1709857.9000000954,pvp,player_1,player_2,0,373.25,538.308,300.357,226.296,226.252,stay,down,1,0
1775915817155,1796,1709874.9000000954,pvp,player_1,player_2,0,380.667,542.08,304.128,226.296,226.252,stay,down,1,0
1775915817155,1797,1709891.3000000715,pvp,player_1,player_2,0,387.889,545.851,307.899,226.296,226.252,stay,stay,1,0
1775915817155,1798,1709908.5,pvp,player_1,player_2,0,394.917,549.623,311.67,226.296,226.252,stay,stay,1,0
1775915817155,1799,1709925.3000000715,pvp,player_1,player_2,0,401.75,553.395,315.441,226.296,226.252,stay,stay,1,0
1775915817155,1800,1709941.5,pvp,player_1,player_2,0,408.389,557.166,319.211,226.296,226.252,stay,stay,1,0
1775915817155,1801,1709958.6000000238,pvp,player_1,player_2,0,414.833,560.938,322.982,226.296,226.252,stay,stay,1,0
1775915817155,1802,1709975.1000000238,pvp,player_1,player_2,0,421.083,564.709,326.753,226.296,226.252,stay,stay,1,0
1775915817155,1803,1709991.8000000715,pvp,player_1,player_2,0,427.139,568.481,330.524,226.296,226.252,stay,stay,1,0
1775915817155,1804,1710008.5,pvp,player_1,player_2,0,433,572.253,334.295,226.296,226.252,stay,stay,1,0
1775915817155,1805,1710025,pvp,player_1,player_2,0,438.667,576.024,338.066,226.296,226.252,stay,stay,1,0
1775915817155,1806,1710041.5,pvp,player_1,player_2,0,444,579.796,341.837,226.296,226.252,stay,stay,1,0
1775915817155,1807,1710058,pvp,player_1,player_2,0,444,583.567,345.607,226.296,226.252,stay,stay,1,0
1775915817155,1808,1710075.2000000477,pvp,player_1,player_2,0,444,587.339,349.378,226.296,226.252,stay,stay,1,0
1775915817155,1809,1710091.8000000715,pvp,player_1,player_2,0,444,591.111,353.149,226.296,226.252,stay,stay,1,0
1775915817155,1810,1710108.4000000954,pvp,player_1,player_2,0,444,594.882,356.92,226.296,226.252,stay,stay,1,0
1775915817155,1811,1710124.9000000954,pvp,player_1,player_2,0,444,598.654,360.691,226.296,226.252,stay,stay,1,0
1775915817155,1812,1710141.6000000238,pvp,player_1,player_2,0,444,602.425,364.462,226.296,226.252,stay,up,1,0
1775915817155,1813,1710158.4000000954,pvp,player_1,player_2,0,444,606.197,368.233,226.296,226.252,stay,up,1,0
1775915817155,1814,1710175.1000000238,pvp,player_1,player_2,0,444,609.969,372.004,226.296,226.252,stay,up,1,0
1775915817155,1815,1710191.9000000954,pvp,player_1,player_2,0,444,613.74,375.774,226.296,226.252,stay,up,1,0
1775915817155,1816,1710208.7000000477,pvp,player_1,player_2,0,444,617.512,379.545,226.296,226.252,stay,up,1,0
1775915817155,1817,1710225,pvp,player_1,player_2,0,444,621.283,383.316,226.296,226.252,stay,up,1,0
1775915817155,1818,1710242.1000000238,pvp,player_1,player_2,0,444,625.055,387.087,226.296,226.252,stay,up,1,0
1775915817155,1819,1710258.4000000954,pvp,player_1,player_2,0,444,628.827,390.858,226.296,226.252,stay,up,1,0
1775915817155,1820,1710275.5,pvp,player_1,player_2,0,444,632.598,394.629,226.296,226.252,stay,up,1,0
1775915817155,1821,1710291.3000000715,pvp,player_1,player_2,0,444,636.37,398.4,226.296,226.252,stay,up,1,0
1775915817155,1822,1710308.2000000477,pvp,player_1,player_2,0,444,640.141,402.171,226.296,226.252,stay,up,1,0
1775915817155,1823,1710325.4000000954,pvp,player_1,player_2,0,444,643.913,405.941,226.296,226.252,stay,up,1,0
1775915817155,1824,1710341.3000000715,pvp,player_1,player_2,0,443.806,647.685,409.712,226.296,226.252,stay,up,1,0
1775915817155,1825,1710358.4000000954,pvp,player_1,player_2,0,443.356,651.456,413.483,226.296,226.252,stay,up,1,0
1775915817155,1826,1710375.2000000477,pvp,player_1,player_2,0,442.65,655.228,417.254,226.296,226.252,stay,up,1,0
1775915817155,1827,1710391.5,pvp,player_1,player_2,0,441.689,658.999,421.025,226.296,226.252,stay,up,1,0
1775915817155,1828,1710407.8000000715,pvp,player_1,player_2,0,440.472,662.771,424.796,226.296,226.252,stay,up,1,0
1775915817155,1829,1710424.4000000954,pvp,player_1,player_2,0,439,666.543,428.567,226.296,226.252,stay,up,1,0
1775915817155,1830,1710441.1000000238,pvp,player_1,player_2,0,437.272,670.314,432.337,226.296,226.252,stay,up,1,0
1775915817155,1831,1710457.7000000477,pvp,player_1,player_2,0,435.289,674.086,436.108,226.296,226.252,stay,up,1,0
1775915817155,1832,1710474.3000000715,pvp,player_1,player_2,0,433.05,677.858,439.879,226.296,226.252,stay,up,1,0
1775915817155,1833,1710490.9000000954,pvp,player_1,player_2,0,430.556,681.629,443.65,226.296,226.252,stay,up,1,0
1775915817155,1834,1710507.8000000715,pvp,player_1,player_2,0,427.806,685.401,447.421,226.296,226.252,stay,up,1,0
1775915817155,1835,1710524.2000000477,pvp,player_1,player_2,0,425.25,689.172,451.192,226.296,226.252,stay,stay,1,0
1775915817155,1836,1710541.1000000238,pvp,player_1,player_2,0,422.889,692.944,454.963,226.296,226.252,stay,stay,1,0
1775915817155,1837,1710557.7000000477,pvp,player_1,player_2,0,420.722,696.716,458.734,226.296,226.252,stay,stay,1,0
1775915817155,1838,1710574.3000000715,pvp,player_1,player_2,0,418.75,700.487,462.504,226.296,226.252,stay,stay,1,0
1775915817155,1839,1710591.1000000238,pvp,player_1,player_2,0,416.972,704.259,466.275,226.296,226.252,stay,stay,1,0
1775915817155,1840,1710607.7000000477,pvp,player_1,player_2,0,415.389,708.03,470.046,226.296,226.252,stay,stay,1,0
1775915817155,1841,1710624.2000000477,pvp,player_1,player_2,0,414,711.802,473.817,226.296,226.252,stay,stay,1,0
1775915817155,1842,1710641.1000000238,pvp,player_1,player_2,0,412.806,715.574,477.588,226.296,226.252,stay,stay,1,0
1775915817155,1843,1710657.6000000238,pvp,player_1,player_2,0,411.806,719.345,481.359,226.296,226.252,stay,stay,1,0
1775915817155,1844,1710674.5,pvp,player_1,player_2,0,411,723.117,485.13,226.296,226.252,stay,stay,1,0
1775915817155,1845,1710691.1000000238,pvp,player_1,player_2,0,410.389,726.888,488.901,226.296,226.252,stay,stay,1,0
1775915817155,1846,1710707.6000000238,pvp,player_1,player_2,0,409.972,730.66,492.671,226.296,226.252,stay,stay,1,0
1775915817155,1847,1710724.5,pvp,player_1,player_2,0,409.75,734.432,496.442,226.296,226.252,stay,stay,1,0
1775915817155,1848,1710741,pvp,player_1,player_2,0,409.75,738.203,500.213,226.296,226.252,stay,stay,1,0
1775915817155,1849,1710757.8000000715,pvp,player_1,player_2,0,409.75,741.975,503.984,226.296,226.252,stay,stay,1,0
1775915817155,1850,1710774.4000000954,pvp,player_1,player_2,0,409.75,745.746,507.755,226.296,226.252,stay,stay,1,0
1775915817155,1851,1710790.9000000954,pvp,player_1,player_2,0,409.75,749.518,511.526,226.296,226.252,stay,stay,1,0
1775915817155,1852,1710807.9000000954,pvp,player_1,player_2,0,409.75,753.29,515.297,226.296,226.252,stay,stay,1,0
1775915817155,1853,1710824.3000000715,pvp,player_1,player_2,0,409.75,757.061,519.068,226.296,226.252,stay,stay,1,0
1775915817155,1854,1710840.9000000954,pvp,player_1,player_2,0,409.75,760.833,522.838,226.296,226.252,stay,stay,1,0
1775915817155,1855,1710857.6000000238,pvp,player_1,player_2,0,410.006,764.604,526.609,226.296,226.252,stay,down,1,0
1775915817155,1856,1710874.4000000954,pvp,player_1,player_2,0,410.517,768.376,530,226.296,-226.252,stay,down,1,0
1775915817155,1857,1710891.1000000238,pvp,player_1,player_2,0,411.283,772.148,526.229,226.296,-226.252,stay,down,1,0
1775915817155,1858,1710907.7000000477,pvp,player_1,player_2,0,412.306,775.919,522.458,226.296,-226.252,stay,down,1,0
1775915817155,1859,1710924.2000000477,pvp,player_1,player_2,0,413.583,779.691,518.687,226.296,-226.252,stay,down,1,0
1775915817155,1860,1710941,pvp,player_1,player_2,0,415.117,783.462,514.917,226.296,-226.252,stay,down,1,0
1775915817155,1861,1710957.7000000477,pvp,player_1,player_2,0,416.906,787.234,511.146,226.296,-226.252,stay,down,1,0
1775915817155,1862,1710974.3000000715,pvp,player_1,player_2,0,418.95,791.006,507.375,226.296,-226.252,stay,down,1,0
1775915817155,1863,1710991,pvp,player_1,player_2,0,420.8,794.777,503.604,226.296,-226.252,stay,stay,1,0
1775915817155,1864,1711007.8000000715,pvp,player_1,player_2,0,422.456,798.549,499.833,226.296,-226.252,stay,stay,1,0
1775915817155,1865,1711024.4000000954,pvp,player_1,player_2,0,423.917,802.32,496.062,226.296,-226.252,stay,stay,1,0
1775915817155,1866,1711041.3000000715,pvp,player_1,player_2,0,425.183,806.092,492.291,226.296,-226.252,stay,stay,1,0
1775915817155,1867,1711057.6000000238,pvp,player_1,player_2,0,426.256,809.864,488.52,226.296,-226.252,stay,stay,1,0
1775915817155,1868,1711074.4000000954,pvp,player_1,player_2,0,427.133,813.635,484.75,226.296,-226.252,stay,stay,1,0
1775915817155,1869,1711091,pvp,player_1,player_2,0,427.817,817.407,480.979,226.296,-226.252,stay,stay,1,0
1775915817155,1870,1711107.7000000477,pvp,player_1,player_2,0,428.306,821.178,477.208,226.296,-226.252,stay,stay,1,0
1775915817155,1871,1711124.3000000715,pvp,player_1,player_2,0,428.6,824.95,473.437,226.296,-226.252,stay,stay,1,0
1775915817155,1872,1711141,pvp,player_1,player_2,0,428.6,828.722,469.666,226.296,-226.252,stay,stay,1,0
1775915817155,1873,1711157.5,pvp,player_1,player_2,0,428.6,832.493,465.895,226.296,-226.252,stay,stay,1,0
1775915817155,1874,1711174.2000000477,pvp,player_1,player_2,0,428.6,836.265,462.124,226.296,-226.252,stay,stay,1,0
1775915817155,1875,1711191,pvp,player_1,player_2,0,428.6,840.036,458.353,226.296,-226.252,stay,stay,1,0
1775915817155,1876,1711207.7000000477,pvp,player_1,player_2,0,428.344,843.808,454.583,226.296,-226.252,stay,up,1,0
1775915817155,1877,1711224.2000000477,pvp,player_1,player_2,0,427.833,847.58,450.812,226.296,-226.252,stay,up,1,0
1775915817155,1878,1711240.8000000715,pvp,player_1,player_2,0,427.067,851.351,447.041,226.296,-226.252,stay,up,1,0
1775915817155,1879,1711257.7000000477,pvp,player_1,player_2,0,426.044,855.123,443.27,226.296,-226.252,stay,up,1,0
1775915817155,1880,1711274.3000000715,pvp,player_1,player_2,0,424.767,858.894,439.499,226.296,-226.252,stay,up,1,0
1775915817155,1881,1711291,pvp,player_1,player_2,0,423.233,862.666,435.728,226.296,-226.252,stay,up,1,0
1775915817155,1882,1711307.6000000238,pvp,player_1,player_2,0,421.444,866.438,431.957,226.296,-226.252,stay,up,1,0
1775915817155,1883,1711324.3000000715,pvp,player_1,player_2,0,419.4,870.209,428.186,226.296,-226.252,stay,up,1,0
1775915817155,1884,1711340.9000000954,pvp,player_1,player_2,0,417.1,873.981,424.416,226.296,-226.252,stay,up,1,0
1775915817155,1885,1711357.6000000238,pvp,player_1,player_2,0,414.544,877.752,420.645,226.296,-226.252,stay,up,1,0
1775915817155,1886,1711374.3000000715,pvp,player_1,player_2,0,411.733,881.524,416.874,226.296,-226.252,stay,up,1,0
1775915817155,1887,1711390.8000000715,pvp,player_1,player_2,0,408.667,885.296,413.103,226.296,-226.252,stay,up,1,0
1775915817155,1888,1711407.7000000477,pvp,player_1,player_2,0,405.344,889.067,409.332,226.296,-226.252,stay,up,1,0
1775915817155,1889,1711424.1000000238,pvp,player_1,player_2,0,401.767,892.839,405.561,226.296,-226.252,stay,up,1,0
1775915817155,1890,1711440.9000000954,pvp,player_1,player_2,0,397.933,896.61,401.79,226.296,-226.252,stay,up,1,0
1775915817155,1891,1711457.7000000477,pvp,player_1,player_2,0,393.844,900.382,398.02,226.296,-226.252,stay,up,1,0
1775915817155,1892,1711474.2000000477,pvp,player_1,player_2,0,389.5,904.154,394.249,226.296,-226.252,stay,up,1,0
1775915817155,1893,1711491.1000000238,pvp,player_1,player_2,0,384.9,907.925,390.478,226.296,-226.252,stay,up,1,0
1775915817155,1894,1711507.6000000238,pvp,player_1,player_2,0,380.044,911.697,386.707,226.296,-226.252,stay,up,1,0
1775915817155,1895,1711524.3000000715,pvp,player_1,player_2,0,374.933,912,382.936,-199.064,-275.633,stay,up,1,0
1775915817155,1896,1711541.1000000238,pvp,player_1,player_2,0,369.567,908.682,378.342,-199.064,-275.633,stay,up,1,0
1775915817155,1897,1711557.7000000477,pvp,player_1,player_2,0,363.944,905.365,373.748,-199.064,-275.633,stay,up,1,0
1775915817155,1898,1711574.3000000715,pvp,player_1,player_2,0,358.067,902.047,369.154,-199.064,-275.633,stay,up,1,0
1775915817155,1899,1711591,pvp,player_1,player_2,0,351.933,898.729,364.561,-199.064,-275.633,stay,up,1,0
1775915817155,1900,1711607.6000000238,pvp,player_1,player_2,0,345.544,895.411,359.967,-199.064,-275.633,stay,up,1,0
1775915817155,1901,1711624.6000000238,pvp,player_1,player_2,0,338.9,892.094,355.373,-199.064,-275.633,stay,up,1,0
1775915817155,1902,1711641.1000000238,pvp,player_1,player_2,0,332,888.776,350.779,-199.064,-275.633,stay,up,1,0
1775915817155,1903,1711657.6000000238,pvp,player_1,player_2,0,324.844,885.458,346.185,-199.064,-275.633,stay,up,1,0
1775915817155,1904,1711674.3000000715,pvp,player_1,player_2,0,317.433,882.14,341.591,-199.064,-275.633,stay,up,1,0
1775915817155,1905,1711690.9000000954,pvp,player_1,player_2,0,309.767,878.823,336.997,-199.064,-275.633,stay,up,1,0
1775915817155,1906,1711707.5,pvp,player_1,player_2,0,302.1,875.505,332.403,-199.064,-275.633,stay,up,1,0
1775915817155,1907,1711724.3000000715,pvp,player_1,player_2,0,294.433,872.187,327.809,-199.064,-275.633,stay,up,1,0
1775915817155,1908,1711741,pvp,player_1,player_2,0,286.767,868.87,323.216,-199.064,-275.633,stay,up,1,0
1775915817155,1909,1711757.9000000954,pvp,player_1,player_2,0,279.1,865.552,318.622,-199.064,-275.633,stay,up,1,0
1775915817155,1910,1711774.4000000954,pvp,player_1,player_2,0,271.433,862.234,314.028,-199.064,-275.633,stay,up,1,0
1775915817155,1911,1711790.8000000715,pvp,player_1,player_2,0,263.767,858.916,309.434,-199.064,-275.633,stay,up,1,0
1775915817155,1912,1711807.7000000477,pvp,player_1,player_2,0,256.1,855.599,304.84,-199.064,-275.633,stay,up,1,0
1775915817155,1913,1711824.2000000477,pvp,player_1,player_2,0,248.433,852.281,300.246,-199.064,-275.633,stay,up,1,0
1775915817155,1914,1711841,pvp,player_1,player_2,0,240.767,848.963,295.652,-199.064,-275.633,stay,up,1,0
1775915817155,1915,1711857.8000000715,pvp,player_1,player_2,0,233.294,845.645,291.058,-199.064,-275.633,stay,stay,1,0
1775915817155,1916,1711874.2000000477,pvp,player_1,player_2,0,226.017,842.328,286.464,-199.064,-275.633,stay,stay,1,0
1775915817155,1917,1711891,pvp,player_1,player_2,0,218.933,839.01,281.871,-199.064,-275.633,stay,stay,1,0
1775915817155,1918,1711907.5,pvp,player_1,player_2,0,212.044,835.692,277.277,-199.064,-275.633,stay,stay,1,0
1775915817155,1919,1711924.4000000954,pvp,player_1,player_2,0,205.35,832.375,272.683,-199.064,-275.633,stay,stay,1,0
1775915817155,1920,1711941.2000000477,pvp,player_1,player_2,0,198.85,829.057,268.089,-199.064,-275.633,stay,stay,1,0
1775915817155,1921,1711957.6000000238,pvp,player_1,player_2,0,192.544,825.739,263.495,-199.064,-275.633,stay,stay,1,0
1775915817155,1922,1711974.4000000954,pvp,player_1,player_2,0,186.433,822.421,258.901,-199.064,-275.633,stay,stay,1,0
1775915817155,1923,1711990.8000000715,pvp,player_1,player_2,0,180.517,819.104,254.307,-199.064,-275.633,stay,stay,1,0
1775915817155,1924,1712007.9000000954,pvp,player_1,player_2,0,174.794,815.786,249.713,-199.064,-275.633,stay,stay,1,0
1775915817155,1925,1712024.3000000715,pvp,player_1,player_2,0,169.267,812.468,245.119,-199.064,-275.633,stay,stay,1,0
1775915817155,1926,1712041.1000000238,pvp,player_1,player_2,0,163.933,809.15,240.526,-199.064,-275.633,stay,stay,1,0
1775915817155,1927,1712057.7000000477,pvp,player_1,player_2,0,158.794,805.833,235.932,-199.064,-275.633,stay,stay,1,0
1775915817155,1928,1712074.5,pvp,player_1,player_2,0,153.85,802.515,231.338,-199.064,-275.633,stay,stay,1,0
1775915817155,1929,1712090.9000000954,pvp,player_1,player_2,0,149.1,799.197,226.744,-199.064,-275.633,stay,stay,1,0
1775915817155,1930,1712107.7000000477,pvp,player_1,player_2,0,144.544,795.879,222.15,-199.064,-275.633,stay,stay,1,0
1775915817155,1931,1712124.3000000715,pvp,player_1,player_2,0,140.183,792.562,217.556,-199.064,-275.633,stay,stay,1,0
1775915817155,1932,1712141.1000000238,pvp,player_1,player_2,0,136.017,789.244,212.962,-199.064,-275.633,stay,stay,1,0
1775915817155,1933,1712157.6000000238,pvp,player_1,player_2,0,132.044,785.926,208.368,-199.064,-275.633,stay,stay,1,0
1775915817155,1934,1712174.3000000715,pvp,player_1,player_2,0,128.267,782.609,203.774,-199.064,-275.633,stay,stay,1,0
1775915817155,1935,1712191.1000000238,pvp,player_1,player_2,0,124.683,779.291,199.181,-199.064,-275.633,stay,stay,1,0
1775915817155,1936,1712207.7000000477,pvp,player_1,player_2,0,121.294,775.973,194.587,-199.064,-275.633,stay,stay,1,0
1775915817155,1937,1712224.2000000477,pvp,player_1,player_2,0.256,118.1,772.655,189.993,-199.064,-275.633,down,stay,1,0
1775915817155,1938,1712240.8000000715,pvp,player_1,player_2,0.767,115.1,769.338,185.399,-199.064,-275.633,down,stay,1,0
1775915817155,1939,1712257.5,pvp,player_1,player_2,1.533,112.294,766.02,180.805,-199.064,-275.633,down,stay,1,0
1775915817155,1940,1712274.3000000715,pvp,player_1,player_2,2.556,109.683,762.702,176.211,-199.064,-275.633,down,stay,1,0
1775915817155,1941,1712291,pvp,player_1,player_2,3.833,107.267,759.384,171.617,-199.064,-275.633,down,stay,1,0
1775915817155,1942,1712307.5,pvp,player_1,player_2,5.367,105.044,756.067,167.023,-199.064,-275.633,down,stay,1,0
1775915817155,1943,1712324.3000000715,pvp,player_1,player_2,7.156,103.017,752.749,162.43,-199.064,-275.633,down,stay,1,0
1775915817155,1944,1712340.9000000954,pvp,player_1,player_2,9.2,101.183,749.431,157.836,-199.064,-275.633,down,stay,1,0
1775915817155,1945,1712357.5,pvp,player_1,player_2,11.5,99.544,746.114,153.242,-199.064,-275.633,down,stay,1,0
1775915817155,1946,1712374.3000000715,pvp,player_1,player_2,14.056,98.1,742.796,148.648,-199.064,-275.633,down,stay,1,0
1775915817155,1947,1712391.1000000238,pvp,player_1,player_2,16.867,96.85,739.478,144.054,-199.064,-275.633,down,stay,1,0
1775915817155,1948,1712407.5,pvp,player_1,player_2,19.933,95.794,736.16,139.46,-199.064,-275.633,down,stay,1,0
1775915817155,1949,1712424.2000000477,pvp,player_1,player_2,23.256,94.933,732.843,134.866,-199.064,-275.633,down,stay,1,0
1775915817155,1950,1712441,pvp,player_1,player_2,26.833,94.267,729.525,130.272,-199.064,-275.633,down,stay,1,0
1775915817155,1951,1712457.9000000954,pvp,player_1,player_2,30.667,93.794,726.207,125.678,-199.064,-275.633,down,stay,1,0
1775915817155,1952,1712474.3000000715,pvp,player_1,player_2,34.756,93.517,722.889,121.085,-199.064,-275.633,down,stay,1,0
1775915817155,1953,1712491,pvp,player_1,player_2,39.1,93.517,719.572,116.491,-199.064,-275.633,down,stay,1,0
1775915817155,1954,1712507.7000000477,pvp,player_1,player_2,43.7,93.517,716.254,111.897,-199.064,-275.633,down,stay,1,0
1775915817155,1955,1712524.4000000954,pvp,player_1,player_2,48.556,93.517,712.936,107.303,-199.064,-275.633,down,stay,1,0
1775915817155,1956,1712541.1000000238,pvp,player_1,player_2,53.667,93.517,709.619,102.709,-199.064,-275.633,down,stay,1,0
1775915817155,1957,1712557.7000000477,pvp,player_1,player_2,59.033,93.517,706.301,98.115,-199.064,-275.633,down,stay,1,0
1775915817155,1958,1712574.4000000954,pvp,player_1,player_2,64.656,93.517,702.983,93.521,-199.064,-275.633,down,stay,1,0
1775915817155,1959,1712591.1000000238,pvp,player_1,player_2,70.533,93.517,699.665,88.927,-199.064,-275.633,down,stay,1,0
1775915817155,1960,1712607.7000000477,pvp,player_1,player_2,76.667,93.517,696.348,84.333,-199.064,-275.633,down,stay,1,0
1775915817155,1961,1712624.2000000477,pvp,player_1,player_2,83.056,93.517,693.03,79.74,-199.064,-275.633,down,stay,1,0
1775915817155,1962,1712641.1000000238,pvp,player_1,player_2,89.7,93.517,689.712,75.146,-199.064,-275.633,down,stay,1,0
1775915817155,1963,1712657.6000000238,pvp,player_1,player_2,96.6,93.517,686.394,70.552,-199.064,-275.633,down,stay,1,0
1775915817155,1964,1712674.4000000954,pvp,player_1,player_2,103.756,93.517,683.077,65.958,-199.064,-275.633,down,stay,1,0
1775915817155,1965,1712691,pvp,player_1,player_2,111.167,93.517,679.759,61.364,-199.064,-275.633,down,stay,1,0
1775915817155,1966,1712707.6000000238,pvp,player_1,player_2,118.383,93.517,676.441,56.77,-199.064,-275.633,stay,stay,1,0
1775915817155,1967,1712724.2000000477,pvp,player_1,player_2,125.406,93.517,673.124,52.176,-199.064,-275.633,stay,stay,1,0
1775915817155,1968,1712740.9000000954,pvp,player_1,player_2,132.233,93.517,669.806,47.582,-199.064,-275.633,stay,stay,1,0
1775915817155,1969,1712757.8000000715,pvp,player_1,player_2,138.867,93.517,666.488,42.988,-199.064,-275.633,stay,stay,1,0
1775915817155,1970,1712774.4000000954,pvp,player_1,player_2,145.306,93.517,663.17,38.395,-199.064,-275.633,stay,stay,1,0
1775915817155,1971,1712790.8000000715,pvp,player_1,player_2,151.55,93.517,659.853,33.801,-199.064,-275.633,stay,stay,1,0
1775915817155,1972,1712807.6000000238,pvp,player_1,player_2,157.6,93.517,656.535,29.207,-199.064,-275.633,stay,stay,1,0
1775915817155,1973,1712824.3000000715,pvp,player_1,player_2,163.456,93.517,653.217,24.613,-199.064,-275.633,stay,stay,1,0
1775915817155,1974,1712841.1000000238,pvp,player_1,player_2,169.117,93.517,649.899,20.019,-199.064,-275.633,stay,stay,1,0
1775915817155,1975,1712857.7000000477,pvp,player_1,player_2,174.583,93.517,646.582,15.425,-199.064,-275.633,stay,stay,1,0
1775915817155,1976,1712874.3000000715,pvp,player_1,player_2,179.856,93.517,643.264,10.831,-199.064,-275.633,stay,stay,1,0
1775915817155,1977,1712890.9000000954,pvp,player_1,player_2,184.933,93.517,639.946,10,-199.064,275.633,stay,stay,1,0
1775915817155,1978,1712907.7000000477,pvp,player_1,player_2,189.817,93.517,636.629,14.594,-199.064,275.633,stay,stay,1,0
1775915817155,1979,1712924.2000000477,pvp,player_1,player_2,194.506,93.517,633.311,19.188,-199.064,275.633,stay,stay,1,0
1775915817155,1980,1712941.5,pvp,player_1,player_2,199,93.517,629.993,23.782,-199.064,275.633,stay,stay,1,0
1775915817155,1981,1712958.3000000715,pvp,player_1,player_2,203.3,93.517,626.675,28.376,-199.064,275.633,stay,stay,1,0
1775915817155,1982,1712974.9000000954,pvp,player_1,player_2,207.406,93.517,623.358,32.969,-199.064,275.633,stay,stay,1,0
1775915817155,1983,1712991.7000000477,pvp,player_1,player_2,211.317,93.517,620.04,37.563,-199.064,275.633,stay,stay,1,0
1775915817155,1984,1713007.7000000477,pvp,player_1,player_2,215.033,93.517,616.722,42.157,-199.064,275.633,stay,stay,1,0
1775915817155,1985,1713024.3000000715,pvp,player_1,player_2,218.556,93.517,613.404,46.751,-199.064,275.633,stay,stay,1,0
1775915817155,1986,1713041,pvp,player_1,player_2,221.883,93.517,610.087,51.345,-199.064,275.633,stay,stay,1,0
1775915817155,1987,1713057.7000000477,pvp,player_1,player_2,225.017,93.517,606.769,55.939,-199.064,275.633,stay,stay,1,0
1775915817155,1988,1713074.9000000954,pvp,player_1,player_2,227.956,93.517,603.451,60.533,-199.064,275.633,stay,stay,1,0
1775915817155,1989,1713091.2000000477,pvp,player_1,player_2,230.7,93.517,600.134,65.127,-199.064,275.633,stay,stay,1,0
1775915817155,1990,1713107.7000000477,pvp,player_1,player_2,233.25,93.517,596.816,69.721,-199.064,275.633,stay,stay,1,0
1775915817155,1991,1713124.9000000954,pvp,player_1,player_2,235.606,93.517,593.498,74.314,-199.064,275.633,stay,stay,1,0
1775915817155,1992,1713141.8000000715,pvp,player_1,player_2,237.767,93.517,590.18,78.908,-199.064,275.633,stay,stay,1,0
1775915817155,1993,1713158.3000000715,pvp,player_1,player_2,239.733,93.517,586.863,83.502,-199.064,275.633,stay,stay,1,0
1775915817155,1994,1713175.1000000238,pvp,player_1,player_2,241.506,93.517,583.545,88.096,-199.064,275.633,stay,stay,1,0
1775915817155,1995,1713191.9000000954,pvp,player_1,player_2,243.083,93.517,580.227,92.69,-199.064,275.633,stay,stay,1,0
1775915817155,1996,1713208.6000000238,pvp,player_1,player_2,244.467,93.517,576.909,97.284,-199.064,275.633,stay,stay,1,0
1775915817155,1997,1713224.9000000954,pvp,player_1,player_2,245.656,93.517,573.592,101.878,-199.064,275.633,stay,stay,1,0
1775915817155,1998,1713241.7000000477,pvp,player_1,player_2,246.65,93.517,570.274,106.472,-199.064,275.633,stay,stay,1,0
1775915817155,1999,1713258.5,pvp,player_1,player_2,247.45,93.517,566.956,111.065,-199.064,275.633,stay,stay,1,0
1775915817155,2000,1713275.4000000954,pvp,player_1,player_2,248.056,93.517,563.638,115.659,-199.064,275.633,stay,stay,1,0
1775915817155,2001,1713292,pvp,player_1,player_2,248.467,93.517,560.321,120.253,-199.064,275.633,stay,stay,1,0
1775915817155,2002,1713308.1000000238,pvp,player_1,player_2,248.683,93.517,557.003,124.847,-199.064,275.633,stay,stay,1,0
1775915817155,2003,1713325.2000000477,pvp,player_1,player_2,248.683,93.517,553.685,129.441,-199.064,275.633,stay,stay,1,0
1775915817155,2004,1713341.8000000715,pvp,player_1,player_2,248.683,93.517,550.368,134.035,-199.064,275.633,stay,stay,1,0
1775915817155,2005,1713358.1000000238,pvp,player_1,player_2,248.683,93.517,547.05,138.629,-199.064,275.633,stay,stay,1,0
1775915817155,2006,1713374.7000000477,pvp,player_1,player_2,248.683,93.517,543.732,143.223,-199.064,275.633,stay,stay,1,0
1775915817155,2007,1713391.5,pvp,player_1,player_2,248.683,93.517,540.414,147.817,-199.064,275.633,stay,stay,1,0
1775915817155,2008,1713408.2000000477,pvp,player_1,player_2,248.683,93.517,537.097,152.41,-199.064,275.633,stay,stay,1,0
1775915817155,2009,1713425.2000000477,pvp,player_1,player_2,248.683,93.517,533.779,157.004,-199.064,275.633,stay,stay,1,0
1775915817155,2010,1713440.9000000954,pvp,player_1,player_2,248.683,93.517,530.461,161.598,-199.064,275.633,stay,stay,1,0
1775915817155,2011,1713458.3000000715,pvp,player_1,player_2,248.683,93.517,527.143,166.192,-199.064,275.633,stay,stay,1,0
1775915817155,2012,1713475.1000000238,pvp,player_1,player_2,248.683,93.517,523.826,170.786,-199.064,275.633,stay,stay,1,0
1775915817155,2013,1713491.9000000954,pvp,player_1,player_2,248.683,93.517,520.508,175.38,-199.064,275.633,stay,stay,1,0
1775915817155,2014,1713508.6000000238,pvp,player_1,player_2,248.683,93.517,517.19,179.974,-199.064,275.633,stay,stay,1,0
1775915817155,2015,1713524.6000000238,pvp,player_1,player_2,248.683,93.517,513.873,184.568,-199.064,275.633,stay,stay,1,0
1775915817155,2016,1713541.3000000715,pvp,player_1,player_2,248.683,93.517,510.555,189.162,-199.064,275.633,stay,stay,1,0
1775915817155,2017,1713558.4000000954,pvp,player_1,player_2,248.683,93.517,507.237,193.755,-199.064,275.633,stay,stay,1,0
1775915817155,2018,1713575.8000000715,pvp,player_1,player_2,248.683,93.517,503.919,198.349,-199.064,275.633,stay,stay,1,0
1775915817155,2019,1713591.9000000954,pvp,player_1,player_2,248.683,93.517,500.602,202.943,-199.064,275.633,stay,stay,1,0
1775915817155,2020,1713607.8000000715,pvp,player_1,player_2,248.683,93.517,497.284,207.537,-199.064,275.633,stay,stay,1,0
1775915817155,2021,1713625,pvp,player_1,player_2,248.683,93.517,493.966,212.131,-199.064,275.633,stay,stay,1,0
1775915817155,2022,1713641.6000000238,pvp,player_1,player_2,248.683,93.517,490.648,216.725,-199.064,275.633,stay,stay,1,0
1775915817155,2023,1713657.9000000954,pvp,player_1,player_2,248.683,93.517,487.331,221.319,-199.064,275.633,stay,stay,1,0
1775915817155,2024,1713674.6000000238,pvp,player_1,player_2,248.683,93.517,484.013,225.913,-199.064,275.633,stay,stay,1,0
1775915817155,2025,1713691.5,pvp,player_1,player_2,248.683,93.517,480.695,230.507,-199.064,275.633,stay,stay,1,0
1775915817155,2026,1713708,pvp,player_1,player_2,248.683,93.517,477.378,235.1,-199.064,275.633,stay,stay,1,0
1775915817155,2027,1713724.3000000715,pvp,player_1,player_2,248.683,93.517,474.06,239.694,-199.064,275.633,stay,stay,1,0
1775915817155,2028,1713741.5,pvp,player_1,player_2,248.683,93.517,470.742,244.288,-199.064,275.633,stay,stay,1,0
1775915817155,2029,1713758.3000000715,pvp,player_1,player_2,248.683,93.517,467.424,248.882,-199.064,275.633,stay,stay,1,0
1775915817155,2030,1713774.4000000954,pvp,player_1,player_2,248.683,93.517,464.107,253.476,-199.064,275.633,stay,stay,1,0
1775915817155,2031,1713791.9000000954,pvp,player_1,player_2,248.683,93.517,460.789,258.07,-199.064,275.633,stay,stay,1,0
1775915817155,2032,1713808.6000000238,pvp,player_1,player_2,248.683,93.517,457.471,262.664,-199.064,275.633,stay,stay,1,0
1775915817155,2033,1713825.4000000954,pvp,player_1,player_2,248.683,93.517,454.153,267.258,-199.064,275.633,stay,stay,1,0
1775915817155,2034,1713841.2000000477,pvp,player_1,player_2,248.683,93.517,450.836,271.851,-199.064,275.633,stay,stay,1,0
1775915817155,2035,1713858.4000000954,pvp,player_1,player_2,248.683,93.517,447.518,276.445,-199.064,275.633,stay,stay,1,0
1775915817155,2036,1713875,pvp,player_1,player_2,248.683,93.517,444.2,281.039,-199.064,275.633,stay,stay,1,0
1775915817155,2037,1713892,pvp,player_1,player_2,248.683,93.517,440.883,285.633,-199.064,275.633,stay,stay,1,0
1775915817155,2038,1713907.8000000715,pvp,player_1,player_2,248.683,93.517,437.565,290.227,-199.064,275.633,stay,stay,1,0
1775915817155,2039,1713925,pvp,player_1,player_2,248.683,93.517,434.247,294.821,-199.064,275.633,stay,stay,1,0
1775915817155,2040,1713941.7000000477,pvp,player_1,player_2,248.683,93.517,430.929,299.415,-199.064,275.633,stay,stay,1,0
1775915817155,2041,1713958.4000000954,pvp,player_1,player_2,248.683,93.517,427.612,304.009,-199.064,275.633,stay,stay,1,0
1775915817155,2042,1713975.1000000238,pvp,player_1,player_2,248.683,93.517,424.294,308.603,-199.064,275.633,stay,stay,1,0
1775915817155,2043,1713992,pvp,player_1,player_2,248.683,93.517,420.976,313.196,-199.064,275.633,stay,stay,1,0
1775915817155,2044,1714008.3000000715,pvp,player_1,player_2,248.683,93.517,417.658,317.79,-199.064,275.633,stay,stay,1,0
1775915817155,2045,1714025.2000000477,pvp,player_1,player_2,248.683,93.517,414.341,322.384,-199.064,275.633,stay,stay,1,0
1775915817155,2046,1714041.9000000954,pvp,player_1,player_2,248.683,93.517,411.023,326.978,-199.064,275.633,stay,stay,1,0
1775915817155,2047,1714058.3000000715,pvp,player_1,player_2,248.683,93.517,407.705,331.572,-199.064,275.633,stay,stay,1,0
1775915817155,2048,1714074.6000000238,pvp,player_1,player_2,248.683,93.517,404.388,336.166,-199.064,275.633,stay,stay,1,0
1775915817155,2049,1714091.8000000715,pvp,player_1,player_2,248.683,93.517,401.07,340.76,-199.064,275.633,stay,stay,1,0
1775915817155,2050,1714108.4000000954,pvp,player_1,player_2,248.683,93.517,397.752,345.354,-199.064,275.633,stay,stay,1,0
1775915817155,2051,1714125.1000000238,pvp,player_1,player_2,248.683,93.517,394.434,349.948,-199.064,275.633,stay,stay,1,0
1775915817155,2052,1714141.6000000238,pvp,player_1,player_2,248.683,93.517,391.117,354.541,-199.064,275.633,stay,stay,1,0
1775915817155,2053,1714158.2000000477,pvp,player_1,player_2,248.683,93.517,387.799,359.135,-199.064,275.633,stay,stay,1,0
1775915817155,2054,1714175.3000000715,pvp,player_1,player_2,248.683,93.517,384.481,363.729,-199.064,275.633,stay,stay,1,0
1775915817155,2055,1714192,pvp,player_1,player_2,248.683,93.517,381.163,368.323,-199.064,275.633,stay,stay,1,0
1775915817155,2056,1714208.4000000954,pvp,player_1,player_2,248.683,93.517,377.846,372.917,-199.064,275.633,stay,stay,1,0
1775915817155,2057,1714225.1000000238,pvp,player_1,player_2,248.683,93.517,374.528,377.511,-199.064,275.633,stay,stay,1,0
1775915817155,2058,1714241.6000000238,pvp,player_1,player_2,248.683,93.517,371.21,382.105,-199.064,275.633,stay,stay,1,0
1775915817155,2059,1714258.6000000238,pvp,player_1,player_2,248.683,93.517,367.893,386.699,-199.064,275.633,stay,stay,1,0
1775915817155,2060,1714275.4000000954,pvp,player_1,player_2,248.683,93.517,364.575,391.293,-199.064,275.633,stay,stay,1,0
1775915817155,2061,1714291.9000000954,pvp,player_1,player_2,248.683,93.517,361.257,395.886,-199.064,275.633,stay,stay,1,0
1775915817155,2062,1714307.8000000715,pvp,player_1,player_2,248.683,93.517,357.939,400.48,-199.064,275.633,stay,stay,1,0
1775915817155,2063,1714324.7000000477,pvp,player_1,player_2,248.683,93.517,354.622,405.074,-199.064,275.633,stay,stay,1,0
1775915817155,2064,1714341.7000000477,pvp,player_1,player_2,248.683,93.517,351.304,409.668,-199.064,275.633,stay,stay,1,0
1775915817155,2065,1714358.4000000954,pvp,player_1,player_2,248.683,93.517,347.986,414.262,-199.064,275.633,stay,stay,1,0
1775915817155,2066,1714375.4000000954,pvp,player_1,player_2,248.683,93.517,344.668,418.856,-199.064,275.633,stay,stay,1,0
1775915817155,2067,1714391.3000000715,pvp,player_1,player_2,248.683,93.517,341.351,423.45,-199.064,275.633,stay,stay,1,0
1775915817155,2068,1714408.3000000715,pvp,player_1,player_2,248.683,93.517,338.033,428.044,-199.064,275.633,stay,stay,1,0
1775915817155,2069,1714425.1000000238,pvp,player_1,player_2,248.683,93.517,334.715,432.638,-199.064,275.633,stay,stay,1,0
1775915817155,2070,1714442,pvp,player_1,player_2,248.683,93.517,331.397,437.231,-199.064,275.633,stay,stay,1,0
1775915817155,2071,1714458.6000000238,pvp,player_1,player_2,248.683,93.517,328.08,441.825,-199.064,275.633,stay,stay,1,0
1775915817155,2072,1714475.2000000477,pvp,player_1,player_2,248.683,93.517,324.762,446.419,-199.064,275.633,stay,stay,1,0
1775915817155,2073,1714491.7000000477,pvp,player_1,player_2,248.683,93.517,321.444,451.013,-199.064,275.633,stay,stay,1,0
1775915817155,2074,1714508.3000000715,pvp,player_1,player_2,248.683,93.517,318.127,455.607,-199.064,275.633,stay,stay,1,0
1775915817155,2075,1714525.8000000715,pvp,player_1,player_2,248.683,93.517,314.809,460.201,-199.064,275.633,stay,stay,1,0
1775915817155,2076,1714541.6000000238,pvp,player_1,player_2,248.683,93.517,311.491,464.795,-199.064,275.633,stay,stay,1,0
1775915817155,2077,1714558.1000000238,pvp,player_1,player_2,248.683,93.517,308.173,469.389,-199.064,275.633,stay,stay,1,0
1775915817155,2078,1714575.2000000477,pvp,player_1,player_2,248.683,93.517,304.856,473.982,-199.064,275.633,stay,stay,1,0
1775915817155,2079,1714591.6000000238,pvp,player_1,player_2,248.683,93.517,301.538,478.576,-199.064,275.633,stay,stay,1,0
1775915817155,2080,1714608.2000000477,pvp,player_1,player_2,248.683,93.517,298.22,483.17,-199.064,275.633,stay,stay,1,0
1775915817155,2081,1714625,pvp,player_1,player_2,248.683,93.517,294.902,487.764,-199.064,275.633,stay,stay,1,0
1775915817155,2082,1714641.7000000477,pvp,player_1,player_2,248.683,93.517,291.585,492.358,-199.064,275.633,stay,stay,1,0
1775915817155,2083,1714658.3000000715,pvp,player_1,player_2,248.683,93.517,288.267,496.952,-199.064,275.633,stay,stay,1,0
1775915817155,2084,1714675,pvp,player_1,player_2,248.683,93.517,284.949,501.546,-199.064,275.633,stay,stay,1,0
1775915817155,2085,1714691.8000000715,pvp,player_1,player_2,248.683,93.517,281.632,506.14,-199.064,275.633,stay,stay,1,0
1775915817155,2086,1714708.5,pvp,player_1,player_2,248.683,93.517,278.314,510.734,-199.064,275.633,stay,stay,1,0
1775915817155,2087,1714725.1000000238,pvp,player_1,player_2,248.683,93.517,274.996,515.327,-199.064,275.633,stay,stay,1,0
1775915817155,2088,1714741.7000000477,pvp,player_1,player_2,248.683,93.517,271.678,519.921,-199.064,275.633,stay,stay,1,0
1775915817155,2089,1714758.3000000715,pvp,player_1,player_2,248.683,93.517,268.361,524.515,-199.064,275.633,stay,stay,1,0
1775915817155,2090,1714774.3000000715,pvp,player_1,player_2,248.683,93.517,265.043,529.109,-199.064,275.633,stay,stay,1,0
1775915817155,2091,1714791.7000000477,pvp,player_1,player_2,248.683,93.517,261.725,530,-199.064,-275.633,stay,stay,1,0
1775915817155,2092,1714808.4000000954,pvp,player_1,player_2,248.683,93.517,258.407,525.406,-199.064,-275.633,stay,stay,1,0
1775915817155,2093,1714825,pvp,player_1,player_2,248.683,93.517,255.09,520.812,-199.064,-275.633,stay,stay,1,0
1775915817155,2094,1714841.7000000477,pvp,player_1,player_2,248.683,93.517,251.772,516.218,-199.064,-275.633,stay,stay,1,0
1775915817155,2095,1714858.4000000954,pvp,player_1,player_2,248.683,93.517,248.454,511.624,-199.064,-275.633,stay,stay,1,0
1775915817155,2096,1714875,pvp,player_1,player_2,248.683,93.517,245.137,507.031,-199.064,-275.633,stay,stay,1,0
1775915817155,2097,1714891.9000000954,pvp,player_1,player_2,248.683,93.517,241.819,502.437,-199.064,-275.633,stay,stay,1,0
1775915817155,2098,1714908.2000000477,pvp,player_1,player_2,248.683,93.517,238.501,497.843,-199.064,-275.633,stay,stay,1,0
1775915817155,2099,1714925.3000000715,pvp,player_1,player_2,248.683,93.517,235.183,493.249,-199.064,-275.633,stay,stay,1,0
1775915817155,2100,1714941.5,pvp,player_1,player_2,248.683,93.517,231.866,488.655,-199.064,-275.633,stay,stay,1,0
1775915817155,2101,1714958.8000000715,pvp,player_1,player_2,248.683,93.517,228.548,484.061,-199.064,-275.633,stay,stay,1,0
1775915817155,2102,1714975,pvp,player_1,player_2,248.683,93.517,225.23,479.467,-199.064,-275.633,stay,stay,1,0
1775915817155,2103,1714991.8000000715,pvp,player_1,player_2,248.683,93.517,221.912,474.873,-199.064,-275.633,stay,stay,1,0
1775915817155,2104,1715008.1000000238,pvp,player_1,player_2,248.683,93.517,218.595,470.279,-199.064,-275.633,stay,stay,1,0
1775915817155,2105,1715024.5,pvp,player_1,player_2,248.683,93.517,215.277,465.686,-199.064,-275.633,stay,stay,1,0
1775915817155,2106,1715041.6000000238,pvp,player_1,player_2,248.683,93.517,211.959,461.092,-199.064,-275.633,stay,stay,1,0
1775915817155,2107,1715058.5,pvp,player_1,player_2,248.683,93.517,208.642,456.498,-199.064,-275.633,stay,stay,1,0
1775915817155,2108,1715075.2000000477,pvp,player_1,player_2,248.683,93.517,205.324,451.904,-199.064,-275.633,stay,stay,1,0
1775915817155,2109,1715091.7000000477,pvp,player_1,player_2,248.683,93.517,202.006,447.31,-199.064,-275.633,stay,stay,1,0
1775915817155,2110,1715108.3000000715,pvp,player_1,player_2,248.683,93.517,198.688,442.716,-199.064,-275.633,stay,stay,1,0
1775915817155,2111,1715124.9000000954,pvp,player_1,player_2,248.683,93.517,195.371,438.122,-199.064,-275.633,stay,stay,1,0
1775915817155,2112,1715141.8000000715,pvp,player_1,player_2,248.683,93.517,192.053,433.528,-199.064,-275.633,stay,stay,1,0
1775915817155,2113,1715158.5,pvp,player_1,player_2,248.683,93.517,188.735,428.935,-199.064,-275.633,stay,stay,1,0
1775915817155,2114,1715175.1000000238,pvp,player_1,player_2,248.683,93.517,185.417,424.341,-199.064,-275.633,stay,stay,1,0
1775915817155,2115,1715192,pvp,player_1,player_2,248.683,93.517,182.1,419.747,-199.064,-275.633,stay,stay,1,0
1775915817155,2116,1715208.7000000477,pvp,player_1,player_2,248.683,93.517,178.782,415.153,-199.064,-275.633,stay,stay,1,0
1775915817155,2117,1715225.3000000715,pvp,player_1,player_2,248.683,93.517,175.464,410.559,-199.064,-275.633,stay,stay,1,0
1775915817155,2118,1715241.7000000477,pvp,player_1,player_2,248.683,93.517,172.147,405.965,-199.064,-275.633,stay,stay,1,0
1775915817155,2119,1715258.6000000238,pvp,player_1,player_2,248.683,93.517,168.829,401.371,-199.064,-275.633,stay,stay,1,0
1775915817155,2120,1715274.5,pvp,player_1,player_2,248.683,93.517,165.511,396.777,-199.064,-275.633,stay,stay,1,0
1775915817155,2121,1715291.1000000238,pvp,player_1,player_2,248.683,93.517,162.193,392.183,-199.064,-275.633,stay,stay,1,0
1775915817155,2122,1715308.4000000954,pvp,player_1,player_2,248.683,93.517,158.876,387.59,-199.064,-275.633,stay,stay,1,0
1775915817155,2123,1715325,pvp,player_1,player_2,248.683,93.517,155.558,382.996,-199.064,-275.633,stay,stay,1,0
1775915817155,2124,1715341.4000000954,pvp,player_1,player_2,248.683,93.517,152.24,378.402,-199.064,-275.633,stay,stay,1,0
1775915817155,2125,1715358.4000000954,pvp,player_1,player_2,248.683,93.517,148.922,373.808,-199.064,-275.633,stay,stay,1,0
1775915817155,2126,1715375,pvp,player_1,player_2,248.683,93.517,145.605,369.214,-199.064,-275.633,stay,stay,1,0
1775915817155,2127,1715392,pvp,player_1,player_2,248.683,93.517,142.287,364.62,-199.064,-275.633,stay,stay,1,0
1775915817155,2128,1715408.4000000954,pvp,player_1,player_2,248.683,93.517,138.969,360.026,-199.064,-275.633,stay,stay,1,0
1775915817155,2129,1715425.4000000954,pvp,player_1,player_2,248.683,93.517,135.652,355.432,-199.064,-275.633,stay,stay,1,0
1775915817155,2130,1715441.8000000715,pvp,player_1,player_2,248.683,93.517,132.334,350.838,-199.064,-275.633,stay,stay,1,0
1775915817155,2131,1715458.3000000715,pvp,player_1,player_2,248.683,93.517,129.016,346.245,-199.064,-275.633,stay,stay,1,0
1775915817155,2132,1715475,pvp,player_1,player_2,248.683,93.517,125.698,341.651,-199.064,-275.633,stay,stay,1,0
1775915817155,2133,1715491.6000000238,pvp,player_1,player_2,248.683,93.517,122.381,337.057,-199.064,-275.633,stay,stay,1,0
1775915817155,2134,1715508.2000000477,pvp,player_1,player_2,248.683,93.517,119.063,332.463,-199.064,-275.633,stay,stay,1,0
1775915817155,2135,1715524.5,pvp,player_1,player_2,248.428,93.517,115.745,327.869,-199.064,-275.633,up,stay,1,0
1775915817155,2136,1715541.2000000477,pvp,player_1,player_2,247.917,93.517,112.427,323.275,-199.064,-275.633,up,stay,1,0
1775915817155,2137,1715558.7000000477,pvp,player_1,player_2,247.15,93.517,109.11,318.681,-199.064,-275.633,up,stay,1,0
1775915817155,2138,1715575,pvp,player_1,player_2,246.128,93.517,105.792,314.087,-199.064,-275.633,up,stay,1,0
1775915817155,2139,1715591.4000000954,pvp,player_1,player_2,244.85,93.517,102.474,309.493,-199.064,-275.633,up,stay,1,0
1775915817155,2140,1715608.5,pvp,player_1,player_2,243.317,93.517,99.156,304.9,-199.064,-275.633,up,stay,1,0
1775915817155,2141,1715625.2000000477,pvp,player_1,player_2,241.528,93.517,95.839,300.306,-199.064,-275.633,up,stay,1,0
1775915817155,2142,1715641.7000000477,pvp,player_1,player_2,239.483,93.517,92.521,295.712,-199.064,-275.633,up,stay,1,0
1775915817155,2143,1715658.4000000954,pvp,player_1,player_2,237.183,93.517,89.203,291.118,-199.064,-275.633,up,stay,1,0
1775915817155,2144,1715675.3000000715,pvp,player_1,player_2,234.628,93.517,85.886,286.524,-199.064,-275.633,up,stay,1,0
1775915817155,2145,1715691.7000000477,pvp,player_1,player_2,231.817,93.517,82.568,281.93,-199.064,-275.633,up,stay,1,0
1775915817155,2146,1715708.4000000954,pvp,player_1,player_2,228.75,93.517,79.25,277.336,-199.064,-275.633,up,stay,1,0
1775915817155,2147,1715725.2000000477,pvp,player_1,player_2,225.428,93.517,75.932,272.742,-199.064,-275.633,up,stay,1,0
1775915817155,2148,1715741.3000000715,pvp,player_1,player_2,221.85,93.517,72.615,268.149,-199.064,-275.633,up,stay,1,0
1775915817155,2149,1715758.5,pvp,player_1,player_2,218.017,93.517,69.297,263.555,-199.064,-275.633,up,stay,1,0
1775915817155,2150,1715774.6000000238,pvp,player_1,player_2,213.928,93.517,65.979,258.961,-199.064,-275.633,up,stay,1,0
1775915817155,2151,1715791.6000000238,pvp,player_1,player_2,209.583,93.517,62.661,254.367,-199.064,-275.633,up,stay,1,0
1775915817155,2152,1715807.9000000954,pvp,player_1,player_2,204.983,93.517,59.344,249.773,-199.064,-275.633,up,stay,1,0
1775915817155,2153,1715824.5,pvp,player_1,player_2,200.128,93.517,56.026,245.179,-199.064,-275.633,up,stay,1,0
1775915817155,2154,1715840.9000000954,pvp,player_1,player_2,195.017,93.517,52.708,240.585,-199.064,-275.633,up,stay,1,0
1775915817155,2155,1715857.6000000238,pvp,player_1,player_2,189.65,93.517,49.391,235.991,-199.064,-275.633,up,stay,1,0
1775915817155,2156,1715874.8000000715,pvp,player_1,player_2,184.028,93.517,48,231.397,359.96,-5.363,up,stay,1,0
1775915817155,2157,1715891.5,pvp,player_1,player_2,178.15,93.517,53.999,231.308,359.96,-5.363,up,stay,1,0
1775915817155,2158,1715908.3000000715,pvp,player_1,player_2,172.017,93.517,59.999,231.219,359.96,-5.363,up,stay,1,0
1775915817155,2159,1715925.1000000238,pvp,player_1,player_2,165.628,93.517,65.998,231.129,359.96,-5.363,up,stay,1,0
1775915817155,2160,1715941.6000000238,pvp,player_1,player_2,158.983,93.517,71.997,231.04,359.96,-5.363,up,stay,1,0
1775915817155,2161,1715957.8000000715,pvp,player_1,player_2,152.083,93.517,77.997,230.95,359.96,-5.363,up,stay,1,0
1775915817155,2162,1715974.7000000477,pvp,player_1,player_2,144.928,93.517,83.996,230.861,359.96,-5.363,up,stay,1,0
1775915817155,2163,1715991.6000000238,pvp,player_1,player_2,137.517,93.517,89.995,230.772,359.96,-5.363,up,stay,1,0
1775915817155,2164,1716008.2000000477,pvp,player_1,player_2,129.85,93.517,95.995,230.682,359.96,-5.363,up,stay,1,0
1775915817155,2165,1716024.6000000238,pvp,player_1,player_2,122.183,93.517,101.994,230.593,359.96,-5.363,up,stay,1,0
1775915817155,2166,1716041.5,pvp,player_1,player_2,114.517,93.517,107.993,230.504,359.96,-5.363,up,stay,1,0
1775915817155,2167,1716058.4000000954,pvp,player_1,player_2,106.85,93.517,113.993,230.414,359.96,-5.363,up,stay,1,0
1775915817155,2168,1716075,pvp,player_1,player_2,99.183,93.517,119.992,230.325,359.96,-5.363,up,stay,1,0
1775915817155,2169,1716091.6000000238,pvp,player_1,player_2,91.517,93.517,125.991,230.235,359.96,-5.363,up,stay,1,0
1775915817155,2170,1716108.4000000954,pvp,player_1,player_2,83.85,93.517,131.991,230.146,359.96,-5.363,up,stay,1,0
1775915817155,2171,1716124.8000000715,pvp,player_1,player_2,76.183,93.517,137.99,230.057,359.96,-5.363,up,stay,1,0
1775915817155,2172,1716141.5,pvp,player_1,player_2,68.517,93.517,143.989,229.967,359.96,-5.363,up,stay,1,0
1775915817155,2173,1716158.5,pvp,player_1,player_2,60.85,93.517,149.989,229.878,359.96,-5.363,up,stay,1,0
1775915817155,2174,1716174.7000000477,pvp,player_1,player_2,53.183,93.517,155.988,229.788,359.96,-5.363,up,stay,1,0
1775915817155,2175,1716191.1000000238,pvp,player_1,player_2,45.711,93.517,161.987,229.699,359.96,-5.363,stay,stay,1,0
1775915817155,2176,1716208.2000000477,pvp,player_1,player_2,38.433,93.517,167.987,229.61,359.96,-5.363,stay,stay,1,0
1775915817155,2177,1716225.1000000238,pvp,player_1,player_2,31.35,93.517,173.986,229.52,359.96,-5.363,stay,stay,1,0
1775915817155,2178,1716241.5,pvp,player_1,player_2,24.461,93.517,179.985,229.431,359.96,-5.363,stay,stay,1,0
1775915817155,2179,1716258.4000000954,pvp,player_1,player_2,17.767,93.517,185.985,229.342,359.96,-5.363,stay,stay,1,0
1775915817155,2180,1716274.9000000954,pvp,player_1,player_2,11.267,93.517,191.984,229.252,359.96,-5.363,stay,stay,1,0
1775915817155,2181,1716291.5,pvp,player_1,player_2,4.961,93.517,197.983,229.163,359.96,-5.363,stay,stay,1,0
1775915817155,2182,1716308.3000000715,pvp,player_1,player_2,0,93.517,203.983,229.073,359.96,-5.363,stay,stay,1,0
1775915817155,2183,1716325.1000000238,pvp,player_1,player_2,0,93.517,209.982,228.984,359.96,-5.363,stay,stay,1,0
1775915817155,2184,1716341.8000000715,pvp,player_1,player_2,0,93.517,215.981,228.895,359.96,-5.363,stay,stay,1,0
1775915817155,2185,1716358.2000000477,pvp,player_1,player_2,0,93.517,221.981,228.805,359.96,-5.363,stay,stay,1,0
1775915817155,2186,1716374.9000000954,pvp,player_1,player_2,0,93.517,227.98,228.716,359.96,-5.363,stay,stay,1,0
1775915817155,2187,1716391.8000000715,pvp,player_1,player_2,0,93.517,233.979,228.626,359.96,-5.363,stay,stay,1,0
1775915817155,2188,1716408.1000000238,pvp,player_1,player_2,0,93.517,239.979,228.537,359.96,-5.363,stay,stay,1,0
1775915817155,2189,1716424.2000000477,pvp,player_1,player_2,0,93.517,245.978,228.448,359.96,-5.363,stay,stay,1,0
1775915817155,2190,1716440.8000000715,pvp,player_1,player_2,0,93.517,251.977,228.358,359.96,-5.363,stay,stay,1,0
1775915817155,2191,1716458,pvp,player_1,player_2,0,93.517,257.977,228.269,359.96,-5.363,stay,stay,1,0
1775915817155,2192,1716474.6000000238,pvp,player_1,player_2,0,93.517,263.976,228.179,359.96,-5.363,stay,stay,1,0
1775915817155,2193,1716491.4000000954,pvp,player_1,player_2,0,93.517,269.975,228.09,359.96,-5.363,stay,stay,1,0
1775915817155,2194,1716508.2000000477,pvp,player_1,player_2,0,93.517,275.975,228.001,359.96,-5.363,stay,stay,1,0
1775915817155,2195,1716524.7000000477,pvp,player_1,player_2,0,93.517,281.974,227.911,359.96,-5.363,stay,stay,1,0
1775915817155,2196,1716541.2000000477,pvp,player_1,player_2,0,93.517,287.973,227.822,359.96,-5.363,stay,stay,1,0
1775915817155,2197,1716557.9000000954,pvp,player_1,player_2,0,93.517,293.973,227.733,359.96,-5.363,stay,stay,1,0
1775915817155,2198,1716574.5,pvp,player_1,player_2,0,93.517,299.972,227.643,359.96,-5.363,stay,stay,1,0
1775915817155,2199,1716591.4000000954,pvp,player_1,player_2,0,93.517,305.971,227.554,359.96,-5.363,stay,stay,1,0
1775915817155,2200,1716607.9000000954,pvp,player_1,player_2,0,93.517,311.971,227.464,359.96,-5.363,stay,stay,1,0
1775915817155,2201,1716624.7000000477,pvp,player_1,player_2,0,93.517,317.97,227.375,359.96,-5.363,stay,stay,1,0
1775915817155,2202,1716641.6000000238,pvp,player_1,player_2,0,93.517,323.969,227.286,359.96,-5.363,stay,stay,1,0
1775915817155,2203,1716658.5,pvp,player_1,player_2,0,93.517,329.969,227.196,359.96,-5.363,stay,stay,1,0
1775915817155,2204,1716675.1000000238,pvp,player_1,player_2,0,93.517,335.968,227.107,359.96,-5.363,stay,stay,1,0
1775915817155,2205,1716691.4000000954,pvp,player_1,player_2,0,93.517,341.967,227.017,359.96,-5.363,stay,stay,1,0
1775915817155,2206,1716707.8000000715,pvp,player_1,player_2,0,93.517,347.967,226.928,359.96,-5.363,stay,stay,1,0
1775915817155,2207,1716725,pvp,player_1,player_2,0,93.517,353.966,226.839,359.96,-5.363,stay,stay,1,0
1775915817155,2208,1716741.5,pvp,player_1,player_2,0,93.517,359.965,226.749,359.96,-5.363,stay,stay,1,0
1775915817155,2209,1716757.7000000477,pvp,player_1,player_2,0,93.517,365.965,226.66,359.96,-5.363,stay,stay,1,0
1775915817155,2210,1716774.3000000715,pvp,player_1,player_2,0,93.517,371.964,226.57,359.96,-5.363,stay,stay,1,0
1775915817155,2211,1716791.2000000477,pvp,player_1,player_2,0,93.517,377.963,226.481,359.96,-5.363,stay,stay,1,0
1775915817155,2212,1716808.3000000715,pvp,player_1,player_2,0,93.517,383.963,226.392,359.96,-5.363,stay,stay,1,0
1775915817155,2213,1716824.2000000477,pvp,player_1,player_2,0,93.517,389.962,226.302,359.96,-5.363,stay,stay,1,0
1775915817155,2214,1716840.8000000715,pvp,player_1,player_2,0,93.517,395.961,226.213,359.96,-5.363,stay,stay,1,0
1775915817155,2215,1716857.8000000715,pvp,player_1,player_2,0,93.517,401.961,226.124,359.96,-5.363,stay,stay,1,0
1775915817155,2216,1716874.8000000715,pvp,player_1,player_2,0,93.517,407.96,226.034,359.96,-5.363,stay,stay,1,0
1775915817155,2217,1716891.5,pvp,player_1,player_2,0,93.517,413.959,225.945,359.96,-5.363,stay,stay,1,0
1775915817155,2218,1716907.7000000477,pvp,player_1,player_2,0,93.517,419.959,225.855,359.96,-5.363,stay,stay,1,0
1775915817155,2219,1716924.4000000954,pvp,player_1,player_2,0,93.517,425.958,225.766,359.96,-5.363,stay,stay,1,0
1775915817155,2220,1716941.5,pvp,player_1,player_2,0,93.517,431.957,225.677,359.96,-5.363,stay,stay,1,0
1775915817155,2221,1716957.8000000715,pvp,player_1,player_2,0,93.517,437.957,225.587,359.96,-5.363,stay,stay,1,0
1775915817155,2222,1716974.8000000715,pvp,player_1,player_2,0,93.517,443.956,225.498,359.96,-5.363,stay,stay,1,0
1775915817155,2223,1716991.7000000477,pvp,player_1,player_2,0,93.517,449.955,225.408,359.96,-5.363,stay,stay,1,0
1775915817155,2224,1717008.4000000954,pvp,player_1,player_2,0,93.517,455.955,225.319,359.96,-5.363,stay,stay,1,0
1775915817155,2225,1717024.9000000954,pvp,player_1,player_2,0,93.517,461.954,225.23,359.96,-5.363,stay,stay,1,0
1775915817155,2226,1717041.6000000238,pvp,player_1,player_2,0,93.517,467.953,225.14,359.96,-5.363,stay,stay,1,0
1775915817155,2227,1717058,pvp,player_1,player_2,0,93.517,473.953,225.051,359.96,-5.363,stay,stay,1,0
1775915817155,2228,1717074.6000000238,pvp,player_1,player_2,0,93.517,479.952,224.962,359.96,-5.363,stay,stay,1,0
1775915817155,2229,1717091.7000000477,pvp,player_1,player_2,0,93.772,485.951,224.872,359.96,-5.363,stay,down,1,0
1775915817155,2230,1717108.1000000238,pvp,player_1,player_2,0,94.283,491.951,224.783,359.96,-5.363,stay,down,1,0
1775915817155,2231,1717124.9000000954,pvp,player_1,player_2,0,95.05,497.95,224.693,359.96,-5.363,stay,down,1,0
1775915817155,2232,1717141.5,pvp,player_1,player_2,0,96.072,503.949,224.604,359.96,-5.363,stay,down,1,0
1775915817155,2233,1717158.6000000238,pvp,player_1,player_2,0,97.35,509.949,224.515,359.96,-5.363,stay,down,1,0
1775915817155,2234,1717174.9000000954,pvp,player_1,player_2,0,98.883,515.948,224.425,359.96,-5.363,stay,down,1,0
1775915817155,2235,1717191.4000000954,pvp,player_1,player_2,0,100.672,521.947,224.336,359.96,-5.363,stay,down,1,0
1775915817155,2236,1717208.3000000715,pvp,player_1,player_2,0,102.267,527.947,224.246,359.96,-5.363,stay,stay,1,0
1775915817155,2237,1717225,pvp,player_1,player_2,0,103.667,533.946,224.157,359.96,-5.363,stay,stay,1,0
1775915817155,2238,1717241.5,pvp,player_1,player_2,0,104.872,539.945,224.068,359.96,-5.363,stay,stay,1,0
1775915817155,2239,1717258.1000000238,pvp,player_1,player_2,0,105.883,545.945,223.978,359.96,-5.363,stay,stay,1,0
1775915817155,2240,1717274.7000000477,pvp,player_1,player_2,0,106.7,551.944,223.889,359.96,-5.363,stay,stay,1,0
1775915817155,2241,1717291.4000000954,pvp,player_1,player_2,0,107.322,557.943,223.799,359.96,-5.363,stay,stay,1,0
1775915817155,2242,1717308.2000000477,pvp,player_1,player_2,0,107.75,563.943,223.71,359.96,-5.363,stay,stay,1,0
1775915817155,2243,1717324.8000000715,pvp,player_1,player_2,0,107.983,569.942,223.621,359.96,-5.363,stay,stay,1,0
1775915817155,2244,1717341.6000000238,pvp,player_1,player_2,0,107.983,575.941,223.531,359.96,-5.363,stay,stay,1,0
1775915817155,2245,1717358.5,pvp,player_1,player_2,0,107.983,581.941,223.442,359.96,-5.363,stay,stay,1,0
1775915817155,2246,1717374.8000000715,pvp,player_1,player_2,0,107.983,587.94,223.353,359.96,-5.363,stay,stay,1,0
1775915817155,2247,1717391.4000000954,pvp,player_1,player_2,0,107.983,593.939,223.263,359.96,-5.363,stay,stay,1,0
1775915817155,2248,1717408,pvp,player_1,player_2,0,108.239,599.939,223.174,359.96,-5.363,stay,down,1,0
1775915817155,2249,1717424.8000000715,pvp,player_1,player_2,0,108.75,605.938,223.084,359.96,-5.363,stay,down,1,0
1775915817155,2250,1717441.2000000477,pvp,player_1,player_2,0,109.517,611.937,222.995,359.96,-5.363,stay,down,1,0
1775915817155,2251,1717457.7000000477,pvp,player_1,player_2,0,110.539,617.937,222.906,359.96,-5.363,stay,down,1,0
1775915817155,2252,1717474.9000000954,pvp,player_1,player_2,0,111.817,623.936,222.816,359.96,-5.363,stay,down,1,0
1775915817155,2253,1717491.5,pvp,player_1,player_2,0,113.35,629.935,222.727,359.96,-5.363,stay,down,1,0
1775915817155,2254,1717508.2000000477,pvp,player_1,player_2,0,115.139,635.935,222.637,359.96,-5.363,stay,down,1,0
1775915817155,2255,1717524.8000000715,pvp,player_1,player_2,0,117.183,641.934,222.548,359.96,-5.363,stay,down,1,0
1775915817155,2256,1717541.2000000477,pvp,player_1,player_2,0,119.483,647.933,222.459,359.96,-5.363,stay,down,1,0
1775915817155,2257,1717557.9000000954,pvp,player_1,player_2,0,122.039,653.933,222.369,359.96,-5.363,stay,down,1,0
1775915817155,2258,1717574.5,pvp,player_1,player_2,0,124.85,659.932,222.28,359.96,-5.363,stay,down,1,0
1775915817155,2259,1717591.2000000477,pvp,player_1,player_2,0,127.917,665.931,222.191,359.96,-5.363,stay,down,1,0
1775915817155,2260,1717608.2000000477,pvp,player_1,player_2,0,131.239,671.931,222.101,359.96,-5.363,stay,down,1,0
1775915817155,2261,1717624.9000000954,pvp,player_1,player_2,0,134.817,677.93,222.012,359.96,-5.363,stay,down,1,0
1775915817155,2262,1717640.9000000954,pvp,player_1,player_2,0,138.65,683.929,221.922,359.96,-5.363,stay,down,1,0
1775915817155,2263,1717658,pvp,player_1,player_2,0,142.739,689.929,221.833,359.96,-5.363,stay,down,1,0
1775915817155,2264,1717674.6000000238,pvp,player_1,player_2,0,147.083,695.928,221.744,359.96,-5.363,stay,down,1,0
1775915817155,2265,1717691.6000000238,pvp,player_1,player_2,0,151.683,701.927,221.654,359.96,-5.363,stay,down,1,0
1775915817155,2266,1717707.8000000715,pvp,player_1,player_2,0,156.539,707.927,221.565,359.96,-5.363,stay,down,1,0
1775915817155,2267,1717724.7000000477,pvp,player_1,player_2,0,161.65,713.926,221.475,359.96,-5.363,stay,down,1,0
1775915817155,2268,1717741.4000000954,pvp,player_1,player_2,0,167.017,719.925,221.386,359.96,-5.363,stay,down,1,0
1775915817155,2269,1717757.5,pvp,player_1,player_2,0,172.189,725.925,221.297,359.96,-5.363,stay,stay,1,0
1775915817155,2270,1717774.3000000715,pvp,player_1,player_2,0,177.167,731.924,221.207,359.96,-5.363,stay,stay,1,0
1775915817155,2271,1717791.3000000715,pvp,player_1,player_2,0,181.95,737.923,221.118,359.96,-5.363,stay,stay,1,0
1775915817155,2272,1717808,pvp,player_1,player_2,0,186.539,743.923,221.028,359.96,-5.363,stay,stay,1,0
1775915817155,2273,1717824.9000000954,pvp,player_1,player_2,0,190.933,749.922,220.939,359.96,-5.363,stay,stay,1,0
1775915817155,2274,1717841.5,pvp,player_1,player_2,0,195.133,755.921,220.85,359.96,-5.363,stay,stay,1,0
1775915817155,2275,1717858.3000000715,pvp,player_1,player_2,0,199.139,761.921,220.76,359.96,-5.363,stay,stay,1,0
1775915817155,2276,1717874.9000000954,pvp,player_1,player_2,0,202.95,767.92,220.671,359.96,-5.363,stay,stay,1,0
1775915817155,2277,1717891.9000000954,pvp,player_1,player_2,0,206.567,773.919,220.582,359.96,-5.363,stay,stay,1,0
1775915817155,2278,1717908.3000000715,pvp,player_1,player_2,0,209.989,779.919,220.492,359.96,-5.363,stay,stay,1,0
1775915817155,2279,1717924.5,pvp,player_1,player_2,0,213.217,785.918,220.403,359.96,-5.363,stay,stay,1,0
1775915817155,2280,1717941.2000000477,pvp,player_1,player_2,0,216.25,791.917,220.313,359.96,-5.363,stay,stay,1,0
1775915817155,2281,1717958.1000000238,pvp,player_1,player_2,0,219.089,797.917,220.224,359.96,-5.363,stay,stay,1,0
1775915817155,2282,1717974.7000000477,pvp,player_1,player_2,0,221.567,803.916,220.135,359.96,-5.363,stay,up,1,0
1775915817155,2283,1717991.6000000238,pvp,player_1,player_2,0,223.683,809.915,220.045,359.96,-5.363,stay,up,1,0
1775915817155,2284,1718008.4000000954,pvp,player_1,player_2,0,225.439,815.915,219.956,359.96,-5.363,stay,up,1,0
1775915817155,2285,1718024.9000000954,pvp,player_1,player_2,0,226.833,821.914,219.866,359.96,-5.363,stay,up,1,0
1775915817155,2286,1718040.8000000715,pvp,player_1,player_2,0,227.867,827.913,219.777,359.96,-5.363,stay,up,1,0
1775915817155,2287,1718057.7000000477,pvp,player_1,player_2,0,228.539,833.913,219.688,359.96,-5.363,stay,up,1,0
1775915817155,2288,1718074.6000000238,pvp,player_1,player_2,0,228.85,839.912,219.598,359.96,-5.363,stay,up,1,0
1775915817155,2289,1718091.2000000477,pvp,player_1,player_2,0,228.8,845.911,219.509,359.96,-5.363,stay,up,1,0
1775915817155,2290,1718108.1000000238,pvp,player_1,player_2,0,228.494,851.911,219.419,359.96,-5.363,stay,up,1,0
1775915817155,2291,1718125,pvp,player_1,player_2,0,227.933,857.91,219.33,359.96,-5.363,stay,up,1,0
1775915817155,2292,1718141.7000000477,pvp,player_1,player_2,0,227.117,863.909,219.241,359.96,-5.363,stay,up,1,0
1775915817155,2293,1718157.9000000954,pvp,player_1,player_2,0,226.044,869.909,219.151,359.96,-5.363,stay,up,1,0
1775915817155,2294,1718174.6000000238,pvp,player_1,player_2,0,224.717,875.908,219.062,359.96,-5.363,stay,up,1,0
1775915817155,2295,1718191.6000000238,pvp,player_1,player_2,0,223.133,881.907,218.973,359.96,-5.363,stay,up,1,0
1775915817155,2296,1718208.2000000477,pvp,player_1,player_2,0,221.294,887.907,218.883,359.96,-5.363,stay,up,1,0
1775915817155,2297,1718224.8000000715,pvp,player_1,player_2,0,219.2,893.906,218.794,359.96,-5.363,stay,up,1,0
1775915817155,2298,1718241.8000000715,pvp,player_1,player_2,0,216.85,899.905,218.704,359.96,-5.363,stay,up,1,0
1775915817155,2299,1718258.2000000477,pvp,player_1,player_2,0,214.244,905.905,218.615,359.96,-5.363,stay,up,1,0
1775915817155,2300,1718274.6000000238,pvp,player_1,player_2,0,211.383,911.904,218.526,359.96,-5.363,stay,up,1,0
1775915817155,2301,1718291.6000000238,pvp,player_1,player_2,0,208.267,912,218.436,-237.961,-296.268,stay,up,1,0
1775915817155,2302,1718308.1000000238,pvp,player_1,player_2,0,204.894,908.034,213.498,-237.961,-296.268,stay,up,1,0
1775915817155,2303,1718325.1000000238,pvp,player_1,player_2,0,201.267,904.068,208.561,-237.961,-296.268,stay,up,1,0
1775915817155,2304,1718341.5,pvp,player_1,player_2,0,197.383,900.102,203.623,-237.961,-296.268,stay,up,1,0
1775915817155,2305,1718358.3000000715,pvp,player_1,player_2,0,193.244,896.136,198.685,-237.961,-296.268,stay,up,1,0
1775915817155,2306,1718374.6000000238,pvp,player_1,player_2,0,188.85,892.17,193.747,-237.961,-296.268,stay,up,1,0
1775915817155,2307,1718391.2000000477,pvp,player_1,player_2,0,184.2,888.204,188.809,-237.961,-296.268,stay,up,1,0
1775915817155,2308,1718408.2000000477,pvp,player_1,player_2,0,179.294,884.238,183.872,-237.961,-296.268,stay,up,1,0
1775915817155,2309,1718424.9000000954,pvp,player_1,player_2,0,174.133,880.272,178.934,-237.961,-296.268,stay,up,1,0
1775915817155,2310,1718440.8000000715,pvp,player_1,player_2,0,168.717,876.306,173.996,-237.961,-296.268,stay,up,1,0
1775915817155,2311,1718457.9000000954,pvp,player_1,player_2,0,163.044,872.34,169.058,-237.961,-296.268,stay,up,1,0
1775915817155,2312,1718474.5,pvp,player_1,player_2,0,157.117,868.374,164.12,-237.961,-296.268,stay,up,1,0
1775915817155,2313,1718491.3000000715,pvp,player_1,player_2,0,150.933,864.408,159.183,-237.961,-296.268,stay,up,1,0
1775915817155,2314,1718507.8000000715,pvp,player_1,player_2,0,144.494,860.442,154.245,-237.961,-296.268,stay,up,1,0
1775915817155,2315,1718525,pvp,player_1,player_2,0,137.8,856.476,149.307,-237.961,-296.268,stay,up,1,0
1775915817155,2316,1718541.4000000954,pvp,player_1,player_2,0,130.85,852.51,144.369,-237.961,-296.268,stay,up,1,0
1775915817155,2317,1718558.2000000477,pvp,player_1,player_2,0,123.644,848.544,139.432,-237.961,-296.268,stay,up,1,0
1775915817155,2318,1718575.2000000477,pvp,player_1,player_2,0,116.183,844.578,134.494,-237.961,-296.268,stay,up,1,0
1775915817155,2319,1718591.2000000477,pvp,player_1,player_2,0,108.517,840.612,129.556,-237.961,-296.268,stay,up,1,0
1775915817155,2320,1718607.8000000715,pvp,player_1,player_2,0,100.85,836.646,124.618,-237.961,-296.268,stay,up,1,0
1775915817155,2321,1718624.8000000715,pvp,player_1,player_2,0,93.183,832.68,119.68,-237.961,-296.268,stay,up,1,0
1775915817155,2322,1718641,pvp,player_1,player_2,0,85.517,828.714,114.743,-237.961,-296.268,stay,up,1,0
1775915817155,2323,1718657.7000000477,pvp,player_1,player_2,0,77.85,824.748,109.805,-237.961,-296.268,stay,up,1,0
1775915817155,2324,1718674.7000000477,pvp,player_1,player_2,0,70.183,820.782,104.867,-237.961,-296.268,stay,up,1,0
1775915817155,2325,1718691.4000000954,pvp,player_1,player_2,0,62.517,816.816,99.929,-237.961,-296.268,stay,up,1,0
1775915817155,2326,1718708.1000000238,pvp,player_1,player_2,0,54.85,812.85,94.991,-237.961,-296.268,stay,up,1,0
1775915817155,2327,1718724.4000000954,pvp,player_1,player_2,0,47.183,808.884,90.054,-237.961,-296.268,stay,up,1,0
1775915817155,2328,1718741.4000000954,pvp,player_1,player_2,0,39.517,804.918,85.116,-237.961,-296.268,stay,up,1,0
1775915817155,2329,1718757.7000000477,pvp,player_1,player_2,0,31.85,800.952,80.178,-237.961,-296.268,stay,up,1,0
1775915817155,2330,1718774.2000000477,pvp,player_1,player_2,0,24.378,796.986,75.24,-237.961,-296.268,stay,stay,1,0
1775915817155,2331,1718791.2000000477,pvp,player_1,player_2,0,17.1,793.019,70.302,-237.961,-296.268,stay,stay,1,0
1775915817155,2332,1718808.2000000477,pvp,player_1,player_2,0,10.017,789.053,65.365,-237.961,-296.268,stay,stay,1,0
1775915817155,2333,1718825.1000000238,pvp,player_1,player_2,0,3.128,785.087,60.427,-237.961,-296.268,stay,stay,1,0
1775915817155,2334,1718841.1000000238,pvp,player_1,player_2,0,0,781.121,55.489,-237.961,-296.268,stay,stay,1,0
1775915817155,2335,1718857.9000000954,pvp,player_1,player_2,0,0,777.155,50.551,-237.961,-296.268,stay,stay,1,0
1775915817155,2336,1718874.4000000954,pvp,player_1,player_2,0,0,773.189,45.613,-237.961,-296.268,stay,stay,1,0
1775915817155,2337,1718891.2000000477,pvp,player_1,player_2,0,0,769.223,40.676,-237.961,-296.268,stay,stay,1,0
1775915817155,2338,1718907.7000000477,pvp,player_1,player_2,0,0,765.257,35.738,-237.961,-296.268,stay,stay,1,0
1775915817155,2339,1718924.3000000715,pvp,player_1,player_2,0,0,761.291,30.8,-237.961,-296.268,stay,stay,1,0
1775915817155,2340,1718941.2000000477,pvp,player_1,player_2,0,0,757.325,25.862,-237.961,-296.268,stay,stay,1,0
1775915817155,2341,1718958.2000000477,pvp,player_1,player_2,0,0,753.359,20.924,-237.961,-296.268,stay,stay,1,0
1775915817155,2342,1718974.8000000715,pvp,player_1,player_2,0,0,749.393,15.987,-237.961,-296.268,stay,stay,1,0
1775915817155,2343,1718991.3000000715,pvp,player_1,player_2,0,0,745.427,11.049,-237.961,-296.268,stay,stay,1,0
1775915817155,2344,1719008.2000000477,pvp,player_1,player_2,0,0,741.461,10,-237.961,296.268,stay,stay,1,0
1775915817155,2345,1719025,pvp,player_1,player_2,0,0,737.495,14.938,-237.961,296.268,stay,stay,1,0
1775915817155,2346,1719041.5,pvp,player_1,player_2,0,0,733.529,19.876,-237.961,296.268,stay,stay,1,0
1775915817155,2347,1719057.6000000238,pvp,player_1,player_2,0,0,729.563,24.813,-237.961,296.268,stay,stay,1,0
1775915817155,2348,1719074.8000000715,pvp,player_1,player_2,0,0,725.597,29.751,-237.961,296.268,stay,stay,1,0
1775915817155,2349,1719091.3000000715,pvp,player_1,player_2,0,0,721.631,34.689,-237.961,296.268,stay,stay,1,0
1775915817155,2350,1719108.2000000477,pvp,player_1,player_2,0,0,717.665,39.627,-237.961,296.268,stay,stay,1,0
1775915817155,2351,1719124.9000000954,pvp,player_1,player_2,0,0,713.699,44.565,-237.961,296.268,stay,stay,1,0
1775915817155,2352,1719141.1000000238,pvp,player_1,player_2,0,0,709.733,49.502,-237.961,296.268,stay,stay,1,0
1775915817155,2353,1719158.1000000238,pvp,player_1,player_2,0,0,705.767,54.44,-237.961,296.268,stay,stay,1,0
1775915817155,2354,1719174.9000000954,pvp,player_1,player_2,0,0,701.801,59.378,-237.961,296.268,stay,stay,1,0
1775915817155,2355,1719191.5,pvp,player_1,player_2,0,0,697.835,64.316,-237.961,296.268,stay,stay,1,0
1775915817155,2356,1719208.2000000477,pvp,player_1,player_2,0,0,693.869,69.254,-237.961,296.268,stay,stay,1,0
1775915817155,2357,1719224.9000000954,pvp,player_1,player_2,0,0,689.903,74.191,-237.961,296.268,stay,stay,1,0
1775915817155,2358,1719241.4000000954,pvp,player_1,player_2,0,0,685.937,79.129,-237.961,296.268,stay,stay,1,0
1775915817155,2359,1719258.1000000238,pvp,player_1,player_2,0,0,681.971,84.067,-237.961,296.268,stay,stay,1,0
1775915817155,2360,1719274.8000000715,pvp,player_1,player_2,0,0,678.005,89.005,-237.961,296.268,stay,stay,1,0
1775915817155,2361,1719291.3000000715,pvp,player_1,player_2,0,0,674.039,93.943,-237.961,296.268,stay,stay,1,0
1775915817155,2362,1719308.2000000477,pvp,player_1,player_2,0,0,670.073,98.88,-237.961,296.268,stay,stay,1,0
1775915817155,2363,1719325.1000000238,pvp,player_1,player_2,0,0,666.107,103.818,-237.961,296.268,stay,stay,1,0
1775915817155,2364,1719342.1000000238,pvp,player_1,player_2,0,0,662.141,108.756,-237.961,296.268,stay,stay,1,0
1775915817155,2365,1719358,pvp,player_1,player_2,0,0,658.175,113.694,-237.961,296.268,stay,stay,1,0
1775915817155,2366,1719374.6000000238,pvp,player_1,player_2,0,0,654.209,118.631,-237.961,296.268,stay,stay,1,0
1775915817155,2367,1719391.3000000715,pvp,player_1,player_2,0,0,650.243,123.569,-237.961,296.268,stay,stay,1,0
1775915817155,2368,1719408.2000000477,pvp,player_1,player_2,0,0,646.277,128.507,-237.961,296.268,stay,stay,1,0
1775915817155,2369,1719424.5,pvp,player_1,player_2,0,0,642.311,133.445,-237.961,296.268,stay,stay,1,0
1775915817155,2370,1719441.2000000477,pvp,player_1,player_2,0,0,638.345,138.383,-237.961,296.268,stay,stay,1,0
1775915817155,2371,1719457.5,pvp,player_1,player_2,0,0,634.379,143.32,-237.961,296.268,stay,stay,1,0
1775915817155,2372,1719474.1000000238,pvp,player_1,player_2,0,0,630.413,148.258,-237.961,296.268,stay,stay,1,0
1775915817155,2373,1719491.3000000715,pvp,player_1,player_2,0,0,626.447,153.196,-237.961,296.268,stay,stay,1,0
1775915817155,2374,1719507.9000000954,pvp,player_1,player_2,0,0,622.481,158.134,-237.961,296.268,stay,stay,1,0
1775915817155,2375,1719525,pvp,player_1,player_2,0,0,618.515,163.072,-237.961,296.268,stay,stay,1,0
1775915817155,2376,1719541.4000000954,pvp,player_1,player_2,0,0,614.549,168.009,-237.961,296.268,stay,stay,1,0
1775915817155,2377,1719558.4000000954,pvp,player_1,player_2,0,0,610.583,172.947,-237.961,296.268,stay,stay,1,0
1775915817155,2378,1719574.8000000715,pvp,player_1,player_2,0,0,606.617,177.885,-237.961,296.268,stay,stay,1,0
1775915817155,2379,1719591.8000000715,pvp,player_1,player_2,0,0,602.651,182.823,-237.961,296.268,stay,stay,1,0
1775915817155,2380,1719607.8000000715,pvp,player_1,player_2,0,0,598.685,187.761,-237.961,296.268,stay,stay,1,0
1775915817155,2381,1719624.5,pvp,player_1,player_2,0,0,594.719,192.698,-237.961,296.268,stay,stay,1,0
1775915817155,2382,1719641.3000000715,pvp,player_1,player_2,0,0,590.753,197.636,-237.961,296.268,stay,stay,1,0
1775915817155,2383,1719657.5,pvp,player_1,player_2,0,0,586.787,202.574,-237.961,296.268,stay,stay,1,0
1775915817155,2384,1719674.7000000477,pvp,player_1,player_2,0,0,582.821,207.512,-237.961,296.268,stay,stay,1,0
1775915817155,2385,1719691.5,pvp,player_1,player_2,0,0,578.855,212.45,-237.961,296.268,stay,stay,1,0
1775915817155,2386,1719708.1000000238,pvp,player_1,player_2,0.256,0,574.889,217.387,-237.961,296.268,down,stay,1,0
1775915817155,2387,1719724.8000000715,pvp,player_1,player_2,0.767,0,570.923,222.325,-237.961,296.268,down,stay,1,0
1775915817155,2388,1719741.6000000238,pvp,player_1,player_2,1.533,0,566.957,227.263,-237.961,296.268,down,stay,1,0
1775915817155,2389,1719758,pvp,player_1,player_2,2.556,0,562.99,232.201,-237.961,296.268,down,stay,1,0
1775915817155,2390,1719774.7000000477,pvp,player_1,player_2,3.833,0,559.024,237.139,-237.961,296.268,down,stay,1,0
1775915817155,2391,1719791.3000000715,pvp,player_1,player_2,5.367,0,555.058,242.076,-237.961,296.268,down,stay,1,0
1775915817155,2392,1719808.2000000477,pvp,player_1,player_2,7.156,0,551.092,247.014,-237.961,296.268,down,stay,1,0
1775915817155,2393,1719825,pvp,player_1,player_2,9.2,0,547.126,251.952,-237.961,296.268,down,stay,1,0
1775915817155,2394,1719840.8000000715,pvp,player_1,player_2,11.5,0,543.16,256.89,-237.961,296.268,down,stay,1,0
1775915817155,2395,1719857.3000000715,pvp,player_1,player_2,14.056,0,539.194,261.828,-237.961,296.268,down,stay,1,0
1775915817155,2396,1719874,pvp,player_1,player_2,16.867,0,535.228,266.765,-237.961,296.268,down,stay,1,0
1775915817155,2397,1719890.8000000715,pvp,player_1,player_2,19.933,0,531.262,271.703,-237.961,296.268,down,stay,1,0
1775915817155,2398,1719907.3000000715,pvp,player_1,player_2,23.256,0,527.296,276.641,-237.961,296.268,down,stay,1,0
1775915817155,2399,1719924.1000000238,pvp,player_1,player_2,26.833,0,523.33,281.579,-237.961,296.268,down,stay,1,0
1775915817155,2400,1719940.8000000715,pvp,player_1,player_2,30.667,0,519.364,286.517,-237.961,296.268,down,stay,1,0
1775915817155,2401,1719957.3000000715,pvp,player_1,player_2,34.756,0,515.398,291.454,-237.961,296.268,down,stay,1,0
1775915817155,2402,1719974,pvp,player_1,player_2,39.1,0,511.432,296.392,-237.961,296.268,down,stay,1,0
1775915817155,2403,1719990.7000000477,pvp,player_1,player_2,43.7,0,507.466,301.33,-237.961,296.268,down,stay,1,0
1775915817155,2404,1720007.4000000954,pvp,player_1,player_2,48.556,0,503.5,306.268,-237.961,296.268,down,stay,1,0
1775915817155,2405,1720024.5,pvp,player_1,player_2,53.667,0,499.534,311.205,-237.961,296.268,down,stay,1,0
1775915817155,2406,1720041,pvp,player_1,player_2,59.033,0,495.568,316.143,-237.961,296.268,down,stay,1,0
1775915817155,2407,1720057.5,pvp,player_1,player_2,64.656,0,491.602,321.081,-237.961,296.268,down,stay,1,0
1775915817155,2408,1720074.1000000238,pvp,player_1,player_2,70.533,0,487.636,326.019,-237.961,296.268,down,stay,1,0
1775915817155,2409,1720090.8000000715,pvp,player_1,player_2,76.667,0,483.67,330.957,-237.961,296.268,down,stay,1,0
1775915817155,2410,1720107.5,pvp,player_1,player_2,83.056,0,479.704,335.894,-237.961,296.268,down,stay,1,0
1775915817155,2411,1720124.2000000477,pvp,player_1,player_2,89.7,0,475.738,340.832,-237.961,296.268,down,stay,1,0
1775915817155,2412,1720140.7000000477,pvp,player_1,player_2,96.6,0,471.772,345.77,-237.961,296.268,down,stay,1,0
1775915817155,2413,1720157.5,pvp,player_1,player_2,103.306,0,467.806,350.708,-237.961,296.268,stay,stay,1,0
1775915817155,2414,1720174,pvp,player_1,player_2,109.817,0,463.84,355.646,-237.961,296.268,stay,stay,1,0
1775915817155,2415,1720191,pvp,player_1,player_2,116.133,0,459.874,360.583,-237.961,296.268,stay,stay,1,0
1775915817155,2416,1720207.5,pvp,player_1,player_2,122.256,0,455.908,365.521,-237.961,296.268,stay,stay,1,0
1775915817155,2417,1720224.2000000477,pvp,player_1,player_2,128.183,0,451.942,370.459,-237.961,296.268,stay,stay,1,0
1775915817155,2418,1720241,pvp,player_1,player_2,133.917,0,447.976,375.397,-237.961,296.268,stay,stay,1,0
1775915817155,2419,1720257.6000000238,pvp,player_1,player_2,139.456,0,444.01,380.335,-237.961,296.268,stay,stay,1,0
1775915817155,2420,1720274.1000000238,pvp,player_1,player_2,144.8,0,440.044,385.272,-237.961,296.268,stay,stay,1,0
1775915817155,2421,1720290.7000000477,pvp,player_1,player_2,149.95,0,436.078,390.21,-237.961,296.268,stay,stay,1,0
1775915817155,2422,1720307.4000000954,pvp,player_1,player_2,154.906,0,432.112,395.148,-237.961,296.268,stay,stay,1,0
1775915817155,2423,1720324.4000000954,pvp,player_1,player_2,159.667,0,428.146,400.086,-237.961,296.268,stay,stay,1,0
1775915817155,2424,1720340.8000000715,pvp,player_1,player_2,164.233,0,424.18,405.024,-237.961,296.268,stay,stay,1,0
1775915817155,2425,1720357.5,pvp,player_1,player_2,168.606,0,420.214,409.961,-237.961,296.268,stay,stay,1,0
1775915817155,2426,1720374.2000000477,pvp,player_1,player_2,172.783,0,416.248,414.899,-237.961,296.268,stay,stay,1,0
1775915817155,2427,1720390.9000000954,pvp,player_1,player_2,176.767,0,412.282,419.837,-237.961,296.268,stay,stay,1,0
1775915817155,2428,1720407.8000000715,pvp,player_1,player_2,180.556,0,408.316,424.775,-237.961,296.268,stay,stay,1,0
1775915817155,2429,1720424.3000000715,pvp,player_1,player_2,184.15,0,404.35,429.713,-237.961,296.268,stay,stay,1,0
1775915817155,2430,1720440.7000000477,pvp,player_1,player_2,187.55,0,400.384,434.65,-237.961,296.268,stay,stay,1,0
1775915817155,2431,1720458.2000000477,pvp,player_1,player_2,190.756,0,396.418,439.588,-237.961,296.268,stay,stay,1,0
1775915817155,2432,1720474.3000000715,pvp,player_1,player_2,193.767,0,392.452,444.526,-237.961,296.268,stay,stay,1,0
1775915817155,2433,1720491.4000000954,pvp,player_1,player_2,196.583,0,388.486,449.464,-237.961,296.268,stay,stay,1,0
1775915817155,2434,1720508.2000000477,pvp,player_1,player_2,199.206,0,384.52,454.402,-237.961,296.268,stay,stay,1,0
1775915817155,2435,1720524.1000000238,pvp,player_1,player_2,201.633,0,380.554,459.339,-237.961,296.268,stay,stay,1,0
1775915817155,2436,1720540.9000000954,pvp,player_1,player_2,203.867,0,376.588,464.277,-237.961,296.268,stay,stay,1,0
1775915817155,2437,1720557.5,pvp,player_1,player_2,205.906,0,372.622,469.215,-237.961,296.268,stay,stay,1,0
1775915817155,2438,1720574.2000000477,pvp,player_1,player_2,207.75,0,368.656,474.153,-237.961,296.268,stay,stay,1,0
1775915817155,2439,1720590.7000000477,pvp,player_1,player_2,209.4,0,364.69,479.091,-237.961,296.268,stay,stay,1,0
1775915817155,2440,1720607.4000000954,pvp,player_1,player_2,210.856,0,360.724,484.028,-237.961,296.268,stay,stay,1,0
1775915817155,2441,1720624.2000000477,pvp,player_1,player_2,212.117,0,356.758,488.966,-237.961,296.268,stay,stay,1,0
1775915817155,2442,1720640.8000000715,pvp,player_1,player_2,213.183,0,352.792,493.904,-237.961,296.268,stay,stay,1,0
1775915817155,2443,1720657.7000000477,pvp,player_1,player_2,214.056,0,348.826,498.842,-237.961,296.268,stay,stay,1,0
1775915817155,2444,1720674.1000000238,pvp,player_1,player_2,214.733,0,344.86,503.779,-237.961,296.268,stay,stay,1,0
1775915817155,2445,1720691.2000000477,pvp,player_1,player_2,215.217,0,340.894,508.717,-237.961,296.268,stay,stay,1,0
1775915817155,2446,1720708.2000000477,pvp,player_1,player_2,215.506,0,336.928,513.655,-237.961,296.268,stay,stay,1,0
1775915817155,2447,1720724.6000000238,pvp,player_1,player_2,215.506,0,332.961,518.593,-237.961,296.268,stay,stay,1,0
1775915817155,2448,1720741.7000000477,pvp,player_1,player_2,215.506,0,328.995,523.531,-237.961,296.268,stay,stay,1,0
1775915817155,2449,1720758.4000000954,pvp,player_1,player_2,215.506,0,325.029,528.468,-237.961,296.268,stay,stay,1,0
1775915817155,2450,1720774.7000000477,pvp,player_1,player_2,215.506,0,321.063,530,-237.961,-296.268,stay,stay,1,0
1775915817155,2451,1720791.1000000238,pvp,player_1,player_2,215.506,0,317.097,525.062,-237.961,-296.268,stay,stay,1,0
1775915817155,2452,1720808.2000000477,pvp,player_1,player_2,215.506,0,313.131,520.124,-237.961,-296.268,stay,stay,1,0
1775915817155,2453,1720824.5,pvp,player_1,player_2,215.506,0,309.165,515.187,-237.961,-296.268,stay,stay,1,0
1775915817155,2454,1720841.7000000477,pvp,player_1,player_2,215.506,0,305.199,510.249,-237.961,-296.268,stay,stay,1,0
1775915817155,2455,1720858.3000000715,pvp,player_1,player_2,215.506,0,301.233,505.311,-237.961,-296.268,stay,stay,1,0
1775915817155,2456,1720874.2000000477,pvp,player_1,player_2,215.506,0,297.267,500.373,-237.961,-296.268,stay,stay,1,0
1775915817155,2457,1720891.3000000715,pvp,player_1,player_2,215.506,0,293.301,495.435,-237.961,-296.268,stay,stay,1,0
1775915817155,2458,1720907.8000000715,pvp,player_1,player_2,215.506,0,289.335,490.498,-237.961,-296.268,stay,stay,1,0
1775915817155,2459,1720924.6000000238,pvp,player_1,player_2,215.506,0,285.369,485.56,-237.961,-296.268,stay,stay,1,0
1775915817155,2460,1720941.4000000954,pvp,player_1,player_2,215.506,0,281.403,480.622,-237.961,-296.268,stay,stay,1,0
1775915817155,2461,1720958.3000000715,pvp,player_1,player_2,215.506,0,277.437,475.684,-237.961,-296.268,stay,stay,1,0
1775915817155,2462,1720974.8000000715,pvp,player_1,player_2,215.506,0,273.471,470.746,-237.961,-296.268,stay,stay,1,0
1775915817155,2463,1720991.6000000238,pvp,player_1,player_2,215.506,0,269.505,465.809,-237.961,-296.268,stay,stay,1,0
1775915817155,2464,1721008.4000000954,pvp,player_1,player_2,215.506,0,265.539,460.871,-237.961,-296.268,stay,stay,1,0
1775915817155,2465,1721025.2000000477,pvp,player_1,player_2,215.506,0,261.573,455.933,-237.961,-296.268,stay,stay,1,0
1775915817155,2466,1721041.6000000238,pvp,player_1,player_2,215.506,0,257.607,450.995,-237.961,-296.268,stay,stay,1,0
1775915817155,2467,1721058.4000000954,pvp,player_1,player_2,215.506,0,253.641,446.057,-237.961,-296.268,stay,stay,1,0
1775915817155,2468,1721074.9000000954,pvp,player_1,player_2,215.506,0,249.675,441.12,-237.961,-296.268,stay,stay,1,0
1775915817155,2469,1721090.8000000715,pvp,player_1,player_2,215.506,0,245.709,436.182,-237.961,-296.268,stay,stay,1,0
1775915817155,2470,1721107.4000000954,pvp,player_1,player_2,215.506,0,241.743,431.244,-237.961,-296.268,stay,stay,1,0
1775915817155,2471,1721124.1000000238,pvp,player_1,player_2,215.506,0,237.777,426.306,-237.961,-296.268,stay,stay,1,0
1775915817155,2472,1721141.2000000477,pvp,player_1,player_2,215.506,0,233.811,421.369,-237.961,-296.268,stay,stay,1,0
1775915817155,2473,1721157.8000000715,pvp,player_1,player_2,215.506,0,229.845,416.431,-237.961,-296.268,stay,stay,1,0
1775915817155,2474,1721174.4000000954,pvp,player_1,player_2,215.506,0,225.879,411.493,-237.961,-296.268,stay,stay,1,0
1775915817155,2475,1721191.3000000715,pvp,player_1,player_2,215.506,0,221.913,406.555,-237.961,-296.268,stay,stay,1,0
1775915817155,2476,1721208.2000000477,pvp,player_1,player_2,215.506,0,217.947,401.617,-237.961,-296.268,stay,stay,1,0
1775915817155,2477,1721225.1000000238,pvp,player_1,player_2,215.506,0,213.981,396.68,-237.961,-296.268,stay,stay,1,0
1775915817155,2478,1721241.6000000238,pvp,player_1,player_2,215.506,0,210.015,391.742,-237.961,-296.268,stay,stay,1,0
1775915817155,2479,1721258.7000000477,pvp,player_1,player_2,215.506,0,206.049,386.804,-237.961,-296.268,stay,stay,1,0
1775915817155,2480,1721274.5,pvp,player_1,player_2,215.506,0,202.083,381.866,-237.961,-296.268,stay,stay,1,0
1775915817155,2481,1721291.8000000715,pvp,player_1,player_2,215.506,0,198.117,376.928,-237.961,-296.268,stay,stay,1,0
1775915817155,2482,1721307.6000000238,pvp,player_1,player_2,215.506,0,194.151,371.991,-237.961,-296.268,stay,stay,1,0
1775915817155,2483,1721324.4000000954,pvp,player_1,player_2,215.506,0,190.185,367.053,-237.961,-296.268,stay,stay,1,0
1775915817155,2484,1721340.7000000477,pvp,player_1,player_2,215.506,0,186.219,362.115,-237.961,-296.268,stay,stay,1,0
1775915817155,2485,1721357.6000000238,pvp,player_1,player_2,215.506,0,182.253,357.177,-237.961,-296.268,stay,stay,1,0
1775915817155,2486,1721374,pvp,player_1,player_2,215.506,0,178.287,352.239,-237.961,-296.268,stay,stay,1,0
1775915817155,2487,1721390.8000000715,pvp,player_1,player_2,215.506,0,174.321,347.302,-237.961,-296.268,stay,stay,1,0
1775915817155,2488,1721407.6000000238,pvp,player_1,player_2,215.506,0,170.355,342.364,-237.961,-296.268,stay,stay,1,0
1775915817155,2489,1721424.1000000238,pvp,player_1,player_2,215.506,0,166.389,337.426,-237.961,-296.268,stay,stay,1,0
1775915817155,2490,1721440.9000000954,pvp,player_1,player_2,215.506,0,162.423,332.488,-237.961,-296.268,stay,stay,1,0
1775915817155,2491,1721457.7000000477,pvp,player_1,player_2,215.506,0,158.457,327.55,-237.961,-296.268,stay,stay,1,0
1775915817155,2492,1721474.1000000238,pvp,player_1,player_2,215.506,0,154.491,322.613,-237.961,-296.268,stay,stay,1,0
1775915817155,2493,1721491.1000000238,pvp,player_1,player_2,215.506,0,150.525,317.675,-237.961,-296.268,stay,stay,1,0
1775915817155,2494,1721507.9000000954,pvp,player_1,player_2,215.506,0,146.559,312.737,-237.961,-296.268,stay,stay,1,0
1775915817155,2495,1721524.8000000715,pvp,player_1,player_2,215.506,0,142.593,307.799,-237.961,-296.268,stay,stay,1,0
1775915817155,2496,1721541.5,pvp,player_1,player_2,215.506,0,138.627,302.861,-237.961,-296.268,stay,stay,1,0
1775915817155,2497,1721558.4000000954,pvp,player_1,player_2,215.506,0,134.661,297.924,-237.961,-296.268,stay,stay,1,0
1775915817155,2498,1721574.7000000477,pvp,player_1,player_2,215.506,0,130.695,292.986,-237.961,-296.268,stay,stay,1,0
1775915817155,2499,1721590.7000000477,pvp,player_1,player_2,215.506,0,126.729,288.048,-237.961,-296.268,stay,stay,1,0
1775915817155,2500,1721607.4000000954,pvp,player_1,player_2,215.506,0,122.763,283.11,-237.961,-296.268,stay,stay,1,0
1775915817155,2501,1721624,pvp,player_1,player_2,215.506,0,118.797,278.172,-237.961,-296.268,stay,stay,1,0
1775915817155,2502,1721640.7000000477,pvp,player_1,player_2,215.506,0,114.831,273.235,-237.961,-296.268,stay,stay,1,0
1775915817155,2503,1721657.3000000715,pvp,player_1,player_2,215.506,0,110.865,268.297,-237.961,-296.268,stay,stay,1,0
1775915817155,2504,1721674,pvp,player_1,player_2,215.506,0,106.899,263.359,-237.961,-296.268,stay,stay,1,0
1775915817155,2505,1721690.7000000477,pvp,player_1,player_2,215.506,0,102.933,258.421,-237.961,-296.268,stay,stay,1,0
1775915817155,2506,1721707.4000000954,pvp,player_1,player_2,215.25,0,98.966,253.483,-237.961,-296.268,up,stay,1,0
1775915817155,2507,1721724.1000000238,pvp,player_1,player_2,214.739,0,95,248.546,-237.961,-296.268,up,stay,1,0
1775915817155,2508,1721740.7000000477,pvp,player_1,player_2,213.972,0,91.034,243.608,-237.961,-296.268,up,stay,1,0
1775915817155,2509,1721757.3000000715,pvp,player_1,player_2,212.95,0,87.068,238.67,-237.961,-296.268,up,stay,1,0
1775915817155,2510,1721774,pvp,player_1,player_2,211.672,0,83.102,233.732,-237.961,-296.268,up,stay,1,0
1775915817155,2511,1721790.7000000477,pvp,player_1,player_2,210.139,0,79.136,228.795,-237.961,-296.268,up,stay,1,0
1775915817155,2512,1721807.3000000715,pvp,player_1,player_2,208.35,0,75.17,223.857,-237.961,-296.268,up,stay,1,0
1775915817155,2513,1721824,pvp,player_1,player_2,206.306,0,71.204,218.919,-237.961,-296.268,up,stay,1,0
1775915817155,2514,1721840.7000000477,pvp,player_1,player_2,204.006,0,67.238,213.981,-237.961,-296.268,up,stay,1,0
1775915817155,2515,1721857.3000000715,pvp,player_1,player_2,201.45,0,63.272,209.043,-237.961,-296.268,up,stay,1,0
1775915817155,2516,1721874,pvp,player_1,player_2,198.639,0,59.306,204.106,-237.961,-296.268,up,stay,1,0
1775915817155,2517,1721890.6000000238,pvp,player_1,player_2,195.572,0,55.34,199.168,-237.961,-296.268,up,stay,1,0
1775915817155,2518,1721907.3000000715,pvp,player_1,player_2,192.25,0,51.374,194.23,-237.961,-296.268,up,stay,1,0
1775915817155,2519,1721924.1000000238,pvp,player_1,player_2,188.672,0,48,189.292,174.341,-360.007,up,stay,1,0
1775915817155,2520,1721940.6000000238,pvp,player_1,player_2,184.839,0,50.906,183.292,174.341,-360.007,up,stay,1,0
1775915817155,2521,1721957.4000000954,pvp,player_1,player_2,180.75,0,53.811,177.292,174.341,-360.007,up,stay,1,0
1775915817155,2522,1721974.1000000238,pvp,player_1,player_2,176.406,0,56.717,171.292,174.341,-360.007,up,stay,1,0
1775915817155,2523,1721990.6000000238,pvp,player_1,player_2,171.806,0,59.623,165.292,174.341,-360.007,up,stay,1,0
1775915817155,2524,1722007.3000000715,pvp,player_1,player_2,166.95,0,62.528,159.292,174.341,-360.007,up,stay,1,0
1775915817155,2525,1722024.1000000238,pvp,player_1,player_2,161.839,0,65.434,153.291,174.341,-360.007,up,stay,1,0
1775915817155,2526,1722040.8000000715,pvp,player_1,player_2,156.472,0,68.34,147.291,174.341,-360.007,up,stay,1,0
1775915817155,2527,1722057.6000000238,pvp,player_1,player_2,150.85,0,71.245,141.291,174.341,-360.007,up,stay,1,0
1775915817155,2528,1722074.2000000477,pvp,player_1,player_2,144.972,0,74.151,135.291,174.341,-360.007,up,stay,1,0
1775915817155,2529,1722090.9000000954,pvp,player_1,player_2,138.839,0,77.057,129.291,174.341,-360.007,up,stay,1,0
1775915817155,2530,1722108.1000000238,pvp,player_1,player_2,132.45,0,79.962,123.291,174.341,-360.007,up,stay,1,0
1775915817155,2531,1722124.4000000954,pvp,player_1,player_2,125.806,0,82.868,117.291,174.341,-360.007,up,stay,1,0
1775915817155,2532,1722141.3000000715,pvp,player_1,player_2,118.906,0,85.774,111.291,174.341,-360.007,up,stay,1,0
1775915817155,2533,1722158.3000000715,pvp,player_1,player_2,111.75,0,88.679,105.29,174.341,-360.007,up,stay,1,0
1775915817155,2534,1722175,pvp,player_1,player_2,104.339,0,91.585,99.29,174.341,-360.007,up,stay,1,0
1775915817155,2535,1722191.5,pvp,player_1,player_2,96.672,0,94.491,93.29,174.341,-360.007,up,stay,1,0
1775915817155,2536,1722208,pvp,player_1,player_2,89.006,0,97.396,87.29,174.341,-360.007,up,stay,1,0
1775915817155,2537,1722225.1000000238,pvp,player_1,player_2,81.339,0,100.302,81.29,174.341,-360.007,up,stay,1,0
1775915817155,2538,1722241.4000000954,pvp,player_1,player_2,73.672,0,103.208,75.29,174.341,-360.007,up,stay,1,0
1775915817155,2539,1722258.3000000715,pvp,player_1,player_2,66.006,0,106.114,69.29,174.341,-360.007,up,stay,1,0
1775915817155,2540,1722275.1000000238,pvp,player_1,player_2,58.339,0,109.019,63.29,174.341,-360.007,up,stay,1,0
1775915817155,2541,1722291.4000000954,pvp,player_1,player_2,50.672,0,111.925,57.289,174.341,-360.007,up,stay,1,0
1775915817155,2542,1722307.8000000715,pvp,player_1,player_2,43.006,0,114.831,51.289,174.341,-360.007,up,stay,1,0
1775915817155,2543,1722325.2000000477,pvp,player_1,player_2,35.339,0,117.736,45.289,174.341,-360.007,up,stay,1,0
1775915817155,2544,1722341.1000000238,pvp,player_1,player_2,27.672,0,120.642,39.289,174.341,-360.007,up,stay,1,0
1775915817155,2545,1722357.8000000715,pvp,player_1,player_2,20.006,0,123.548,33.289,174.341,-360.007,up,stay,1,0
1775915817155,2546,1722374.4000000954,pvp,player_1,player_2,12.339,0,126.453,27.289,174.341,-360.007,up,stay,1,0
1775915817155,2547,1722391.5,pvp,player_1,player_2,4.672,0,129.359,21.289,174.341,-360.007,up,stay,1,0
1775915817155,2548,1722408.2000000477,pvp,player_1,player_2,0,0,132.265,15.289,174.341,-360.007,up,stay,1,0
1775915817155,2549,1722425.1000000238,pvp,player_1,player_2,0,0,135.17,10,174.341,360.007,up,stay,1,0
1775915817155,2550,1722441.4000000954,pvp,player_1,player_2,0,0,138.076,16,174.341,360.007,stay,stay,1,0
1775915817155,2551,1722458.4000000954,pvp,player_1,player_2,0,0,140.982,22,174.341,360.007,stay,stay,1,0
1775915817155,2552,1722474.8000000715,pvp,player_1,player_2,0,0,143.887,28,174.341,360.007,stay,stay,1,0
1775915817155,2553,1722490.9000000954,pvp,player_1,player_2,0,0,146.793,34,174.341,360.007,stay,stay,1,0
1775915817155,2554,1722508.1000000238,pvp,player_1,player_2,0,0,149.699,40.001,174.341,360.007,stay,stay,1,0
1775915817155,2555,1722525,pvp,player_1,player_2,0,0,152.604,46.001,174.341,360.007,stay,stay,1,0
1775915817155,2556,1722541.7000000477,pvp,player_1,player_2,0,0,155.51,52.001,174.341,360.007,stay,stay,1,0
1775915817155,2557,1722558.3000000715,pvp,player_1,player_2,0,0,158.416,58.001,174.341,360.007,stay,stay,1,0
1775915817155,2558,1722575.1000000238,pvp,player_1,player_2,0,0,161.321,64.001,174.341,360.007,stay,stay,1,0
1775915817155,2559,1722591.2000000477,pvp,player_1,player_2,0,0,164.227,70.001,174.341,360.007,stay,stay,1,0
1775915817155,2560,1722607.7000000477,pvp,player_1,player_2,0,0,167.133,76.001,174.341,360.007,stay,stay,1,0
1775915817155,2561,1722624.4000000954,pvp,player_1,player_2,0,0,170.038,82.001,174.341,360.007,stay,stay,1,0
1775915817155,2562,1722641.5,pvp,player_1,player_2,0,0,172.944,88.002,174.341,360.007,stay,stay,1,0
1775915817155,2563,1722658.1000000238,pvp,player_1,player_2,0,0,175.85,94.002,174.341,360.007,stay,stay,1,0
1775915817155,2564,1722675.1000000238,pvp,player_1,player_2,0,0,178.755,100.002,174.341,360.007,stay,stay,1,0
1775915817155,2565,1722691.3000000715,pvp,player_1,player_2,0,0,181.661,106.002,174.341,360.007,stay,stay,1,0
1775915817155,2566,1722708.3000000715,pvp,player_1,player_2,0,0,184.567,112.002,174.341,360.007,stay,stay,1,0
1775915817155,2567,1722724.8000000715,pvp,player_1,player_2,0,0,187.472,118.002,174.341,360.007,stay,stay,1,0
1775915817155,2568,1722741.1000000238,pvp,player_1,player_2,0,0,190.378,124.002,174.341,360.007,stay,stay,1,0
1775915817155,2569,1722758.3000000715,pvp,player_1,player_2,0,0,193.284,130.002,174.341,360.007,stay,stay,1,0
1775915817155,2570,1722774.2000000477,pvp,player_1,player_2,0,0,196.189,136.003,174.341,360.007,stay,stay,1,0
1775915817155,2571,1722791.1000000238,pvp,player_1,player_2,0,0,199.095,142.003,174.341,360.007,stay,stay,1,0
1775915817155,2572,1722808.1000000238,pvp,player_1,player_2,0,0,202.001,148.003,174.341,360.007,stay,stay,1,0
1775915817155,2573,1722823.9000000954,pvp,player_1,player_2,0,0,204.907,154.003,174.341,360.007,stay,stay,1,0
1775915817155,2574,1722840.8000000715,pvp,player_1,player_2,0,0,207.812,160.003,174.341,360.007,stay,stay,1,0
1775915817155,2575,1722858.1000000238,pvp,player_1,player_2,0,0,210.718,166.003,174.341,360.007,stay,stay,1,0
1775915817155,2576,1722874.8000000715,pvp,player_1,player_2,0,0,213.624,172.003,174.341,360.007,stay,stay,1,0
1775915817155,2577,1722891.3000000715,pvp,player_1,player_2,0,0,216.529,178.003,174.341,360.007,stay,stay,1,0
1775915817155,2578,1722908.5,pvp,player_1,player_2,0,0,219.435,184.004,174.341,360.007,stay,stay,1,0
1775915817155,2579,1722925.2000000477,pvp,player_1,player_2,0,0,222.341,190.004,174.341,360.007,stay,stay,1,0
1775915817155,2580,1722941.5,pvp,player_1,player_2,0,0,225.246,196.004,174.341,360.007,stay,stay,1,0
1775915817155,2581,1722958.5,pvp,player_1,player_2,0,0,228.152,202.004,174.341,360.007,stay,stay,1,0
1775915817155,2582,1722975,pvp,player_1,player_2,0,0,231.058,208.004,174.341,360.007,stay,stay,1,0
1775915817155,2583,1722991.5,pvp,player_1,player_2,0,0,233.963,214.004,174.341,360.007,stay,stay,1,0
1775915817155,2584,1723008.4000000954,pvp,player_1,player_2,0,0,236.869,220.004,174.341,360.007,stay,stay,1,0
1775915817155,2585,1723025.2000000477,pvp,player_1,player_2,0,0,239.775,226.004,174.341,360.007,stay,stay,1,0
1775915817155,2586,1723041.8000000715,pvp,player_1,player_2,0,0,242.68,232.005,174.341,360.007,stay,stay,1,0
1775915817155,2587,1723058.4000000954,pvp,player_1,player_2,0,0,245.586,238.005,174.341,360.007,stay,stay,1,0
1775915817155,2588,1723074.8000000715,pvp,player_1,player_2,0,0,248.492,244.005,174.341,360.007,stay,stay,1,0
1775915817155,2589,1723091.5,pvp,player_1,player_2,0,0,251.397,250.005,174.341,360.007,stay,stay,1,0
1775915817155,2590,1723108.3000000715,pvp,player_1,player_2,0,0,254.303,256.005,174.341,360.007,stay,stay,1,0
1775915817155,2591,1723125,pvp,player_1,player_2,0,0,257.209,262.005,174.341,360.007,stay,stay,1,0
1775915817155,2592,1723141.5,pvp,player_1,player_2,0,0,260.114,268.005,174.341,360.007,stay,stay,1,0
1775915817155,2593,1723158.3000000715,pvp,player_1,player_2,0,0,263.02,274.005,174.341,360.007,stay,stay,1,0
1775915817155,2594,1723175,pvp,player_1,player_2,0,0,265.926,280.006,174.341,360.007,stay,stay,1,0
1775915817155,2595,1723191.4000000954,pvp,player_1,player_2,0,0,268.831,286.006,174.341,360.007,stay,stay,1,0
1775915817155,2596,1723208.3000000715,pvp,player_1,player_2,0,0,271.737,292.006,174.341,360.007,stay,stay,1,0
1775915817155,2597,1723224.9000000954,pvp,player_1,player_2,0,0,274.643,298.006,174.341,360.007,stay,stay,1,0
1775915817155,2598,1723241.3000000715,pvp,player_1,player_2,0,0,277.548,304.006,174.341,360.007,stay,stay,1,0
1775915817155,2599,1723258.5,pvp,player_1,player_2,0,0,280.454,310.006,174.341,360.007,stay,stay,1,0
1775915817155,2600,1723274.9000000954,pvp,player_1,player_2,0,0,283.36,316.006,174.341,360.007,stay,stay,1,0
1775915817155,2601,1723291.7000000477,pvp,player_1,player_2,0,0,286.265,322.006,174.341,360.007,stay,stay,1,0
1775915817155,2602,1723307.6000000238,pvp,player_1,player_2,0,0,289.171,328.007,174.341,360.007,stay,stay,1,0
1775915817155,2603,1723325,pvp,player_1,player_2,0,0,292.077,334.007,174.341,360.007,stay,stay,1,0
1775915817155,2604,1723341.3000000715,pvp,player_1,player_2,0,0,294.982,340.007,174.341,360.007,stay,stay,1,0
1775915817155,2605,1723358.2000000477,pvp,player_1,player_2,0,0,297.888,346.007,174.341,360.007,stay,stay,1,0
1775915817155,2606,1723374.9000000954,pvp,player_1,player_2,0,0,300.794,352.007,174.341,360.007,stay,stay,1,0
1775915817155,2607,1723391.6000000238,pvp,player_1,player_2,0,0,303.699,358.007,174.341,360.007,stay,stay,1,0
1775915817155,2608,1723408.5,pvp,player_1,player_2,0,0,306.605,364.007,174.341,360.007,stay,stay,1,0
1775915817155,2609,1723424.8000000715,pvp,player_1,player_2,0,0,309.511,370.007,174.341,360.007,stay,stay,1,0
1775915817155,2610,1723441.5,pvp,player_1,player_2,0,0,312.417,376.008,174.341,360.007,stay,stay,1,0
1775915817155,2611,1723458.1000000238,pvp,player_1,player_2,0,0,315.322,382.008,174.341,360.007,stay,stay,1,0
1775915817155,2612,1723474.7000000477,pvp,player_1,player_2,0,0,318.228,388.008,174.341,360.007,stay,stay,1,0
1775915817155,2613,1723490.8000000715,pvp,player_1,player_2,0,0,321.134,394.008,174.341,360.007,stay,stay,1,0
1775915817155,2614,1723507.4000000954,pvp,player_1,player_2,0,0,324.039,400.008,174.341,360.007,stay,stay,1,0
1775915817155,2615,1723524.1000000238,pvp,player_1,player_2,0,0,326.945,406.008,174.341,360.007,stay,stay,1,0
1775915817155,2616,1723540.8000000715,pvp,player_1,player_2,0,0,329.851,412.008,174.341,360.007,stay,stay,1,0
1775915817155,2617,1723557.4000000954,pvp,player_1,player_2,0,0,332.756,418.008,174.341,360.007,stay,stay,1,0
1775915817155,2618,1723574.2000000477,pvp,player_1,player_2,0,0,335.662,424.009,174.341,360.007,stay,stay,1,0
1775915817155,2619,1723590.8000000715,pvp,player_1,player_2,0,0,338.568,430.009,174.341,360.007,stay,stay,1,0
1775915817155,2620,1723607.7000000477,pvp,player_1,player_2,0,0,341.473,436.009,174.341,360.007,stay,stay,1,0
1775915817155,2621,1723624.1000000238,pvp,player_1,player_2,0,0,344.379,442.009,174.341,360.007,stay,stay,1,0
1775915817155,2622,1723640.9000000954,pvp,player_1,player_2,0,0,347.285,448.009,174.341,360.007,stay,stay,1,0
1775915817155,2623,1723657.6000000238,pvp,player_1,player_2,0,0,350.19,454.009,174.341,360.007,stay,stay,1,0
1775915817155,2624,1723674.8000000715,pvp,player_1,player_2,0,0,353.096,460.009,174.341,360.007,stay,stay,1,0
1775915817155,2625,1723691.3000000715,pvp,player_1,player_2,0,0,356.002,466.009,174.341,360.007,stay,stay,1,0
1775915817155,2626,1723708.6000000238,pvp,player_1,player_2,0,0,358.907,472.01,174.341,360.007,stay,stay,1,0
1775915817155,2627,1723725,pvp,player_1,player_2,0,0,361.813,478.01,174.341,360.007,stay,stay,1,0
1775915817155,2628,1723741.5,pvp,player_1,player_2,0,0,364.719,484.01,174.341,360.007,stay,stay,1,0
1775915817155,2629,1723757.9000000954,pvp,player_1,player_2,0,0,367.624,490.01,174.341,360.007,stay,stay,1,0
1775915817155,2630,1723774.3000000715,pvp,player_1,player_2,0,0,370.53,496.01,174.341,360.007,stay,stay,1,0
1775915817155,2631,1723791.1000000238,pvp,player_1,player_2,0,0,373.436,502.01,174.341,360.007,stay,stay,1,0
1775915817155,2632,1723808.4000000954,pvp,player_1,player_2,0,0,376.341,508.01,174.341,360.007,stay,stay,1,0
1775915817155,2633,1723824.4000000954,pvp,player_1,player_2,0,0,379.247,514.01,174.341,360.007,stay,stay,1,0
1775915817155,2634,1723840.8000000715,pvp,player_1,player_2,0,0,382.153,520.011,174.341,360.007,stay,stay,1,0
1775915817155,2635,1723857.5,pvp,player_1,player_2,0,0,385.058,526.011,174.341,360.007,stay,stay,1,0
1775915817155,2636,1723874.5,pvp,player_1,player_2,0,0,387.964,530,174.341,-360.007,stay,stay,1,0
1775915817155,2637,1723891.5,pvp,player_1,player_2,0,0,390.87,524,174.341,-360.007,stay,stay,1,0
1775915817155,2638,1723908.2000000477,pvp,player_1,player_2,0,0,393.775,518,174.341,-360.007,stay,stay,1,0
1775915817155,2639,1723924.2000000477,pvp,player_1,player_2,0,0,396.681,512,174.341,-360.007,stay,stay,1,0
1775915817155,2640,1723940.9000000954,pvp,player_1,player_2,0,0,399.587,506,174.341,-360.007,stay,stay,1,0
1775915817155,2641,1723958.1000000238,pvp,player_1,player_2,0,0,402.492,499.999,174.341,-360.007,stay,stay,1,0
1775915817155,2642,1723974.9000000954,pvp,player_1,player_2,0,0,405.398,493.999,174.341,-360.007,stay,stay,1,0
1775915817155,2643,1723991.7000000477,pvp,player_1,player_2,0,0,408.304,487.999,174.341,-360.007,stay,stay,1,0
1775915817155,2644,1724007.7000000477,pvp,player_1,player_2,0,0,411.21,481.999,174.341,-360.007,stay,stay,1,0
1775915817155,2645,1724025,pvp,player_1,player_2,0,0,414.115,475.999,174.341,-360.007,stay,stay,1,0
1775915817155,2646,1724041.5,pvp,player_1,player_2,0,0,417.021,469.999,174.341,-360.007,stay,stay,1,0
1775915817155,2647,1724058.1000000238,pvp,player_1,player_2,0,0,419.927,463.999,174.341,-360.007,stay,stay,1,0
1775915817155,2648,1724075,pvp,player_1,player_2,0,0,422.832,457.999,174.341,-360.007,stay,stay,1,0
1775915817155,2649,1724091.5,pvp,player_1,player_2,0,0,425.738,451.998,174.341,-360.007,stay,stay,1,0
1775915817155,2650,1724108.1000000238,pvp,player_1,player_2,0,0,428.644,445.998,174.341,-360.007,stay,stay,1,0
1775915817155,2651,1724124.9000000954,pvp,player_1,player_2,0,0,431.549,439.998,174.341,-360.007,stay,stay,1,0
1775915817155,2652,1724141.5,pvp,player_1,player_2,0,0,434.455,433.998,174.341,-360.007,stay,stay,1,0
1775915817155,2653,1724158.3000000715,pvp,player_1,player_2,0,0,437.361,427.998,174.341,-360.007,stay,stay,1,0
1775915817155,2654,1724175.1000000238,pvp,player_1,player_2,0,0,440.266,421.998,174.341,-360.007,stay,stay,1,0
1775915817155,2655,1724191.6000000238,pvp,player_1,player_2,0,0,443.172,415.998,174.341,-360.007,stay,stay,1,0
1775915817155,2656,1724207.9000000954,pvp,player_1,player_2,0,0,446.078,409.998,174.341,-360.007,stay,stay,1,0
1775915817155,2657,1724224.9000000954,pvp,player_1,player_2,0,0,448.983,403.997,174.341,-360.007,stay,stay,1,0
1775915817155,2658,1724241,pvp,player_1,player_2,0,0,451.889,397.997,174.341,-360.007,stay,stay,1,0
1775915817155,2659,1724257.9000000954,pvp,player_1,player_2,0,0,454.795,391.997,174.341,-360.007,stay,stay,1,0
1775915817155,2660,1724274.8000000715,pvp,player_1,player_2,0,0,457.7,385.997,174.341,-360.007,stay,stay,1,0
1775915817155,2661,1724291.4000000954,pvp,player_1,player_2,0,0,460.606,379.997,174.341,-360.007,stay,stay,1,0
1775915817155,2662,1724308.4000000954,pvp,player_1,player_2,0,0,463.512,373.997,174.341,-360.007,stay,stay,1,0
1775915817155,2663,1724325,pvp,player_1,player_2,0,0,466.417,367.997,174.341,-360.007,stay,stay,1,0
1775915817155,2664,1724341.5,pvp,player_1,player_2,0,0,469.323,361.997,174.341,-360.007,stay,stay,1,0
1775915817155,2665,1724358.2000000477,pvp,player_1,player_2,0,0,472.229,355.996,174.341,-360.007,stay,stay,1,0
1775915817155,2666,1724375.1000000238,pvp,player_1,player_2,0,0,475.134,349.996,174.341,-360.007,stay,stay,1,0
1775915817155,2667,1724391.5,pvp,player_1,player_2,0,0,478.04,343.996,174.341,-360.007,stay,stay,1,0
1775915817155,2668,1724408.3000000715,pvp,player_1,player_2,0,0,480.946,337.996,174.341,-360.007,stay,stay,1,0
1775915817155,2669,1724425,pvp,player_1,player_2,0,0,483.851,331.996,174.341,-360.007,stay,stay,1,0
1775915817155,2670,1724441.5,pvp,player_1,player_2,0,0,486.757,325.996,174.341,-360.007,stay,stay,1,0
1775915817155,2671,1724458.4000000954,pvp,player_1,player_2,0,0,489.663,319.996,174.341,-360.007,stay,stay,1,0
1775915817155,2672,1724474.4000000954,pvp,player_1,player_2,0,0,492.568,313.996,174.341,-360.007,stay,stay,1,0
1775915817155,2673,1724491.2000000477,pvp,player_1,player_2,0,0,495.474,307.995,174.341,-360.007,stay,stay,1,0
1775915817155,2674,1724507.8000000715,pvp,player_1,player_2,0,0,498.38,301.995,174.341,-360.007,stay,stay,1,0
1775915817155,2675,1724524.8000000715,pvp,player_1,player_2,0,0,501.285,295.995,174.341,-360.007,stay,stay,1,0
1775915817155,2676,1724541.4000000954,pvp,player_1,player_2,0,0,504.191,289.995,174.341,-360.007,stay,stay,1,0
1775915817155,2677,1724558.4000000954,pvp,player_1,player_2,0,0,507.097,283.995,174.341,-360.007,stay,stay,1,0
1775915817155,2678,1724574.8000000715,pvp,player_1,player_2,0,0,510.002,277.995,174.341,-360.007,stay,stay,1,0
1775915817155,2679,1724591.3000000715,pvp,player_1,player_2,0,0,512.908,271.995,174.341,-360.007,stay,stay,1,0
1775915817155,2680,1724608,pvp,player_1,player_2,0,0,515.814,265.995,174.341,-360.007,stay,stay,1,0
1775915817155,2681,1724624.6000000238,pvp,player_1,player_2,0,0,518.72,259.994,174.341,-360.007,stay,stay,1,0
1775915817155,2682,1724641.6000000238,pvp,player_1,player_2,0,0,521.625,253.994,174.341,-360.007,stay,stay,1,0
1775915817155,2683,1724658.2000000477,pvp,player_1,player_2,0,0,524.531,247.994,174.341,-360.007,stay,stay,1,0
1775915817155,2684,1724674.7000000477,pvp,player_1,player_2,0,0,527.437,241.994,174.341,-360.007,stay,stay,1,0
1775915817155,2685,1724691.2000000477,pvp,player_1,player_2,0,0,530.342,235.994,174.341,-360.007,stay,stay,1,0
1775915817155,2686,1724707.9000000954,pvp,player_1,player_2,0,0,533.248,229.994,174.341,-360.007,stay,stay,1,0
1775915817155,2687,1724724.7000000477,pvp,player_1,player_2,0,0,536.154,223.994,174.341,-360.007,stay,stay,1,0
1775915817155,2688,1724741.5,pvp,player_1,player_2,0,0,539.059,217.994,174.341,-360.007,stay,stay,1,0
1775915817155,2689,1724758.3000000715,pvp,player_1,player_2,0,0,541.965,211.993,174.341,-360.007,stay,stay,1,0
1775915817155,2690,1724774.1000000238,pvp,player_1,player_2,0,0,544.871,205.993,174.341,-360.007,stay,stay,1,0
1775915817155,2691,1724791.4000000954,pvp,player_1,player_2,0,0,547.776,199.993,174.341,-360.007,stay,stay,1,0
1775915817155,2692,1724808.3000000715,pvp,player_1,player_2,0,0,550.682,193.993,174.341,-360.007,stay,stay,1,0
1775915817155,2693,1724824.7000000477,pvp,player_1,player_2,0,0,553.588,187.993,174.341,-360.007,stay,stay,1,0
1775915817155,2694,1724841.3000000715,pvp,player_1,player_2,0,0,556.493,181.993,174.341,-360.007,stay,stay,1,0
1775915817155,2695,1724857.3000000715,pvp,player_1,player_2,0,0,559.399,175.993,174.341,-360.007,stay,stay,1,0
1775915817155,2696,1724874.1000000238,pvp,player_1,player_2,0,0,562.305,169.993,174.341,-360.007,stay,stay,1,0
1775915817155,2697,1724890.8000000715,pvp,player_1,player_2,0,0,565.21,163.992,174.341,-360.007,stay,stay,1,0
1775915817155,2698,1724907.4000000954,pvp,player_1,player_2,0,0,568.116,157.992,174.341,-360.007,stay,stay,1,0
1775915817155,2699,1724924.2000000477,pvp,player_1,player_2,0,0,571.022,151.992,174.341,-360.007,stay,stay,1,0
1775915817155,2700,1724941,pvp,player_1,player_2,0,0,573.927,145.992,174.341,-360.007,stay,stay,1,0
1775915817155,2701,1724957.2000000477,pvp,player_1,player_2,0,0,576.833,139.992,174.341,-360.007,stay,stay,1,0
1775915817155,2702,1724974,pvp,player_1,player_2,0,0,579.739,133.992,174.341,-360.007,stay,stay,1,0
1775915817155,2703,1724990.7000000477,pvp,player_1,player_2,0,0,582.644,127.992,174.341,-360.007,stay,stay,1,0
1775915817155,2704,1725007.3000000715,pvp,player_1,player_2,0,0,585.55,121.992,174.341,-360.007,stay,stay,1,0
1775915817155,2705,1725024.1000000238,pvp,player_1,player_2,0,0,588.456,115.991,174.341,-360.007,stay,stay,1,0
1775915817155,2706,1725040.9000000954,pvp,player_1,player_2,0,0,591.361,109.991,174.341,-360.007,stay,stay,1,0
1775915817155,2707,1725057.3000000715,pvp,player_1,player_2,0,0,594.267,103.991,174.341,-360.007,stay,stay,1,0
1775915817155,2708,1725074.1000000238,pvp,player_1,player_2,0,0,597.173,97.991,174.341,-360.007,stay,stay,1,0
1775915817155,2709,1725090.6000000238,pvp,player_1,player_2,0,0,600.078,91.991,174.341,-360.007,stay,stay,1,0
1775915817155,2710,1725107.4000000954,pvp,player_1,player_2,0,0,602.984,85.991,174.341,-360.007,stay,stay,1,0
1775915817155,2711,1725124.1000000238,pvp,player_1,player_2,0,0,605.89,79.991,174.341,-360.007,stay,stay,1,0
1775915817155,2712,1725140.8000000715,pvp,player_1,player_2,0,0,608.795,73.991,174.341,-360.007,stay,stay,1,0
1775915817155,2713,1725157.6000000238,pvp,player_1,player_2,0,0,611.701,67.99,174.341,-360.007,stay,stay,1,0
1775915817155,2714,1725174,pvp,player_1,player_2,0,0,614.607,61.99,174.341,-360.007,stay,stay,1,0
1775915817155,2715,1725190.8000000715,pvp,player_1,player_2,0,0,617.513,55.99,174.341,-360.007,stay,stay,1,0
1775915817155,2716,1725207.3000000715,pvp,player_1,player_2,0,0,620.418,49.99,174.341,-360.007,stay,stay,1,0
1775915817155,2717,1725223.9000000954,pvp,player_1,player_2,0,0,623.324,43.99,174.341,-360.007,stay,stay,1,0
1775915817155,2718,1725240.7000000477,pvp,player_1,player_2,0,0,626.23,37.99,174.341,-360.007,stay,stay,1,0
1775915817155,2719,1725257.5,pvp,player_1,player_2,0,0,629.135,31.99,174.341,-360.007,stay,stay,1,0
1775915817155,2720,1725274.1000000238,pvp,player_1,player_2,0,0,632.041,25.99,174.341,-360.007,stay,stay,1,0
1775915817155,2721,1725290.7000000477,pvp,player_1,player_2,0,0,634.947,19.989,174.341,-360.007,stay,stay,1,0
1775915817155,2722,1725307.3000000715,pvp,player_1,player_2,0,0,637.852,13.989,174.341,-360.007,stay,stay,1,0
1775915817155,2723,1725324.1000000238,pvp,player_1,player_2,0,0,640.758,10,174.341,360.007,stay,stay,1,0
1775915817155,2724,1725340.6000000238,pvp,player_1,player_2,0,0,643.664,16,174.341,360.007,stay,stay,1,0
1775915817155,2725,1725357.4000000954,pvp,player_1,player_2,0,0,646.569,22,174.341,360.007,stay,stay,1,0
1775915817155,2726,1725374.1000000238,pvp,player_1,player_2,0,0,649.475,28,174.341,360.007,stay,stay,1,0
1775915817155,2727,1725390.7000000477,pvp,player_1,player_2,0,0,652.381,34,174.341,360.007,stay,stay,1,0
1775915817155,2728,1725407.3000000715,pvp,player_1,player_2,0,0,655.286,40.001,174.341,360.007,stay,stay,1,0
1775915817155,2729,1725424.1000000238,pvp,player_1,player_2,0,0,658.192,46.001,174.341,360.007,stay,stay,1,0
1775915817155,2730,1725440.8000000715,pvp,player_1,player_2,0,0,661.098,52.001,174.341,360.007,stay,stay,1,0
1775915817155,2731,1725457.3000000715,pvp,player_1,player_2,0,0,664.003,58.001,174.341,360.007,stay,stay,1,0
1775915817155,2732,1725474,pvp,player_1,player_2,0,0,666.909,64.001,174.341,360.007,stay,stay,1,0
1775915817155,2733,1725490.6000000238,pvp,player_1,player_2,0,0,669.815,70.001,174.341,360.007,stay,stay,1,0
1775915817155,2734,1725507.2000000477,pvp,player_1,player_2,0,0,672.72,76.001,174.341,360.007,stay,stay,1,0
1775915817155,2735,1725524.1000000238,pvp,player_1,player_2,0,0,675.626,82.001,174.341,360.007,stay,stay,1,0
1775915817155,2736,1725540.5,pvp,player_1,player_2,0,0,678.532,88.002,174.341,360.007,stay,stay,1,0
1775915817155,2737,1725557.3000000715,pvp,player_1,player_2,0,0,681.437,94.002,174.341,360.007,stay,stay,1,0
1775915817155,2738,1725574.2000000477,pvp,player_1,player_2,0,0,684.343,100.002,174.341,360.007,stay,stay,1,0
1775915817155,2739,1725591.4000000954,pvp,player_1,player_2,0,0,687.249,106.002,174.341,360.007,stay,stay,1,0
1775915817155,2740,1725608,pvp,player_1,player_2,0,0,690.154,112.002,174.341,360.007,stay,stay,1,0
1775915817155,2741,1725624.6000000238,pvp,player_1,player_2,0,0,693.06,118.002,174.341,360.007,stay,stay,1,0
1775915817155,2742,1725641.4000000954,pvp,player_1,player_2,0,0,695.966,124.002,174.341,360.007,stay,stay,1,0
1775915817155,2743,1725657.7000000477,pvp,player_1,player_2,0,0,698.871,130.002,174.341,360.007,stay,stay,1,0
1775915817155,2744,1725674.3000000715,pvp,player_1,player_2,0,0,701.777,136.003,174.341,360.007,stay,stay,1,0
1775915817155,2745,1725690.8000000715,pvp,player_1,player_2,0,0,704.683,142.003,174.341,360.007,stay,stay,1,0
1775915817155,2746,1725707.4000000954,pvp,player_1,player_2,0,0,707.588,148.003,174.341,360.007,stay,stay,1,0
1775915817155,2747,1725724,pvp,player_1,player_2,0,0,710.494,154.003,174.341,360.007,stay,stay,1,0
1775915817155,2748,1725741,pvp,player_1,player_2,0,0.256,713.4,160.003,174.341,360.007,stay,down,1,0
1775915817155,2749,1725758.1000000238,pvp,player_1,player_2,0,0.767,716.305,166.003,174.341,360.007,stay,down,1,0
1775915817155,2750,1725774.2000000477,pvp,player_1,player_2,0,1.533,719.211,172.003,174.341,360.007,stay,down,1,0
1775915817155,2751,1725791.2000000477,pvp,player_1,player_2,0,2.556,722.117,178.003,174.341,360.007,stay,down,1,0
1775915817155,2752,1725807.8000000715,pvp,player_1,player_2,0,3.833,725.023,184.004,174.341,360.007,stay,down,1,0
1775915817155,2753,1725824.7000000477,pvp,player_1,player_2,0,5.367,727.928,190.004,174.341,360.007,stay,down,1,0
1775915817155,2754,1725840.9000000954,pvp,player_1,player_2,0,7.156,730.834,196.004,174.341,360.007,stay,down,1,0
1775915817155,2755,1725857.6000000238,pvp,player_1,player_2,0,9.2,733.74,202.004,174.341,360.007,stay,down,1,0
1775915817155,2756,1725874.4000000954,pvp,player_1,player_2,0,11.5,736.645,208.004,174.341,360.007,stay,down,1,0
1775915817155,2757,1725891.4000000954,pvp,player_1,player_2,0,14.056,739.551,214.004,174.341,360.007,stay,down,1,0
1775915817155,2758,1725908.1000000238,pvp,player_1,player_2,0,16.867,742.457,220.004,174.341,360.007,stay,down,1,0
1775915817155,2759,1725924.6000000238,pvp,player_1,player_2,0,19.933,745.362,226.004,174.341,360.007,stay,down,1,0
1775915817155,2760,1725941.5,pvp,player_1,player_2,0,23.256,748.268,232.005,174.341,360.007,stay,down,1,0
1775915817155,2761,1725958.1000000238,pvp,player_1,player_2,0,26.833,751.174,238.005,174.341,360.007,stay,down,1,0
1775915817155,2762,1725974.9000000954,pvp,player_1,player_2,0,30.667,754.079,244.005,174.341,360.007,stay,down,1,0
1775915817155,2763,1725990.7000000477,pvp,player_1,player_2,0,34.756,756.985,250.005,174.341,360.007,stay,down,1,0
1775915817155,2764,1726007.3000000715,pvp,player_1,player_2,0,39.1,759.891,256.005,174.341,360.007,stay,down,1,0
1775915817155,2765,1726024.3000000715,pvp,player_1,player_2,0,43.7,762.796,262.005,174.341,360.007,stay,down,1,0
1775915817155,2766,1726040.8000000715,pvp,player_1,player_2,0,48.556,765.702,268.005,174.341,360.007,stay,down,1,0
1775915817155,2767,1726058,pvp,player_1,player_2,0,53.667,768.608,274.005,174.341,360.007,stay,down,1,0
1775915817155,2768,1726074.7000000477,pvp,player_1,player_2,0,59.033,771.513,280.006,174.341,360.007,stay,down,1,0
1775915817155,2769,1726091.3000000715,pvp,player_1,player_2,0,64.656,774.419,286.006,174.341,360.007,stay,down,1,0
1775915817155,2770,1726108.2000000477,pvp,player_1,player_2,0,70.533,777.325,292.006,174.341,360.007,stay,down,1,0
1775915817155,2771,1726125,pvp,player_1,player_2,0,76.667,780.23,298.006,174.341,360.007,stay,down,1,0
1775915817155,2772,1726141.5,pvp,player_1,player_2,0,83.056,783.136,304.006,174.341,360.007,stay,down,1,0
1775915817155,2773,1726158.4000000954,pvp,player_1,player_2,0,89.7,786.042,310.006,174.341,360.007,stay,down,1,0
1775915817155,2774,1726174.7000000477,pvp,player_1,player_2,0,96.6,788.947,316.006,174.341,360.007,stay,down,1,0
1775915817155,2775,1726191.4000000954,pvp,player_1,player_2,0,103.756,791.853,322.006,174.341,360.007,stay,down,1,0
1775915817155,2776,1726208.3000000715,pvp,player_1,player_2,0,111.167,794.759,328.007,174.341,360.007,stay,down,1,0
1775915817155,2777,1726224.8000000715,pvp,player_1,player_2,0,118.833,797.664,334.007,174.341,360.007,stay,down,1,0
1775915817155,2778,1726241.4000000954,pvp,player_1,player_2,0,126.5,800.57,340.007,174.341,360.007,stay,down,1,0
1775915817155,2779,1726258.5,pvp,player_1,player_2,0,134.167,803.476,346.007,174.341,360.007,stay,down,1,0
1775915817155,2780,1726274.3000000715,pvp,player_1,player_2,0,141.833,806.381,352.007,174.341,360.007,stay,down,1,0
1775915817155,2781,1726291.2000000477,pvp,player_1,player_2,0,149.5,809.287,358.007,174.341,360.007,stay,down,1,0
1775915817155,2782,1726308,pvp,player_1,player_2,0,157.167,812.193,364.007,174.341,360.007,stay,down,1,0
1775915817155,2783,1726324.9000000954,pvp,player_1,player_2,0,164.833,815.098,370.007,174.341,360.007,stay,down,1,0
1775915817155,2784,1726341.5,pvp,player_1,player_2,0,172.5,818.004,376.008,174.341,360.007,stay,down,1,0
1775915817155,2785,1726358.2000000477,pvp,player_1,player_2,0,180.167,820.91,382.008,174.341,360.007,stay,down,1,0
1775915817155,2786,1726375.2000000477,pvp,player_1,player_2,0,187.833,823.816,388.008,174.341,360.007,stay,down,1,0
1775915817155,2787,1726391.7000000477,pvp,player_1,player_2,0,195.5,826.721,394.008,174.341,360.007,stay,down,1,0
1775915817155,2788,1726408.4000000954,pvp,player_1,player_2,0,203.167,829.627,400.008,174.341,360.007,stay,down,1,0
1775915817155,2789,1726424.9000000954,pvp,player_1,player_2,0,210.833,832.533,406.008,174.341,360.007,stay,down,1,0
1775915817155,2790,1726441.2000000477,pvp,player_1,player_2,0,218.5,835.438,412.008,174.341,360.007,stay,down,1,0
1775915817155,2791,1726458.2000000477,pvp,player_1,player_2,0,226.167,838.344,418.008,174.341,360.007,stay,down,1,0
1775915817155,2792,1726474.4000000954,pvp,player_1,player_2,0,233.833,841.25,424.009,174.341,360.007,stay,down,1,0
1775915817155,2793,1726491.5,pvp,player_1,player_2,0,241.5,844.155,430.009,174.341,360.007,stay,down,1,0
1775915817155,2794,1726508.4000000954,pvp,player_1,player_2,0,249.167,847.061,436.009,174.341,360.007,stay,down,1,0
1775915817155,2795,1726525.3000000715,pvp,player_1,player_2,0,256.833,849.967,442.009,174.341,360.007,stay,down,1,0
1775915817155,2796,1726540.6000000238,pvp,player_1,player_2,0,264.5,852.872,448.009,174.341,360.007,stay,down,1,0
1775915817155,2797,1726558.3000000715,pvp,player_1,player_2,0,272.167,855.778,454.009,174.341,360.007,stay,down,1,0
1775915817155,2798,1726574.6000000238,pvp,player_1,player_2,0,279.833,858.684,460.009,174.341,360.007,stay,down,1,0
1775915817155,2799,1726591.5,pvp,player_1,player_2,0,287.5,861.589,466.009,174.341,360.007,stay,down,1,0
1775915817155,2800,1726608,pvp,player_1,player_2,0,295.167,864.495,472.01,174.341,360.007,stay,down,1,0
1775915817155,2801,1726625.1000000238,pvp,player_1,player_2,0,302.833,867.401,478.01,174.341,360.007,stay,down,1,0
1775915817155,2802,1726641.3000000715,pvp,player_1,player_2,0,310.5,870.306,484.01,174.341,360.007,stay,down,1,0
1775915817155,2803,1726657.5,pvp,player_1,player_2,0,318.167,873.212,490.01,174.341,360.007,stay,down,1,0
1775915817155,2804,1726674.4000000954,pvp,player_1,player_2,0,325.833,876.118,496.01,174.341,360.007,stay,down,1,0
1775915817155,2805,1726691.1000000238,pvp,player_1,player_2,0,333.5,879.023,502.01,174.341,360.007,stay,down,1,0
1775915817155,2806,1726708,pvp,player_1,player_2,0,341.167,881.929,508.01,174.341,360.007,stay,down,1,0
1775915817155,2807,1726724.7000000477,pvp,player_1,player_2,0,348.833,884.835,514.01,174.341,360.007,stay,down,1,0
1775915817155,2808,1726741.3000000715,pvp,player_1,player_2,0,356.5,887.74,520.011,174.341,360.007,stay,down,1,0
1775915817155,2809,1726757.9000000954,pvp,player_1,player_2,0,364.167,890.646,526.011,174.341,360.007,stay,down,1,0
1775915817155,2810,1726774.1000000238,pvp,player_1,player_2,0,371.833,893.552,530,174.341,-360.007,stay,down,1,0
1775915817155,2811,1726790.6000000238,pvp,player_1,player_2,0,379.5,896.457,524,174.341,-360.007,stay,down,1,0
1775915817155,2812,1726807.5,pvp,player_1,player_2,0,387.167,899.363,518,174.341,-360.007,stay,down,1,0
1775915817155,2813,1726824.3000000715,pvp,player_1,player_2,0,394.833,902.269,512,174.341,-360.007,stay,down,1,0
1775915817155,2814,1726840.8000000715,pvp,player_1,player_2,0,402.5,905.174,506,174.341,-360.007,stay,down,1,0
1775915817155,2815,1726857.2000000477,pvp,player_1,player_2,0,410.167,908.08,499.999,174.341,-360.007,stay,down,1,0
1775915817155,2816,1726874.1000000238,pvp,player_1,player_2,0,417.833,910.986,493.999,174.341,-360.007,stay,down,1,0
1775915817155,2817,1726891.2000000477,pvp,player_1,player_2,0,425.5,912,487.999,-395.58,141.126,stay,down,1,0
1775915817155,2818,1726907.7000000477,pvp,player_1,player_2,0,433.167,905.407,490.351,-395.58,141.126,stay,down,1,0
1775915817155,2819,1726925,pvp,player_1,player_2,0,440.833,898.814,492.703,-395.58,141.126,stay,down,1,0
1775915817155,2820,1726941.3000000715,pvp,player_1,player_2,0,444,892.221,495.055,-395.58,141.126,stay,down,1,0
1775915817155,2821,1726958.2000000477,pvp,player_1,player_2,0,444,885.628,497.408,-395.58,141.126,stay,down,1,0
1775915817155,2822,1726974.4000000954,pvp,player_1,player_2,0,444,879.035,499.76,-395.58,141.126,stay,down,1,0
1775915817155,2823,1726991.4000000954,pvp,player_1,player_2,0,444,872.442,502.112,-395.58,141.126,stay,down,1,0
1775915817155,2824,1727007.9000000954,pvp,player_1,player_2,0,444,865.849,504.464,-395.58,141.126,stay,down,1,0
1775915817155,2825,1727024.8000000715,pvp,player_1,player_2,0,444,859.256,506.816,-395.58,141.126,stay,down,1,0
1775915817155,2826,1727041.3000000715,pvp,player_1,player_2,0,444,852.663,509.168,-395.58,141.126,stay,down,1,0
1775915817155,2827,1727057.9000000954,pvp,player_1,player_2,0,444,846.07,511.52,-395.58,141.126,stay,down,1,0
1775915817155,2828,1727075,pvp,player_1,player_2,0,444,839.477,513.872,-395.58,141.126,stay,down,1,0
1775915817155,2829,1727091.5,pvp,player_1,player_2,0,444,832.884,516.224,-395.58,141.126,stay,down,1,0
1775915817155,2830,1727107.9000000954,pvp,player_1,player_2,0,444,826.291,518.576,-395.58,141.126,stay,down,1,0
1775915817155,2831,1727124.9000000954,pvp,player_1,player_2,0,444,819.698,520.929,-395.58,141.126,stay,down,1,0
1775915817155,2832,1727141.3000000715,pvp,player_1,player_2,0,444,813.105,523.281,-395.58,141.126,stay,down,1,0
1775915817155,2833,1727158.4000000954,pvp,player_1,player_2,0,444,806.512,525.633,-395.58,141.126,stay,down,1,0
1775915817155,2834,1727174.7000000477,pvp,player_1,player_2,0,444,799.919,527.985,-395.58,141.126,stay,down,1,0
1775915817155,2835,1727191.5,pvp,player_1,player_2,0,444,793.326,530,-395.58,-141.126,stay,down,1,0
1775915817155,2836,1727208.4000000954,pvp,player_1,player_2,0,444,786.733,527.648,-395.58,-141.126,stay,down,1,0
1775915817155,2837,1727224.5,pvp,player_1,player_2,0,444,780.14,525.296,-395.58,-141.126,stay,down,1,0
1775915817155,2838,1727241.5,pvp,player_1,player_2,0,444,773.547,522.944,-395.58,-141.126,stay,down,1,0
1775915817155,2839,1727257.7000000477,pvp,player_1,player_2,0,444,766.954,520.592,-395.58,-141.126,stay,stay,1,0
1775915817155,2840,1727274.8000000715,pvp,player_1,player_2,0,444,760.361,518.239,-395.58,-141.126,stay,stay,1,0
1775915817155,2841,1727291.3000000715,pvp,player_1,player_2,0,444,753.768,515.887,-395.58,-141.126,stay,stay,1,0
1775915817155,2842,1727308.4000000954,pvp,player_1,player_2,0,444,747.175,513.535,-395.58,-141.126,stay,stay,1,0
1775915817155,2843,1727324.2000000477,pvp,player_1,player_2,0,444,740.582,511.183,-395.58,-141.126,stay,stay,1,0
1775915817155,2844,1727341.1000000238,pvp,player_1,player_2,0,444,733.989,508.831,-395.58,-141.126,stay,stay,1,0
1775915817155,2845,1727357.9000000954,pvp,player_1,player_2,0,444,727.396,506.479,-395.58,-141.126,stay,stay,1,0
1775915817155,2846,1727374.9000000954,pvp,player_1,player_2,0,444,720.803,504.127,-395.58,-141.126,stay,stay,1,0
1775915817155,2847,1727391.4000000954,pvp,player_1,player_2,0,444,714.21,501.775,-395.58,-141.126,stay,stay,1,0
1775915817155,2848,1727408.1000000238,pvp,player_1,player_2,0,444,707.617,499.423,-395.58,-141.126,stay,stay,1,0
1775915817155,2849,1727425.1000000238,pvp,player_1,player_2,0,444,701.024,497.071,-395.58,-141.126,stay,stay,1,0
1775915817155,2850,1727441.4000000954,pvp,player_1,player_2,0,444,694.431,494.718,-395.58,-141.126,stay,stay,1,0
1775915817155,2851,1727458.3000000715,pvp,player_1,player_2,0,444,687.838,492.366,-395.58,-141.126,stay,stay,1,0
1775915817155,2852,1727474.8000000715,pvp,player_1,player_2,0,444,681.245,490.014,-395.58,-141.126,stay,stay,1,0
1775915817155,2853,1727491.4000000954,pvp,player_1,player_2,0,444,674.652,487.662,-395.58,-141.126,stay,stay,1,0
1775915817155,2854,1727508.1000000238,pvp,player_1,player_2,0,444,668.059,485.31,-395.58,-141.126,stay,stay,1,0
1775915817155,2855,1727524.7000000477,pvp,player_1,player_2,0,444,661.466,482.958,-395.58,-141.126,stay,stay,1,0
1775915817155,2856,1727541.1000000238,pvp,player_1,player_2,0,444,654.873,480.606,-395.58,-141.126,stay,stay,1,0
1775915817155,2857,1727558.1000000238,pvp,player_1,player_2,0,444,648.28,478.254,-395.58,-141.126,stay,stay,1,0
1775915817155,2858,1727574.6000000238,pvp,player_1,player_2,0,444,641.687,475.902,-395.58,-141.126,stay,stay,1,0
1775915817155,2859,1727591.4000000954,pvp,player_1,player_2,0,444,635.094,473.55,-395.58,-141.126,stay,stay,1,0
1775915817155,2860,1727608.2000000477,pvp,player_1,player_2,0,444,628.501,471.197,-395.58,-141.126,stay,stay,1,0
1775915817155,2861,1727624.9000000954,pvp,player_1,player_2,0,444,621.908,468.845,-395.58,-141.126,stay,stay,1,0
1775915817155,2862,1727641.5,pvp,player_1,player_2,0,444,615.315,466.493,-395.58,-141.126,stay,stay,1,0
1775915817155,2863,1727657.6000000238,pvp,player_1,player_2,0,444,608.722,464.141,-395.58,-141.126,stay,stay,1,0
1775915817155,2864,1727674.5,pvp,player_1,player_2,0,444,602.129,461.789,-395.58,-141.126,stay,stay,1,0
1775915817155,2865,1727691.1000000238,pvp,player_1,player_2,0,444,595.536,459.437,-395.58,-141.126,stay,stay,1,0
1775915817155,2866,1727708.2000000477,pvp,player_1,player_2,0,444,588.943,457.085,-395.58,-141.126,stay,stay,1,0
1775915817155,2867,1727724.8000000715,pvp,player_1,player_2,0,444,582.35,454.733,-395.58,-141.126,stay,stay,1,0
1775915817155,2868,1727741.4000000954,pvp,player_1,player_2,0,444,575.757,452.381,-395.58,-141.126,stay,stay,1,0
1775915817155,2869,1727758.2000000477,pvp,player_1,player_2,0,444,569.164,450.029,-395.58,-141.126,stay,stay,1,0
1775915817155,2870,1727774.3000000715,pvp,player_1,player_2,0,444,562.571,447.676,-395.58,-141.126,stay,stay,1,0
1775915817155,2871,1727790.8000000715,pvp,player_1,player_2,0,444,555.978,445.324,-395.58,-141.126,stay,stay,1,0
1775915817155,2872,1727807.8000000715,pvp,player_1,player_2,0,444,549.385,442.972,-395.58,-141.126,stay,stay,1,0
1775915817155,2873,1727825,pvp,player_1,player_2,0,444,542.792,440.62,-395.58,-141.126,stay,stay,1,0
1775915817155,2874,1727840.8000000715,pvp,player_1,player_2,0,444,536.199,438.268,-395.58,-141.126,stay,stay,1,0
1775915817155,2875,1727858,pvp,player_1,player_2,0,444,529.606,435.916,-395.58,-141.126,stay,stay,1,0
1775915817155,2876,1727874.7000000477,pvp,player_1,player_2,0,444,523.013,433.564,-395.58,-141.126,stay,stay,1,0
1775915817155,2877,1727891.5,pvp,player_1,player_2,0,444,516.42,431.212,-395.58,-141.126,stay,stay,1,0
1775915817155,2878,1727908.2000000477,pvp,player_1,player_2,0,444,509.827,428.86,-395.58,-141.126,stay,stay,1,0
1775915817155,2879,1727924.9000000954,pvp,player_1,player_2,0,444,503.234,426.508,-395.58,-141.126,stay,stay,1,0
1775915817155,2880,1727941.3000000715,pvp,player_1,player_2,0,444,496.641,424.155,-395.58,-141.126,stay,stay,1,0
1775915817155,2881,1727958.2000000477,pvp,player_1,player_2,0,444,490.048,421.803,-395.58,-141.126,stay,stay,1,0
1775915817155,2882,1727974.7000000477,pvp,player_1,player_2,0,444,483.455,419.451,-395.58,-141.126,stay,stay,1,0
1775915817155,2883,1727991.6000000238,pvp,player_1,player_2,0,444,476.862,417.099,-395.58,-141.126,stay,stay,1,0
1775915817155,2884,1728008.1000000238,pvp,player_1,player_2,0,444,470.269,414.747,-395.58,-141.126,stay,stay,1,0
1775915817155,2885,1728024.9000000954,pvp,player_1,player_2,0,444,463.676,412.395,-395.58,-141.126,stay,stay,1,0
1775915817155,2886,1728041,pvp,player_1,player_2,0,444,457.083,410.043,-395.58,-141.126,stay,stay,1,0
1775915817155,2887,1728058.3000000715,pvp,player_1,player_2,0,444,450.49,407.691,-395.58,-141.126,stay,stay,1,0
1775915817155,2888,1728074.5,pvp,player_1,player_2,0,444,443.897,405.339,-395.58,-141.126,stay,stay,1,0
1775915817155,2889,1728091.5,pvp,player_1,player_2,0,444,437.304,402.987,-395.58,-141.126,stay,stay,1,0
1775915817155,2890,1728108.3000000715,pvp,player_1,player_2,0,444,430.711,400.634,-395.58,-141.126,stay,stay,1,0
1775915817155,2891,1728124.8000000715,pvp,player_1,player_2,0,444,424.118,398.282,-395.58,-141.126,stay,stay,1,0
1775915817155,2892,1728141.3000000715,pvp,player_1,player_2,0,444,417.525,395.93,-395.58,-141.126,stay,stay,1,0
1775915817155,2893,1728158.2000000477,pvp,player_1,player_2,0,444,410.932,393.578,-395.58,-141.126,stay,stay,1,0
1775915817155,2894,1728175,pvp,player_1,player_2,0,444,404.339,391.226,-395.58,-141.126,stay,stay,1,0
1775915817155,2895,1728191.5,pvp,player_1,player_2,0,444,397.746,388.874,-395.58,-141.126,stay,stay,1,0
1775915817155,2896,1728207.6000000238,pvp,player_1,player_2,0,444,391.153,386.522,-395.58,-141.126,stay,stay,1,0
1775915817155,2897,1728224.7000000477,pvp,player_1,player_2,0,444,384.56,384.17,-395.58,-141.126,stay,stay,1,0
1775915817155,2898,1728241.3000000715,pvp,player_1,player_2,0,444,377.967,381.818,-395.58,-141.126,stay,stay,1,0
1775915817155,2899,1728258,pvp,player_1,player_2,0,444,371.374,379.466,-395.58,-141.126,stay,stay,1,0
1775915817155,2900,1728274.5,pvp,player_1,player_2,0,444,364.781,377.113,-395.58,-141.126,stay,stay,1,0
1775915817155,2901,1728291.6000000238,pvp,player_1,player_2,0,444,358.188,374.761,-395.58,-141.126,stay,stay,1,0
1775915817155,2902,1728307.5,pvp,player_1,player_2,0,444,351.595,372.409,-395.58,-141.126,stay,stay,1,0
1775915817155,2903,1728325.2000000477,pvp,player_1,player_2,0.256,444,345.002,370.057,-395.58,-141.126,down,stay,1,0
1775915817155,2904,1728341.4000000954,pvp,player_1,player_2,0.767,444,338.409,367.705,-395.58,-141.126,down,stay,1,0
1775915817155,2905,1728358,pvp,player_1,player_2,1.533,444,331.816,365.353,-395.58,-141.126,down,stay,1,0
1775915817155,2906,1728374.7000000477,pvp,player_1,player_2,2.556,444,325.223,363.001,-395.58,-141.126,down,stay,1,0
1775915817155,2907,1728391.4000000954,pvp,player_1,player_2,3.833,444,318.63,360.649,-395.58,-141.126,down,stay,1,0
1775915817155,2908,1728408.3000000715,pvp,player_1,player_2,5.367,444,312.037,358.297,-395.58,-141.126,down,stay,1,0
1775915817155,2909,1728424.8000000715,pvp,player_1,player_2,7.156,444,305.444,355.945,-395.58,-141.126,down,stay,1,0
1775915817155,2910,1728441.4000000954,pvp,player_1,player_2,9.2,444,298.851,353.592,-395.58,-141.126,down,stay,1,0
1775915817155,2911,1728458.2000000477,pvp,player_1,player_2,11.5,444,292.258,351.24,-395.58,-141.126,down,stay,1,0
1775915817155,2912,1728474.9000000954,pvp,player_1,player_2,14.056,444,285.665,348.888,-395.58,-141.126,down,stay,1,0
1775915817155,2913,1728491.6000000238,pvp,player_1,player_2,16.867,444,279.072,346.536,-395.58,-141.126,down,stay,1,0
1775915817155,2914,1728507.6000000238,pvp,player_1,player_2,19.933,444,272.479,344.184,-395.58,-141.126,down,stay,1,0
1775915817155,2915,1728524.5,pvp,player_1,player_2,23.256,444,265.886,341.832,-395.58,-141.126,down,stay,1,0
1775915817155,2916,1728541.2000000477,pvp,player_1,player_2,26.833,444,259.293,339.48,-395.58,-141.126,down,stay,1,0
1775915817155,2917,1728557.8000000715,pvp,player_1,player_2,30.667,444,252.7,337.128,-395.58,-141.126,down,stay,1,0
1775915817155,2918,1728574.4000000954,pvp,player_1,player_2,34.756,444,246.107,334.776,-395.58,-141.126,down,stay,1,0
1775915817155,2919,1728591.1000000238,pvp,player_1,player_2,39.1,444,239.514,332.423,-395.58,-141.126,down,stay,1,0
1775915817155,2920,1728607.9000000954,pvp,player_1,player_2,43.7,444,232.921,330.071,-395.58,-141.126,down,stay,1,0
1775915817155,2921,1728624.6000000238,pvp,player_1,player_2,48.556,444,226.328,327.719,-395.58,-141.126,down,stay,1,0
1775915817155,2922,1728640.5,pvp,player_1,player_2,53.667,444,219.735,325.367,-395.58,-141.126,down,stay,1,0
1775915817155,2923,1728657.1000000238,pvp,player_1,player_2,59.033,444,213.142,323.015,-395.58,-141.126,down,stay,1,0
1775915817155,2924,1728673.9000000954,pvp,player_1,player_2,64.656,444,206.549,320.663,-395.58,-141.126,down,stay,1,0
1775915817155,2925,1728690.6000000238,pvp,player_1,player_2,70.533,444,199.956,318.311,-395.58,-141.126,down,stay,1,0
1775915817155,2926,1728707.2000000477,pvp,player_1,player_2,76.667,444,193.363,315.959,-395.58,-141.126,down,stay,1,0
1775915817155,2927,1728724.3000000715,pvp,player_1,player_2,83.056,444,186.77,313.607,-395.58,-141.126,down,stay,1,0
1775915817155,2928,1728741.1000000238,pvp,player_1,player_2,89.7,444,180.177,311.255,-395.58,-141.126,down,stay,1,0
1775915817155,2929,1728757.9000000954,pvp,player_1,player_2,96.6,444,173.584,308.902,-395.58,-141.126,down,stay,1,0
1775915817155,2930,1728774.1000000238,pvp,player_1,player_2,103.756,444,166.991,306.55,-395.58,-141.126,down,stay,1,0
1775915817155,2931,1728790.6000000238,pvp,player_1,player_2,111.167,444,160.398,304.198,-395.58,-141.126,down,stay,1,0
1775915817155,2932,1728807.4000000954,pvp,player_1,player_2,118.833,444,153.805,301.846,-395.58,-141.126,down,stay,1,0
1775915817155,2933,1728824.5,pvp,player_1,player_2,126.5,444,147.212,299.494,-395.58,-141.126,down,stay,1,0
1775915817155,2934,1728841.2000000477,pvp,player_1,player_2,134.167,444,140.619,297.142,-395.58,-141.126,down,stay,1,0
1775915817155,2935,1728857.7000000477,pvp,player_1,player_2,141.833,444,134.026,294.79,-395.58,-141.126,down,stay,1,0
1775915817155,2936,1728874.7000000477,pvp,player_1,player_2,149.5,444,127.433,292.438,-395.58,-141.126,down,stay,1,0
1775915817155,2937,1728891.6000000238,pvp,player_1,player_2,157.167,444,120.84,290.086,-395.58,-141.126,down,stay,1,0
1775915817155,2938,1728908,pvp,player_1,player_2,164.833,444,114.247,287.734,-395.58,-141.126,down,stay,1,0
1775915817155,2939,1728924.5,pvp,player_1,player_2,172.306,444,107.654,285.381,-395.58,-141.126,stay,stay,1,0
1775915817155,2940,1728941.1000000238,pvp,player_1,player_2,179.583,444,101.061,283.029,-395.58,-141.126,stay,stay,1,0
1775915817155,2941,1728958.3000000715,pvp,player_1,player_2,186.667,444,94.468,280.677,-395.58,-141.126,stay,stay,1,0
1775915817155,2942,1728974.9000000954,pvp,player_1,player_2,193.556,444,87.875,278.325,-395.58,-141.126,stay,stay,1,0
1775915817155,2943,1728991.7000000477,pvp,player_1,player_2,200.25,444,81.282,275.973,-395.58,-141.126,stay,stay,1,0
1775915817155,2944,1729008.1000000238,pvp,player_1,player_2,206.75,444,74.689,273.621,-395.58,-141.126,stay,stay,1,0
1775915817155,2945,1729024.7000000477,pvp,player_1,player_2,213.056,444,68.096,271.269,-395.58,-141.126,stay,stay,1,0
1775915817155,2946,1729041.5,pvp,player_1,player_2,219.167,444,61.503,268.917,-395.58,-141.126,stay,stay,1,0
1775915817155,2947,1729058,pvp,player_1,player_2,224.917,444,54.91,266.565,-395.58,-141.126,up,stay,1,0
1775915817155,2948,1729074.7000000477,pvp,player_1,player_2,230.306,444,48.317,264.213,-395.58,-141.126,up,stay,1,0
1775915817155,2949,1729091.6000000238,pvp,player_1,player_2,235.333,444,48,261.86,384.542,-213.839,up,stay,1,0
1775915817155,2950,1729108,pvp,player_1,player_2,240,444,54.409,258.296,384.542,-213.839,up,stay,1,0
1775915817155,2951,1729124.9000000954,pvp,player_1,player_2,244.306,444,60.818,254.732,384.542,-213.839,up,stay,1,0
1775915817155,2952,1729141.4000000954,pvp,player_1,player_2,248.25,444,67.227,251.169,384.542,-213.839,up,stay,1,0
1775915817155,2953,1729158.4000000954,pvp,player_1,player_2,251.833,444,73.636,247.605,384.542,-213.839,up,stay,1,0
1775915817155,2954,1729174.8000000715,pvp,player_1,player_2,255.056,444,80.045,244.041,384.542,-213.839,up,stay,1,0
1775915817155,2955,1729191.2000000477,pvp,player_1,player_2,257.917,444,86.454,240.477,384.542,-213.839,up,stay,1,0
1775915817155,2956,1729208.4000000954,pvp,player_1,player_2,260.417,444,92.863,236.913,384.542,-213.839,up,stay,1,0
1775915817155,2957,1729224.9000000954,pvp,player_1,player_2,262.556,444,99.272,233.349,384.542,-213.839,up,stay,1,0
1775915817155,2958,1729241.6000000238,pvp,player_1,player_2,264.333,444,105.681,229.785,384.542,-213.839,up,stay,1,0
1775915817155,2959,1729257.9000000954,pvp,player_1,player_2,265.75,444,112.09,226.221,384.542,-213.839,up,stay,1,0
1775915817155,2960,1729274.5,pvp,player_1,player_2,266.806,444,118.499,222.657,384.542,-213.839,up,stay,1,0
1775915817155,2961,1729291,pvp,player_1,player_2,267.5,444,124.908,219.093,384.542,-213.839,up,stay,1,0
1775915817155,2962,1729307.8000000715,pvp,player_1,player_2,267.833,444,131.318,215.529,384.542,-213.839,up,stay,1,0
1775915817155,2963,1729324.4000000954,pvp,player_1,player_2,267.806,444,137.727,211.965,384.542,-213.839,up,stay,1,0
1775915817155,2964,1729341.1000000238,pvp,player_1,player_2,267.522,444,144.136,208.401,384.542,-213.839,up,stay,1,0
1775915817155,2965,1729357.9000000954,pvp,player_1,player_2,266.983,444,150.545,204.837,384.542,-213.839,up,stay,1,0
1775915817155,2966,1729374.7000000477,pvp,player_1,player_2,266.189,444,156.954,201.273,384.542,-213.839,up,stay,1,0
1775915817155,2967,1729390.9000000954,pvp,player_1,player_2,265.139,444,163.363,197.709,384.542,-213.839,up,stay,1,0
1775915817155,2968,1729407.7000000477,pvp,player_1,player_2,263.833,444,169.772,194.145,384.542,-213.839,up,stay,1,0
1775915817155,2969,1729424.6000000238,pvp,player_1,player_2,262.272,444,176.181,190.581,384.542,-213.839,up,stay,1,0
1775915817155,2970,1729441.3000000715,pvp,player_1,player_2,260.456,444,182.59,187.017,384.542,-213.839,up,stay,1,0
1775915817155,2971,1729458,pvp,player_1,player_2,258.383,444,188.999,183.453,384.542,-213.839,up,stay,1,0
1775915817155,2972,1729474.6000000238,pvp,player_1,player_2,256.056,444,195.408,179.889,384.542,-213.839,up,stay,1,0
1775915817155,2973,1729491.4000000954,pvp,player_1,player_2,253.472,444,201.817,176.325,384.542,-213.839,up,stay,1,0
1775915817155,2974,1729508.1000000238,pvp,player_1,player_2,250.633,444,208.226,172.761,384.542,-213.839,up,stay,1,0
1775915817155,2975,1729524.2000000477,pvp,player_1,player_2,247.539,444,214.635,169.197,384.542,-213.839,up,stay,1,0
1775915817155,2976,1729541.2000000477,pvp,player_1,player_2,244.189,444,221.044,165.633,384.542,-213.839,up,stay,1,0
1775915817155,2977,1729558,pvp,player_1,player_2,240.583,444,227.453,162.069,384.542,-213.839,up,stay,1,0
1775915817155,2978,1729574.6000000238,pvp,player_1,player_2,236.722,444,233.862,158.505,384.542,-213.839,up,stay,1,0
1775915817155,2979,1729591.2000000477,pvp,player_1,player_2,232.606,444,240.271,154.941,384.542,-213.839,up,stay,1,0
1775915817155,2980,1729607.3000000715,pvp,player_1,player_2,228.233,444,246.68,151.377,384.542,-213.839,up,stay,1,0
1775915817155,2981,1729624.3000000715,pvp,player_1,player_2,224.056,444,253.089,147.813,384.542,-213.839,stay,stay,1,0
1775915817155,2982,1729641.1000000238,pvp,player_1,player_2,220.072,444,259.498,144.249,384.542,-213.839,stay,stay,1,0
1775915817155,2983,1729657.8000000715,pvp,player_1,player_2,216.283,444,265.907,140.685,384.542,-213.839,stay,stay,1,0
1775915817155,2984,1729674.3000000715,pvp,player_1,player_2,212.689,444,272.316,137.121,384.542,-213.839,stay,stay,1,0
1775915817155,2985,1729691.4000000954,pvp,player_1,player_2,209.289,444,278.725,133.557,384.542,-213.839,stay,stay,1,0
1775915817155,2986,1729708.2000000477,pvp,player_1,player_2,206.083,444,285.135,129.993,384.542,-213.839,stay,stay,1,0
1775915817155,2987,1729724.5,pvp,player_1,player_2,203.072,444,291.544,126.429,384.542,-213.839,stay,stay,1,0
1775915817155,2988,1729741,pvp,player_1,player_2,200.256,444,297.953,122.865,384.542,-213.839,stay,stay,1,0
1775915817155,2989,1729758.1000000238,pvp,player_1,player_2,197.633,444,304.362,119.301,384.542,-213.839,stay,stay,1,0
1775915817155,2990,1729774,pvp,player_1,player_2,195.206,444,310.771,115.737,384.542,-213.839,stay,stay,1,0
1775915817155,2991,1729791.1000000238,pvp,player_1,player_2,192.972,444,317.18,112.173,384.542,-213.839,stay,stay,1,0
1775915817155,2992,1729807.8000000715,pvp,player_1,player_2,190.933,444,323.589,108.609,384.542,-213.839,stay,stay,1,0
1775915817155,2993,1729824.7000000477,pvp,player_1,player_2,189.089,444,329.998,105.045,384.542,-213.839,stay,stay,1,0
1775915817155,2994,1729841.2000000477,pvp,player_1,player_2,187.439,444,336.407,101.481,384.542,-213.839,stay,stay,1,0
1775915817155,2995,1729858.1000000238,pvp,player_1,player_2,185.983,444,342.816,97.917,384.542,-213.839,stay,stay,1,0
1775915817155,2996,1729874.1000000238,pvp,player_1,player_2,184.722,444,349.225,94.353,384.542,-213.839,stay,stay,1,0
1775915817155,2997,1729890.9000000954,pvp,player_1,player_2,183.656,444,355.634,90.789,384.542,-213.839,stay,stay,1,0
1775915817155,2998,1729907.6000000238,pvp,player_1,player_2,182.783,444,362.043,87.225,384.542,-213.839,stay,stay,1,0
1775915817155,2999,1729924.3000000715,pvp,player_1,player_2,182.106,443.744,368.452,83.661,384.542,-213.839,stay,up,1,0
1775915817155,3000,1729940.7000000477,pvp,player_1,player_2,181.622,443.233,374.861,80.097,384.542,-213.839,stay,up,1,0
1775915817155,3001,1729958,pvp,player_1,player_2,181.333,442.467,381.27,76.533,384.542,-213.839,stay,up,1,0
1775915817155,3002,1729974.7000000477,pvp,player_1,player_2,181.333,441.444,387.679,72.969,384.542,-213.839,stay,up,1,0
1775915817155,3003,1729991.4000000954,pvp,player_1,player_2,181.333,440.167,394.088,69.405,384.542,-213.839,stay,up,1,0
1775915817155,3004,1730007.5,pvp,player_1,player_2,181.333,438.633,400.497,65.841,384.542,-213.839,stay,up,1,0
1775915817155,3005,1730024.4000000954,pvp,player_1,player_2,181.333,436.844,406.906,62.277,384.542,-213.839,stay,up,1,0
1775915817155,3006,1730041.2000000477,pvp,player_1,player_2,181.333,434.8,413.315,58.713,384.542,-213.839,stay,up,1,0
1775915817155,3007,1730057.9000000954,pvp,player_1,player_2,181.333,432.5,419.724,55.149,384.542,-213.839,stay,up,1,0
1775915817155,3008,1730074.5,pvp,player_1,player_2,181.333,429.944,426.133,51.585,384.542,-213.839,stay,up,1,0
1775915817155,3009,1730091.1000000238,pvp,player_1,player_2,181.333,427.133,432.542,48.022,384.542,-213.839,stay,up,1,0
1775915817155,3010,1730107.9000000954,pvp,player_1,player_2,181.333,424.067,438.952,44.458,384.542,-213.839,stay,up,1,0
1775915817155,3011,1730124.5,pvp,player_1,player_2,181.333,420.744,445.361,40.894,384.542,-213.839,stay,up,1,0
1775915817155,3012,1730141.1000000238,pvp,player_1,player_2,181.333,417.167,451.77,37.33,384.542,-213.839,stay,up,1,0
1775915817155,3013,1730157.9000000954,pvp,player_1,player_2,181.333,413.333,458.179,33.766,384.542,-213.839,stay,up,1,0
1775915817155,3014,1730174.7000000477,pvp,player_1,player_2,181.333,409.244,464.588,30.202,384.542,-213.839,stay,up,1,0
1775915817155,3015,1730191.2000000477,pvp,player_1,player_2,181.333,404.9,470.997,26.638,384.542,-213.839,stay,up,1,0
1775915817155,3016,1730208.5,pvp,player_1,player_2,181.333,400.3,477.406,23.074,384.542,-213.839,stay,up,1,0
1775915817155,3017,1730224.8000000715,pvp,player_1,player_2,181.333,395.444,483.815,19.51,384.542,-213.839,stay,up,1,0
1775915817155,3018,1730240.8000000715,pvp,player_1,player_2,181.333,390.333,490.224,15.946,384.542,-213.839,stay,up,1,0
1775915817155,3019,1730257.6000000238,pvp,player_1,player_2,181.333,384.967,496.633,12.382,384.542,-213.839,stay,up,1,0
1775915817155,3020,1730274.6000000238,pvp,player_1,player_2,181.333,379.344,503.042,10,384.542,213.839,stay,up,1,0
1775915817155,3021,1730291.2000000477,pvp,player_1,player_2,181.333,373.467,509.451,13.564,384.542,213.839,stay,up,1,0
1775915817155,3022,1730308,pvp,player_1,player_2,181.333,367.333,515.86,17.128,384.542,213.839,stay,up,1,0
1775915817155,3023,1730324.7000000477,pvp,player_1,player_2,181.333,360.944,522.269,20.692,384.542,213.839,stay,up,1,0
1775915817155,3024,1730341.1000000238,pvp,player_1,player_2,181.333,354.3,528.678,24.256,384.542,213.839,stay,up,1,0
1775915817155,3025,1730358.2000000477,pvp,player_1,player_2,181.333,347.4,535.087,27.82,384.542,213.839,stay,up,1,0
1775915817155,3026,1730374.7000000477,pvp,player_1,player_2,181.333,340.244,541.496,31.384,384.542,213.839,stay,up,1,0
1775915817155,3027,1730391.3000000715,pvp,player_1,player_2,181.333,332.833,547.905,34.948,384.542,213.839,stay,up,1,0
1775915817155,3028,1730408,pvp,player_1,player_2,181.333,325.167,554.314,38.512,384.542,213.839,stay,up,1,0
1775915817155,3029,1730424.3000000715,pvp,player_1,player_2,181.333,317.5,560.723,42.076,384.542,213.839,stay,up,1,0
1775915817155,3030,1730441.1000000238,pvp,player_1,player_2,181.333,309.833,567.132,45.64,384.542,213.839,stay,up,1,0
1775915817155,3031,1730457.6000000238,pvp,player_1,player_2,181.333,302.167,573.541,49.204,384.542,213.839,stay,up,1,0
1775915817155,3032,1730474.6000000238,pvp,player_1,player_2,181.333,294.5,579.95,52.768,384.542,213.839,stay,up,1,0
1775915817155,3033,1730491.5,pvp,player_1,player_2,181.333,286.833,586.359,56.332,384.542,213.839,stay,up,1,0
1775915817155,3034,1730507.9000000954,pvp,player_1,player_2,181.333,279.167,592.768,59.896,384.542,213.839,stay,up,1,0
1775915817155,3035,1730524.7000000477,pvp,player_1,player_2,181.333,271.5,599.178,63.46,384.542,213.839,stay,up,1,0
1775915817155,3036,1730541.2000000477,pvp,player_1,player_2,181.333,263.833,605.587,67.024,384.542,213.839,stay,up,1,0
1775915817155,3037,1730557.3000000715,pvp,player_1,player_2,181.333,256.361,611.996,70.588,384.542,213.839,stay,stay,1,0
1775915817155,3038,1730574.5,pvp,player_1,player_2,181.333,249.083,618.405,74.152,384.542,213.839,stay,stay,1,0
1775915817155,3039,1730590.5,pvp,player_1,player_2,181.333,242,624.814,77.716,384.542,213.839,stay,stay,1,0
1775915817155,3040,1730607.6000000238,pvp,player_1,player_2,181.333,235.111,631.223,81.28,384.542,213.839,stay,stay,1,0
1775915817155,3041,1730624.4000000954,pvp,player_1,player_2,181.333,228.417,637.632,84.844,384.542,213.839,stay,stay,1,0
1775915817155,3042,1730641.1000000238,pvp,player_1,player_2,181.333,221.917,644.041,88.408,384.542,213.839,stay,stay,1,0
1775915817155,3043,1730658.3000000715,pvp,player_1,player_2,181.333,215.611,650.45,91.972,384.542,213.839,stay,stay,1,0
1775915817155,3044,1730674.2000000477,pvp,player_1,player_2,181.333,209.5,656.859,95.536,384.542,213.839,stay,stay,1,0
1775915817155,3045,1730691,pvp,player_1,player_2,181.333,203.583,663.268,99.1,384.542,213.839,stay,stay,1,0
1775915817155,3046,1730708,pvp,player_1,player_2,181.333,197.861,669.677,102.664,384.542,213.839,stay,stay,1,0
1775915817155,3047,1730724.4000000954,pvp,player_1,player_2,181.333,192.333,676.086,106.228,384.542,213.839,stay,stay,1,0
1775915817155,3048,1730741.1000000238,pvp,player_1,player_2,181.333,187,682.495,109.792,384.542,213.839,stay,stay,1,0
1775915817155,3049,1730757.9000000954,pvp,player_1,player_2,181.333,182.028,688.904,113.355,384.542,213.839,stay,down,1,0
1775915817155,3050,1730774.1000000238,pvp,player_1,player_2,181.333,177.417,695.313,116.919,384.542,213.839,stay,down,1,0
1775915817155,3051,1730790.8000000715,pvp,player_1,player_2,181.333,173.167,701.722,120.483,384.542,213.839,stay,down,1,0
1775915817155,3052,1730807.9000000954,pvp,player_1,player_2,181.333,169.278,708.131,124.047,384.542,213.839,stay,down,1,0
1775915817155,3053,1730824.7000000477,pvp,player_1,player_2,181.333,165.75,714.54,127.611,384.542,213.839,stay,down,1,0
1775915817155,3054,1730841,pvp,player_1,player_2,181.333,162.583,720.949,131.175,384.542,213.839,stay,down,1,0
1775915817155,3055,1730858.2000000477,pvp,player_1,player_2,181.333,159.778,727.358,134.739,384.542,213.839,stay,down,1,0
1775915817155,3056,1730874.2000000477,pvp,player_1,player_2,181.333,157.167,733.767,138.303,384.542,213.839,stay,stay,1,0
1775915817155,3057,1730891.1000000238,pvp,player_1,player_2,181.333,154.75,740.176,141.867,384.542,213.839,stay,stay,1,0
1775915817155,3058,1730907.4000000954,pvp,player_1,player_2,181.333,152.528,746.585,145.431,384.542,213.839,stay,stay,1,0
1775915817155,3059,1730924.1000000238,pvp,player_1,player_2,181.333,150.5,752.995,148.995,384.542,213.839,stay,stay,1,0
1775915817155,3060,1730941,pvp,player_1,player_2,181.333,148.667,759.404,152.559,384.542,213.839,stay,stay,1,0
1775915817155,3061,1730958.1000000238,pvp,player_1,player_2,181.333,147.028,765.813,156.123,384.542,213.839,stay,stay,1,0
1775915817155,3062,1730974.7000000477,pvp,player_1,player_2,181.333,145.583,772.222,159.687,384.542,213.839,stay,stay,1,0
1775915817155,3063,1730991.2000000477,pvp,player_1,player_2,181.333,144.333,778.631,163.251,384.542,213.839,stay,stay,1,0
1775915817155,3064,1731007.9000000954,pvp,player_1,player_2,181.333,143.278,785.04,166.815,384.542,213.839,stay,stay,1,0
1775915817155,3065,1731024.6000000238,pvp,player_1,player_2,181.333,142.417,791.449,170.379,384.542,213.839,stay,stay,1,0
1775915817155,3066,1731041.3000000715,pvp,player_1,player_2,181.333,141.75,797.858,173.943,384.542,213.839,stay,stay,1,0
1775915817155,3067,1731058.1000000238,pvp,player_1,player_2,181.333,141.278,804.267,177.507,384.542,213.839,stay,stay,1,0
1775915817155,3068,1731074.6000000238,pvp,player_1,player_2,181.333,141,810.676,181.071,384.542,213.839,stay,stay,1,0
1775915817155,3069,1731091,pvp,player_1,player_2,181.333,141,817.085,184.635,384.542,213.839,stay,stay,1,0
1775915817155,3070,1731108,pvp,player_1,player_2,181.333,141,823.494,188.199,384.542,213.839,stay,stay,1,0
1775915817155,3071,1731124.7000000477,pvp,player_1,player_2,181.333,141,829.903,191.763,384.542,213.839,stay,stay,1,0
1775915817155,3072,1731141.3000000715,pvp,player_1,player_2,181.333,141,836.312,195.327,384.542,213.839,stay,stay,1,0
1775915817155,3073,1731158.2000000477,pvp,player_1,player_2,181.333,141,842.721,198.891,384.542,213.839,stay,stay,1,0
1775915817155,3074,1731174.4000000954,pvp,player_1,player_2,181.333,141,849.13,202.455,384.542,213.839,stay,stay,1,0
1775915817155,3075,1731191.1000000238,pvp,player_1,player_2,181.333,141,855.539,206.019,384.542,213.839,stay,stay,1,0
1775915817155,3076,1731208,pvp,player_1,player_2,181.333,141,861.948,209.583,384.542,213.839,stay,stay,1,0
1775915817155,3077,1731224.7000000477,pvp,player_1,player_2,181.333,141,868.357,213.147,384.542,213.839,stay,stay,1,0
1775915817155,3078,1731241.3000000715,pvp,player_1,player_2,181.333,141,874.766,216.711,384.542,213.839,stay,stay,1,0
1775915817155,3079,1731257.7000000477,pvp,player_1,player_2,181.333,141,881.175,220.275,384.542,213.839,stay,stay,1,0
1775915817155,3080,1731275,pvp,player_1,player_2,181.333,141.256,887.584,223.839,384.542,213.839,stay,down,1,0
1775915817155,3081,1731291.4000000954,pvp,player_1,player_2,181.333,141.767,893.993,227.403,384.542,213.839,stay,down,1,0
1775915817155,3082,1731307.7000000477,pvp,player_1,player_2,181.333,142.533,900.402,230.967,384.542,213.839,stay,down,1,0
1775915817155,3083,1731324.8000000715,pvp,player_1,player_2,181.333,143.556,906.811,234.531,384.542,213.839,stay,down,1,0
1775915817155,3084,1731341.4000000954,pvp,player_1,player_2,181.333,144.833,912,238.095,-220.961,403.455,stay,down,1,0
1775915817155,3085,1731358.1000000238,pvp,player_1,player_2,181.333,146.367,908.317,244.819,-220.961,403.455,stay,down,1,0
1775915817155,3086,1731374.6000000238,pvp,player_1,player_2,181.333,148.156,904.635,251.543,-220.961,403.455,stay,down,1,0
1775915817155,3087,1731391,pvp,player_1,player_2,181.333,150.2,900.952,258.268,-220.961,403.455,stay,down,1,0
1775915817155,3088,1731407.9000000954,pvp,player_1,player_2,181.333,152.5,897.269,264.992,-220.961,403.455,stay,down,1,0
1775915817155,3089,1731424.1000000238,pvp,player_1,player_2,181.333,155.056,893.587,271.716,-220.961,403.455,stay,down,1,0
1775915817155,3090,1731440.7000000477,pvp,player_1,player_2,181.333,157.867,889.904,278.44,-220.961,403.455,stay,down,1,0
1775915817155,3091,1731458,pvp,player_1,player_2,181.333,160.933,886.221,285.165,-220.961,403.455,stay,down,1,0
1775915817155,3092,1731474.6000000238,pvp,player_1,player_2,181.333,164.256,882.538,291.889,-220.961,403.455,stay,down,1,0
1775915817155,3093,1731491.2000000477,pvp,player_1,player_2,181.333,167.833,878.856,298.613,-220.961,403.455,stay,down,1,0
1775915817155,3094,1731508,pvp,player_1,player_2,181.333,171.667,875.173,305.337,-220.961,403.455,stay,down,1,0
1775915817155,3095,1731524.6000000238,pvp,player_1,player_2,181.333,175.756,871.49,312.062,-220.961,403.455,stay,down,1,0
1775915817155,3096,1731541.1000000238,pvp,player_1,player_2,181.333,180.1,867.808,318.786,-220.961,403.455,stay,down,1,0
1775915817155,3097,1731558.1000000238,pvp,player_1,player_2,181.333,184.7,864.125,325.51,-220.961,403.455,stay,down,1,0
1775915817155,3098,1731574.7000000477,pvp,player_1,player_2,181.333,189.556,860.442,332.234,-220.961,403.455,stay,down,1,0
1775915817155,3099,1731591.3000000715,pvp,player_1,player_2,181.333,194.667,856.76,338.959,-220.961,403.455,stay,down,1,0
1775915817155,3100,1731607.5,pvp,player_1,player_2,181.333,200.033,853.077,345.683,-220.961,403.455,stay,down,1,0
1775915817155,3101,1731624.6000000238,pvp,player_1,player_2,181.333,205.656,849.394,352.407,-220.961,403.455,stay,down,1,0
1775915817155,3102,1731642,pvp,player_1,player_2,181.333,211.533,845.712,359.131,-220.961,403.455,stay,down,1,0
1775915817155,3103,1731658,pvp,player_1,player_2,181.333,217.667,842.029,365.856,-220.961,403.455,stay,down,1,0
1775915817155,3104,1731674.7000000477,pvp,player_1,player_2,181.333,224.056,838.346,372.58,-220.961,403.455,stay,down,1,0
1775915817155,3105,1731691.1000000238,pvp,player_1,player_2,181.333,230.7,834.664,379.304,-220.961,403.455,stay,down,1,0
1775915817155,3106,1731707.8000000715,pvp,player_1,player_2,181.333,237.6,830.981,386.028,-220.961,403.455,stay,down,1,0
1775915817155,3107,1731724.5,pvp,player_1,player_2,181.333,244.756,827.298,392.753,-220.961,403.455,stay,down,1,0
1775915817155,3108,1731741.3000000715,pvp,player_1,player_2,181.333,252.167,823.615,399.477,-220.961,403.455,stay,down,1,0
1775915817155,3109,1731758.1000000238,pvp,player_1,player_2,181.333,259.833,819.933,406.201,-220.961,403.455,stay,down,1,0
1775915817155,3110,1731773.9000000954,pvp,player_1,player_2,181.333,267.5,816.25,412.925,-220.961,403.455,stay,down,1,0
1775915817155,3111,1731790.4000000954,pvp,player_1,player_2,181.333,274.972,812.567,419.65,-220.961,403.455,stay,stay,1,0
1775915817155,3112,1731807.7000000477,pvp,player_1,player_2,181.333,282.25,808.885,426.374,-220.961,403.455,stay,stay,1,0
1775915817155,3113,1731823.9000000954,pvp,player_1,player_2,181.333,289.333,805.202,433.098,-220.961,403.455,stay,stay,1,0
1775915817155,3114,1731841.1000000238,pvp,player_1,player_2,181.333,296.222,801.519,439.822,-220.961,403.455,stay,stay,1,0
1775915817155,3115,1731858,pvp,player_1,player_2,181.333,302.917,797.837,446.547,-220.961,403.455,stay,stay,1,0
1775915817155,3116,1731873.7000000477,pvp,player_1,player_2,181.333,309.417,794.154,453.271,-220.961,403.455,stay,stay,1,0
1775915817155,3117,1731890.6000000238,pvp,player_1,player_2,181.333,315.722,790.471,459.995,-220.961,403.455,stay,stay,1,0
1775915817155,3118,1731907.3000000715,pvp,player_1,player_2,181.333,321.833,786.789,466.719,-220.961,403.455,stay,stay,1,0
1775915817155,3119,1731923.9000000954,pvp,player_1,player_2,181.333,327.75,783.106,473.444,-220.961,403.455,stay,stay,1,0
1775915817155,3120,1731940.4000000954,pvp,player_1,player_2,181.333,333.472,779.423,480.168,-220.961,403.455,stay,stay,1,0
1775915817155,3121,1731957.3000000715,pvp,player_1,player_2,181.333,339,775.74,486.892,-220.961,403.455,stay,stay,1,0
1775915817155,3122,1731973.9000000954,pvp,player_1,player_2,181.333,344.333,772.058,493.616,-220.961,403.455,stay,stay,1,0
1775915817155,3123,1731990.7000000477,pvp,player_1,player_2,181.333,349.472,768.375,500.341,-220.961,403.455,stay,stay,1,0
1775915817155,3124,1732007.3000000715,pvp,player_1,player_2,181.333,354.417,764.692,507.065,-220.961,403.455,stay,stay,1,0
1775915817155,3125,1732024.8000000715,pvp,player_1,player_2,181.333,359.167,761.01,513.789,-220.961,403.455,stay,stay,1,0
1775915817155,3126,1732041.3000000715,pvp,player_1,player_2,181.333,363.722,757.327,520.513,-220.961,403.455,stay,stay,1,0
1775915817155,3127,1732058.5,pvp,player_1,player_2,181.333,368.083,753.644,527.238,-220.961,403.455,stay,stay,1,0
1775915817155,3128,1732074.1000000238,pvp,player_1,player_2,181.333,372.25,749.962,530,-220.961,-403.455,stay,stay,1,0
1775915817155,3129,1732091.2000000477,pvp,player_1,player_2,181.333,376.222,746.279,523.276,-220.961,-403.455,stay,stay,1,0
1775915817155,3130,1732108.2000000477,pvp,player_1,player_2,181.333,380,742.596,516.551,-220.961,-403.455,stay,stay,1,0
1775915817155,3131,1732124.9000000954,pvp,player_1,player_2,181.333,383.583,738.914,509.827,-220.961,-403.455,stay,stay,1,0
1775915817155,3132,1732141.4000000954,pvp,player_1,player_2,181.333,386.972,735.231,503.103,-220.961,-403.455,stay,stay,1,0
1775915817155,3133,1732158.1000000238,pvp,player_1,player_2,181.333,390.167,731.548,496.379,-220.961,-403.455,stay,stay,1,0
1775915817155,3134,1732174.8000000715,pvp,player_1,player_2,181.333,393.167,727.865,489.654,-220.961,-403.455,stay,stay,1,0
1775915817155,3135,1732191.5,pvp,player_1,player_2,181.333,395.972,724.183,482.93,-220.961,-403.455,stay,stay,1,0
1775915817155,3136,1732208.2000000477,pvp,player_1,player_2,181.333,398.583,720.5,476.206,-220.961,-403.455,stay,stay,1,0
1775915817155,3137,1732224.9000000954,pvp,player_1,player_2,181.333,401,716.817,469.482,-220.961,-403.455,stay,stay,1,0
1775915817155,3138,1732241.4000000954,pvp,player_1,player_2,181.333,403.222,713.135,462.757,-220.961,-403.455,stay,stay,1,0
1775915817155,3139,1732258.1000000238,pvp,player_1,player_2,181.333,405.25,709.452,456.033,-220.961,-403.455,stay,stay,1,0
1775915817155,3140,1732274.9000000954,pvp,player_1,player_2,181.333,407.083,705.769,449.309,-220.961,-403.455,stay,stay,1,0
1775915817155,3141,1732291.3000000715,pvp,player_1,player_2,181.333,408.722,702.087,442.585,-220.961,-403.455,stay,stay,1,0
1775915817155,3142,1732307.5,pvp,player_1,player_2,181.333,410.167,698.404,435.86,-220.961,-403.455,stay,stay,1,0
1775915817155,3143,1732324.4000000954,pvp,player_1,player_2,181.333,411.417,694.721,429.136,-220.961,-403.455,stay,stay,1,0
1775915817155,3144,1732341.6000000238,pvp,player_1,player_2,181.333,412.472,691.039,422.412,-220.961,-403.455,stay,stay,1,0
1775915817155,3145,1732358,pvp,player_1,player_2,181.333,413.333,687.356,415.688,-220.961,-403.455,stay,stay,1,0
1775915817155,3146,1732374.7000000477,pvp,player_1,player_2,181.333,414,683.673,408.963,-220.961,-403.455,stay,stay,1,0
1775915817155,3147,1732391.3000000715,pvp,player_1,player_2,181.333,414.472,679.991,402.239,-220.961,-403.455,stay,stay,1,0
1775915817155,3148,1732408.3000000715,pvp,player_1,player_2,181.333,414.75,676.308,395.515,-220.961,-403.455,stay,stay,1,0
1775915817155,3149,1732424.7000000477,pvp,player_1,player_2,181.333,414.75,672.625,388.791,-220.961,-403.455,stay,stay,1,0
1775915817155,3150,1732441.3000000715,pvp,player_1,player_2,181.333,414.75,668.942,382.066,-220.961,-403.455,stay,stay,1,0
1775915817155,3151,1732457.9000000954,pvp,player_1,player_2,181.333,414.75,665.26,375.342,-220.961,-403.455,stay,stay,1,0
1775915817155,3152,1732474.7000000477,pvp,player_1,player_2,181.333,414.75,661.577,368.618,-220.961,-403.455,stay,stay,1,0
1775915817155,3153,1732491.2000000477,pvp,player_1,player_2,181.333,414.75,657.894,361.894,-220.961,-403.455,stay,stay,1,0
1775915817155,3154,1732508.3000000715,pvp,player_1,player_2,181.333,414.75,654.212,355.169,-220.961,-403.455,stay,stay,1,0
1775915817155,3155,1732524.8000000715,pvp,player_1,player_2,181.333,414.75,650.529,348.445,-220.961,-403.455,stay,stay,1,0
1775915817155,3156,1732541,pvp,player_1,player_2,181.333,414.75,646.846,341.721,-220.961,-403.455,stay,stay,1,0
1775915817155,3157,1732557.6000000238,pvp,player_1,player_2,181.333,414.75,643.164,334.997,-220.961,-403.455,stay,stay,1,0
1775915817155,3158,1732574.9000000954,pvp,player_1,player_2,181.333,414.75,639.481,328.272,-220.961,-403.455,stay,stay,1,0
1775915817155,3159,1732591,pvp,player_1,player_2,181.333,414.75,635.798,321.548,-220.961,-403.455,stay,stay,1,0
1775915817155,3160,1732607.7000000477,pvp,player_1,player_2,181.333,414.75,632.116,314.824,-220.961,-403.455,stay,stay,1,0
1775915817155,3161,1732624.4000000954,pvp,player_1,player_2,181.333,414.75,628.433,308.1,-220.961,-403.455,stay,stay,1,0
1775915817155,3162,1732641.1000000238,pvp,player_1,player_2,181.333,414.75,624.75,301.375,-220.961,-403.455,stay,stay,1,0
1775915817155,3163,1732657.8000000715,pvp,player_1,player_2,181.333,414.75,621.067,294.651,-220.961,-403.455,stay,stay,1,0
1775915817155,3164,1732674.7000000477,pvp,player_1,player_2,181.333,414.75,617.385,287.927,-220.961,-403.455,stay,stay,1,0
1775915817155,3165,1732691.3000000715,pvp,player_1,player_2,181.333,414.75,613.702,281.203,-220.961,-403.455,stay,stay,1,0
1775915817155,3166,1732708,pvp,player_1,player_2,181.333,414.75,610.019,274.478,-220.961,-403.455,stay,stay,1,0
1775915817155,3167,1732724.8000000715,pvp,player_1,player_2,181.333,414.75,606.337,267.754,-220.961,-403.455,stay,stay,1,0
1775915817155,3168,1732741.3000000715,pvp,player_1,player_2,181.333,414.75,602.654,261.03,-220.961,-403.455,stay,stay,1,0
1775915817155,3169,1732757.3000000715,pvp,player_1,player_2,181.333,414.75,598.971,254.306,-220.961,-403.455,stay,stay,1,0
1775915817155,3170,1732774,pvp,player_1,player_2,181.333,414.75,595.289,247.581,-220.961,-403.455,stay,stay,1,0
1775915817155,3171,1732790.7000000477,pvp,player_1,player_2,181.333,414.75,591.606,240.857,-220.961,-403.455,stay,stay,1,0
1775915817155,3172,1732807.7000000477,pvp,player_1,player_2,181.333,414.75,587.923,234.133,-220.961,-403.455,stay,stay,1,0
1775915817155,3173,1732824.6000000238,pvp,player_1,player_2,181.333,414.75,584.241,227.409,-220.961,-403.455,stay,stay,1,0
1775915817155,3174,1732841.1000000238,pvp,player_1,player_2,181.333,414.75,580.558,220.684,-220.961,-403.455,stay,stay,1,0
1775915817155,3175,1732857.9000000954,pvp,player_1,player_2,181.333,414.75,576.875,213.96,-220.961,-403.455,stay,stay,1,0
1775915817155,3176,1732874.5,pvp,player_1,player_2,181.333,414.75,573.192,207.236,-220.961,-403.455,stay,stay,1,0
1775915817155,3177,1732891,pvp,player_1,player_2,181.333,414.75,569.51,200.512,-220.961,-403.455,stay,stay,1,0
1775915817155,3178,1732907.7000000477,pvp,player_1,player_2,181.333,414.75,565.827,193.787,-220.961,-403.455,stay,stay,1,0
1775915817155,3179,1732924.5,pvp,player_1,player_2,181.333,414.75,562.144,187.063,-220.961,-403.455,stay,stay,1,0
1775915817155,3180,1732941.2000000477,pvp,player_1,player_2,181.333,414.75,558.462,180.339,-220.961,-403.455,stay,stay,1,0
1775915817155,3181,1732957.7000000477,pvp,player_1,player_2,181.333,414.75,554.779,173.615,-220.961,-403.455,stay,stay,1,0
1775915817155,3182,1732975,pvp,player_1,player_2,181.333,414.75,551.096,166.89,-220.961,-403.455,stay,stay,1,0
1775915817155,3183,1732991.3000000715,pvp,player_1,player_2,181.333,414.75,547.414,160.166,-220.961,-403.455,stay,stay,1,0
1775915817155,3184,1733008,pvp,player_1,player_2,181.333,414.75,543.731,153.442,-220.961,-403.455,stay,stay,1,0
1775915817155,3185,1733024.9000000954,pvp,player_1,player_2,181.333,414.75,540.048,146.718,-220.961,-403.455,stay,stay,1,0
1775915817155,3186,1733040.9000000954,pvp,player_1,player_2,181.333,414.75,536.366,139.993,-220.961,-403.455,stay,stay,1,0
1775915817155,3187,1733058.1000000238,pvp,player_1,player_2,181.333,414.75,532.683,133.269,-220.961,-403.455,stay,stay,1,0
1775915817155,3188,1733074.9000000954,pvp,player_1,player_2,181.333,414.75,529,126.545,-220.961,-403.455,stay,stay,1,0
1775915817155,3189,1733091.1000000238,pvp,player_1,player_2,181.333,414.75,525.318,119.821,-220.961,-403.455,stay,stay,1,0
1775915817155,3190,1733108.1000000238,pvp,player_1,player_2,181.333,414.75,521.635,113.096,-220.961,-403.455,stay,stay,1,0
1775915817155,3191,1733124.7000000477,pvp,player_1,player_2,181.333,414.75,517.952,106.372,-220.961,-403.455,stay,stay,1,0
1775915817155,3192,1733141.3000000715,pvp,player_1,player_2,181.333,414.75,514.269,99.648,-220.961,-403.455,stay,stay,1,0
1775915817155,3193,1733158.3000000715,pvp,player_1,player_2,181.333,414.75,510.587,92.924,-220.961,-403.455,stay,stay,1,0
1775915817155,3194,1733174.7000000477,pvp,player_1,player_2,181.333,414.75,506.904,86.199,-220.961,-403.455,stay,stay,1,0
1775915817155,3195,1733191.4000000954,pvp,player_1,player_2,181.333,414.75,503.221,79.475,-220.961,-403.455,stay,stay,1,0
1775915817155,3196,1733208.2000000477,pvp,player_1,player_2,181.333,414.75,499.539,72.751,-220.961,-403.455,stay,stay,1,0
1775915817155,3197,1733224.7000000477,pvp,player_1,player_2,181.333,414.75,495.856,66.027,-220.961,-403.455,stay,stay,1,0
1775915817155,3198,1733241.2000000477,pvp,player_1,player_2,181.333,414.75,492.173,59.302,-220.961,-403.455,stay,stay,1,0
1775915817155,3199,1733257.5,pvp,player_1,player_2,181.333,414.75,488.491,52.578,-220.961,-403.455,stay,stay,1,0
1775915817155,3200,1733274.5,pvp,player_1,player_2,181.333,414.75,484.808,45.854,-220.961,-403.455,stay,stay,1,0
1775915817155,3201,1733291.2000000477,pvp,player_1,player_2,181.333,414.75,481.125,39.13,-220.961,-403.455,stay,stay,1,0
1775915817155,3202,1733308.2000000477,pvp,player_1,player_2,181.333,414.75,477.443,32.405,-220.961,-403.455,stay,stay,1,0
1775915817155,3203,1733324.7000000477,pvp,player_1,player_2,181.333,414.75,473.76,25.681,-220.961,-403.455,stay,stay,1,0
1775915817155,3204,1733341.1000000238,pvp,player_1,player_2,181.333,414.75,470.077,18.957,-220.961,-403.455,stay,stay,1,0
1775915817155,3205,1733357.4000000954,pvp,player_1,player_2,181.333,414.75,466.394,12.233,-220.961,-403.455,stay,stay,1,0
1775915817155,3206,1733374.6000000238,pvp,player_1,player_2,181.333,414.75,462.712,10,-220.961,403.455,stay,stay,1,0
1775915817155,3207,1733391.2000000477,pvp,player_1,player_2,181.333,414.75,459.029,16.724,-220.961,403.455,stay,stay,1,0
1775915817155,3208,1733407.8000000715,pvp,player_1,player_2,181.333,414.75,455.346,23.449,-220.961,403.455,stay,stay,1,0
1775915817155,3209,1733424.8000000715,pvp,player_1,player_2,181.333,414.75,451.664,30.173,-220.961,403.455,stay,stay,1,0
1775915817155,3210,1733441,pvp,player_1,player_2,181.333,414.75,447.981,36.897,-220.961,403.455,stay,stay,1,0
1775915817155,3211,1733458,pvp,player_1,player_2,181.333,414.75,444.298,43.621,-220.961,403.455,stay,stay,1,0
1775915817155,3212,1733474.9000000954,pvp,player_1,player_2,181.333,414.75,440.616,50.346,-220.961,403.455,stay,stay,1,0
1775915817155,3213,1733491.4000000954,pvp,player_1,player_2,181.333,414.75,436.933,57.07,-220.961,403.455,stay,stay,1,0
1775915817155,3214,1733507.2000000477,pvp,player_1,player_2,181.333,414.75,433.25,63.794,-220.961,403.455,stay,stay,1,0
1775915817155,3215,1733523.9000000954,pvp,player_1,player_2,181.333,414.75,429.568,70.518,-220.961,403.455,stay,stay,1,0
1775915817155,3216,1733540.5,pvp,player_1,player_2,181.333,414.75,425.885,77.243,-220.961,403.455,stay,stay,1,0
1775915817155,3217,1733557.1000000238,pvp,player_1,player_2,181.333,414.75,422.202,83.967,-220.961,403.455,stay,stay,1,0
1775915817155,3218,1733573.8000000715,pvp,player_1,player_2,181.333,414.75,418.519,90.691,-220.961,403.455,stay,stay,1,0
1775915817155,3219,1733590.6000000238,pvp,player_1,player_2,181.333,414.75,414.837,97.415,-220.961,403.455,stay,stay,1,0
1775915817155,3220,1733607.2000000477,pvp,player_1,player_2,181.333,414.75,411.154,104.14,-220.961,403.455,stay,stay,1,0
1775915817155,3221,1733624,pvp,player_1,player_2,181.333,414.75,407.471,110.864,-220.961,403.455,stay,stay,1,0
1775915817155,3222,1733640.7000000477,pvp,player_1,player_2,181.333,414.75,403.789,117.588,-220.961,403.455,stay,stay,1,0
1775915817155,3223,1733657.2000000477,pvp,player_1,player_2,181.333,414.75,400.106,124.312,-220.961,403.455,stay,stay,1,0
1775915817155,3224,1733674,pvp,player_1,player_2,181.333,414.75,396.423,131.037,-220.961,403.455,stay,stay,1,0
1775915817155,3225,1733690.7000000477,pvp,player_1,player_2,181.333,414.75,392.741,137.761,-220.961,403.455,stay,stay,1,0
1775915817155,3226,1733707.3000000715,pvp,player_1,player_2,181.333,414.75,389.058,144.485,-220.961,403.455,stay,stay,1,0
1775915817155,3227,1733724.1000000238,pvp,player_1,player_2,181.333,414.75,385.375,151.209,-220.961,403.455,stay,stay,1,0
1775915817155,3228,1733740.6000000238,pvp,player_1,player_2,181.333,414.75,381.693,157.934,-220.961,403.455,stay,stay,1,0
1775915817155,3229,1733757.2000000477,pvp,player_1,player_2,181.333,414.75,378.01,164.658,-220.961,403.455,stay,stay,1,0
1775915817155,3230,1733773.9000000954,pvp,player_1,player_2,181.333,414.75,374.327,171.382,-220.961,403.455,stay,stay,1,0
1775915817155,3231,1733790.5,pvp,player_1,player_2,181.333,414.75,370.645,178.106,-220.961,403.455,stay,stay,1,0
1775915817155,3232,1733807.6000000238,pvp,player_1,player_2,181.333,414.75,366.962,184.831,-220.961,403.455,stay,stay,1,0
1775915817155,3233,1733824,pvp,player_1,player_2,181.333,414.75,363.279,191.555,-220.961,403.455,stay,stay,1,0
1775915817155,3234,1733840.5,pvp,player_1,player_2,181.333,414.75,359.596,198.279,-220.961,403.455,stay,stay,1,0
1775915817155,3235,1733857.3000000715,pvp,player_1,player_2,181.333,414.75,355.914,205.003,-220.961,403.455,stay,stay,1,0
1775915817155,3236,1733873.9000000954,pvp,player_1,player_2,181.333,414.75,352.231,211.728,-220.961,403.455,stay,stay,1,0
1775915817155,3237,1733890.7000000477,pvp,player_1,player_2,181.333,414.75,348.548,218.452,-220.961,403.455,stay,stay,1,0
1775915817155,3238,1733907.2000000477,pvp,player_1,player_2,181.333,414.75,344.866,225.176,-220.961,403.455,stay,stay,1,0
1775915817155,3239,1733924.2000000477,pvp,player_1,player_2,181.333,414.75,341.183,231.9,-220.961,403.455,stay,stay,1,0
1775915817155,3240,1733940.7000000477,pvp,player_1,player_2,181.333,414.75,337.5,238.625,-220.961,403.455,stay,stay,1,0
1775915817155,3241,1733957.9000000954,pvp,player_1,player_2,181.333,414.75,333.818,245.349,-220.961,403.455,stay,stay,1,0
1775915817155,3242,1733974.8000000715,pvp,player_1,player_2,181.333,414.75,330.135,252.073,-220.961,403.455,stay,stay,1,0
1775915817155,3243,1733991.3000000715,pvp,player_1,player_2,181.333,414.75,326.452,258.797,-220.961,403.455,stay,stay,1,0
1775915817155,3244,1734008.2000000477,pvp,player_1,player_2,181.333,414.75,322.77,265.522,-220.961,403.455,stay,stay,1,0
1775915817155,3245,1734024.6000000238,pvp,player_1,player_2,181.333,414.75,319.087,272.246,-220.961,403.455,stay,stay,1,0
1775915817155,3246,1734041.3000000715,pvp,player_1,player_2,181.333,414.75,315.404,278.97,-220.961,403.455,stay,stay,1,0
1775915817155,3247,1734058.2000000477,pvp,player_1,player_2,181.333,414.75,311.721,285.694,-220.961,403.455,stay,stay,1,0
1775915817155,3248,1734074.1000000238,pvp,player_1,player_2,181.333,414.75,308.039,292.419,-220.961,403.455,stay,stay,1,0
1775915817155,3249,1734091.2000000477,pvp,player_1,player_2,181.333,414.75,304.356,299.143,-220.961,403.455,stay,stay,1,0
1775915817155,3250,1734108,pvp,player_1,player_2,181.333,414.75,300.673,305.867,-220.961,403.455,stay,stay,1,0
1775915817155,3251,1734124.8000000715,pvp,player_1,player_2,181.333,414.75,296.991,312.591,-220.961,403.455,stay,stay,1,0
1775915817155,3252,1734141.1000000238,pvp,player_1,player_2,181.333,414.75,293.308,319.316,-220.961,403.455,stay,stay,1,0
1775915817155,3253,1734158.4000000954,pvp,player_1,player_2,181.333,414.75,289.625,326.04,-220.961,403.455,stay,stay,1,0
1775915817155,3254,1734174.9000000954,pvp,player_1,player_2,181.333,414.75,285.943,332.764,-220.961,403.455,stay,stay,1,0
1775915817155,3255,1734191.3000000715,pvp,player_1,player_2,181.333,414.75,282.26,339.488,-220.961,403.455,stay,stay,1,0
1775915817155,3256,1734208.1000000238,pvp,player_1,player_2,181.333,414.75,278.577,346.213,-220.961,403.455,stay,stay,1,0
1775915817155,3257,1734224.7000000477,pvp,player_1,player_2,181.333,414.75,274.895,352.937,-220.961,403.455,stay,stay,1,0
1775915817155,3258,1734241,pvp,player_1,player_2,181.333,414.75,271.212,359.661,-220.961,403.455,stay,stay,1,0
1775915817155,3259,1734258.1000000238,pvp,player_1,player_2,181.333,414.75,267.529,366.385,-220.961,403.455,stay,stay,1,0
1775915817155,3260,1734274.7000000477,pvp,player_1,player_2,181.333,414.75,263.847,373.11,-220.961,403.455,stay,stay,1,0
1775915817155,3261,1734291,pvp,player_1,player_2,181.333,414.75,260.164,379.834,-220.961,403.455,stay,stay,1,0
1775915817155,3262,1734308,pvp,player_1,player_2,181.333,414.75,256.481,386.558,-220.961,403.455,stay,stay,1,0
1775915817155,3263,1734324.7000000477,pvp,player_1,player_2,181.333,414.75,252.798,393.282,-220.961,403.455,stay,stay,1,0
1775915817155,3264,1734341.2000000477,pvp,player_1,player_2,181.333,414.75,249.116,400.007,-220.961,403.455,stay,stay,1,0
1775915817155,3265,1734358,pvp,player_1,player_2,181.333,414.75,245.433,406.731,-220.961,403.455,stay,stay,1,0
1775915817155,3266,1734374.6000000238,pvp,player_1,player_2,181.333,414.75,241.75,413.455,-220.961,403.455,stay,stay,1,0
1775915817155,3267,1734391.4000000954,pvp,player_1,player_2,181.333,414.75,238.068,420.179,-220.961,403.455,stay,stay,1,0
1775915817155,3268,1734408.4000000954,pvp,player_1,player_2,181.333,414.75,234.385,426.904,-220.961,403.455,stay,stay,1,0
1775915817155,3269,1734424.9000000954,pvp,player_1,player_2,181.333,414.75,230.702,433.628,-220.961,403.455,stay,stay,1,0
1775915817155,3270,1734441.2000000477,pvp,player_1,player_2,181.333,414.75,227.02,440.352,-220.961,403.455,stay,stay,1,0
1775915817155,3271,1734458.2000000477,pvp,player_1,player_2,181.333,414.75,223.337,447.076,-220.961,403.455,stay,stay,1,0
1775915817155,3272,1734474.7000000477,pvp,player_1,player_2,181.333,414.75,219.654,453.801,-220.961,403.455,stay,stay,1,0
1775915817155,3273,1734491.4000000954,pvp,player_1,player_2,181.333,414.75,215.972,460.525,-220.961,403.455,stay,stay,1,0
1775915817155,3274,1734508.1000000238,pvp,player_1,player_2,181.333,414.75,212.289,467.249,-220.961,403.455,stay,stay,1,0
1775915817155,3275,1734524.2000000477,pvp,player_1,player_2,181.333,414.75,208.606,473.973,-220.961,403.455,stay,stay,1,0
1775915817155,3276,1734540.8000000715,pvp,player_1,player_2,181.333,414.75,204.923,480.698,-220.961,403.455,stay,stay,1,0
1775915817155,3277,1734558,pvp,player_1,player_2,181.333,414.75,201.241,487.422,-220.961,403.455,stay,stay,1,0
1775915817155,3278,1734574.7000000477,pvp,player_1,player_2,181.333,414.75,197.558,494.146,-220.961,403.455,stay,stay,1,0
1775915817155,3279,1734591.4000000954,pvp,player_1,player_2,181.333,414.75,193.875,500.87,-220.961,403.455,stay,stay,1,0
1775915817155,3280,1734607.8000000715,pvp,player_1,player_2,181.333,414.75,190.193,507.595,-220.961,403.455,stay,stay,1,0
1775915817155,3281,1734624.1000000238,pvp,player_1,player_2,181.333,414.75,186.51,514.319,-220.961,403.455,stay,stay,1,0
1775915817155,3282,1734641.1000000238,pvp,player_1,player_2,181.333,414.75,182.827,521.043,-220.961,403.455,stay,stay,1,0
1775915817155,3283,1734658.1000000238,pvp,player_1,player_2,181.333,414.75,179.145,527.767,-220.961,403.455,stay,stay,1,0
1775915817155,3284,1734674.7000000477,pvp,player_1,player_2,181.333,414.75,175.462,530,-220.961,-403.455,stay,stay,1,0
1775915817155,3285,1734691.1000000238,pvp,player_1,player_2,181.333,414.75,171.779,523.276,-220.961,-403.455,stay,stay,1,0
1775915817155,3286,1734708.1000000238,pvp,player_1,player_2,181.333,414.75,168.097,516.551,-220.961,-403.455,stay,stay,1,0
1775915817155,3287,1734724.3000000715,pvp,player_1,player_2,181.333,414.75,164.414,509.827,-220.961,-403.455,stay,stay,1,0
1775915817155,3288,1734741.1000000238,pvp,player_1,player_2,181.333,414.75,160.731,503.103,-220.961,-403.455,stay,stay,1,0
1775915817155,3289,1734758.4000000954,pvp,player_1,player_2,181.333,414.75,157.048,496.379,-220.961,-403.455,stay,stay,1,0
1775915817155,3290,1734774.2000000477,pvp,player_1,player_2,181.333,414.75,153.366,489.654,-220.961,-403.455,stay,stay,1,0
1775915817155,3291,1734790.7000000477,pvp,player_1,player_2,181.333,414.75,149.683,482.93,-220.961,-403.455,stay,stay,1,0
1775915817155,3292,1734807.7000000477,pvp,player_1,player_2,181.333,414.75,146,476.206,-220.961,-403.455,stay,stay,1,0
1775915817155,3293,1734824.6000000238,pvp,player_1,player_2,181.333,414.75,142.318,469.482,-220.961,-403.455,stay,stay,1,0
1775915817155,3294,1734841.2000000477,pvp,player_1,player_2,181.333,414.75,138.635,462.757,-220.961,-403.455,stay,stay,1,0
1775915817155,3295,1734857.9000000954,pvp,player_1,player_2,181.333,414.75,134.952,456.033,-220.961,-403.455,stay,stay,1,0
1775915817155,3296,1734874.6000000238,pvp,player_1,player_2,181.333,414.75,131.27,449.309,-220.961,-403.455,stay,stay,1,0
1775915817155,3297,1734891.1000000238,pvp,player_1,player_2,181.333,414.75,127.587,442.585,-220.961,-403.455,stay,stay,1,0
1775915817155,3298,1734908.1000000238,pvp,player_1,player_2,181.333,414.75,123.904,435.86,-220.961,-403.455,stay,stay,1,0
1775915817155,3299,1734924.2000000477,pvp,player_1,player_2,181.333,414.75,120.222,429.136,-220.961,-403.455,stay,stay,1,0
1775915817155,3300,1734941.1000000238,pvp,player_1,player_2,181.333,414.75,116.539,422.412,-220.961,-403.455,stay,stay,1,0
1775915817155,3301,1734957.7000000477,pvp,player_1,player_2,181.333,414.75,112.856,415.688,-220.961,-403.455,stay,stay,1,0
1775915817155,3302,1734974.6000000238,pvp,player_1,player_2,181.333,414.75,109.174,408.963,-220.961,-403.455,stay,stay,1,0
1775915817155,3303,1734991.5,pvp,player_1,player_2,181.333,414.75,105.491,402.239,-220.961,-403.455,stay,stay,1,0
1775915817155,3304,1735007.9000000954,pvp,player_1,player_2,181.333,414.75,101.808,395.515,-220.961,-403.455,stay,stay,1,0
1775915817155,3305,1735024.8000000715,pvp,player_1,player_2,181.333,414.75,98.125,388.791,-220.961,-403.455,stay,stay,1,0
1775915817155,3306,1735041.3000000715,pvp,player_1,player_2,181.333,414.75,94.443,382.066,-220.961,-403.455,stay,stay,1,0
1775915817155,3307,1735057.4000000954,pvp,player_1,player_2,181.333,414.75,90.76,375.342,-220.961,-403.455,stay,stay,1,0
1775915817155,3308,1735074.9000000954,pvp,player_1,player_2,181.333,414.75,87.077,368.618,-220.961,-403.455,stay,stay,1,0
1775915817155,3309,1735091.4000000954,pvp,player_1,player_2,181.333,414.75,83.395,361.894,-220.961,-403.455,stay,stay,1,0
1775915817155,3310,1735107.9000000954,pvp,player_1,player_2,181.333,414.75,79.712,355.169,-220.961,-403.455,stay,stay,1,0
1775915817155,3311,1735124.8000000715,pvp,player_1,player_2,181.333,414.75,76.029,348.445,-220.961,-403.455,stay,stay,1,0
1775915817155,3312,1735141.2000000477,pvp,player_1,player_2,181.333,414.75,72.347,341.721,-220.961,-403.455,stay,stay,1,0
1775915817155,3313,1735158,pvp,player_1,player_2,181.333,414.75,68.664,334.997,-220.961,-403.455,stay,stay,1,0
1775915817155,3314,1735175,pvp,player_1,player_2,181.333,414.75,64.981,328.272,-220.961,-403.455,stay,stay,1,0
1775915817155,3315,1735191.1000000238,pvp,player_1,player_2,181.333,414.75,61.299,321.548,-220.961,-403.455,stay,stay,1,0
1775915817155,3316,1735208.2000000477,pvp,player_1,player_2,181.333,414.75,57.616,314.824,-220.961,-403.455,stay,stay,1,0
1775915817155,3317,1735224.7000000477,pvp,player_1,player_2,181.333,414.75,53.933,308.1,-220.961,-403.455,stay,stay,1,0
1775915817155,3318,1735241.3000000715,pvp,player_1,player_2,181.333,414.75,50.25,301.375,-220.961,-403.455,stay,stay,1,0
1775915817155,3319,1735257.8000000715,pvp,player_1,player_2,181.333,414.75,46.568,294.651,-220.961,-403.455,stay,stay,1,0
1775915817155,3320,1735275,pvp,player_1,player_2,181.333,414.75,42.885,287.927,-220.961,-403.455,stay,stay,1,0
1775915817155,3321,1735291.1000000238,pvp,player_1,player_2,181.333,414.75,48,281.203,202.857,435.028,stay,stay,1,0
1775915817155,3322,1735307.8000000715,pvp,player_1,player_2,181.333,414.75,51.381,288.453,202.857,435.028,stay,stay,1,0
1775915817155,3323,1735324.3000000715,pvp,player_1,player_2,181.333,414.75,54.762,295.704,202.857,435.028,stay,stay,1,0
1775915817155,3324,1735341.3000000715,pvp,player_1,player_2,181.333,414.75,58.143,302.954,202.857,435.028,stay,stay,1,0
1775915817155,3325,1735357.9000000954,pvp,player_1,player_2,181.333,414.75,61.524,310.205,202.857,435.028,stay,stay,1,0
1775915817155,3326,1735374.8000000715,pvp,player_1,player_2,181.333,414.75,64.905,317.455,202.857,435.028,stay,stay,1,0
1775915817155,3327,1735391.4000000954,pvp,player_1,player_2,181.333,414.75,68.286,324.705,202.857,435.028,stay,stay,1,0
1775915817155,3328,1735408,pvp,player_1,player_2,181.333,414.75,71.667,331.956,202.857,435.028,stay,stay,1,0
1775915817155,3329,1735424.5,pvp,player_1,player_2,181.333,414.75,75.048,339.206,202.857,435.028,stay,stay,1,0
1775915817155,3330,1735441.4000000954,pvp,player_1,player_2,181.333,414.75,78.429,346.457,202.857,435.028,stay,stay,1,0
1775915817155,3331,1735457.9000000954,pvp,player_1,player_2,181.333,414.75,81.809,353.707,202.857,435.028,stay,stay,1,0
1775915817155,3332,1735474.8000000715,pvp,player_1,player_2,181.333,414.75,85.19,360.958,202.857,435.028,stay,stay,1,0
1775915817155,3333,1735491.5,pvp,player_1,player_2,181.333,414.75,88.571,368.208,202.857,435.028,stay,stay,1,0
1775915817155,3334,1735507.9000000954,pvp,player_1,player_2,181.333,414.75,91.952,375.459,202.857,435.028,stay,stay,1,0
1775915817155,3335,1735525.1000000238,pvp,player_1,player_2,181.333,414.75,95.333,382.709,202.857,435.028,stay,stay,1,0
1775915817155,3336,1735541.4000000954,pvp,player_1,player_2,181.333,414.75,98.714,389.96,202.857,435.028,stay,stay,1,0
1775915817155,3337,1735557.5,pvp,player_1,player_2,181.333,414.75,102.095,397.21,202.857,435.028,stay,stay,1,0
1775915817155,3338,1735574.7000000477,pvp,player_1,player_2,181.333,414.75,105.476,404.461,202.857,435.028,stay,stay,1,0
1775915817155,3339,1735591.3000000715,pvp,player_1,player_2,181.333,414.75,108.857,411.711,202.857,435.028,stay,stay,1,0
1775915817155,3340,1735607.9000000954,pvp,player_1,player_2,181.333,414.75,112.238,418.961,202.857,435.028,stay,stay,1,0
1775915817155,3341,1735624.6000000238,pvp,player_1,player_2,181.333,414.75,115.619,426.212,202.857,435.028,stay,stay,1,0
1775915817155,3342,1735641.1000000238,pvp,player_1,player_2,181.333,414.75,119,433.462,202.857,435.028,stay,stay,1,0
1775915817155,3343,1735658.2000000477,pvp,player_1,player_2,181.333,414.75,122.381,440.713,202.857,435.028,stay,stay,1,0
1775915817155,3344,1735674.7000000477,pvp,player_1,player_2,181.333,414.75,125.762,447.963,202.857,435.028,stay,stay,1,0
1775915817155,3345,1735691.3000000715,pvp,player_1,player_2,181.333,414.75,129.143,455.214,202.857,435.028,stay,stay,1,0
1775915817155,3346,1735707.9000000954,pvp,player_1,player_2,181.333,414.75,132.524,462.464,202.857,435.028,stay,stay,1,0
1775915817155,3347,1735724.7000000477,pvp,player_1,player_2,181.333,414.75,135.905,469.715,202.857,435.028,stay,stay,1,0
1775915817155,3348,1735741.1000000238,pvp,player_1,player_2,181.333,414.75,139.286,476.965,202.857,435.028,stay,stay,1,0
1775915817155,3349,1735757.9000000954,pvp,player_1,player_2,181.333,414.75,142.666,484.216,202.857,435.028,stay,stay,1,0
1775915817155,3350,1735774.1000000238,pvp,player_1,player_2,181.333,414.75,146.047,491.466,202.857,435.028,stay,stay,1,0
1775915817155,3351,1735790.8000000715,pvp,player_1,player_2,181.333,414.75,149.428,498.717,202.857,435.028,stay,stay,1,0
1775915817155,3352,1735807.5,pvp,player_1,player_2,181.333,414.75,152.809,505.967,202.857,435.028,stay,stay,1,0
1775915817155,3353,1735824.9000000954,pvp,player_1,player_2,181.333,414.75,156.19,513.217,202.857,435.028,stay,stay,1,0
1775915817155,3354,1735841.3000000715,pvp,player_1,player_2,181.333,414.75,159.571,520.468,202.857,435.028,stay,stay,1,0
1775915817155,3355,1735858.1000000238,pvp,player_1,player_2,181.333,414.75,162.952,527.718,202.857,435.028,stay,stay,1,0
1775915817155,3356,1735874.7000000477,pvp,player_1,player_2,181.333,414.75,166.333,530,202.857,-435.028,stay,stay,1,0
1775915817155,3357,1735891.4000000954,pvp,player_1,player_2,181.333,414.75,169.714,522.75,202.857,-435.028,stay,stay,1,0
1775915817155,3358,1735907.9000000954,pvp,player_1,player_2,181.333,414.75,173.095,515.499,202.857,-435.028,stay,stay,1,0
1775915817155,3359,1735924.5,pvp,player_1,player_2,181.333,414.75,176.476,508.249,202.857,-435.028,stay,stay,1,0
1775915817155,3360,1735941.2000000477,pvp,player_1,player_2,181.333,414.75,179.857,500.998,202.857,-435.028,stay,stay,1,0
1775915817155,3361,1735957.9000000954,pvp,player_1,player_2,181.333,414.75,183.238,493.748,202.857,-435.028,stay,stay,1,0
1775915817155,3362,1735974.7000000477,pvp,player_1,player_2,181.333,414.75,186.619,486.497,202.857,-435.028,stay,stay,1,0
1775915817155,3363,1735991.1000000238,pvp,player_1,player_2,181.333,414.75,190,479.247,202.857,-435.028,stay,stay,1,0
1775915817155,3364,1736008,pvp,player_1,player_2,181.333,414.75,193.381,471.996,202.857,-435.028,stay,stay,1,0
1775915817155,3365,1736024.2000000477,pvp,player_1,player_2,181.333,414.75,196.762,464.746,202.857,-435.028,stay,stay,1,0
1775915817155,3366,1736041.3000000715,pvp,player_1,player_2,181.333,414.75,200.143,457.495,202.857,-435.028,stay,stay,1,0
1775915817155,3367,1736058.2000000477,pvp,player_1,player_2,181.333,414.75,203.524,450.245,202.857,-435.028,stay,stay,1,0
1775915817155,3368,1736074.2000000477,pvp,player_1,player_2,181.333,414.75,206.904,442.994,202.857,-435.028,stay,stay,1,0
1775915817155,3369,1736091.4000000954,pvp,player_1,player_2,181.333,414.75,210.285,435.744,202.857,-435.028,stay,stay,1,0
1775915817155,3370,1736108.1000000238,pvp,player_1,player_2,181.333,414.75,213.666,428.494,202.857,-435.028,stay,stay,1,0
1775915817155,3371,1736124.8000000715,pvp,player_1,player_2,181.333,414.75,217.047,421.243,202.857,-435.028,stay,stay,1,0
1775915817155,3372,1736140.6000000238,pvp,player_1,player_2,181.333,414.75,220.428,413.993,202.857,-435.028,stay,stay,1,0
1775915817155,3373,1736157.2000000477,pvp,player_1,player_2,181.333,414.75,223.809,406.742,202.857,-435.028,stay,stay,1,0
1775915817155,3374,1736173.8000000715,pvp,player_1,player_2,181.333,414.75,227.19,399.492,202.857,-435.028,stay,stay,1,0
1775915817155,3375,1736190.8000000715,pvp,player_1,player_2,181.333,414.75,230.571,392.241,202.857,-435.028,stay,stay,1,0
1775915817155,3376,1736207.8000000715,pvp,player_1,player_2,181.333,414.75,233.952,384.991,202.857,-435.028,stay,stay,1,0
1775915817155,3377,1736224.5,pvp,player_1,player_2,181.333,414.75,237.333,377.74,202.857,-435.028,stay,stay,1,0
1775915817155,3378,1736241.2000000477,pvp,player_1,player_2,181.333,414.75,240.714,370.49,202.857,-435.028,stay,stay,1,0
1775915817155,3379,1736257.6000000238,pvp,player_1,player_2,181.333,414.75,244.095,363.239,202.857,-435.028,stay,stay,1,0
1775915817155,3380,1736274.1000000238,pvp,player_1,player_2,181.333,414.75,247.476,355.989,202.857,-435.028,stay,stay,1,0
1775915817155,3381,1736291.4000000954,pvp,player_1,player_2,181.333,414.75,250.857,348.738,202.857,-435.028,stay,stay,1,0
1775915817155,3382,1736308.2000000477,pvp,player_1,player_2,181.333,414.75,254.238,341.488,202.857,-435.028,stay,stay,1,0
1775915817155,3383,1736324.5,pvp,player_1,player_2,181.333,414.75,257.619,334.238,202.857,-435.028,stay,stay,1,0
1775915817155,3384,1736341.2000000477,pvp,player_1,player_2,181.333,414.75,261,326.987,202.857,-435.028,stay,stay,1,0
1775915817155,3385,1736358,pvp,player_1,player_2,181.333,414.75,264.381,319.737,202.857,-435.028,stay,stay,1,0
1775915817155,3386,1736374.8000000715,pvp,player_1,player_2,181.333,414.75,267.761,312.486,202.857,-435.028,stay,stay,1,0
1775915817155,3387,1736391.2000000477,pvp,player_1,player_2,181.333,414.75,271.142,305.236,202.857,-435.028,stay,stay,1,0
1775915817155,3388,1736407.9000000954,pvp,player_1,player_2,181.333,414.75,274.523,297.985,202.857,-435.028,stay,stay,1,0
1775915817155,3389,1736424.8000000715,pvp,player_1,player_2,181.333,414.75,277.904,290.735,202.857,-435.028,stay,stay,1,0
1775915817155,3390,1736441.2000000477,pvp,player_1,player_2,181.333,414.75,281.285,283.484,202.857,-435.028,stay,stay,1,0
1775915817155,3391,1736457.8000000715,pvp,player_1,player_2,181.333,414.75,284.666,276.234,202.857,-435.028,stay,stay,1,0
1775915817155,3392,1736474.4000000954,pvp,player_1,player_2,181.333,414.75,288.047,268.983,202.857,-435.028,stay,stay,1,0
1775915817155,3393,1736490.8000000715,pvp,player_1,player_2,181.333,414.75,291.428,261.733,202.857,-435.028,stay,stay,1,0
1775915817155,3394,1736507.6000000238,pvp,player_1,player_2,181.333,414.75,294.809,254.482,202.857,-435.028,stay,stay,1,0
1775915817155,3395,1736524.5,pvp,player_1,player_2,181.333,414.75,298.19,247.232,202.857,-435.028,stay,stay,1,0
1775915817155,3396,1736541.2000000477,pvp,player_1,player_2,181.333,414.75,301.571,239.982,202.857,-435.028,stay,stay,1,0
1775915817155,3397,1736557.8000000715,pvp,player_1,player_2,181.333,414.75,304.952,232.731,202.857,-435.028,stay,stay,1,0
1775915817155,3398,1736574.4000000954,pvp,player_1,player_2,181.333,414.75,308.333,225.481,202.857,-435.028,stay,stay,1,0
1775915817155,3399,1736590.9000000954,pvp,player_1,player_2,181.333,414.75,311.714,218.23,202.857,-435.028,stay,stay,1,0
1775915817155,3400,1736607.7000000477,pvp,player_1,player_2,181.333,414.75,315.095,210.98,202.857,-435.028,stay,stay,1,0
1775915817155,3401,1736624.5,pvp,player_1,player_2,181.333,414.75,318.476,203.729,202.857,-435.028,stay,stay,1,0
1775915817155,3402,1736641.1000000238,pvp,player_1,player_2,181.333,414.75,321.857,196.479,202.857,-435.028,stay,stay,1,0
1775915817155,3403,1736657,pvp,player_1,player_2,181.333,414.75,325.238,189.228,202.857,-435.028,stay,stay,1,0
1775915817155,3404,1736674.4000000954,pvp,player_1,player_2,181.333,414.75,328.619,181.978,202.857,-435.028,stay,stay,1,0
1775915817155,3405,1736691,pvp,player_1,player_2,181.333,414.75,331.999,174.727,202.857,-435.028,stay,stay,1,0
1775915817155,3406,1736708,pvp,player_1,player_2,181.333,414.75,335.38,167.477,202.857,-435.028,stay,stay,1,0
1775915817155,3407,1736724.4000000954,pvp,player_1,player_2,181.333,414.75,338.761,160.226,202.857,-435.028,stay,stay,1,0
1775915817155,3408,1736740.7000000477,pvp,player_1,player_2,181.333,414.75,342.142,152.976,202.857,-435.028,stay,stay,1,0
1775915817155,3409,1736757.9000000954,pvp,player_1,player_2,181.333,414.75,345.523,145.725,202.857,-435.028,stay,stay,1,0
1775915817155,3410,1736773.9000000954,pvp,player_1,player_2,181.333,414.75,348.904,138.475,202.857,-435.028,stay,stay,1,0
1775915817155,3411,1736790.7000000477,pvp,player_1,player_2,181.333,414.75,352.285,131.225,202.857,-435.028,stay,stay,1,0
1775915817155,3412,1736807.7000000477,pvp,player_1,player_2,181.333,414.75,355.666,123.974,202.857,-435.028,stay,stay,1,0
1775915817155,3413,1736824.4000000954,pvp,player_1,player_2,181.333,414.75,359.047,116.724,202.857,-435.028,stay,stay,1,0
1775915817155,3414,1736841,pvp,player_1,player_2,181.333,414.75,362.428,109.473,202.857,-435.028,stay,stay,1,0
1775915817155,3415,1736857.8000000715,pvp,player_1,player_2,181.333,414.75,365.809,102.223,202.857,-435.028,stay,stay,1,0
1775915817155,3416,1736874,pvp,player_1,player_2,181.333,414.75,369.19,94.972,202.857,-435.028,stay,stay,1,0
1775915817155,3417,1736890.5,pvp,player_1,player_2,181.333,414.75,372.571,87.722,202.857,-435.028,stay,stay,1,0
1775915817155,3418,1736907.7000000477,pvp,player_1,player_2,181.333,414.75,375.952,80.471,202.857,-435.028,stay,stay,1,0
1775915817155,3419,1736924.1000000238,pvp,player_1,player_2,181.333,414.75,379.333,73.221,202.857,-435.028,stay,stay,1,0
1775915817155,3420,1736941,pvp,player_1,player_2,181.333,414.75,382.714,65.97,202.857,-435.028,stay,stay,1,0
1775915817155,3421,1736957.5,pvp,player_1,player_2,181.333,414.75,386.095,58.72,202.857,-435.028,stay,stay,1,0
1775915817155,3422,1736974,pvp,player_1,player_2,181.333,414.75,389.476,51.469,202.857,-435.028,stay,stay,1,0
1775915817155,3423,1736990.7000000477,pvp,player_1,player_2,181.333,414.75,392.857,44.219,202.857,-435.028,stay,stay,1,0
1775915817155,3424,1737007.7000000477,pvp,player_1,player_2,181.333,414.75,396.237,36.969,202.857,-435.028,stay,stay,1,0
1775915817155,3425,1737024.4000000954,pvp,player_1,player_2,181.333,414.75,399.618,29.718,202.857,-435.028,stay,stay,1,0
1775915817155,3426,1737040.9000000954,pvp,player_1,player_2,181.333,414.75,402.999,22.468,202.857,-435.028,stay,stay,1,0
1775915817155,3427,1737057.8000000715,pvp,player_1,player_2,181.333,414.75,406.38,15.217,202.857,-435.028,stay,stay,1,0
1775915817155,3428,1737074.4000000954,pvp,player_1,player_2,181.333,414.75,409.761,10,202.857,435.028,stay,stay,1,0
1775915817155,3429,1737091,pvp,player_1,player_2,181.333,414.75,413.142,17.25,202.857,435.028,stay,stay,1,0
1775915817155,3430,1737107.6000000238,pvp,player_1,player_2,181.333,414.75,416.523,24.501,202.857,435.028,stay,stay,1,0
1775915817155,3431,1737124.5,pvp,player_1,player_2,181.333,414.75,419.904,31.751,202.857,435.028,stay,stay,1,0
1775915817155,3432,1737141.4000000954,pvp,player_1,player_2,181.333,414.75,423.285,39.002,202.857,435.028,stay,stay,1,0
1775915817155,3433,1737157.8000000715,pvp,player_1,player_2,181.333,414.75,426.666,46.252,202.857,435.028,stay,stay,1,0
1775915817155,3434,1737174.6000000238,pvp,player_1,player_2,181.333,414.75,430.047,53.503,202.857,435.028,stay,stay,1,0
1775915817155,3435,1737191.5,pvp,player_1,player_2,181.333,414.75,433.428,60.753,202.857,435.028,stay,stay,1,0
1775915817155,3436,1737207.5,pvp,player_1,player_2,181.333,414.75,436.809,68.004,202.857,435.028,stay,stay,1,0
1775915817155,3437,1737224.6000000238,pvp,player_1,player_2,181.333,414.75,440.19,75.254,202.857,435.028,stay,stay,1,0
1775915817155,3438,1737241,pvp,player_1,player_2,181.333,414.75,443.571,82.505,202.857,435.028,stay,stay,1,0
1775915817155,3439,1737257.8000000715,pvp,player_1,player_2,181.333,414.75,446.952,89.755,202.857,435.028,stay,stay,1,0
1775915817155,3440,1737274.7000000477,pvp,player_1,player_2,181.333,414.75,450.333,97.006,202.857,435.028,stay,stay,1,0
1775915817155,3441,1737291.1000000238,pvp,player_1,player_2,181.333,414.75,453.714,104.256,202.857,435.028,stay,stay,1,0
1775915817155,3442,1737307.7000000477,pvp,player_1,player_2,181.333,414.75,457.094,111.506,202.857,435.028,stay,stay,1,0
1775915817155,3443,1737324.6000000238,pvp,player_1,player_2,181.333,414.75,460.475,118.757,202.857,435.028,stay,stay,1,0
1775915817155,3444,1737341.3000000715,pvp,player_1,player_2,181.333,414.75,463.856,126.007,202.857,435.028,stay,stay,1,0
1775915817155,3445,1737357.8000000715,pvp,player_1,player_2,181.333,414.75,467.237,133.258,202.857,435.028,stay,stay,1,0
1775915817155,3446,1737374.5,pvp,player_1,player_2,181.333,414.75,470.618,140.508,202.857,435.028,stay,stay,1,0
1775915817155,3447,1737391.1000000238,pvp,player_1,player_2,181.333,414.75,473.999,147.759,202.857,435.028,stay,stay,1,0
1775915817155,3448,1737407.7000000477,pvp,player_1,player_2,181.333,414.75,477.38,155.009,202.857,435.028,stay,stay,1,0
1775915817155,3449,1737424.3000000715,pvp,player_1,player_2,181.333,414.75,480.761,162.26,202.857,435.028,stay,stay,1,0
1775915817155,3450,1737440.8000000715,pvp,player_1,player_2,181.333,414.75,484.142,169.51,202.857,435.028,stay,stay,1,0
1775915817155,3451,1737457.8000000715,pvp,player_1,player_2,181.333,414.75,487.523,176.761,202.857,435.028,stay,stay,1,0
1775915817155,3452,1737474.5,pvp,player_1,player_2,181.333,414.75,490.904,184.011,202.857,435.028,stay,stay,1,0
1775915817155,3453,1737491,pvp,player_1,player_2,181.333,414.75,494.285,191.262,202.857,435.028,stay,stay,1,0
1775915817155,3454,1737507.6000000238,pvp,player_1,player_2,181.333,414.75,497.666,198.512,202.857,435.028,stay,stay,1,0
1775915817155,3455,1737524.6000000238,pvp,player_1,player_2,181.333,414.75,501.047,205.762,202.857,435.028,stay,stay,1,0
1775915817155,3456,1737541.1000000238,pvp,player_1,player_2,181.333,414.75,504.428,213.013,202.857,435.028,stay,stay,1,0
1775915817155,3457,1737557.8000000715,pvp,player_1,player_2,181.333,414.75,507.809,220.263,202.857,435.028,stay,stay,1,0
1775915817155,3458,1737574.6000000238,pvp,player_1,player_2,181.333,414.75,511.19,227.514,202.857,435.028,stay,stay,1,0
1775915817155,3459,1737591,pvp,player_1,player_2,181.333,414.75,514.571,234.764,202.857,435.028,stay,stay,1,0
1775915817155,3460,1737607.6000000238,pvp,player_1,player_2,181.333,414.75,517.952,242.015,202.857,435.028,stay,stay,1,0
1775915817155,3461,1737624.4000000954,pvp,player_1,player_2,181.333,414.75,521.332,249.265,202.857,435.028,stay,stay,1,0
1775915817155,3462,1737641.2000000477,pvp,player_1,player_2,181.333,414.75,524.713,256.516,202.857,435.028,stay,stay,1,0
1775915817155,3463,1737657.4000000954,pvp,player_1,player_2,181.333,414.75,528.094,263.766,202.857,435.028,stay,stay,1,0
1775915817155,3464,1737674.3000000715,pvp,player_1,player_2,181.333,414.75,531.475,271.017,202.857,435.028,stay,stay,1,0
1775915817155,3465,1737690.4000000954,pvp,player_1,player_2,181.333,414.75,534.856,278.267,202.857,435.028,stay,stay,1,0
1775915817155,3466,1737707.5,pvp,player_1,player_2,181.333,414.75,538.237,285.518,202.857,435.028,stay,stay,1,0
1775915817155,3467,1737724.3000000715,pvp,player_1,player_2,181.333,414.75,541.618,292.768,202.857,435.028,stay,stay,1,0
1775915817155,3468,1737740.9000000954,pvp,player_1,player_2,181.333,414.75,544.999,300.018,202.857,435.028,stay,stay,1,0
1775915817155,3469,1737757.8000000715,pvp,player_1,player_2,181.333,414.75,548.38,307.269,202.857,435.028,stay,stay,1,0
1775915817155,3470,1737773.9000000954,pvp,player_1,player_2,181.333,414.75,551.761,314.519,202.857,435.028,stay,stay,1,0
1775915817155,3471,1737790.7000000477,pvp,player_1,player_2,181.333,414.75,555.142,321.77,202.857,435.028,stay,stay,1,0
1775915817155,3472,1737807.5,pvp,player_1,player_2,181.333,414.75,558.523,329.02,202.857,435.028,stay,stay,1,0
1775915817155,3473,1737824.4000000954,pvp,player_1,player_2,181.333,414.75,561.904,336.271,202.857,435.028,stay,stay,1,0
1775915817155,3474,1737841,pvp,player_1,player_2,181.333,414.75,565.285,343.521,202.857,435.028,stay,stay,1,0
1775915817155,3475,1737857.6000000238,pvp,player_1,player_2,181.333,414.75,568.666,350.772,202.857,435.028,stay,stay,1,0
1775915817155,3476,1737874.5,pvp,player_1,player_2,181.333,414.75,572.047,358.022,202.857,435.028,stay,stay,1,0
1775915817155,3477,1737891,pvp,player_1,player_2,181.333,414.75,575.428,365.273,202.857,435.028,stay,stay,1,0
1775915817155,3478,1737908,pvp,player_1,player_2,181.333,414.75,578.809,372.523,202.857,435.028,stay,stay,1,0
1775915817155,3479,1737924.3000000715,pvp,player_1,player_2,181.333,414.75,582.189,379.774,202.857,435.028,stay,stay,1,0
1775915817155,3480,1737940.7000000477,pvp,player_1,player_2,181.333,414.75,585.57,387.024,202.857,435.028,stay,stay,1,0
1775915817155,3481,1737957.5,pvp,player_1,player_2,181.333,414.75,588.951,394.275,202.857,435.028,stay,stay,1,0
1775915817155,3482,1737974.7000000477,pvp,player_1,player_2,181.333,414.75,592.332,401.525,202.857,435.028,stay,stay,1,0
1775915817155,3483,1737991.1000000238,pvp,player_1,player_2,181.333,414.75,595.713,408.775,202.857,435.028,stay,stay,1,0
1775915817155,3484,1738007.8000000715,pvp,player_1,player_2,181.333,414.75,599.094,416.026,202.857,435.028,stay,stay,1,0
1775915817155,3485,1738024,pvp,player_1,player_2,181.333,414.75,602.475,423.276,202.857,435.028,stay,stay,1,0
1775915817155,3486,1738041,pvp,player_1,player_2,181.333,414.75,605.856,430.527,202.857,435.028,stay,stay,1,0
1775915817155,3487,1738057.9000000954,pvp,player_1,player_2,181.333,414.75,609.237,437.777,202.857,435.028,stay,stay,1,0
1775915817155,3488,1738074.2000000477,pvp,player_1,player_2,181.333,414.75,612.618,445.028,202.857,435.028,stay,stay,1,0
1775915817155,3489,1738091.2000000477,pvp,player_1,player_2,181.333,414.75,615.999,452.278,202.857,435.028,stay,stay,1,0
1775915817155,3490,1738107.7000000477,pvp,player_1,player_2,181.333,414.75,619.38,459.529,202.857,435.028,stay,stay,1,0
1775915817155,3491,1738124.5,pvp,player_1,player_2,181.333,414.75,622.761,466.779,202.857,435.028,stay,stay,1,0
1775915817155,3492,1738140.8000000715,pvp,player_1,player_2,181.333,414.75,626.142,474.03,202.857,435.028,stay,stay,1,0
1775915817155,3493,1738157.3000000715,pvp,player_1,player_2,181.333,414.75,629.523,481.28,202.857,435.028,stay,stay,1,0
1775915817155,3494,1738174.1000000238,pvp,player_1,player_2,181.333,414.75,632.904,488.531,202.857,435.028,stay,stay,1,0
1775915817155,3495,1738191.1000000238,pvp,player_1,player_2,181.333,414.75,636.285,495.781,202.857,435.028,stay,stay,1,0
1775915817155,3496,1738207.7000000477,pvp,player_1,player_2,181.333,414.75,639.666,503.031,202.857,435.028,stay,stay,1,0
1775915817155,3497,1738224.3000000715,pvp,player_1,player_2,181.333,414.75,643.047,510.282,202.857,435.028,stay,stay,1,0
1775915817155,3498,1738241.1000000238,pvp,player_1,player_2,181.333,414.75,646.427,517.532,202.857,435.028,stay,stay,1,0
1775915817155,3499,1738257.7000000477,pvp,player_1,player_2,181.333,414.75,649.808,524.783,202.857,435.028,stay,stay,1,0
1775915817155,3500,1738274.5,pvp,player_1,player_2,181.333,414.75,653.189,530,202.857,-435.028,stay,stay,1,0
1775915817155,3501,1738291,pvp,player_1,player_2,181.333,414.75,656.57,522.75,202.857,-435.028,stay,stay,1,0
1775915817155,3502,1738307.9000000954,pvp,player_1,player_2,181.333,414.75,659.951,515.499,202.857,-435.028,stay,stay,1,0
1775915817155,3503,1738324.5,pvp,player_1,player_2,181.333,414.75,663.332,508.249,202.857,-435.028,stay,stay,1,0
1775915817155,3504,1738341.2000000477,pvp,player_1,player_2,181.333,414.75,666.713,500.998,202.857,-435.028,stay,stay,1,0
1775915817155,3505,1738357.9000000954,pvp,player_1,player_2,181.333,414.75,670.094,493.748,202.857,-435.028,stay,stay,1,0
1775915817155,3506,1738374.4000000954,pvp,player_1,player_2,181.333,414.75,673.475,486.497,202.857,-435.028,stay,stay,1,0
1775915817155,3507,1738390.7000000477,pvp,player_1,player_2,181.333,414.75,676.856,479.247,202.857,-435.028,stay,stay,1,0
1775915817155,3508,1738407.6000000238,pvp,player_1,player_2,181.333,414.75,680.237,471.996,202.857,-435.028,stay,stay,1,0
1775915817155,3509,1738424.4000000954,pvp,player_1,player_2,181.333,414.75,683.618,464.746,202.857,-435.028,stay,stay,1,0
1775915817155,3510,1738441,pvp,player_1,player_2,181.333,414.75,686.999,457.495,202.857,-435.028,stay,stay,1,0
1775915817155,3511,1738457.5,pvp,player_1,player_2,181.333,414.75,690.38,450.245,202.857,-435.028,stay,stay,1,0
1775915817155,3512,1738474.1000000238,pvp,player_1,player_2,181.333,414.75,693.761,442.994,202.857,-435.028,stay,stay,1,0
1775915817155,3513,1738490.9000000954,pvp,player_1,player_2,181.333,414.75,697.142,435.744,202.857,-435.028,stay,stay,1,0
1775915817155,3514,1738507.7000000477,pvp,player_1,player_2,181.333,414.75,700.523,428.494,202.857,-435.028,stay,stay,1,0
1775915817155,3515,1738524.8000000715,pvp,player_1,player_2,181.333,414.75,703.904,421.243,202.857,-435.028,stay,stay,1,0
1775915817155,3516,1738541,pvp,player_1,player_2,181.333,414.75,707.284,413.993,202.857,-435.028,stay,stay,1,0
1775915817155,3517,1738557.7000000477,pvp,player_1,player_2,181.333,414.75,710.665,406.742,202.857,-435.028,stay,stay,1,0
1775915817155,3518,1738574.5,pvp,player_1,player_2,181.333,414.75,714.046,399.492,202.857,-435.028,stay,stay,1,0
1775915817155,3519,1738591,pvp,player_1,player_2,181.333,414.75,717.427,392.241,202.857,-435.028,stay,stay,1,0
1775915817155,3520,1738607.6000000238,pvp,player_1,player_2,181.333,414.75,720.808,384.991,202.857,-435.028,stay,stay,1,0
1775915817155,3521,1738624.6000000238,pvp,player_1,player_2,181.333,414.75,724.189,377.74,202.857,-435.028,stay,stay,1,0
1775915817155,3522,1738641.2000000477,pvp,player_1,player_2,181.333,414.75,727.57,370.49,202.857,-435.028,stay,stay,1,0
1775915817155,3523,1738657.3000000715,pvp,player_1,player_2,181.333,414.75,730.951,363.239,202.857,-435.028,stay,stay,1,0
1775915817155,3524,1738674.1000000238,pvp,player_1,player_2,181.333,414.75,734.332,355.989,202.857,-435.028,stay,stay,1,0
1775915817155,3525,1738690.7000000477,pvp,player_1,player_2,181.333,414.75,737.713,348.738,202.857,-435.028,stay,stay,1,0
1775915817155,3526,1738707.2000000477,pvp,player_1,player_2,181.333,414.75,741.094,341.488,202.857,-435.028,stay,stay,1,0
1775915817155,3527,1738724.2000000477,pvp,player_1,player_2,181.333,414.75,744.475,334.238,202.857,-435.028,stay,stay,1,0
1775915817155,3528,1738740.8000000715,pvp,player_1,player_2,181.333,414.75,747.856,326.987,202.857,-435.028,stay,stay,1,0
1775915817155,3529,1738757.5,pvp,player_1,player_2,181.333,414.75,751.237,319.737,202.857,-435.028,stay,stay,1,0
1775915817155,3530,1738773.8000000715,pvp,player_1,player_2,181.333,414.75,754.618,312.486,202.857,-435.028,stay,stay,1,0
1775915817155,3531,1738790.8000000715,pvp,player_1,player_2,181.333,414.75,757.999,305.236,202.857,-435.028,stay,stay,1,0
1775915817155,3532,1738807.4000000954,pvp,player_1,player_2,181.333,414.75,761.38,297.985,202.857,-435.028,stay,stay,1,0
1775915817155,3533,1738824.2000000477,pvp,player_1,player_2,181.333,414.75,764.761,290.735,202.857,-435.028,stay,stay,1,0
1775915817155,3534,1738841.2000000477,pvp,player_1,player_2,181.333,414.75,768.142,283.484,202.857,-435.028,stay,stay,1,0
1775915817155,3535,1738857.5,pvp,player_1,player_2,181.333,414.75,771.522,276.234,202.857,-435.028,stay,stay,1,0
1775915817155,3536,1738874.4000000954,pvp,player_1,player_2,181.333,414.75,774.903,268.983,202.857,-435.028,stay,stay,1,0
1775915817155,3537,1738890.9000000954,pvp,player_1,player_2,181.333,414.75,778.284,261.733,202.857,-435.028,stay,stay,1,0
1775915817155,3538,1738907.1000000238,pvp,player_1,player_2,181.333,414.75,781.665,254.482,202.857,-435.028,stay,stay,1,0
1775915817155,3539,1738923.8000000715,pvp,player_1,player_2,181.333,414.75,785.046,247.232,202.857,-435.028,stay,stay,1,0
1775915817155,3540,1738940.3000000715,pvp,player_1,player_2,181.333,414.75,788.427,239.982,202.857,-435.028,stay,stay,1,0
1775915817155,3541,1738957.2000000477,pvp,player_1,player_2,181.333,414.75,791.808,232.731,202.857,-435.028,stay,stay,1,0
1775915817155,3542,1738973.7000000477,pvp,player_1,player_2,181.333,414.75,795.189,225.481,202.857,-435.028,stay,stay,1,0
1775915817155,3543,1738990.4000000954,pvp,player_1,player_2,181.333,414.75,798.57,218.23,202.857,-435.028,stay,stay,1,0
1775915817155,3544,1739007,pvp,player_1,player_2,181.333,414.75,801.951,210.98,202.857,-435.028,stay,stay,1,0
1775915817155,3545,1739023.8000000715,pvp,player_1,player_2,181.333,414.75,805.332,203.729,202.857,-435.028,stay,stay,1,0
1775915817155,3546,1739040.4000000954,pvp,player_1,player_2,181.333,414.494,808.713,196.479,202.857,-435.028,stay,up,1,0
1775915817155,3547,1739057.2000000477,pvp,player_1,player_2,181.333,413.983,812.094,189.228,202.857,-435.028,stay,up,1,0
1775915817155,3548,1739073.9000000954,pvp,player_1,player_2,181.333,413.217,815.475,181.978,202.857,-435.028,stay,up,1,0
1775915817155,3549,1739090.9000000954,pvp,player_1,player_2,181.333,412.194,818.856,174.727,202.857,-435.028,stay,up,1,0
1775915817155,3550,1739107.8000000715,pvp,player_1,player_2,181.333,410.917,822.237,167.477,202.857,-435.028,stay,up,1,0
1775915817155,3551,1739124.3000000715,pvp,player_1,player_2,181.333,409.383,825.618,160.226,202.857,-435.028,stay,up,1,0
1775915817155,3552,1739140.8000000715,pvp,player_1,player_2,181.333,407.594,828.999,152.976,202.857,-435.028,stay,up,1,0
1775915817155,3553,1739157.3000000715,pvp,player_1,player_2,181.333,405.55,832.379,145.725,202.857,-435.028,stay,up,1,0
1775915817155,3554,1739174.4000000954,pvp,player_1,player_2,181.333,403.25,835.76,138.475,202.857,-435.028,stay,up,1,0
1775915817155,3555,1739190.8000000715,pvp,player_1,player_2,181.333,400.694,839.141,131.225,202.857,-435.028,stay,up,1,0
1775915817155,3556,1739207.7000000477,pvp,player_1,player_2,181.333,397.883,842.522,123.974,202.857,-435.028,stay,up,1,0
1775915817155,3557,1739224.1000000238,pvp,player_1,player_2,181.333,394.817,845.903,116.724,202.857,-435.028,stay,up,1,0
1775915817155,3558,1739240.7000000477,pvp,player_1,player_2,181.333,391.494,849.284,109.473,202.857,-435.028,stay,up,1,0
1775915817155,3559,1739258,pvp,player_1,player_2,181.333,387.917,852.665,102.223,202.857,-435.028,stay,up,1,0
1775915817155,3560,1739274.6000000238,pvp,player_1,player_2,181.333,384.083,856.046,94.972,202.857,-435.028,stay,up,1,0
1775915817155,3561,1739291.1000000238,pvp,player_1,player_2,181.333,379.994,859.427,87.722,202.857,-435.028,stay,up,1,0
1775915817155,3562,1739307.9000000954,pvp,player_1,player_2,181.333,375.65,862.808,80.471,202.857,-435.028,stay,up,1,0
1775915817155,3563,1739324.8000000715,pvp,player_1,player_2,181.333,371.05,866.189,73.221,202.857,-435.028,stay,up,1,0
1775915817155,3564,1739341.6000000238,pvp,player_1,player_2,181.333,366.194,869.57,65.97,202.857,-435.028,stay,up,1,0
1775915817155,3565,1739358,pvp,player_1,player_2,181.333,361.083,872.951,58.72,202.857,-435.028,stay,up,1,0
1775915817155,3566,1739375,pvp,player_1,player_2,181.333,355.717,876.332,51.469,202.857,-435.028,stay,up,1,0
1775915817155,3567,1739391,pvp,player_1,player_2,181.333,350.094,879.713,44.219,202.857,-435.028,stay,up,1,0
1775915817155,3568,1739407.9000000954,pvp,player_1,player_2,181.333,344.217,883.094,36.969,202.857,-435.028,stay,up,1,0
1775915817155,3569,1739424.6000000238,pvp,player_1,player_2,181.333,338.083,886.475,29.718,202.857,-435.028,stay,up,1,0
1775915817155,3570,1739441.7000000477,pvp,player_1,player_2,181.333,331.694,889.856,22.468,202.857,-435.028,stay,up,1,0
1775915817155,3571,1739458.2000000477,pvp,player_1,player_2,181.333,325.05,893.237,15.217,202.857,-435.028,stay,up,1,0
1775915817155,3572,1739474.8000000715,pvp,player_1,player_2,181.333,318.15,896.617,10,202.857,435.028,stay,up,1,0
1775915817155,3573,1739491.3000000715,pvp,player_1,player_2,181.333,310.994,899.998,17.25,202.857,435.028,stay,up,1,0
1775915817155,3574,1739507.9000000954,pvp,player_1,player_2,181.333,303.583,903.379,24.501,202.857,435.028,stay,up,1,0
1775915817155,3575,1739524.5,pvp,player_1,player_2,181.333,295.917,906.76,31.751,202.857,435.028,stay,up,1,0
1775915817155,3576,1739541.1000000238,pvp,player_1,player_2,181.333,288.25,910.141,39.002,202.857,435.028,stay,up,1,0
1775915817155,3577,1739557.9000000954,pvp,player_1,player_2,181.333,280.583,913.522,46.252,202.857,435.028,stay,up,1,0
1775915817155,3578,1739574.7000000477,pvp,player_1,player_2,181.333,272.917,916.903,53.503,202.857,435.028,stay,up,1,0
1775915817155,3579,1739591.3000000715,pvp,player_1,player_2,181.333,265.25,920.284,60.753,202.857,435.028,stay,up,1,0
1775915817155,3580,1739607.9000000954,pvp,player_1,player_2,181.333,257.583,923.665,68.004,202.857,435.028,stay,up,1,0
1775915817155,3581,1739624.5,pvp,player_1,player_2,181.333,249.917,927.046,75.254,202.857,435.028,stay,up,1,0
1775915817155,3582,1739641,pvp,player_1,player_2,181.333,242.25,930.427,82.505,202.857,435.028,stay,up,1,0
1775915817155,3583,1739657.7000000477,pvp,player_1,player_2,181.333,234.583,933.808,89.755,202.857,435.028,stay,up,1,0
1775915817155,3584,1739674.2000000477,pvp,player_1,player_2,181.333,226.917,937.189,97.006,202.857,435.028,stay,up,1,0
1775915817155,3585,1739690.8000000715,pvp,player_1,player_2,181.333,219.25,940.57,104.256,202.857,435.028,stay,up,1,0
1775915817155,3586,1739708.1000000238,pvp,player_1,player_2,181.333,211.583,943.951,111.506,202.857,435.028,stay,up,1,0
1775915817155,3587,1739724,pvp,player_1,player_2,181.333,203.917,947.332,118.757,202.857,435.028,stay,up,1,0
1775915817155,3588,1739741.2000000477,pvp,player_1,player_2,181.333,196.25,950.713,126.007,202.857,435.028,stay,up,1,0
1775915817155,3589,1739757.9000000954,pvp,player_1,player_2,181.333,188.583,954.094,133.258,202.857,435.028,stay,up,1,0
1775915817155,3590,1739773.9000000954,pvp,player_1,player_2,181.333,180.917,957.474,140.508,202.857,435.028,stay,up,1,0
1775915817155,3591,1739790.6000000238,pvp,player_1,player_2,181.333,173.25,960.855,147.759,202.857,435.028,stay,up,1,0
1775915817155,3592,1739807.9000000954,pvp,player_1,player_2,181.333,165.583,964.236,155.009,202.857,435.028,stay,up,1,0
1775915817155,3593,1739824.1000000238,pvp,player_1,player_2,181.333,157.917,967.617,162.26,202.857,435.028,stay,up,1,0
1775915817155,3594,1739840.9000000954,pvp,player_1,player_2,181.333,150.25,480,270,280,0,stay,up,2,0
1775915817155,3595,1739857.4000000954,pvp,player_1,player_2,181.333,142.583,484.667,270,280,0,stay,up,2,0
1775915817155,3596,1739874,pvp,player_1,player_2,181.333,134.917,489.333,270,280,0,stay,up,2,0
1775915817155,3597,1739891.3000000715,pvp,player_1,player_2,181.333,127.25,494,270,280,0,stay,up,2,0
1775915817155,3598,1739907.8000000715,pvp,player_1,player_2,181.333,119.583,498.667,270,280,0,stay,up,2,0
1775915817155,3599,1739924.6000000238,pvp,player_1,player_2,181.333,111.917,503.333,270,280,0,stay,up,2,0
1775915817155,3600,1739940.7000000477,pvp,player_1,player_2,181.333,104.25,508,270,280,0,stay,up,2,0
1775915817155,3601,1739957.4000000954,pvp,player_1,player_2,181.333,96.583,512.667,270,280,0,stay,up,2,0
1775915817155,3602,1739974,pvp,player_1,player_2,181.333,88.917,517.333,270,280,0,stay,up,2,0
1775915817155,3603,1739990.3000000715,pvp,player_1,player_2,181.333,81.25,522,270,280,0,stay,up,2,0
1775915817155,3604,1740007.7000000477,pvp,player_1,player_2,181.333,73.583,526.667,270,280,0,stay,up,2,0
1775915817155,3605,1740024.2000000477,pvp,player_1,player_2,181.333,65.917,531.333,270,280,0,stay,up,2,0
1775915817155,3606,1740040.3000000715,pvp,player_1,player_2,181.333,58.25,536,270,280,0,stay,up,2,0
1775915817155,3607,1740057.4000000954,pvp,player_1,player_2,181.333,50.583,540.667,270,280,0,stay,up,2,0
1775915817155,3608,1740074.2000000477,pvp,player_1,player_2,181.333,42.917,545.333,270,280,0,stay,up,2,0
1775915817155,3609,1740090.4000000954,pvp,player_1,player_2,181.333,35.25,550,270,280,0,stay,up,2,0
1775915817155,3610,1740107.7000000477,pvp,player_1,player_2,181.333,27.583,554.667,270,280,0,stay,up,2,0
1775915817155,3611,1740124.6000000238,pvp,player_1,player_2,181.333,19.917,559.333,270,280,0,stay,up,2,0
1775915817155,3612,1740141.2000000477,pvp,player_1,player_2,181.333,12.25,564,270,280,0,stay,up,2,0
1775915817155,3613,1740157.8000000715,pvp,player_1,player_2,181.333,4.583,568.667,270,280,0,stay,up,2,0
1775915817155,3614,1740174.4000000954,pvp,player_1,player_2,181.333,0,573.333,270,280,0,stay,up,2,0
1775915817155,3615,1740190.6000000238,pvp,player_1,player_2,181.333,0,578,270,280,0,stay,stay,2,0
1775915817155,3616,1740207.7000000477,pvp,player_1,player_2,181.333,0,582.667,270,280,0,stay,stay,2,0
1775915817155,3617,1740224.5,pvp,player_1,player_2,181.333,0,587.333,270,280,0,stay,stay,2,0
1775915817155,3618,1740240.4000000954,pvp,player_1,player_2,181.333,0,592,270,280,0,stay,stay,2,0
1775915817155,3619,1740257.6000000238,pvp,player_1,player_2,181.333,0,596.667,270,280,0,stay,stay,2,0
1775915817155,3620,1740274.4000000954,pvp,player_1,player_2,181.333,0,601.333,270,280,0,stay,stay,2,0
1775915817155,3621,1740291.3000000715,pvp,player_1,player_2,181.333,0,606,270,280,0,stay,stay,2,0
1775915817155,3622,1740307.9000000954,pvp,player_1,player_2,181.333,0,610.667,270,280,0,stay,stay,2,0
1775915817155,3623,1740324.7000000477,pvp,player_1,player_2,181.333,0,615.333,270,280,0,stay,stay,2,0
1775915817155,3624,1740341.1000000238,pvp,player_1,player_2,181.333,0,620,270,280,0,stay,stay,2,0
1775915817155,3625,1740357.9000000954,pvp,player_1,player_2,181.333,0,624.667,270,280,0,stay,stay,2,0
1775915817155,3626,1740374.7000000477,pvp,player_1,player_2,181.333,0,629.333,270,280,0,stay,stay,2,0
1775915817155,3627,1740391.3000000715,pvp,player_1,player_2,181.333,0,634,270,280,0,stay,stay,2,0
1775915817155,3628,1740407.3000000715,pvp,player_1,player_2,181.333,0,638.667,270,280,0,stay,stay,2,0
1775915817155,3629,1740424.6000000238,pvp,player_1,player_2,181.333,0,643.333,270,280,0,stay,down,2,0
1775915817155,3630,1740441.2000000477,pvp,player_1,player_2,181.333,0,648,270,280,0,stay,down,2,0
1775915817155,3631,1740457.9000000954,pvp,player_1,player_2,181.333,0,652.667,270,280,0,stay,down,2,0
1775915817155,3632,1740474.7000000477,pvp,player_1,player_2,181.333,0,657.333,270,280,0,stay,down,2,0
1775915817155,3633,1740491.2000000477,pvp,player_1,player_2,181.333,0,662,270,280,0,stay,down,2,0
1775915817155,3634,1740508.1000000238,pvp,player_1,player_2,181.333,0,666.667,270,280,0,stay,down,2,0
1775915817155,3635,1740524.7000000477,pvp,player_1,player_2,181.333,0,671.333,270,280,0,stay,down,2,0
1775915817155,3636,1740541.3000000715,pvp,player_1,player_2,181.333,0,676,270,280,0,stay,down,2,0
1775915817155,3637,1740558,pvp,player_1,player_2,181.333,0,680.667,270,280,0,stay,down,2,0
1775915817155,3638,1740574.3000000715,pvp,player_1,player_2,181.333,0,685.333,270,280,0,stay,down,2,0
1775915817155,3639,1740590.7000000477,pvp,player_1,player_2,181.333,0,690,270,280,0,stay,down,2,0
1775915817155,3640,1740607.4000000954,pvp,player_1,player_2,181.333,0,694.667,270,280,0,stay,down,2,0
1775915817155,3641,1740624.5,pvp,player_1,player_2,181.333,0,699.333,270,280,0,stay,down,2,0
1775915817155,3642,1740641.1000000238,pvp,player_1,player_2,181.333,0.111,704,270,280,0,stay,down,2,0
1775915817155,3643,1740658.1000000238,pvp,player_1,player_2,181.333,0.478,708.667,270,280,0,stay,down,2,0
1775915817155,3644,1740674.4000000954,pvp,player_1,player_2,181.333,1.1,713.333,270,280,0,stay,down,2,0
1775915817155,3645,1740691.1000000238,pvp,player_1,player_2,181.333,1.978,718,270,280,0,stay,down,2,0
1775915817155,3646,1740707.4000000954,pvp,player_1,player_2,181.333,3.111,722.667,270,280,0,stay,down,2,0
1775915817155,3647,1740724.3000000715,pvp,player_1,player_2,181.333,4.5,727.333,270,280,0,stay,down,2,0
1775915817155,3648,1740740.5,pvp,player_1,player_2,181.333,6.144,732,270,280,0,stay,down,2,0
1775915817155,3649,1740757.3000000715,pvp,player_1,player_2,181.333,8.044,736.667,270,280,0,stay,down,2,0
1775915817155,3650,1740773.8000000715,pvp,player_1,player_2,181.333,10.2,741.333,270,280,0,stay,down,2,0
1775915817155,3651,1740790.4000000954,pvp,player_1,player_2,181.333,12.611,746,270,280,0,stay,down,2,0
1775915817155,3652,1740807,pvp,player_1,player_2,181.333,15.278,750.667,270,280,0,stay,down,2,0
1775915817155,3653,1740823.7000000477,pvp,player_1,player_2,181.333,18.2,755.333,270,280,0,stay,down,2,0
1775915817155,3654,1740840.4000000954,pvp,player_1,player_2,181.333,21.378,760,270,280,0,stay,down,2,0
1775915817155,3655,1740857.3000000715,pvp,player_1,player_2,181.333,24.811,764.667,270,280,0,stay,down,2,0
1775915817155,3656,1740873.6000000238,pvp,player_1,player_2,181.333,28.5,769.333,270,280,0,stay,down,2,0
1775915817155,3657,1740890.4000000954,pvp,player_1,player_2,181.333,32.444,774,270,280,0,stay,down,2,0
1775915817155,3658,1740906.9000000954,pvp,player_1,player_2,181.333,36.644,778.667,270,280,0,stay,down,2,0
1775915817155,3659,1740923.8000000715,pvp,player_1,player_2,181.333,41.1,783.333,270,280,0,stay,down,2,0
1775915817155,3660,1740940.3000000715,pvp,player_1,player_2,181.333,45.811,788,270,280,0,stay,down,2,0
1775915817155,3661,1740957,pvp,player_1,player_2,181.333,50.778,792.667,270,280,0,stay,down,2,0
1775915817155,3662,1740973.9000000954,pvp,player_1,player_2,181.333,56,797.333,270,280,0,stay,down,2,0
1775915817155,3663,1740990.5,pvp,player_1,player_2,181.333,61.478,802,270,280,0,stay,down,2,0
1775915817155,3664,1741007.5,pvp,player_1,player_2,181.333,67.211,806.667,270,280,0,stay,down,2,0
1775915817155,3665,1741023.9000000954,pvp,player_1,player_2,181.333,73.2,811.333,270,280,0,stay,down,2,0
1775915817155,3666,1741040.2000000477,pvp,player_1,player_2,181.333,79.444,816,270,280,0,stay,down,2,0
1775915817155,3667,1741057.2000000477,pvp,player_1,player_2,181.333,85.944,820.667,270,280,0,stay,down,2,0
1775915817155,3668,1741073.6000000238,pvp,player_1,player_2,181.333,92.7,825.333,270,280,0,stay,down,2,0
1775915817155,3669,1741090.6000000238,pvp,player_1,player_2,181.333,99.711,830,270,280,0,stay,down,2,0
1775915817155,3670,1741107,pvp,player_1,player_2,181.333,106.978,834.667,270,280,0,stay,down,2,0
1775915817155,3671,1741123.8000000715,pvp,player_1,player_2,181.333,114.5,839.333,270,280,0,stay,down,2,0
1775915817155,3672,1741140.3000000715,pvp,player_1,player_2,181.333,122.167,844,270,280,0,stay,down,2,0
1775915817155,3673,1741157,pvp,player_1,player_2,181.333,129.833,848.667,270,280,0,stay,down,2,0
1775915817155,3674,1741173.5,pvp,player_1,player_2,181.333,137.5,853.333,270,280,0,stay,down,2,0
1775915817155,3675,1741190.4000000954,pvp,player_1,player_2,181.333,145.167,858,270,280,0,stay,down,2,0
1775915817155,3676,1741207.1000000238,pvp,player_1,player_2,181.333,152.833,862.667,270,280,0,stay,down,2,0
1775915817155,3677,1741223.7000000477,pvp,player_1,player_2,181.333,160.5,867.333,270,280,0,stay,down,2,0
1775915817155,3678,1741240.3000000715,pvp,player_1,player_2,181.333,168.167,872,270,280,0,stay,down,2,0
1775915817155,3679,1741257.1000000238,pvp,player_1,player_2,181.333,175.833,876.667,270,280,0,stay,down,2,0
1775915817155,3680,1741273.8000000715,pvp,player_1,player_2,181.333,183.5,881.333,270,280,0,stay,down,2,0
1775915817155,3681,1741290.4000000954,pvp,player_1,player_2,181.333,191.167,886,270,280,0,stay,down,2,0
1775915817155,3682,1741307.1000000238,pvp,player_1,player_2,181.333,198.833,890.667,270,280,0,stay,down,2,0
1775915817155,3683,1741323.6000000238,pvp,player_1,player_2,181.333,206.5,895.333,270,280,0,stay,down,2,0
1775915817155,3684,1741340.4000000954,pvp,player_1,player_2,181.333,214.167,900,270,280,0,stay,down,2,0
1775915817155,3685,1741357.1000000238,pvp,player_1,player_2,181.333,221.833,904.667,270,280,0,stay,down,2,0
1775915817155,3686,1741373.8000000715,pvp,player_1,player_2,181.333,229.5,909.333,270,280,0,stay,down,2,0
1775915817155,3687,1741390.5,pvp,player_1,player_2,181.333,237.167,912,270,-280.932,-105.25,stay,down,2,0
1775915817155,3688,1741407,pvp,player_1,player_2,181.333,244.833,907.318,268.246,-280.932,-105.25,stay,down,2,0
1775915817155,3689,1741423.8000000715,pvp,player_1,player_2,181.333,252.5,902.636,266.492,-280.932,-105.25,stay,down,2,0
1775915817155,3690,1741440.3000000715,pvp,player_1,player_2,181.333,260.167,897.953,264.738,-280.932,-105.25,stay,down,2,0
1775915817155,3691,1741457,pvp,player_1,player_2,181.333,267.833,893.271,262.983,-280.932,-105.25,stay,down,2,0
1775915817155,3692,1741473.6000000238,pvp,player_1,player_2,181.333,275.5,888.589,261.229,-280.932,-105.25,stay,down,2,0
1775915817155,3693,1741490.3000000715,pvp,player_1,player_2,181.333,283.167,883.907,259.475,-280.932,-105.25,stay,down,2,0
1775915817155,3694,1741507.1000000238,pvp,player_1,player_2,181.333,290.833,879.225,257.721,-280.932,-105.25,stay,down,2,0
1775915817155,3695,1741523.7000000477,pvp,player_1,player_2,181.333,298.5,874.542,255.967,-280.932,-105.25,stay,down,2,0
1775915817155,3696,1741540.4000000954,pvp,player_1,player_2,181.333,306.167,869.86,254.213,-280.932,-105.25,stay,down,2,0
1775915817155,3697,1741557,pvp,player_1,player_2,181.333,313.833,865.178,252.458,-280.932,-105.25,stay,down,2,0
1775915817155,3698,1741573.6000000238,pvp,player_1,player_2,181.333,321.5,860.496,250.704,-280.932,-105.25,stay,down,2,0
1775915817155,3699,1741590.4000000954,pvp,player_1,player_2,181.333,329.167,855.814,248.95,-280.932,-105.25,stay,down,2,0
1775915817155,3700,1741607,pvp,player_1,player_2,181.333,336.833,851.131,247.196,-280.932,-105.25,stay,down,2,0
1775915817155,3701,1741623.8000000715,pvp,player_1,player_2,181.333,344.5,846.449,245.442,-280.932,-105.25,stay,down,2,0
1775915817155,3702,1741640.4000000954,pvp,player_1,player_2,181.333,352.167,841.767,243.688,-280.932,-105.25,stay,down,2,0
1775915817155,3703,1741657.1000000238,pvp,player_1,player_2,181.333,359.833,837.085,241.933,-280.932,-105.25,stay,down,2,0
1775915817155,3704,1741673.8000000715,pvp,player_1,player_2,181.333,367.5,832.403,240.179,-280.932,-105.25,stay,down,2,0
1775915817155,3705,1741690.3000000715,pvp,player_1,player_2,181.333,375.167,827.721,238.425,-280.932,-105.25,stay,down,2,0
1775915817155,3706,1741707,pvp,player_1,player_2,181.333,382.833,823.038,236.671,-280.932,-105.25,stay,down,2,0
1775915817155,3707,1741723.6000000238,pvp,player_1,player_2,181.333,390.306,818.356,234.917,-280.932,-105.25,stay,stay,2,0
1775915817155,3708,1741740.4000000954,pvp,player_1,player_2,181.333,397.583,813.674,233.163,-280.932,-105.25,stay,stay,2,0
1775915817155,3709,1741757.1000000238,pvp,player_1,player_2,181.333,404.667,808.992,231.409,-280.932,-105.25,stay,stay,2,0
1775915817155,3710,1741773.7000000477,pvp,player_1,player_2,181.333,411.556,804.31,229.654,-280.932,-105.25,stay,stay,2,0
1775915817155,3711,1741790.3000000715,pvp,player_1,player_2,181.333,418.25,799.627,227.9,-280.932,-105.25,stay,stay,2,0
1775915817155,3712,1741807.1000000238,pvp,player_1,player_2,181.333,424.75,794.945,226.146,-280.932,-105.25,stay,stay,2,0
1775915817155,3713,1741823.7000000477,pvp,player_1,player_2,181.333,431.056,790.263,224.392,-280.932,-105.25,stay,stay,2,0
1775915817155,3714,1741840.4000000954,pvp,player_1,player_2,181.333,437.167,785.581,222.638,-280.932,-105.25,stay,stay,2,0
1775915817155,3715,1741857.1000000238,pvp,player_1,player_2,181.333,443.083,780.899,220.884,-280.932,-105.25,stay,stay,2,0
1775915817155,3716,1741873.9000000954,pvp,player_1,player_2,181.333,444,776.216,219.129,-280.932,-105.25,stay,stay,2,0
1775915817155,3717,1741890.2000000477,pvp,player_1,player_2,181.333,444,771.534,217.375,-280.932,-105.25,stay,stay,2,0
1775915817155,3718,1741907,pvp,player_1,player_2,181.333,444,766.852,215.621,-280.932,-105.25,stay,stay,2,0
1775915817155,3719,1741923.8000000715,pvp,player_1,player_2,181.333,444,762.17,213.867,-280.932,-105.25,stay,stay,2,0
1775915817155,3720,1741940.3000000715,pvp,player_1,player_2,181.333,444,757.488,212.113,-280.932,-105.25,stay,stay,2,0
1775915817155,3721,1741957.1000000238,pvp,player_1,player_2,181.333,444,752.805,210.359,-280.932,-105.25,stay,stay,2,0
1775915817155,3722,1741973.8000000715,pvp,player_1,player_2,181.333,444,748.123,208.604,-280.932,-105.25,stay,stay,2,0
1775915817155,3723,1741990.3000000715,pvp,player_1,player_2,181.333,444,743.441,206.85,-280.932,-105.25,stay,stay,2,0
1775915817155,3724,1742006.9000000954,pvp,player_1,player_2,181.333,444,738.759,205.096,-280.932,-105.25,stay,stay,2,0
1775915817155,3725,1742023.7000000477,pvp,player_1,player_2,181.333,444,734.077,203.342,-280.932,-105.25,stay,stay,2,0
1775915817155,3726,1742040.5,pvp,player_1,player_2,181.333,444,729.394,201.588,-280.932,-105.25,stay,stay,2,0
1775915817155,3727,1742057.1000000238,pvp,player_1,player_2,181.333,444,724.712,199.834,-280.932,-105.25,stay,stay,2,0
1775915817155,3728,1742073.7000000477,pvp,player_1,player_2,181.333,444,720.03,198.08,-280.932,-105.25,stay,stay,2,0
1775915817155,3729,1742090.4000000954,pvp,player_1,player_2,181.333,444,715.348,196.325,-280.932,-105.25,stay,stay,2,0
1775915817155,3730,1742107,pvp,player_1,player_2,181.333,444,710.666,194.571,-280.932,-105.25,stay,stay,2,0
1775915817155,3731,1742123.9000000954,pvp,player_1,player_2,181.333,444,705.984,192.817,-280.932,-105.25,stay,stay,2,0
1775915817155,3732,1742140.4000000954,pvp,player_1,player_2,181.333,444,701.301,191.063,-280.932,-105.25,stay,stay,2,0
1775915817155,3733,1742157.1000000238,pvp,player_1,player_2,181.333,444,696.619,189.309,-280.932,-105.25,stay,stay,2,0
1775915817155,3734,1742173.7000000477,pvp,player_1,player_2,181.333,444,691.937,187.555,-280.932,-105.25,stay,stay,2,0
1775915817155,3735,1742190.4000000954,pvp,player_1,player_2,181.333,444,687.255,185.8,-280.932,-105.25,stay,stay,2,0
1775915817155,3736,1742207,pvp,player_1,player_2,181.333,444,682.573,184.046,-280.932,-105.25,stay,stay,2,0
1775915817155,3737,1742223.9000000954,pvp,player_1,player_2,181.333,444,677.89,182.292,-280.932,-105.25,stay,stay,2,0
1775915817155,3738,1742240.3000000715,pvp,player_1,player_2,181.333,444,673.208,180.538,-280.932,-105.25,stay,stay,2,0
1775915817155,3739,1742257.3000000715,pvp,player_1,player_2,181.333,444,668.526,178.784,-280.932,-105.25,stay,stay,2,0
1775915817155,3740,1742273.8000000715,pvp,player_1,player_2,181.333,444,663.844,177.03,-280.932,-105.25,stay,stay,2,0
1775915817155,3741,1742290.2000000477,pvp,player_1,player_2,181.333,444,659.162,175.275,-280.932,-105.25,stay,stay,2,0
1775915817155,3742,1742307.1000000238,pvp,player_1,player_2,181.333,444,654.479,173.521,-280.932,-105.25,stay,stay,2,0
1775915817155,3743,1742323.9000000954,pvp,player_1,player_2,181.333,444,649.797,171.767,-280.932,-105.25,stay,stay,2,0
1775915817155,3744,1742340.3000000715,pvp,player_1,player_2,181.333,444,645.115,170.013,-280.932,-105.25,stay,stay,2,0
1775915817155,3745,1742357.3000000715,pvp,player_1,player_2,181.333,444,640.433,168.259,-280.932,-105.25,stay,stay,2,0
1775915817155,3746,1742373.7000000477,pvp,player_1,player_2,181.333,444,635.751,166.505,-280.932,-105.25,stay,stay,2,0
1775915817155,3747,1742390.3000000715,pvp,player_1,player_2,181.333,444,631.068,164.75,-280.932,-105.25,stay,stay,2,0
1775915817155,3748,1742407.1000000238,pvp,player_1,player_2,181.333,444,626.386,162.996,-280.932,-105.25,stay,stay,2,0
1775915817155,3749,1742423.8000000715,pvp,player_1,player_2,181.333,444,621.704,161.242,-280.932,-105.25,stay,stay,2,0
1775915817155,3750,1742440.4000000954,pvp,player_1,player_2,181.333,444,617.022,159.488,-280.932,-105.25,stay,stay,2,0
1775915817155,3751,1742457.1000000238,pvp,player_1,player_2,181.333,444,612.34,157.734,-280.932,-105.25,stay,stay,2,0
1775915817155,3752,1742473.7000000477,pvp,player_1,player_2,181.333,444,607.657,155.98,-280.932,-105.25,stay,stay,2,0
1775915817155,3753,1742490.4000000954,pvp,player_1,player_2,181.333,444,602.975,154.226,-280.932,-105.25,stay,stay,2,0
1775915817155,3754,1742506.9000000954,pvp,player_1,player_2,181.333,444,598.293,152.471,-280.932,-105.25,stay,stay,2,0
1775915817155,3755,1742523.7000000477,pvp,player_1,player_2,181.333,444,593.611,150.717,-280.932,-105.25,stay,stay,2,0
1775915817155,3756,1742540.4000000954,pvp,player_1,player_2,181.333,444,588.929,148.963,-280.932,-105.25,stay,stay,2,0
1775915817155,3757,1742557.3000000715,pvp,player_1,player_2,181.333,444,584.247,147.209,-280.932,-105.25,stay,stay,2,0
1775915817155,3758,1742573.6000000238,pvp,player_1,player_2,181.333,444,579.564,145.455,-280.932,-105.25,stay,stay,2,0
1775915817155,3759,1742590.3000000715,pvp,player_1,player_2,181.333,444,574.882,143.701,-280.932,-105.25,stay,stay,2,0
1775915817155,3760,1742607.1000000238,pvp,player_1,player_2,181.333,444,570.2,141.946,-280.932,-105.25,stay,stay,2,0
1775915817155,3761,1742623.7000000477,pvp,player_1,player_2,181.333,444,565.518,140.192,-280.932,-105.25,stay,stay,2,0
1775915817155,3762,1742640.4000000954,pvp,player_1,player_2,181.333,444,560.836,138.438,-280.932,-105.25,stay,stay,2,0
1775915817155,3763,1742657,pvp,player_1,player_2,181.333,444,556.153,136.684,-280.932,-105.25,stay,stay,2,0
1775915817155,3764,1742673.7000000477,pvp,player_1,player_2,181.333,444,551.471,134.93,-280.932,-105.25,stay,stay,2,0
1775915817155,3765,1742690.3000000715,pvp,player_1,player_2,181.333,444,546.789,133.176,-280.932,-105.25,stay,stay,2,0
1775915817155,3766,1742707,pvp,player_1,player_2,181.333,444,542.107,131.421,-280.932,-105.25,stay,stay,2,0
1775915817155,3767,1742723.6000000238,pvp,player_1,player_2,181.333,444,537.425,129.667,-280.932,-105.25,stay,stay,2,0
1775915817155,3768,1742740.5,pvp,player_1,player_2,181.333,444,532.742,127.913,-280.932,-105.25,stay,stay,2,0
1775915817155,3769,1742757.1000000238,pvp,player_1,player_2,181.333,444,528.06,126.159,-280.932,-105.25,stay,stay,2,0
1775915817155,3770,1742773.9000000954,pvp,player_1,player_2,181.333,444,523.378,124.405,-280.932,-105.25,stay,stay,2,0
1775915817155,3771,1742790.4000000954,pvp,player_1,player_2,181.333,444,518.696,122.651,-280.932,-105.25,stay,stay,2,0
1775915817155,3772,1742806.9000000954,pvp,player_1,player_2,181.333,444,514.014,120.897,-280.932,-105.25,stay,stay,2,0
1775915817155,3773,1742823.6000000238,pvp,player_1,player_2,181.333,444,509.331,119.142,-280.932,-105.25,stay,stay,2,0
1775915817155,3774,1742840.2000000477,pvp,player_1,player_2,181.333,444,504.649,117.388,-280.932,-105.25,stay,stay,2,0
1775915817155,3775,1742857,pvp,player_1,player_2,181.333,444,499.967,115.634,-280.932,-105.25,stay,stay,2,0
1775915817155,3776,1742873.7000000477,pvp,player_1,player_2,181.333,444,495.285,113.88,-280.932,-105.25,stay,stay,2,0
1775915817155,3777,1742890.4000000954,pvp,player_1,player_2,181.333,444,490.603,112.126,-280.932,-105.25,stay,stay,2,0
1775915817155,3778,1742907.1000000238,pvp,player_1,player_2,181.333,444,485.92,110.372,-280.932,-105.25,stay,stay,2,0
1775915817155,3779,1742923.6000000238,pvp,player_1,player_2,181.333,444,481.238,108.617,-280.932,-105.25,stay,stay,2,0
1775915817155,3780,1742940.3000000715,pvp,player_1,player_2,181.333,444,476.556,106.863,-280.932,-105.25,stay,stay,2,0
1775915817155,3781,1742956.9000000954,pvp,player_1,player_2,181.333,444,471.874,105.109,-280.932,-105.25,stay,stay,2,0
1775915817155,3782,1742973.7000000477,pvp,player_1,player_2,181.333,444,467.192,103.355,-280.932,-105.25,stay,stay,2,0
1775915817155,3783,1742990.4000000954,pvp,player_1,player_2,181.333,444,462.51,101.601,-280.932,-105.25,stay,stay,2,0
1775915817155,3784,1743006.9000000954,pvp,player_1,player_2,181.333,444,457.827,99.847,-280.932,-105.25,stay,stay,2,0
1775915817155,3785,1743024,pvp,player_1,player_2,181.333,444,453.145,98.092,-280.932,-105.25,stay,stay,2,0
1775915817155,3786,1743040.5,pvp,player_1,player_2,181.333,444,448.463,96.338,-280.932,-105.25,stay,stay,2,0
1775915817155,3787,1743057.2000000477,pvp,player_1,player_2,181.333,444,443.781,94.584,-280.932,-105.25,stay,stay,2,0
1775915817155,3788,1743073.9000000954,pvp,player_1,player_2,181.333,444,439.099,92.83,-280.932,-105.25,stay,stay,2,0
1775915817155,3789,1743090.2000000477,pvp,player_1,player_2,181.333,444,434.416,91.076,-280.932,-105.25,stay,stay,2,0
1775915817155,3790,1743107,pvp,player_1,player_2,181.333,444,429.734,89.322,-280.932,-105.25,stay,stay,2,0
1775915817155,3791,1743123.8000000715,pvp,player_1,player_2,181.333,444,425.052,87.568,-280.932,-105.25,stay,stay,2,0
1775915817155,3792,1743140.4000000954,pvp,player_1,player_2,181.333,444,420.37,85.813,-280.932,-105.25,stay,stay,2,0
1775915817155,3793,1743157.1000000238,pvp,player_1,player_2,181.333,444,415.688,84.059,-280.932,-105.25,stay,stay,2,0
1775915817155,3794,1743173.7000000477,pvp,player_1,player_2,181.333,444,411.005,82.305,-280.932,-105.25,stay,stay,2,0
1775915817155,3795,1743190.5,pvp,player_1,player_2,181.333,444,406.323,80.551,-280.932,-105.25,stay,stay,2,0
1775915817155,3796,1743207,pvp,player_1,player_2,181.333,444,401.641,78.797,-280.932,-105.25,stay,stay,2,0
1775915817155,3797,1743223.9000000954,pvp,player_1,player_2,181.333,444,396.959,77.043,-280.932,-105.25,stay,stay,2,0
1775915817155,3798,1743240.8000000715,pvp,player_1,player_2,181.333,444,392.277,75.288,-280.932,-105.25,stay,stay,2,0
1775915817155,3799,1743257.1000000238,pvp,player_1,player_2,181.333,444,387.594,73.534,-280.932,-105.25,stay,stay,2,0
1775915817155,3800,1743273.9000000954,pvp,player_1,player_2,181.333,444,382.912,71.78,-280.932,-105.25,stay,stay,2,0
1775915817155,3801,1743290.3000000715,pvp,player_1,player_2,181.333,444,378.23,70.026,-280.932,-105.25,stay,stay,2,0
1775915817155,3802,1743307.1000000238,pvp,player_1,player_2,181.333,444,373.548,68.272,-280.932,-105.25,stay,stay,2,0
1775915817155,3803,1743323.6000000238,pvp,player_1,player_2,181.333,444,368.866,66.518,-280.932,-105.25,stay,stay,2,0
1775915817155,3804,1743340.4000000954,pvp,player_1,player_2,181.333,444,364.183,64.763,-280.932,-105.25,stay,stay,2,0
1775915817155,3805,1743356.9000000954,pvp,player_1,player_2,181.333,444,359.501,63.009,-280.932,-105.25,stay,stay,2,0
1775915817155,3806,1743374.2000000477,pvp,player_1,player_2,181.333,444,354.819,61.255,-280.932,-105.25,stay,stay,2,0
1775915817155,3807,1743390.7000000477,pvp,player_1,player_2,181.333,444,350.137,59.501,-280.932,-105.25,stay,stay,2,0
1775915817155,3808,1743407.2000000477,pvp,player_1,player_2,181.333,444,345.455,57.747,-280.932,-105.25,stay,stay,2,0
1775915817155,3809,1743424.7000000477,pvp,player_1,player_2,181.333,444,340.772,55.993,-280.932,-105.25,stay,stay,2,0
1775915817155,3810,1743441.1000000238,pvp,player_1,player_2,181.333,444,336.09,54.239,-280.932,-105.25,stay,stay,2,0
1775915817155,3811,1743457.9000000954,pvp,player_1,player_2,181.333,444,331.408,52.484,-280.932,-105.25,stay,stay,2,0
1775915817155,3812,1743474.6000000238,pvp,player_1,player_2,181.333,444,326.726,50.73,-280.932,-105.25,stay,stay,2,0
1775915817155,3813,1743491.3000000715,pvp,player_1,player_2,181.333,444,322.044,48.976,-280.932,-105.25,stay,stay,2,0
1775915817155,3814,1743508,pvp,player_1,player_2,181.333,444,317.362,47.222,-280.932,-105.25,stay,stay,2,0
1775915817155,3815,1743524.7000000477,pvp,player_1,player_2,181.333,444,312.679,45.468,-280.932,-105.25,stay,stay,2,0
1775915817155,3816,1743541.2000000477,pvp,player_1,player_2,181.333,444,307.997,43.714,-280.932,-105.25,stay,stay,2,0
1775915817155,3817,1743558,pvp,player_1,player_2,181.333,444,303.315,41.959,-280.932,-105.25,stay,stay,2,0
1775915817155,3818,1743574.5,pvp,player_1,player_2,181.333,444,298.633,40.205,-280.932,-105.25,stay,stay,2,0
1775915817155,3819,1743590.6000000238,pvp,player_1,player_2,181.333,444,293.951,38.451,-280.932,-105.25,stay,stay,2,0
1775915817155,3820,1743607.5,pvp,player_1,player_2,181.333,444,289.268,36.697,-280.932,-105.25,stay,stay,2,0
1775915817155,3821,1743624.6000000238,pvp,player_1,player_2,181.333,444,284.586,34.943,-280.932,-105.25,stay,stay,2,0
1775915817155,3822,1743641.5,pvp,player_1,player_2,181.333,444,279.904,33.189,-280.932,-105.25,stay,stay,2,0
1775915817155,3823,1743657.5,pvp,player_1,player_2,181.333,444,275.222,31.434,-280.932,-105.25,stay,stay,2,0
1775915817155,3824,1743673.9000000954,pvp,player_1,player_2,181.333,444,270.54,29.68,-280.932,-105.25,stay,stay,2,0
1775915817155,3825,1743690.5,pvp,player_1,player_2,181.333,444,265.857,27.926,-280.932,-105.25,stay,stay,2,0
1775915817155,3826,1743707.7000000477,pvp,player_1,player_2,181.333,444,261.175,26.172,-280.932,-105.25,stay,stay,2,0
1775915817155,3827,1743724.3000000715,pvp,player_1,player_2,181.333,444,256.493,24.418,-280.932,-105.25,stay,stay,2,0
1775915817155,3828,1743740.9000000954,pvp,player_1,player_2,181.333,444,251.811,22.664,-280.932,-105.25,stay,stay,2,0
1775915817155,3829,1743757.7000000477,pvp,player_1,player_2,181.333,444,247.129,20.909,-280.932,-105.25,stay,stay,2,0
1775915817155,3830,1743774,pvp,player_1,player_2,181.333,444,242.446,19.155,-280.932,-105.25,stay,stay,2,0
1775915817155,3831,1743791.1000000238,pvp,player_1,player_2,181.333,444,237.764,17.401,-280.932,-105.25,stay,stay,2,0
1775915817155,3832,1743807.7000000477,pvp,player_1,player_2,181.333,444,233.082,15.647,-280.932,-105.25,stay,stay,2,0
1775915817155,3833,1743824.2000000477,pvp,player_1,player_2,181.333,444,228.4,13.893,-280.932,-105.25,stay,stay,2,0
1775915817155,3834,1743840.7000000477,pvp,player_1,player_2,181.333,444,223.718,12.139,-280.932,-105.25,stay,stay,2,0
1775915817155,3835,1743857.9000000954,pvp,player_1,player_2,181.333,444,219.035,10.385,-280.932,-105.25,stay,stay,2,0
1775915817155,3836,1743874.2000000477,pvp,player_1,player_2,181.333,444,214.353,10,-280.932,105.25,stay,stay,2,0
1775915817155,3837,1743891,pvp,player_1,player_2,181.333,444,209.671,11.754,-280.932,105.25,stay,stay,2,0
1775915817155,3838,1743907.6000000238,pvp,player_1,player_2,181.333,444,204.989,13.508,-280.932,105.25,stay,stay,2,0
1775915817155,3839,1743924.2000000477,pvp,player_1,player_2,181.333,444,200.307,15.262,-280.932,105.25,stay,stay,2,0
1775915817155,3840,1743941.2000000477,pvp,player_1,player_2,181.333,444,195.625,17.017,-280.932,105.25,stay,stay,2,0
1775915817155,3841,1743957.2000000477,pvp,player_1,player_2,181.333,444,190.942,18.771,-280.932,105.25,stay,stay,2,0
1775915817155,3842,1743974.4000000954,pvp,player_1,player_2,181.333,444,186.26,20.525,-280.932,105.25,stay,stay,2,0
1775915817155,3843,1743991.2000000477,pvp,player_1,player_2,181.333,444,181.578,22.279,-280.932,105.25,stay,stay,2,0
1775915817155,3844,1744007.8000000715,pvp,player_1,player_2,181.333,444,176.896,24.033,-280.932,105.25,stay,stay,2,0
1775915817155,3845,1744023.8000000715,pvp,player_1,player_2,181.333,444,172.214,25.787,-280.932,105.25,stay,stay,2,0
1775915817155,3846,1744040.6000000238,pvp,player_1,player_2,181.333,444,167.531,27.542,-280.932,105.25,stay,stay,2,0
1775915817155,3847,1744057.7000000477,pvp,player_1,player_2,181.333,444,162.849,29.296,-280.932,105.25,stay,stay,2,0
1775915817155,3848,1744074.6000000238,pvp,player_1,player_2,181.333,444,158.167,31.05,-280.932,105.25,stay,stay,2,0
1775915817155,3849,1744091.2000000477,pvp,player_1,player_2,181.333,444,153.485,32.804,-280.932,105.25,stay,stay,2,0
1775915817155,3850,1744107.7000000477,pvp,player_1,player_2,181.333,444,148.803,34.558,-280.932,105.25,stay,stay,2,0
1775915817155,3851,1744124.7000000477,pvp,player_1,player_2,181.333,444,144.12,36.312,-280.932,105.25,stay,stay,2,0
1775915817155,3852,1744141.2000000477,pvp,player_1,player_2,181.333,444,139.438,38.067,-280.932,105.25,stay,stay,2,0
1775915817155,3853,1744157.5,pvp,player_1,player_2,181.333,444,134.756,39.821,-280.932,105.25,stay,stay,2,0
1775915817155,3854,1744174.5,pvp,player_1,player_2,181.333,444,130.074,41.575,-280.932,105.25,stay,stay,2,0
1775915817155,3855,1744191.1000000238,pvp,player_1,player_2,181.333,444,125.392,43.329,-280.932,105.25,stay,stay,2,0
1775915817155,3856,1744208,pvp,player_1,player_2,181.333,444,120.709,45.083,-280.932,105.25,stay,stay,2,0
1775915817155,3857,1744224.5,pvp,player_1,player_2,181.333,444,116.027,46.837,-280.932,105.25,stay,stay,2,0
1775915817155,3858,1744241.2000000477,pvp,player_1,player_2,181.333,444,111.345,48.591,-280.932,105.25,stay,stay,2,0
1775915817155,3859,1744257.8000000715,pvp,player_1,player_2,181.333,444,106.663,50.346,-280.932,105.25,stay,stay,2,0
1775915817155,3860,1744274.6000000238,pvp,player_1,player_2,181.333,444,101.981,52.1,-280.932,105.25,stay,stay,2,0
1775915817155,3861,1744290.6000000238,pvp,player_1,player_2,181.333,444,97.298,53.854,-280.932,105.25,stay,stay,2,0
1775915817155,3862,1744307.6000000238,pvp,player_1,player_2,181.078,444,92.616,55.608,-280.932,105.25,up,stay,2,0
1775915817155,3863,1744324.6000000238,pvp,player_1,player_2,180.567,444,87.934,57.362,-280.932,105.25,up,stay,2,0
1775915817155,3864,1744341.5,pvp,player_1,player_2,179.8,444,83.252,59.116,-280.932,105.25,up,stay,2,0
1775915817155,3865,1744357.6000000238,pvp,player_1,player_2,178.778,444,78.57,60.871,-280.932,105.25,up,stay,2,0
1775915817155,3866,1744374.6000000238,pvp,player_1,player_2,177.5,444,73.888,62.625,-280.932,105.25,up,stay,2,0
1775915817155,3867,1744391.2000000477,pvp,player_1,player_2,175.967,444,69.205,64.379,-280.932,105.25,up,stay,2,0
1775915817155,3868,1744407.8000000715,pvp,player_1,player_2,174.178,444,64.523,66.133,-280.932,105.25,up,stay,2,0
1775915817155,3869,1744424.4000000954,pvp,player_1,player_2,172.133,444,59.841,67.887,-280.932,105.25,up,stay,2,0
1775915817155,3870,1744441.1000000238,pvp,player_1,player_2,169.833,444,55.159,69.641,-280.932,105.25,up,stay,2,0
1775915817155,3871,1744457.7000000477,pvp,player_1,player_2,167.278,444,50.477,71.396,-280.932,105.25,up,stay,2,0
1775915817155,3872,1744474.5,pvp,player_1,player_2,164.467,444,45.794,73.15,-280.932,105.25,up,stay,2,0
1775915817155,3873,1744491.2000000477,pvp,player_1,player_2,161.4,444,41.112,74.904,-280.932,105.25,up,stay,2,0
1775915817155,3874,1744507.5,pvp,player_1,player_2,158.078,444,36.43,76.658,-280.932,105.25,up,stay,2,0
1775915817155,3875,1744524.4000000954,pvp,player_1,player_2,154.5,444,31.748,78.412,-280.932,105.25,up,stay,2,0
1775915817155,3876,1744540.9000000954,pvp,player_1,player_2,150.667,444,27.066,80.166,-280.932,105.25,up,stay,2,0
1775915817155,3877,1744557.8000000715,pvp,player_1,player_2,146.578,444,22.383,81.92,-280.932,105.25,up,stay,2,0
1775915817155,3878,1744574.5,pvp,player_1,player_2,142.233,444,17.701,83.675,-280.932,105.25,up,stay,2,0
1775915817155,3879,1744591.1000000238,pvp,player_1,player_2,137.633,444,13.019,85.429,-280.932,105.25,up,stay,2,0
1775915817155,3880,1744607.9000000954,pvp,player_1,player_2,132.778,444,8.337,87.183,-280.932,105.25,up,stay,2,0
1775915817155,3881,1744624.6000000238,pvp,player_1,player_2,127.667,444,3.655,88.937,-280.932,105.25,up,stay,2,0
1775915817155,3882,1744641.4000000954,pvp,player_1,player_2,122.3,444,-1.028,90.691,-280.932,105.25,up,stay,2,0
1775915817155,3883,1744657.5,pvp,player_1,player_2,116.678,444,-5.71,92.445,-280.932,105.25,up,stay,2,0
1775915817155,3884,1744674.6000000238,pvp,player_1,player_2,110.8,444,480,270,-280,0,up,stay,2,1
1775915817155,3885,1744691.2000000477,pvp,player_1,player_2,104.667,444,475.333,270,-280,0,up,stay,2,1
1775915817155,3886,1744707.9000000954,pvp,player_1,player_2,98.278,444,470.667,270,-280,0,up,stay,2,1
1775915817155,3887,1744724.2000000477,pvp,player_1,player_2,91.633,444,466,270,-280,0,up,stay,2,1
1775915817155,3888,1744741,pvp,player_1,player_2,84.733,444,461.333,270,-280,0,up,stay,2,1
1775915817155,3889,1744757.3000000715,pvp,player_1,player_2,77.578,444,456.667,270,-280,0,up,stay,2,1
1775915817155,3890,1744773.8000000715,pvp,player_1,player_2,70.167,444,452,270,-280,0,up,stay,2,1
1775915817155,3891,1744790.7000000477,pvp,player_1,player_2,62.5,444,447.333,270,-280,0,up,stay,2,1
1775915817155,3892,1744807.4000000954,pvp,player_1,player_2,54.833,444,442.667,270,-280,0,up,stay,2,1
1775915817155,3893,1744824.6000000238,pvp,player_1,player_2,47.167,444,438,270,-280,0,up,stay,2,1
1775915817155,3894,1744840.9000000954,pvp,player_1,player_2,39.5,444,433.333,270,-280,0,up,stay,2,1
1775915817155,3895,1744857.8000000715,pvp,player_1,player_2,31.833,444,428.667,270,-280,0,up,stay,2,1
1775915817155,3896,1744874.3000000715,pvp,player_1,player_2,24.167,444,424,270,-280,0,up,stay,2,1
1775915817155,3897,1744890.6000000238,pvp,player_1,player_2,16.5,444,419.333,270,-280,0,up,stay,2,1
1775915817155,3898,1744907.4000000954,pvp,player_1,player_2,8.833,444,414.667,270,-280,0,up,stay,2,1
1775915817155,3899,1744924.4000000954,pvp,player_1,player_2,1.167,444,410,270,-280,0,up,stay,2,1
1775915817155,3900,1744940.8000000715,pvp,player_1,player_2,0,444,405.333,270,-280,0,up,stay,2,1
1775915817155,3901,1744957.3000000715,pvp,player_1,player_2,0,444,400.667,270,-280,0,up,stay,2,1
1775915817155,3902,1744974.6000000238,pvp,player_1,player_2,0,444,396,270,-280,0,up,stay,2,1
1775915817155,3903,1744991.1000000238,pvp,player_1,player_2,0,444,391.333,270,-280,0,up,stay,2,1
1775915817155,3904,1745007.8000000715,pvp,player_1,player_2,0,444,386.667,270,-280,0,up,stay,2,1
1775915817155,3905,1745024.1000000238,pvp,player_1,player_2,0,444,382,270,-280,0,up,stay,2,1
1775915817155,3906,1745040.6000000238,pvp,player_1,player_2,0,444,377.333,270,-280,0,up,stay,2,1
1775915817155,3907,1745057.9000000954,pvp,player_1,player_2,0,444,372.667,270,-280,0,up,stay,2,1
1775915817155,3908,1745074.7000000477,pvp,player_1,player_2,0,444,368,270,-280,0,up,stay,2,1
1775915817155,3909,1745090.9000000954,pvp,player_1,player_2,0,444,363.333,270,-280,0,stay,stay,2,1
1775915817155,3910,1745107.7000000477,pvp,player_1,player_2,0,444,358.667,270,-280,0,stay,stay,2,1
1775915817155,3911,1745124.4000000954,pvp,player_1,player_2,0,444,354,270,-280,0,stay,stay,2,1
1775915817155,3912,1745141,pvp,player_1,player_2,0,444,349.333,270,-280,0,stay,stay,2,1
1775915817155,3913,1745157.8000000715,pvp,player_1,player_2,0,444,344.667,270,-280,0,stay,stay,2,1
1775915817155,3914,1745174.3000000715,pvp,player_1,player_2,0,444,340,270,-280,0,stay,stay,2,1
1775915817155,3915,1745191.5,pvp,player_1,player_2,0,444,335.333,270,-280,0,stay,stay,2,1
1775915817155,3916,1745207.5,pvp,player_1,player_2,0,444,330.667,270,-280,0,stay,stay,2,1
1775915817155,3917,1745224.3000000715,pvp,player_1,player_2,0,444,326,270,-280,0,stay,stay,2,1
1775915817155,3918,1745240.8000000715,pvp,player_1,player_2,0,444,321.333,270,-280,0,down,stay,2,1
1775915817155,3919,1745257.8000000715,pvp,player_1,player_2,0,444,316.667,270,-280,0,down,stay,2,1
1775915817155,3920,1745274.4000000954,pvp,player_1,player_2,0,444,312,270,-280,0,down,stay,2,1
1775915817155,3921,1745291.3000000715,pvp,player_1,player_2,0,444,307.333,270,-280,0,down,stay,2,1
1775915817155,3922,1745307.3000000715,pvp,player_1,player_2,0,444,302.667,270,-280,0,down,stay,2,1
1775915817155,3923,1745324.5,pvp,player_1,player_2,0,444,298,270,-280,0,down,stay,2,1
1775915817155,3924,1745340.9000000954,pvp,player_1,player_2,0,444,293.333,270,-280,0,down,stay,2,1
1775915817155,3925,1745357.7000000477,pvp,player_1,player_2,0,444,288.667,270,-280,0,down,stay,2,1
1775915817155,3926,1745374.4000000954,pvp,player_1,player_2,0,444,284,270,-280,0,down,stay,2,1
1775915817155,3927,1745391.1000000238,pvp,player_1,player_2,0,444,279.333,270,-280,0,down,stay,2,1
1775915817155,3928,1745407.9000000954,pvp,player_1,player_2,0,444,274.667,270,-280,0,down,stay,2,1
1775915817155,3929,1745424.3000000715,pvp,player_1,player_2,0,444,270,270,-280,0,down,stay,2,1
1775915817155,3930,1745441.1000000238,pvp,player_1,player_2,0,444,265.333,270,-280,0,down,stay,2,1
1775915817155,3931,1745457.5,pvp,player_1,player_2,0,444,260.667,270,-280,0,down,stay,2,1
1775915817155,3932,1745474.1000000238,pvp,player_1,player_2,0,444,256,270,-280,0,down,stay,2,1
1775915817155,3933,1745491,pvp,player_1,player_2,0,444,251.333,270,-280,0,down,stay,2,1
1775915817155,3934,1745507.9000000954,pvp,player_1,player_2,0.222,444,246.667,270,-280,0,down,stay,2,1
1775915817155,3935,1745524.5,pvp,player_1,player_2,0.7,444,242,270,-280,0,down,stay,2,1
1775915817155,3936,1745540.9000000954,pvp,player_1,player_2,1.433,444,237.333,270,-280,0,down,stay,2,1
1775915817155,3937,1745558,pvp,player_1,player_2,2.422,444,232.667,270,-280,0,down,stay,2,1
1775915817155,3938,1745574.6000000238,pvp,player_1,player_2,3.667,444,228,270,-280,0,down,stay,2,1
1775915817155,3939,1745591.2000000477,pvp,player_1,player_2,5.167,444,223.333,270,-280,0,down,stay,2,1
1775915817155,3940,1745608.2000000477,pvp,player_1,player_2,6.922,444,218.667,270,-280,0,down,stay,2,1
1775915817155,3941,1745624.5,pvp,player_1,player_2,8.933,444,214,270,-280,0,down,stay,2,1
1775915817155,3942,1745640.9000000954,pvp,player_1,player_2,11.2,444,209.333,270,-280,0,down,stay,2,1
1775915817155,3943,1745657.7000000477,pvp,player_1,player_2,13.722,444,204.667,270,-280,0,down,stay,2,1
1775915817155,3944,1745674.4000000954,pvp,player_1,player_2,16.5,444,200,270,-280,0,down,stay,2,1
1775915817155,3945,1745690.6000000238,pvp,player_1,player_2,19.533,444,195.333,270,-280,0,down,stay,2,1
1775915817155,3946,1745707.9000000954,pvp,player_1,player_2,22.822,444,190.667,270,-280,0,down,stay,2,1
1775915817155,3947,1745724.3000000715,pvp,player_1,player_2,26.367,444,186,270,-280,0,down,stay,2,1
1775915817155,3948,1745741.3000000715,pvp,player_1,player_2,30.167,444,181.333,270,-280,0,down,stay,2,1
1775915817155,3949,1745757.8000000715,pvp,player_1,player_2,34.222,444,176.667,270,-280,0,down,stay,2,1
1775915817155,3950,1745773.9000000954,pvp,player_1,player_2,38.533,444,172,270,-280,0,down,stay,2,1
1775915817155,3951,1745790.8000000715,pvp,player_1,player_2,43.1,444,167.333,270,-280,0,down,stay,2,1
1775915817155,3952,1745807.7000000477,pvp,player_1,player_2,47.922,444,162.667,270,-280,0,down,stay,2,1
1775915817155,3953,1745824.5,pvp,player_1,player_2,53,444,158,270,-280,0,down,stay,2,1
1775915817155,3954,1745841.1000000238,pvp,player_1,player_2,58.333,444,153.333,270,-280,0,down,stay,2,1
1775915817155,3955,1745857.8000000715,pvp,player_1,player_2,63.922,444,148.667,270,-280,0,down,stay,2,1
1775915817155,3956,1745873.9000000954,pvp,player_1,player_2,69.767,444,144,270,-280,0,down,stay,2,1
1775915817155,3957,1745890.9000000954,pvp,player_1,player_2,75.867,444,139.333,270,-280,0,down,stay,2,1
1775915817155,3958,1745907,pvp,player_1,player_2,82.222,444,134.667,270,-280,0,down,stay,2,1
1775915817155,3959,1745924,pvp,player_1,player_2,88.833,444,130,270,-280,0,down,stay,2,1
1775915817155,3960,1745940.4000000954,pvp,player_1,player_2,95.7,444,125.333,270,-280,0,down,stay,2,1
1775915817155,3961,1745957.1000000238,pvp,player_1,player_2,102.822,444,120.667,270,-280,0,down,stay,2,1
1775915817155,3962,1745973.7000000477,pvp,player_1,player_2,110.2,444,116,270,-280,0,down,stay,2,1
1775915817155,3963,1745990.4000000954,pvp,player_1,player_2,117.833,444,111.333,270,-280,0,down,stay,2,1
1775915817155,3964,1746007,pvp,player_1,player_2,125.5,444,106.667,270,-280,0,down,stay,2,1
1775915817155,3965,1746023.7000000477,pvp,player_1,player_2,133.167,444,102,270,-280,0,down,stay,2,1
1775915817155,3966,1746040.4000000954,pvp,player_1,player_2,140.833,444,97.333,270,-280,0,down,stay,2,1
1775915817155,3967,1746057,pvp,player_1,player_2,148.5,444,92.667,270,-280,0,down,stay,2,1
1775915817155,3968,1746073.7000000477,pvp,player_1,player_2,156.167,444,88,270,-280,0,down,stay,2,1
1775915817155,3969,1746090.6000000238,pvp,player_1,player_2,163.833,444,83.333,270,-280,0,down,stay,2,1
1775915817155,3970,1746106.9000000954,pvp,player_1,player_2,171.5,444,78.667,270,-280,0,down,stay,2,1
1775915817155,3971,1746124,pvp,player_1,player_2,179.167,444,74,270,-280,0,down,stay,2,1
1775915817155,3972,1746140.4000000954,pvp,player_1,player_2,186.833,444,69.333,270,-280,0,down,stay,2,1
1775915817155,3973,1746157.5,pvp,player_1,player_2,194.5,444,64.667,270,-280,0,down,stay,2,1
1775915817155,3974,1746174.2000000477,pvp,player_1,player_2,202.167,444,60,270,-280,0,down,stay,2,1
1775915817155,3975,1746190.5,pvp,player_1,player_2,209.833,444,55.333,270,-280,0,down,stay,2,1
1775915817155,3976,1746207.8000000715,pvp,player_1,player_2,217.5,444,50.667,270,-280,0,down,stay,2,1
1775915817155,3977,1746224.1000000238,pvp,player_1,player_2,225.167,444,48,270,299.16,-22.432,down,stay,2,1
1775915817155,3978,1746241,pvp,player_1,player_2,232.833,444,52.986,269.626,299.16,-22.432,down,stay,2,1
1775915817155,3979,1746257.5,pvp,player_1,player_2,240.5,444,57.972,269.252,299.16,-22.432,down,stay,2,1
1775915817155,3980,1746274.6000000238,pvp,player_1,player_2,248.167,444,62.958,268.878,299.16,-22.432,down,stay,2,1
1775915817155,3981,1746290.6000000238,pvp,player_1,player_2,255.833,444,67.944,268.505,299.16,-22.432,down,stay,2,1
1775915817155,3982,1746307.1000000238,pvp,player_1,player_2,263.5,444,72.93,268.131,299.16,-22.432,down,stay,2,1
1775915817155,3983,1746323.6000000238,pvp,player_1,player_2,271.167,444,77.916,267.757,299.16,-22.432,down,stay,2,1
1775915817155,3984,1746340.7000000477,pvp,player_1,player_2,278.833,444,82.902,267.383,299.16,-22.432,down,stay,2,1
1775915817155,3985,1746357.4000000954,pvp,player_1,player_2,286.5,444,87.888,267.009,299.16,-22.432,down,stay,2,1
1775915817155,3986,1746374,pvp,player_1,player_2,294.167,444,92.874,266.635,299.16,-22.432,down,stay,2,1
1775915817155,3987,1746390.5,pvp,player_1,player_2,301.833,444,97.86,266.261,299.16,-22.432,down,stay,2,1
1775915817155,3988,1746407.7000000477,pvp,player_1,player_2,309.5,444,102.846,265.887,299.16,-22.432,down,stay,2,1
1775915817155,3989,1746423.8000000715,pvp,player_1,player_2,317.167,444,107.832,265.514,299.16,-22.432,down,stay,2,1
1775915817155,3990,1746441.1000000238,pvp,player_1,player_2,324.833,444,112.818,265.14,299.16,-22.432,down,stay,2,1
1775915817155,3991,1746457.1000000238,pvp,player_1,player_2,332.5,444,117.804,264.766,299.16,-22.432,down,stay,2,1
1775915817155,3992,1746474.4000000954,pvp,player_1,player_2,340.167,444,122.79,264.392,299.16,-22.432,down,stay,2,1
1775915817155,3993,1746490.8000000715,pvp,player_1,player_2,347.833,444,127.776,264.018,299.16,-22.432,down,stay,2,1
1775915817155,3994,1746507.7000000477,pvp,player_1,player_2,355.5,444,132.762,263.644,299.16,-22.432,down,stay,2,1
1775915817155,3995,1746524.6000000238,pvp,player_1,player_2,363.167,444,137.748,263.27,299.16,-22.432,down,stay,2,1
1775915817155,3996,1746541.1000000238,pvp,player_1,player_2,370.833,444,142.734,262.897,299.16,-22.432,down,stay,2,1
1775915817155,3997,1746557.7000000477,pvp,player_1,player_2,378.5,444,147.72,262.523,299.16,-22.432,down,stay,2,1
1775915817155,3998,1746574,pvp,player_1,player_2,386.167,444,152.706,262.149,299.16,-22.432,down,stay,2,1
1775915817155,3999,1746590.7000000477,pvp,player_1,player_2,393.833,444,157.692,261.775,299.16,-22.432,down,stay,2,1
1775915817155,4000,1746607.4000000954,pvp,player_1,player_2,401.306,444,162.678,261.401,299.16,-22.432,stay,stay,2,1
1775915817155,4001,1746624.2000000477,pvp,player_1,player_2,408.583,444,167.664,261.027,299.16,-22.432,stay,stay,2,1
1775915817155,4002,1746641.2000000477,pvp,player_1,player_2,415.667,444,172.65,260.653,299.16,-22.432,stay,stay,2,1
1775915817155,4003,1746657.7000000477,pvp,player_1,player_2,422.556,444,177.636,260.279,299.16,-22.432,stay,stay,2,1
1775915817155,4004,1746674.4000000954,pvp,player_1,player_2,429.25,444,182.622,259.906,299.16,-22.432,stay,stay,2,1
1775915817155,4005,1746691.1000000238,pvp,player_1,player_2,435.75,444,187.608,259.532,299.16,-22.432,stay,stay,2,1
1775915817155,4006,1746707.8000000715,pvp,player_1,player_2,442.056,444,192.594,259.158,299.16,-22.432,stay,stay,2,1
1775915817155,4007,1746724.5,pvp,player_1,player_2,444,444,197.58,258.784,299.16,-22.432,stay,stay,2,1
1775915817155,4008,1746741.2000000477,pvp,player_1,player_2,444,444,202.566,258.41,299.16,-22.432,stay,stay,2,1
1775915817155,4009,1746758,pvp,player_1,player_2,444,444,207.552,258.036,299.16,-22.432,stay,stay,2,1
1775915817155,4010,1746774,pvp,player_1,player_2,444,444,212.538,257.662,299.16,-22.432,stay,stay,2,1
1775915817155,4011,1746790.5,pvp,player_1,player_2,444,444,217.524,257.289,299.16,-22.432,stay,stay,2,1
1775915817155,4012,1746807.9000000954,pvp,player_1,player_2,444,444,222.51,256.915,299.16,-22.432,stay,stay,2,1
1775915817155,4013,1746824.3000000715,pvp,player_1,player_2,444,444,227.496,256.541,299.16,-22.432,stay,stay,2,1
1775915817155,4014,1746840.5,pvp,player_1,player_2,444,444,232.482,256.167,299.16,-22.432,stay,stay,2,1
1775915817155,4015,1746857.6000000238,pvp,player_1,player_2,444,444,237.468,255.793,299.16,-22.432,stay,stay,2,1
1775915817155,4016,1746874.5,pvp,player_1,player_2,444,444,242.454,255.419,299.16,-22.432,stay,stay,2,1
1775915817155,4017,1746891.2000000477,pvp,player_1,player_2,444,444,247.44,255.045,299.16,-22.432,stay,stay,2,1
1775915817155,4018,1746907.3000000715,pvp,player_1,player_2,444,443.744,252.426,254.671,299.16,-22.432,stay,up,2,1
1775915817155,4019,1746924.2000000477,pvp,player_1,player_2,444,443.233,257.412,254.298,299.16,-22.432,stay,up,2,1
1775915817155,4020,1746941.1000000238,pvp,player_1,player_2,444,442.467,262.398,253.924,299.16,-22.432,stay,up,2,1
1775915817155,4021,1746958,pvp,player_1,player_2,444,441.444,267.384,253.55,299.16,-22.432,stay,up,2,1
1775915817155,4022,1746973.9000000954,pvp,player_1,player_2,444,440.167,272.37,253.176,299.16,-22.432,stay,up,2,1
1775915817155,4023,1746990.3000000715,pvp,player_1,player_2,444,438.633,277.356,252.802,299.16,-22.432,stay,up,2,1
1775915817155,4024,1747007.4000000954,pvp,player_1,player_2,444,436.844,282.342,252.428,299.16,-22.432,stay,up,2,1
1775915817155,4025,1747024.2000000477,pvp,player_1,player_2,444,434.8,287.328,252.054,299.16,-22.432,stay,up,2,1
1775915817155,4026,1747041.1000000238,pvp,player_1,player_2,444,432.5,292.314,251.681,299.16,-22.432,stay,up,2,1
1775915817155,4027,1747057.7000000477,pvp,player_1,player_2,444,429.944,297.3,251.307,299.16,-22.432,stay,up,2,1
1775915817155,4028,1747073.9000000954,pvp,player_1,player_2,444,427.133,302.286,250.933,299.16,-22.432,stay,up,2,1
1775915817155,4029,1747090.9000000954,pvp,player_1,player_2,444,424.067,307.272,250.559,299.16,-22.432,stay,up,2,1
1775915817155,4030,1747107.8000000715,pvp,player_1,player_2,444,420.744,312.258,250.185,299.16,-22.432,stay,up,2,1
1775915817155,4031,1747124.6000000238,pvp,player_1,player_2,444,417.167,317.244,249.811,299.16,-22.432,stay,up,2,1
1775915817155,4032,1747141.2000000477,pvp,player_1,player_2,444,413.333,322.23,249.437,299.16,-22.432,stay,up,2,1
1775915817155,4033,1747158,pvp,player_1,player_2,444,409.244,327.216,249.063,299.16,-22.432,stay,up,2,1
1775915817155,4034,1747174.3000000715,pvp,player_1,player_2,444,404.9,332.202,248.69,299.16,-22.432,stay,up,2,1
1775915817155,4035,1747190.9000000954,pvp,player_1,player_2,444,400.3,337.188,248.316,299.16,-22.432,stay,up,2,1
1775915817155,4036,1747207.7000000477,pvp,player_1,player_2,444,395.444,342.174,247.942,299.16,-22.432,stay,up,2,1
1775915817155,4037,1747223.9000000954,pvp,player_1,player_2,444,390.333,347.16,247.568,299.16,-22.432,stay,up,2,1
1775915817155,4038,1747241.3000000715,pvp,player_1,player_2,444,384.967,352.146,247.194,299.16,-22.432,stay,up,2,1
1775915817155,4039,1747258.5,pvp,player_1,player_2,444,379.344,357.132,246.82,299.16,-22.432,stay,up,2,1
1775915817155,4040,1747274.2000000477,pvp,player_1,player_2,444,373.467,362.118,246.446,299.16,-22.432,stay,up,2,1
1775915817155,4041,1747290.6000000238,pvp,player_1,player_2,444,367.333,367.104,246.073,299.16,-22.432,stay,up,2,1
1775915817155,4042,1747307.4000000954,pvp,player_1,player_2,444,360.944,372.09,245.699,299.16,-22.432,stay,up,2,1
1775915817155,4043,1747323.9000000954,pvp,player_1,player_2,444,354.3,377.076,245.325,299.16,-22.432,stay,up,2,1
1775915817155,4044,1747341.2000000477,pvp,player_1,player_2,444,347.4,382.062,244.951,299.16,-22.432,stay,up,2,1
1775915817155,4045,1747357.2000000477,pvp,player_1,player_2,444,340.244,387.048,244.577,299.16,-22.432,stay,up,2,1
1775915817155,4046,1747374.5,pvp,player_1,player_2,444,332.833,392.034,244.203,299.16,-22.432,stay,up,2,1
1775915817155,4047,1747391.5,pvp,player_1,player_2,444,325.167,397.02,243.829,299.16,-22.432,stay,up,2,1
1775915817155,4048,1747408,pvp,player_1,player_2,444,317.5,402.006,243.455,299.16,-22.432,stay,up,2,1
1775915817155,4049,1747424.5,pvp,player_1,player_2,444,309.833,406.992,243.082,299.16,-22.432,stay,up,2,1
1775915817155,4050,1747441.1000000238,pvp,player_1,player_2,444,302.167,411.978,242.708,299.16,-22.432,stay,up,2,1
1775915817155,4051,1747457.4000000954,pvp,player_1,player_2,444,294.5,416.964,242.334,299.16,-22.432,stay,up,2,1
1775915817155,4052,1747474.7000000477,pvp,player_1,player_2,444,286.833,421.95,241.96,299.16,-22.432,stay,up,2,1
1775915817155,4053,1747490.7000000477,pvp,player_1,player_2,444,279.167,426.936,241.586,299.16,-22.432,stay,up,2,1
1775915817155,4054,1747508,pvp,player_1,player_2,444,271.5,431.922,241.212,299.16,-22.432,stay,up,2,1
1775915817155,4055,1747523.9000000954,pvp,player_1,player_2,444,263.833,436.908,240.838,299.16,-22.432,stay,up,2,1
1775915817155,4056,1747540.7000000477,pvp,player_1,player_2,444,256.167,441.894,240.465,299.16,-22.432,stay,up,2,1
1775915817155,4057,1747557.5,pvp,player_1,player_2,444,248.5,446.88,240.091,299.16,-22.432,stay,up,2,1
1775915817155,4058,1747574.6000000238,pvp,player_1,player_2,444,240.833,451.866,239.717,299.16,-22.432,stay,up,2,1
1775915817155,4059,1747591,pvp,player_1,player_2,444,233.167,456.852,239.343,299.16,-22.432,stay,up,2,1
1775915817155,4060,1747607.5,pvp,player_1,player_2,444,225.694,461.838,238.969,299.16,-22.432,stay,stay,2,1
1775915817155,4061,1747624.4000000954,pvp,player_1,player_2,444,218.417,466.824,238.595,299.16,-22.432,stay,stay,2,1
1775915817155,4062,1747640.9000000954,pvp,player_1,player_2,444,211.333,471.81,238.221,299.16,-22.432,stay,stay,2,1
1775915817155,4063,1747657.8000000715,pvp,player_1,player_2,444,204.444,476.796,237.847,299.16,-22.432,stay,stay,2,1
1775915817155,4064,1747674.4000000954,pvp,player_1,player_2,444,197.75,481.782,237.474,299.16,-22.432,stay,stay,2,1
1775915817155,4065,1747690.9000000954,pvp,player_1,player_2,444,191.25,486.768,237.1,299.16,-22.432,stay,stay,2,1
1775915817155,4066,1747707.1000000238,pvp,player_1,player_2,444,184.944,491.754,236.726,299.16,-22.432,stay,stay,2,1
1775915817155,4067,1747724.5,pvp,player_1,player_2,444,178.833,496.74,236.352,299.16,-22.432,stay,stay,2,1
1775915817155,4068,1747741,pvp,player_1,player_2,444,172.917,501.726,235.978,299.16,-22.432,stay,stay,2,1
1775915817155,4069,1747757.7000000477,pvp,player_1,player_2,444,167.194,506.712,235.604,299.16,-22.432,stay,stay,2,1
1775915817155,4070,1747773.7000000477,pvp,player_1,player_2,444,161.667,511.698,235.23,299.16,-22.432,stay,stay,2,1
1775915817155,4071,1747790.6000000238,pvp,player_1,player_2,444,156.333,516.684,234.857,299.16,-22.432,stay,stay,2,1
1775915817155,4072,1747807.7000000477,pvp,player_1,player_2,444,151.194,521.67,234.483,299.16,-22.432,stay,stay,2,1
1775915817155,4073,1747824.4000000954,pvp,player_1,player_2,444,146.25,526.656,234.109,299.16,-22.432,stay,stay,2,1
1775915817155,4074,1747841,pvp,player_1,player_2,444,141.5,531.642,233.735,299.16,-22.432,stay,stay,2,1
1775915817155,4075,1747857.7000000477,pvp,player_1,player_2,444,136.944,536.628,233.361,299.16,-22.432,stay,stay,2,1
1775915817155,4076,1747874.1000000238,pvp,player_1,player_2,444,132.583,541.614,232.987,299.16,-22.432,stay,stay,2,1
1775915817155,4077,1747891,pvp,player_1,player_2,444,128.417,546.6,232.613,299.16,-22.432,stay,stay,2,1
1775915817155,4078,1747907.7000000477,pvp,player_1,player_2,444,124.444,551.586,232.24,299.16,-22.432,stay,stay,2,1
1775915817155,4079,1747924.1000000238,pvp,player_1,player_2,444,120.667,556.572,231.866,299.16,-22.432,stay,stay,2,1
1775915817155,4080,1747940.9000000954,pvp,player_1,player_2,444,117.083,561.558,231.492,299.16,-22.432,stay,stay,2,1
1775915817155,4081,1747957.7000000477,pvp,player_1,player_2,444,113.694,566.544,231.118,299.16,-22.432,stay,stay,2,1
1775915817155,4082,1747974.7000000477,pvp,player_1,player_2,444,110.5,571.53,230.744,299.16,-22.432,stay,stay,2,1
1775915817155,4083,1747991.3000000715,pvp,player_1,player_2,444,107.5,576.516,230.37,299.16,-22.432,stay,stay,2,1
1775915817155,4084,1748007.4000000954,pvp,player_1,player_2,444,104.694,581.502,229.996,299.16,-22.432,stay,stay,2,1
1775915817155,4085,1748024.2000000477,pvp,player_1,player_2,444,102.083,586.488,229.622,299.16,-22.432,stay,stay,2,1
1775915817155,4086,1748040.5,pvp,player_1,player_2,444,99.667,591.474,229.249,299.16,-22.432,stay,stay,2,1
1775915817155,4087,1748057.1000000238,pvp,player_1,player_2,444,97.444,596.46,228.875,299.16,-22.432,stay,stay,2,1
1775915817155,4088,1748074.1000000238,pvp,player_1,player_2,444,95.417,601.446,228.501,299.16,-22.432,stay,stay,2,1
1775915817155,4089,1748090.9000000954,pvp,player_1,player_2,444,93.583,606.432,228.127,299.16,-22.432,stay,stay,2,1
1775915817155,4090,1748107.6000000238,pvp,player_1,player_2,444,91.944,611.418,227.753,299.16,-22.432,stay,stay,2,1
1775915817155,4091,1748124.2000000477,pvp,player_1,player_2,444,90.5,616.404,227.379,299.16,-22.432,stay,stay,2,1
1775915817155,4092,1748141.1000000238,pvp,player_1,player_2,444,89.25,621.39,227.005,299.16,-22.432,stay,stay,2,1
1775915817155,4093,1748157.3000000715,pvp,player_1,player_2,444,88.194,626.376,226.632,299.16,-22.432,stay,stay,2,1
1775915817155,4094,1748174.3000000715,pvp,player_1,player_2,444,87.333,631.362,226.258,299.16,-22.432,stay,stay,2,1
1775915817155,4095,1748190.9000000954,pvp,player_1,player_2,444,86.667,636.348,225.884,299.16,-22.432,stay,stay,2,1
1775915817155,4096,1748207.3000000715,pvp,player_1,player_2,444,86.194,641.334,225.51,299.16,-22.432,stay,stay,2,1
1775915817155,4097,1748223.9000000954,pvp,player_1,player_2,444,85.917,646.32,225.136,299.16,-22.432,stay,stay,2,1
1775915817155,4098,1748240.5,pvp,player_1,player_2,444,85.917,651.306,224.762,299.16,-22.432,stay,stay,2,1
1775915817155,4099,1748257.5,pvp,player_1,player_2,444,85.917,656.292,224.388,299.16,-22.432,stay,stay,2,1
1775915817155,4100,1748274.3000000715,pvp,player_1,player_2,444,85.917,661.278,224.014,299.16,-22.432,stay,stay,2,1
1775915817155,4101,1748291.2000000477,pvp,player_1,player_2,444,85.917,666.264,223.641,299.16,-22.432,stay,stay,2,1
1775915817155,4102,1748307.6000000238,pvp,player_1,player_2,444,85.917,671.25,223.267,299.16,-22.432,stay,stay,2,1
1775915817155,4103,1748324.3000000715,pvp,player_1,player_2,444,85.917,676.236,222.893,299.16,-22.432,stay,stay,2,1
1775915817155,4104,1748341.2000000477,pvp,player_1,player_2,444,85.917,681.222,222.519,299.16,-22.432,stay,stay,2,1
1775915817155,4105,1748357.4000000954,pvp,player_1,player_2,444,85.917,686.208,222.145,299.16,-22.432,stay,stay,2,1
1775915817155,4106,1748374.4000000954,pvp,player_1,player_2,444,85.917,691.194,221.771,299.16,-22.432,stay,stay,2,1
1775915817155,4107,1748390.8000000715,pvp,player_1,player_2,444,85.917,696.18,221.397,299.16,-22.432,stay,stay,2,1
1775915817155,4108,1748407.5,pvp,player_1,player_2,444,85.917,701.166,221.024,299.16,-22.432,stay,stay,2,1
1775915817155,4109,1748424.1000000238,pvp,player_1,player_2,444,85.917,706.152,220.65,299.16,-22.432,stay,stay,2,1
1775915817155,4110,1748440.5,pvp,player_1,player_2,444,85.917,711.138,220.276,299.16,-22.432,stay,stay,2,1
1775915817155,4111,1748457.5,pvp,player_1,player_2,444,85.917,716.124,219.902,299.16,-22.432,stay,stay,2,1
1775915817155,4112,1748474.3000000715,pvp,player_1,player_2,444,85.917,721.11,219.528,299.16,-22.432,stay,stay,2,1
1775915817155,4113,1748491,pvp,player_1,player_2,444,85.917,726.096,219.154,299.16,-22.432,stay,stay,2,1
1775915817155,4114,1748507.6000000238,pvp,player_1,player_2,444,85.917,731.082,218.78,299.16,-22.432,stay,stay,2,1
1775915817155,4115,1748524.3000000715,pvp,player_1,player_2,444,85.917,736.068,218.406,299.16,-22.432,stay,stay,2,1
1775915817155,4116,1748540.6000000238,pvp,player_1,player_2,444,86.172,741.054,218.033,299.16,-22.432,stay,down,2,1
1775915817155,4117,1748557.4000000954,pvp,player_1,player_2,444,86.683,746.04,217.659,299.16,-22.432,stay,down,2,1
1775915817155,4118,1748574.3000000715,pvp,player_1,player_2,444,87.45,751.026,217.285,299.16,-22.432,stay,down,2,1
1775915817155,4119,1748590.9000000954,pvp,player_1,player_2,444,88.472,756.012,216.911,299.16,-22.432,stay,down,2,1
1775915817155,4120,1748607.7000000477,pvp,player_1,player_2,444,89.75,760.998,216.537,299.16,-22.432,stay,down,2,1
1775915817155,4121,1748624.4000000954,pvp,player_1,player_2,444,91.283,765.984,216.163,299.16,-22.432,stay,down,2,1
1775915817155,4122,1748641.1000000238,pvp,player_1,player_2,444,93.072,770.97,215.789,299.16,-22.432,stay,down,2,1
1775915817155,4123,1748657,pvp,player_1,player_2,444,95.117,775.956,215.416,299.16,-22.432,stay,down,2,1
1775915817155,4124,1748673.8000000715,pvp,player_1,player_2,444,97.417,780.942,215.042,299.16,-22.432,stay,down,2,1
1775915817155,4125,1748690.6000000238,pvp,player_1,player_2,444,99.972,785.928,214.668,299.16,-22.432,stay,down,2,1
1775915817155,4126,1748707.5,pvp,player_1,player_2,444,102.783,790.914,214.294,299.16,-22.432,stay,down,2,1
1775915817155,4127,1748724.2000000477,pvp,player_1,player_2,444,105.85,795.9,213.92,299.16,-22.432,stay,down,2,1
1775915817155,4128,1748740.9000000954,pvp,player_1,player_2,444,109.172,800.886,213.546,299.16,-22.432,stay,down,2,1
1775915817155,4129,1748757.3000000715,pvp,player_1,player_2,444,112.75,805.872,213.172,299.16,-22.432,stay,down,2,1
1775915817155,4130,1748773.7000000477,pvp,player_1,player_2,444,116.583,810.858,212.798,299.16,-22.432,stay,down,2,1
1775915817155,4131,1748790.6000000238,pvp,player_1,player_2,444,120.672,815.844,212.425,299.16,-22.432,stay,down,2,1
1775915817155,4132,1748806.9000000954,pvp,player_1,player_2,444,125.017,820.83,212.051,299.16,-22.432,stay,down,2,1
1775915817155,4133,1748824.1000000238,pvp,player_1,player_2,444,129.617,825.816,211.677,299.16,-22.432,stay,down,2,1
1775915817155,4134,1748840.5,pvp,player_1,player_2,444,134.022,830.802,211.303,299.16,-22.432,stay,stay,2,1
1775915817155,4135,1748857.6000000238,pvp,player_1,player_2,444,138.233,835.788,210.929,299.16,-22.432,stay,stay,2,1
1775915817155,4136,1748874.4000000954,pvp,player_1,player_2,444,142.25,840.774,210.555,299.16,-22.432,stay,stay,2,1
1775915817155,4137,1748890.8000000715,pvp,player_1,player_2,444,146.072,845.76,210.181,299.16,-22.432,stay,stay,2,1
1775915817155,4138,1748907,pvp,player_1,player_2,444,149.7,850.746,209.808,299.16,-22.432,stay,stay,2,1
1775915817155,4139,1748924.1000000238,pvp,player_1,player_2,444,153.133,855.732,209.434,299.16,-22.432,stay,stay,2,1
1775915817155,4140,1748941,pvp,player_1,player_2,444,156.372,860.718,209.06,299.16,-22.432,stay,stay,2,1
1775915817155,4141,1748957.8000000715,pvp,player_1,player_2,444,159.417,865.704,208.686,299.16,-22.432,stay,stay,2,1
1775915817155,4142,1748974.3000000715,pvp,player_1,player_2,444,162.1,870.69,208.312,299.16,-22.432,stay,up,2,1
1775915817155,4143,1748991.1000000238,pvp,player_1,player_2,444,164.422,875.676,207.938,299.16,-22.432,stay,up,2,1
1775915817155,4144,1749007.5,pvp,player_1,player_2,444,166.383,880.662,207.564,299.16,-22.432,stay,up,2,1
1775915817155,4145,1749024.2000000477,pvp,player_1,player_2,444,167.983,885.648,207.19,299.16,-22.432,stay,up,2,1
1775915817155,4146,1749041.2000000477,pvp,player_1,player_2,444,169.222,890.634,206.817,299.16,-22.432,stay,up,2,1
1775915817155,4147,1749057.5,pvp,player_1,player_2,444,170.1,895.62,206.443,299.16,-22.432,stay,up,2,1
1775915817155,4148,1749074.3000000715,pvp,player_1,player_2,444,170.617,900.606,206.069,299.16,-22.432,stay,up,2,1
1775915817155,4149,1749091,pvp,player_1,player_2,444,170.772,905.592,205.695,299.16,-22.432,stay,up,2,1
1775915817155,4150,1749107.9000000954,pvp,player_1,player_2,444,170.567,910.578,205.321,299.16,-22.432,stay,up,2,1
1775915817155,4151,1749124.1000000238,pvp,player_1,player_2,444,170.106,912,204.947,-304.65,-97.921,stay,up,2,1
1775915817155,4152,1749140.5,pvp,player_1,player_2,444,169.389,906.923,203.315,-304.65,-97.921,stay,up,2,1
1775915817155,4153,1749157,pvp,player_1,player_2,444,168.417,901.845,201.683,-304.65,-97.921,stay,up,2,1
1775915817155,4154,1749173.4000000954,pvp,player_1,player_2,444,167.189,896.768,200.051,-304.65,-97.921,stay,up,2,1
1775915817155,4155,1749190.5,pvp,player_1,player_2,444,165.706,891.69,198.419,-304.65,-97.921,stay,up,2,1
1775915817155,4156,1749207.6000000238,pvp,player_1,player_2,444,163.967,886.613,196.787,-304.65,-97.921,stay,up,2,1
1775915817155,4157,1749224.3000000715,pvp,player_1,player_2,444,161.972,881.535,195.155,-304.65,-97.921,stay,up,2,1
1775915817155,4158,1749241,pvp,player_1,player_2,444,159.722,876.458,193.523,-304.65,-97.921,stay,up,2,1
1775915817155,4159,1749257.9000000954,pvp,player_1,player_2,444,157.217,871.38,191.891,-304.65,-97.921,stay,up,2,1
1775915817155,4160,1749273.8000000715,pvp,player_1,player_2,444,154.456,866.303,190.259,-304.65,-97.921,stay,up,2,1
1775915817155,4161,1749290.8000000715,pvp,player_1,player_2,444,151.439,861.225,188.627,-304.65,-97.921,stay,up,2,1
1775915817155,4162,1749307.6000000238,pvp,player_1,player_2,444,148.167,856.148,186.995,-304.65,-97.921,stay,up,2,1
1775915817155,4163,1749324.5,pvp,player_1,player_2,444,144.639,851.07,185.363,-304.65,-97.921,stay,up,2,1
1775915817155,4164,1749341.1000000238,pvp,player_1,player_2,444,140.856,845.993,183.731,-304.65,-97.921,stay,up,2,1
1775915817155,4165,1749357.7000000477,pvp,player_1,player_2,444,136.817,840.915,182.099,-304.65,-97.921,stay,up,2,1
1775915817155,4166,1749373.9000000954,pvp,player_1,player_2,444,132.522,835.838,180.467,-304.65,-97.921,stay,up,2,1
1775915817155,4167,1749390.5,pvp,player_1,player_2,444,127.972,830.76,178.835,-304.65,-97.921,stay,up,2,1
1775915817155,4168,1749407.2000000477,pvp,player_1,player_2,444,123.167,825.683,177.203,-304.65,-97.921,stay,up,2,1
1775915817155,4169,1749424.1000000238,pvp,player_1,player_2,444,118.106,820.605,175.571,-304.65,-97.921,stay,up,2,1
1775915817155,4170,1749441.1000000238,pvp,player_1,player_2,444,112.789,815.528,173.939,-304.65,-97.921,stay,up,2,1
1775915817155,4171,1749457.6000000238,pvp,player_1,player_2,444,107.217,810.45,172.307,-304.65,-97.921,stay,up,2,1
1775915817155,4172,1749474.2000000477,pvp,player_1,player_2,444,101.389,805.373,170.675,-304.65,-97.921,stay,up,2,1
1775915817155,4173,1749490.8000000715,pvp,player_1,player_2,444,95.306,800.295,169.043,-304.65,-97.921,stay,up,2,1
1775915817155,4174,1749507.4000000954,pvp,player_1,player_2,444,88.967,795.218,167.411,-304.65,-97.921,stay,up,2,1
1775915817155,4175,1749524,pvp,player_1,player_2,444,82.822,790.14,165.779,-304.65,-97.921,stay,stay,2,1
1775915817155,4176,1749541.2000000477,pvp,player_1,player_2,444,76.872,785.063,164.147,-304.65,-97.921,stay,stay,2,1
1775915817155,4177,1749557.8000000715,pvp,player_1,player_2,444,71.117,779.985,162.515,-304.65,-97.921,stay,stay,2,1
1775915817155,4178,1749574.3000000715,pvp,player_1,player_2,444,65.556,774.908,160.883,-304.65,-97.921,stay,stay,2,1
1775915817155,4179,1749591.5,pvp,player_1,player_2,444,60.189,769.83,159.251,-304.65,-97.921,stay,stay,2,1
1775915817155,4180,1749607.1000000238,pvp,player_1,player_2,444,55.017,764.753,157.619,-304.65,-97.921,stay,stay,2,1
1775915817155,4181,1749624,pvp,player_1,player_2,444,50.039,759.675,155.987,-304.65,-97.921,stay,stay,2,1
1775915817155,4182,1749640.9000000954,pvp,player_1,player_2,444,45.256,754.598,154.355,-304.65,-97.921,stay,stay,2,1
1775915817155,4183,1749657.4000000954,pvp,player_1,player_2,444,40.667,749.52,152.723,-304.65,-97.921,stay,stay,2,1
1775915817155,4184,1749674,pvp,player_1,player_2,444,36.272,744.443,151.091,-304.65,-97.921,stay,stay,2,1
1775915817155,4185,1749690.9000000954,pvp,player_1,player_2,444,32.072,739.365,149.459,-304.65,-97.921,stay,stay,2,1
1775915817155,4186,1749707.7000000477,pvp,player_1,player_2,444,28.067,734.288,147.827,-304.65,-97.921,stay,stay,2,1
1775915817155,4187,1749724.5,pvp,player_1,player_2,444,24.256,729.21,146.195,-304.65,-97.921,stay,stay,2,1
1775915817155,4188,1749741,pvp,player_1,player_2,444,20.639,724.133,144.563,-304.65,-97.921,stay,stay,2,1
1775915817155,4189,1749757.7000000477,pvp,player_1,player_2,444,17.217,719.055,142.931,-304.65,-97.921,stay,stay,2,1
1775915817155,4190,1749773.5,pvp,player_1,player_2,444,13.989,713.978,141.299,-304.65,-97.921,stay,stay,2,1
1775915817155,4191,1749790.6000000238,pvp,player_1,player_2,444,10.956,708.9,139.667,-304.65,-97.921,stay,stay,2,1
1775915817155,4192,1749806.8000000715,pvp,player_1,player_2,444,8.117,703.823,138.035,-304.65,-97.921,stay,stay,2,1
1775915817155,4193,1749823.8000000715,pvp,player_1,player_2,443.744,5.472,698.745,136.403,-304.65,-97.921,up,stay,2,1
1775915817155,4194,1749840.6000000238,pvp,player_1,player_2,443.233,3.022,693.668,134.771,-304.65,-97.921,up,stay,2,1
1775915817155,4195,1749857.1000000238,pvp,player_1,player_2,442.467,0.767,688.59,133.139,-304.65,-97.921,up,stay,2,1
1775915817155,4196,1749873.9000000954,pvp,player_1,player_2,441.444,0,683.513,131.507,-304.65,-97.921,up,stay,2,1
1775915817155,4197,1749890.8000000715,pvp,player_1,player_2,440.167,0,678.435,129.875,-304.65,-97.921,up,stay,2,1
1775915817155,4198,1749907.5,pvp,player_1,player_2,438.633,0,673.358,128.243,-304.65,-97.921,up,stay,2,1
1775915817155,4199,1749923.7000000477,pvp,player_1,player_2,436.844,0,668.28,126.61,-304.65,-97.921,up,stay,2,1
1775915817155,4200,1749940.5,pvp,player_1,player_2,434.8,0,663.203,124.978,-304.65,-97.921,up,stay,2,1
1775915817155,4201,1749957.2000000477,pvp,player_1,player_2,432.5,0,658.125,123.346,-304.65,-97.921,up,stay,2,1
1775915817155,4202,1749974.1000000238,pvp,player_1,player_2,429.944,0,653.048,121.714,-304.65,-97.921,up,stay,2,1
1775915817155,4203,1749991,pvp,player_1,player_2,427.133,0,647.97,120.082,-304.65,-97.921,up,stay,2,1
1775915817155,4204,1750007.6000000238,pvp,player_1,player_2,424.067,0,642.893,118.45,-304.65,-97.921,up,stay,2,1
1775915817155,4205,1750024.4000000954,pvp,player_1,player_2,420.744,0,637.815,116.818,-304.65,-97.921,up,stay,2,1
1775915817155,4206,1750040.8000000715,pvp,player_1,player_2,417.167,0,632.738,115.186,-304.65,-97.921,up,stay,2,1
1775915817155,4207,1750057.3000000715,pvp,player_1,player_2,413.333,0,627.66,113.554,-304.65,-97.921,up,stay,2,1
1775915817155,4208,1750074.5,pvp,player_1,player_2,409.244,0,622.583,111.922,-304.65,-97.921,up,stay,2,1
1775915817155,4209,1750090.4000000954,pvp,player_1,player_2,404.9,0,617.505,110.29,-304.65,-97.921,up,stay,2,1
1775915817155,4210,1750107.1000000238,pvp,player_1,player_2,400.3,0,612.428,108.658,-304.65,-97.921,up,stay,2,1
1775915817155,4211,1750123.7000000477,pvp,player_1,player_2,395.444,0,607.35,107.026,-304.65,-97.921,up,stay,2,1
1775915817155,4212,1750140.2000000477,pvp,player_1,player_2,390.333,0,602.273,105.394,-304.65,-97.921,up,stay,2,1
1775915817155,4213,1750156.8000000715,pvp,player_1,player_2,384.967,0,597.195,103.762,-304.65,-97.921,up,stay,2,1
1775915817155,4214,1750173.5,pvp,player_1,player_2,379.344,0,592.118,102.13,-304.65,-97.921,up,stay,2,1
1775915817155,4215,1750190,pvp,player_1,player_2,373.467,0,587.04,100.498,-304.65,-97.921,up,stay,2,1
1775915817155,4216,1750206.8000000715,pvp,player_1,player_2,367.333,0,581.963,98.866,-304.65,-97.921,up,stay,2,1
1775915817155,4217,1750223.5,pvp,player_1,player_2,361.394,0,576.885,97.234,-304.65,-97.921,stay,stay,2,1
1775915817155,4218,1750240,pvp,player_1,player_2,355.65,0,571.808,95.602,-304.65,-97.921,stay,stay,2,1
1775915817155,4219,1750256.7000000477,pvp,player_1,player_2,350.1,0,566.73,93.97,-304.65,-97.921,stay,stay,2,1
1775915817155,4220,1750273.4000000954,pvp,player_1,player_2,344.744,0,561.653,92.338,-304.65,-97.921,stay,stay,2,1
1775915817155,4221,1750290.1000000238,pvp,player_1,player_2,339.583,0,556.575,90.706,-304.65,-97.921,stay,stay,2,1
1775915817155,4222,1750306.9000000954,pvp,player_1,player_2,334.617,0,551.498,89.074,-304.65,-97.921,stay,stay,2,1
1775915817155,4223,1750323.5,pvp,player_1,player_2,329.844,0,546.42,87.442,-304.65,-97.921,stay,stay,2,1
1775915817155,4224,1750340.3000000715,pvp,player_1,player_2,325.267,0,541.343,85.81,-304.65,-97.921,stay,stay,2,1
1775915817155,4225,1750356.9000000954,pvp,player_1,player_2,320.883,0,536.265,84.178,-304.65,-97.921,stay,stay,2,1
1775915817155,4226,1750373.8000000715,pvp,player_1,player_2,316.694,0,531.188,82.546,-304.65,-97.921,stay,stay,2,1
1775915817155,4227,1750390.1000000238,pvp,player_1,player_2,312.7,0,526.11,80.914,-304.65,-97.921,stay,stay,2,1
1775915817155,4228,1750406.9000000954,pvp,player_1,player_2,308.9,0,521.033,79.282,-304.65,-97.921,stay,stay,2,1
1775915817155,4229,1750423.6000000238,pvp,player_1,player_2,305.294,0,515.955,77.65,-304.65,-97.921,stay,stay,2,1
1775915817155,4230,1750440.2000000477,pvp,player_1,player_2,301.883,0,510.878,76.018,-304.65,-97.921,stay,stay,2,1
1775915817155,4231,1750456.8000000715,pvp,player_1,player_2,298.667,0,505.8,74.386,-304.65,-97.921,stay,stay,2,1
1775915817155,4232,1750473.5,pvp,player_1,player_2,295.644,0,500.723,72.754,-304.65,-97.921,stay,stay,2,1
1775915817155,4233,1750490.2000000477,pvp,player_1,player_2,292.817,0,495.645,71.122,-304.65,-97.921,stay,stay,2,1
1775915817155,4234,1750506.9000000954,pvp,player_1,player_2,290.183,0,490.568,69.49,-304.65,-97.921,stay,stay,2,1
1775915817155,4235,1750523.5,pvp,player_1,player_2,287.744,0,485.49,67.858,-304.65,-97.921,stay,stay,2,1
1775915817155,4236,1750540.2000000477,pvp,player_1,player_2,285.5,0,480.413,66.226,-304.65,-97.921,stay,stay,2,1
1775915817155,4237,1750557.1000000238,pvp,player_1,player_2,283.45,0,475.335,64.594,-304.65,-97.921,stay,stay,2,1
1775915817155,4238,1750573.6000000238,pvp,player_1,player_2,281.594,0,470.258,62.962,-304.65,-97.921,stay,stay,2,1
1775915817155,4239,1750590.1000000238,pvp,player_1,player_2,279.933,0,465.18,61.33,-304.65,-97.921,stay,stay,2,1
1775915817155,4240,1750606.9000000954,pvp,player_1,player_2,278.467,0,460.103,59.698,-304.65,-97.921,stay,stay,2,1
1775915817155,4241,1750623.7000000477,pvp,player_1,player_2,277.194,0,455.025,58.066,-304.65,-97.921,stay,stay,2,1
1775915817155,4242,1750640.3000000715,pvp,player_1,player_2,276.117,0,449.948,56.434,-304.65,-97.921,stay,stay,2,1
1775915817155,4243,1750656.9000000954,pvp,player_1,player_2,275.233,0,444.87,54.802,-304.65,-97.921,stay,stay,2,1
1775915817155,4244,1750673.5,pvp,player_1,player_2,274.544,0,439.793,53.17,-304.65,-97.921,stay,stay,2,1
1775915817155,4245,1750690.4000000954,pvp,player_1,player_2,274.05,0,434.715,51.538,-304.65,-97.921,stay,stay,2,1
1775915817155,4246,1750707.4000000954,pvp,player_1,player_2,273.75,0,429.638,49.906,-304.65,-97.921,stay,stay,2,1
1775915817155,4247,1750724.2000000477,pvp,player_1,player_2,273.75,0,424.56,48.274,-304.65,-97.921,stay,stay,2,1
1775915817155,4248,1750740.7000000477,pvp,player_1,player_2,273.75,0,419.483,46.642,-304.65,-97.921,stay,stay,2,1
1775915817155,4249,1750757.9000000954,pvp,player_1,player_2,273.75,0,414.405,45.01,-304.65,-97.921,stay,stay,2,1
1775915817155,4250,1750773.7000000477,pvp,player_1,player_2,273.75,0,409.328,43.378,-304.65,-97.921,stay,stay,2,1
1775915817155,4251,1750790.9000000954,pvp,player_1,player_2,273.75,0,404.25,41.746,-304.65,-97.921,stay,stay,2,1
1775915817155,4252,1750807.7000000477,pvp,player_1,player_2,273.75,0,399.173,40.114,-304.65,-97.921,stay,stay,2,1
1775915817155,4253,1750823.6000000238,pvp,player_1,player_2,273.75,0,394.095,38.482,-304.65,-97.921,stay,stay,2,1
1775915817155,4254,1750840.1000000238,pvp,player_1,player_2,273.75,0,389.018,36.85,-304.65,-97.921,stay,stay,2,1
1775915817155,4255,1750856.9000000954,pvp,player_1,player_2,273.75,0,383.94,35.218,-304.65,-97.921,stay,stay,2,1
1775915817155,4256,1750873.6000000238,pvp,player_1,player_2,273.75,0,378.863,33.586,-304.65,-97.921,stay,stay,2,1
1775915817155,4257,1750890.3000000715,pvp,player_1,player_2,273.75,0,373.785,31.954,-304.65,-97.921,stay,stay,2,1
1775915817155,4258,1750906.9000000954,pvp,player_1,player_2,273.75,0,368.708,30.322,-304.65,-97.921,stay,stay,2,1
1775915817155,4259,1750923.5,pvp,player_1,player_2,273.75,0,363.63,28.69,-304.65,-97.921,stay,stay,2,1
1775915817155,4260,1750940.6000000238,pvp,player_1,player_2,273.75,0,358.553,27.057,-304.65,-97.921,stay,stay,2,1
1775915817155,4261,1750957.2000000477,pvp,player_1,player_2,273.75,0,353.475,25.425,-304.65,-97.921,stay,stay,2,1
1775915817155,4262,1750974,pvp,player_1,player_2,273.75,0,348.398,23.793,-304.65,-97.921,stay,stay,2,1
1775915817155,4263,1750990.8000000715,pvp,player_1,player_2,273.75,0,343.32,22.161,-304.65,-97.921,stay,stay,2,1
1775915817155,4264,1751007.6000000238,pvp,player_1,player_2,273.75,0,338.243,20.529,-304.65,-97.921,stay,stay,2,1
1775915817155,4265,1751024.5,pvp,player_1,player_2,273.494,0,333.165,18.897,-304.65,-97.921,up,stay,2,1
1775915817155,4266,1751041.2000000477,pvp,player_1,player_2,272.983,0,328.088,17.265,-304.65,-97.921,up,stay,2,1
1775915817155,4267,1751057.7000000477,pvp,player_1,player_2,272.217,0,323.01,15.633,-304.65,-97.921,up,stay,2,1
1775915817155,4268,1751074.7000000477,pvp,player_1,player_2,271.194,0,317.933,14.001,-304.65,-97.921,up,stay,2,1
1775915817155,4269,1751090.4000000954,pvp,player_1,player_2,269.917,0,312.855,12.369,-304.65,-97.921,up,stay,2,1
1775915817155,4270,1751107.5,pvp,player_1,player_2,268.383,0,307.778,10.737,-304.65,-97.921,up,stay,2,1
1775915817155,4271,1751124.3000000715,pvp,player_1,player_2,266.594,0,302.7,10,-304.65,97.921,up,stay,2,1
1775915817155,4272,1751140.9000000954,pvp,player_1,player_2,264.55,0,297.623,11.632,-304.65,97.921,up,stay,2,1
1775915817155,4273,1751157.7000000477,pvp,player_1,player_2,262.25,0,292.545,13.264,-304.65,97.921,up,stay,2,1
1775915817155,4274,1751174.5,pvp,player_1,player_2,259.694,0,287.468,14.896,-304.65,97.921,up,stay,2,1
1775915817155,4275,1751190.9000000954,pvp,player_1,player_2,256.883,0,282.39,16.528,-304.65,97.921,up,stay,2,1
1775915817155,4276,1751207.8000000715,pvp,player_1,player_2,253.817,0,277.313,18.16,-304.65,97.921,up,stay,2,1
1775915817155,4277,1751224.3000000715,pvp,player_1,player_2,250.494,0,272.235,19.792,-304.65,97.921,up,stay,2,1
1775915817155,4278,1751241.3000000715,pvp,player_1,player_2,246.917,0,267.158,21.424,-304.65,97.921,up,stay,2,1
1775915817155,4279,1751258,pvp,player_1,player_2,243.083,0,262.08,23.056,-304.65,97.921,up,stay,2,1
1775915817155,4280,1751274.3000000715,pvp,player_1,player_2,238.994,0,257.003,24.688,-304.65,97.921,up,stay,2,1
1775915817155,4281,1751291.2000000477,pvp,player_1,player_2,234.65,0,251.925,26.32,-304.65,97.921,up,stay,2,1
1775915817155,4282,1751306.9000000954,pvp,player_1,player_2,230.05,0,246.848,27.952,-304.65,97.921,up,stay,2,1
1775915817155,4283,1751324,pvp,player_1,player_2,225.194,0,241.771,29.584,-304.65,97.921,up,stay,2,1
1775915817155,4284,1751340.7000000477,pvp,player_1,player_2,220.083,0,236.693,31.216,-304.65,97.921,up,stay,2,1
1775915817155,4285,1751357.3000000715,pvp,player_1,player_2,214.717,0,231.616,32.848,-304.65,97.921,up,stay,2,1
1775915817155,4286,1751373.8000000715,pvp,player_1,player_2,209.094,0,226.538,34.48,-304.65,97.921,up,stay,2,1
1775915817155,4287,1751390.2000000477,pvp,player_1,player_2,203.217,0,221.461,36.112,-304.65,97.921,up,stay,2,1
1775915817155,4288,1751406.9000000954,pvp,player_1,player_2,197.083,0,216.383,37.744,-304.65,97.921,up,stay,2,1
1775915817155,4289,1751423.9000000954,pvp,player_1,player_2,190.694,0,211.306,39.376,-304.65,97.921,up,stay,2,1
1775915817155,4290,1751440.7000000477,pvp,player_1,player_2,184.05,0,206.228,41.008,-304.65,97.921,up,stay,2,1
1775915817155,4291,1751457.5,pvp,player_1,player_2,177.15,0,201.151,42.64,-304.65,97.921,up,stay,2,1
1775915817155,4292,1751473.9000000954,pvp,player_1,player_2,169.994,0,196.073,44.272,-304.65,97.921,up,stay,2,1
1775915817155,4293,1751490.8000000715,pvp,player_1,player_2,162.583,0,190.996,45.904,-304.65,97.921,up,stay,2,1
1775915817155,4294,1751507.4000000954,pvp,player_1,player_2,155.367,0,185.918,47.536,-304.65,97.921,stay,stay,2,1
1775915817155,4295,1751524.3000000715,pvp,player_1,player_2,148.344,0,180.841,49.168,-304.65,97.921,stay,stay,2,1
1775915817155,4296,1751541.1000000238,pvp,player_1,player_2,141.517,0,175.763,50.8,-304.65,97.921,stay,stay,2,1
1775915817155,4297,1751557.6000000238,pvp,player_1,player_2,134.883,0,170.686,52.432,-304.65,97.921,stay,stay,2,1
1775915817155,4298,1751574.5,pvp,player_1,player_2,128.444,0,165.608,54.064,-304.65,97.921,stay,stay,2,1
1775915817155,4299,1751590.6000000238,pvp,player_1,player_2,122.2,0,160.531,55.696,-304.65,97.921,stay,stay,2,1
1775915817155,4300,1751607.6000000238,pvp,player_1,player_2,116.15,0,155.453,57.328,-304.65,97.921,stay,stay,2,1
1775915817155,4301,1751623.9000000954,pvp,player_1,player_2,110.294,0,150.376,58.96,-304.65,97.921,stay,stay,2,1
1775915817155,4302,1751640.8000000715,pvp,player_1,player_2,104.633,0,145.298,60.593,-304.65,97.921,stay,stay,2,1
1775915817155,4303,1751657.3000000715,pvp,player_1,player_2,99.167,0,140.221,62.225,-304.65,97.921,stay,stay,2,1
1775915817155,4304,1751673.5,pvp,player_1,player_2,93.894,0,135.143,63.857,-304.65,97.921,stay,stay,2,1
1775915817155,4305,1751690.3000000715,pvp,player_1,player_2,88.817,0,130.066,65.489,-304.65,97.921,stay,stay,2,1
1775915817155,4306,1751707,pvp,player_1,player_2,83.933,0,124.988,67.121,-304.65,97.921,stay,stay,2,1
1775915817155,4307,1751724.1000000238,pvp,player_1,player_2,79.244,0,119.911,68.753,-304.65,97.921,stay,stay,2,1
1775915817155,4308,1751741.1000000238,pvp,player_1,player_2,74.75,0,114.833,70.385,-304.65,97.921,stay,stay,2,1
1775915817155,4309,1751757.8000000715,pvp,player_1,player_2,70.45,0,109.756,72.017,-304.65,97.921,stay,stay,2,1
1775915817155,4310,1751773.6000000238,pvp,player_1,player_2,66.344,0,104.678,73.649,-304.65,97.921,stay,stay,2,1
1775915817155,4311,1751790.8000000715,pvp,player_1,player_2,62.433,0,99.601,75.281,-304.65,97.921,stay,stay,2,1
1775915817155,4312,1751807.5,pvp,player_1,player_2,58.717,0,94.523,76.913,-304.65,97.921,stay,stay,2,1
1775915817155,4313,1751824.1000000238,pvp,player_1,player_2,55.194,0,89.446,78.545,-304.65,97.921,stay,stay,2,1
1775915817155,4314,1751840.7000000477,pvp,player_1,player_2,51.867,0,84.368,80.177,-304.65,97.921,stay,stay,2,1
1775915817155,4315,1751857.5,pvp,player_1,player_2,48.733,0,79.291,81.809,-304.65,97.921,stay,stay,2,1
1775915817155,4316,1751874.3000000715,pvp,player_1,player_2,45.794,0,74.213,83.441,-304.65,97.921,stay,stay,2,1
1775915817155,4317,1751890.4000000954,pvp,player_1,player_2,43.217,0,69.136,85.073,-304.65,97.921,down,stay,2,1
1775915817155,4318,1751907.6000000238,pvp,player_1,player_2,41,0,64.058,86.705,-304.65,97.921,down,stay,2,1
1775915817155,4319,1751923.7000000477,pvp,player_1,player_2,39.144,0,58.981,88.337,-304.65,97.921,down,stay,2,1
1775915817155,4320,1751940.1000000238,pvp,player_1,player_2,37.65,0,53.903,89.969,-304.65,97.921,down,stay,2,1
1775915817155,4321,1751956.8000000715,pvp,player_1,player_2,36.517,0,48.826,91.601,-304.65,97.921,down,stay,2,1
1775915817155,4322,1751973.4000000954,pvp,player_1,player_2,35.744,0,48,93.233,331.486,75.609,down,stay,2,1
1775915817155,4323,1751990.1000000238,pvp,player_1,player_2,35.333,0,53.525,94.493,331.486,75.609,down,stay,2,1
1775915817155,4324,1752006.7000000477,pvp,player_1,player_2,35.283,0,59.05,95.753,331.486,75.609,down,stay,2,1
1775915817155,4325,1752023.4000000954,pvp,player_1,player_2,35.594,0,64.574,97.013,331.486,75.609,down,stay,2,1
1775915817155,4326,1752040.1000000238,pvp,player_1,player_2,36.161,0,70.099,98.273,331.486,75.609,down,stay,2,1
1775915817155,4327,1752056.7000000477,pvp,player_1,player_2,36.983,0,75.624,99.534,331.486,75.609,down,stay,2,1
1775915817155,4328,1752073.4000000954,pvp,player_1,player_2,38.061,0,81.149,100.794,331.486,75.609,down,stay,2,1
1775915817155,4329,1752090.1000000238,pvp,player_1,player_2,39.394,0,86.673,102.054,331.486,75.609,down,stay,2,1
1775915817155,4330,1752106.7000000477,pvp,player_1,player_2,40.983,0,92.198,103.314,331.486,75.609,down,stay,2,1
1775915817155,4331,1752123.4000000954,pvp,player_1,player_2,42.828,0,97.723,104.574,331.486,75.609,down,stay,2,1
1775915817155,4332,1752140.1000000238,pvp,player_1,player_2,44.928,0,103.248,105.834,331.486,75.609,down,stay,2,1
1775915817155,4333,1752156.7000000477,pvp,player_1,player_2,47.283,0,108.773,107.095,331.486,75.609,down,stay,2,1
1775915817155,4334,1752173.4000000954,pvp,player_1,player_2,49.894,0,114.297,108.355,331.486,75.609,down,stay,2,1
1775915817155,4335,1752190.1000000238,pvp,player_1,player_2,52.761,0,119.822,109.615,331.486,75.609,down,stay,2,1
1775915817155,4336,1752206.7000000477,pvp,player_1,player_2,55.883,0,125.347,110.875,331.486,75.609,down,stay,2,1
1775915817155,4337,1752223.4000000954,pvp,player_1,player_2,59.261,0,130.872,112.135,331.486,75.609,down,stay,2,1
1775915817155,4338,1752240,pvp,player_1,player_2,62.894,0,136.396,113.395,331.486,75.609,down,stay,2,1
1775915817155,4339,1752256.7000000477,pvp,player_1,player_2,66.783,0,141.921,114.655,331.486,75.609,down,stay,2,1
1775915817155,4340,1752273.4000000954,pvp,player_1,player_2,70.928,0,147.446,115.916,331.486,75.609,down,stay,2,1
1775915817155,4341,1752290.1000000238,pvp,player_1,player_2,75.328,0,152.971,117.176,331.486,75.609,down,stay,2,1
1775915817155,4342,1752306.7000000477,pvp,player_1,player_2,79.983,0,158.495,118.436,331.486,75.609,down,stay,2,1
1775915817155,4343,1752323.4000000954,pvp,player_1,player_2,84.894,0,164.02,119.696,331.486,75.609,down,stay,2,1
1775915817155,4344,1752340.1000000238,pvp,player_1,player_2,90.061,0,169.545,120.956,331.486,75.609,down,stay,2,1
1775915817155,4345,1752356.8000000715,pvp,player_1,player_2,95.483,0,175.07,122.216,331.486,75.609,down,stay,2,1
1775915817155,4346,1752373.4000000954,pvp,player_1,player_2,101.161,0,180.595,123.476,331.486,75.609,down,stay,2,1
1775915817155,4347,1752390.1000000238,pvp,player_1,player_2,107.094,0,186.119,124.737,331.486,75.609,down,stay,2,1
1775915817155,4348,1752406.8000000715,pvp,player_1,player_2,113.283,0,191.644,125.997,331.486,75.609,down,stay,2,1
1775915817155,4349,1752423.4000000954,pvp,player_1,player_2,119.728,0,197.169,127.257,331.486,75.609,down,stay,2,1
1775915817155,4350,1752440.2000000477,pvp,player_1,player_2,126.428,0,202.694,128.517,331.486,75.609,down,stay,2,1
1775915817155,4351,1752457,pvp,player_1,player_2,133.383,0,208.218,129.777,331.486,75.609,down,stay,2,1
1775915817155,4352,1752473.5,pvp,player_1,player_2,140.594,0,213.743,131.037,331.486,75.609,down,stay,2,1
1775915817155,4353,1752490.5,pvp,player_1,player_2,148.061,0,219.268,132.298,331.486,75.609,down,stay,2,1
1775915817155,4354,1752507,pvp,player_1,player_2,155.728,0,224.793,133.558,331.486,75.609,down,stay,2,1
1775915817155,4355,1752524.2000000477,pvp,player_1,player_2,163.394,0,230.318,134.818,331.486,75.609,down,stay,2,1
1775915817155,4356,1752541.1000000238,pvp,player_1,player_2,171.061,0,235.842,136.078,331.486,75.609,down,stay,2,1
1775915817155,4357,1752557.5,pvp,player_1,player_2,178.728,0,241.367,137.338,331.486,75.609,down,stay,2,1
1775915817155,4358,1752574.1000000238,pvp,player_1,player_2,186.394,0,246.892,138.598,331.486,75.609,down,stay,2,1
1775915817155,4359,1752591.1000000238,pvp,player_1,player_2,194.061,0,252.417,139.858,331.486,75.609,down,stay,2,1
1775915817155,4360,1752607.5,pvp,player_1,player_2,201.533,0,257.941,141.119,331.486,75.609,stay,stay,2,1
1775915817155,4361,1752624.5,pvp,player_1,player_2,208.811,0,263.466,142.379,331.486,75.609,stay,stay,2,1
1775915817155,4362,1752641,pvp,player_1,player_2,215.894,0,268.991,143.639,331.486,75.609,stay,stay,2,1
1775915817155,4363,1752657.8000000715,pvp,player_1,player_2,222.783,0,274.516,144.899,331.486,75.609,stay,stay,2,1
1775915817155,4364,1752673.6000000238,pvp,player_1,player_2,229.478,0,280.041,146.159,331.486,75.609,stay,stay,2,1
1775915817155,4365,1752691,pvp,player_1,player_2,235.978,0,285.565,147.419,331.486,75.609,stay,stay,2,1
1775915817155,4366,1752707.7000000477,pvp,player_1,player_2,242.283,0,291.09,148.68,331.486,75.609,stay,stay,2,1
1775915817155,4367,1752724.4000000954,pvp,player_1,player_2,248.394,0,296.615,149.94,331.486,75.609,stay,stay,2,1
1775915817155,4368,1752740.9000000954,pvp,player_1,player_2,254.311,0,302.14,151.2,331.486,75.609,stay,stay,2,1
1775915817155,4369,1752757.6000000238,pvp,player_1,player_2,260.033,0,307.664,152.46,331.486,75.609,stay,stay,2,1
1775915817155,4370,1752773.9000000954,pvp,player_1,player_2,265.561,0,313.189,153.72,331.486,75.609,stay,stay,2,1
1775915817155,4371,1752790.8000000715,pvp,player_1,player_2,270.894,0,318.714,154.98,331.486,75.609,stay,stay,2,1
1775915817155,4372,1752807.6000000238,pvp,player_1,player_2,276.033,0,324.239,156.24,331.486,75.609,stay,stay,2,1
1775915817155,4373,1752824.3000000715,pvp,player_1,player_2,280.978,0,329.763,157.501,331.486,75.609,stay,stay,2,1
1775915817155,4374,1752840.9000000954,pvp,player_1,player_2,285.728,0,335.288,158.761,331.486,75.609,stay,stay,2,1
1775915817155,4375,1752857,pvp,player_1,player_2,290.283,0,340.813,160.021,331.486,75.609,stay,stay,2,1
1775915817155,4376,1752874.3000000715,pvp,player_1,player_2,294.644,0,346.338,161.281,331.486,75.609,stay,stay,2,1
1775915817155,4377,1752890.6000000238,pvp,player_1,player_2,298.811,0,351.863,162.541,331.486,75.609,stay,stay,2,1
1775915817155,4378,1752907.6000000238,pvp,player_1,player_2,302.783,0,357.387,163.801,331.486,75.609,stay,stay,2,1
1775915817155,4379,1752923.9000000954,pvp,player_1,player_2,306.561,0,362.912,165.062,331.486,75.609,stay,stay,2,1
1775915817155,4380,1752940.4000000954,pvp,player_1,player_2,310.144,0,368.437,166.322,331.486,75.609,stay,stay,2,1
1775915817155,4381,1752957.5,pvp,player_1,player_2,313.533,0,373.962,167.582,331.486,75.609,stay,stay,2,1
1775915817155,4382,1752974,pvp,player_1,player_2,316.728,0,379.486,168.842,331.486,75.609,stay,stay,2,1
1775915817155,4383,1752991,pvp,player_1,player_2,319.728,0,385.011,170.102,331.486,75.609,stay,stay,2,1
1775915817155,4384,1753007.5,pvp,player_1,player_2,322.533,0,390.536,171.362,331.486,75.609,stay,stay,2,1
1775915817155,4385,1753024.2000000477,pvp,player_1,player_2,325.144,0,396.061,172.622,331.486,75.609,stay,stay,2,1
1775915817155,4386,1753041.1000000238,pvp,player_1,player_2,327.561,0,401.586,173.883,331.486,75.609,stay,stay,2,1
1775915817155,4387,1753057.5,pvp,player_1,player_2,329.783,0,407.11,175.143,331.486,75.609,stay,stay,2,1
1775915817155,4388,1753074.2000000477,pvp,player_1,player_2,331.811,0,412.635,176.403,331.486,75.609,stay,stay,2,1
1775915817155,4389,1753090.7000000477,pvp,player_1,player_2,333.644,0.256,418.16,177.663,331.486,75.609,stay,down,2,1
1775915817155,4390,1753106.9000000954,pvp,player_1,player_2,335.283,0.767,423.685,178.923,331.486,75.609,stay,down,2,1
1775915817155,4391,1753124,pvp,player_1,player_2,336.728,1.533,429.209,180.183,331.486,75.609,stay,down,2,1
1775915817155,4392,1753140.3000000715,pvp,player_1,player_2,337.978,2.556,434.734,181.443,331.486,75.609,stay,down,2,1
1775915817155,4393,1753157,pvp,player_1,player_2,339.033,3.833,440.259,182.704,331.486,75.609,stay,down,2,1
1775915817155,4394,1753174,pvp,player_1,player_2,339.894,5.367,445.784,183.964,331.486,75.609,stay,down,2,1
1775915817155,4395,1753191,pvp,player_1,player_2,340.561,7.156,451.308,185.224,331.486,75.609,stay,down,2,1
1775915817155,4396,1753207.7000000477,pvp,player_1,player_2,341.033,9.2,456.833,186.484,331.486,75.609,stay,down,2,1
1775915817155,4397,1753224.4000000954,pvp,player_1,player_2,341.311,11.5,462.358,187.744,331.486,75.609,stay,down,2,1
1775915817155,4398,1753240.8000000715,pvp,player_1,player_2,341.311,14.056,467.883,189.004,331.486,75.609,stay,down,2,1
1775915817155,4399,1753257.6000000238,pvp,player_1,player_2,341.311,16.867,473.408,190.265,331.486,75.609,stay,down,2,1
1775915817155,4400,1753274.2000000477,pvp,player_1,player_2,341.311,19.933,478.932,191.525,331.486,75.609,stay,down,2,1
1775915817155,4401,1753291.3000000715,pvp,player_1,player_2,341.311,23.256,484.457,192.785,331.486,75.609,stay,down,2,1
1775915817155,4402,1753308,pvp,player_1,player_2,341.311,26.833,489.982,194.045,331.486,75.609,stay,down,2,1
1775915817155,4403,1753324.7000000477,pvp,player_1,player_2,341.311,30.667,495.507,195.305,331.486,75.609,stay,down,2,1
1775915817155,4404,1753340.9000000954,pvp,player_1,player_2,341.311,34.756,501.031,196.565,331.486,75.609,stay,down,2,1
1775915817155,4405,1753357.5,pvp,player_1,player_2,341.311,39.1,506.556,197.825,331.486,75.609,stay,down,2,1
1775915817155,4406,1753374.1000000238,pvp,player_1,player_2,341.311,43.7,512.081,199.086,331.486,75.609,stay,down,2,1
1775915817155,4407,1753390.3000000715,pvp,player_1,player_2,341.311,48.556,517.606,200.346,331.486,75.609,stay,down,2,1
1775915817155,4408,1753407.4000000954,pvp,player_1,player_2,341.311,53.667,523.131,201.606,331.486,75.609,stay,down,2,1
1775915817155,4409,1753424.3000000715,pvp,player_1,player_2,341.311,59.033,528.655,202.866,331.486,75.609,stay,down,2,1
1775915817155,4410,1753441.1000000238,pvp,player_1,player_2,341.311,64.656,534.18,204.126,331.486,75.609,stay,down,2,1
1775915817155,4411,1753457.7000000477,pvp,player_1,player_2,341.311,70.533,539.705,205.386,331.486,75.609,stay,down,2,1
1775915817155,4412,1753474.3000000715,pvp,player_1,player_2,341.311,76.667,545.23,206.647,331.486,75.609,stay,down,2,1
1775915817155,4413,1753491,pvp,player_1,player_2,341.311,83.056,550.754,207.907,331.486,75.609,stay,down,2,1
1775915817155,4414,1753507.6000000238,pvp,player_1,player_2,341.311,89.7,556.279,209.167,331.486,75.609,stay,down,2,1
1775915817155,4415,1753524.2000000477,pvp,player_1,player_2,341.311,96.6,561.804,210.427,331.486,75.609,stay,down,2,1
1775915817155,4416,1753541,pvp,player_1,player_2,341.311,103.756,567.329,211.687,331.486,75.609,stay,down,2,1
1775915817155,4417,1753557.6000000238,pvp,player_1,player_2,341.311,111.167,572.854,212.947,331.486,75.609,stay,down,2,1
1775915817155,4418,1753574.3000000715,pvp,player_1,player_2,341.311,118.833,578.378,214.207,331.486,75.609,stay,down,2,1
1775915817155,4419,1753590.6000000238,pvp,player_1,player_2,341.311,126.5,583.903,215.468,331.486,75.609,stay,down,2,1
1775915817155,4420,1753607.1000000238,pvp,player_1,player_2,341.311,133.972,589.428,216.728,331.486,75.609,stay,stay,2,1
1775915817155,4421,1753623.9000000954,pvp,player_1,player_2,341.311,141.25,594.953,217.988,331.486,75.609,stay,stay,2,1
1775915817155,4422,1753640.5,pvp,player_1,player_2,341.311,148.333,600.477,219.248,331.486,75.609,stay,stay,2,1
1775915817155,4423,1753657.3000000715,pvp,player_1,player_2,341.311,155.222,606.002,220.508,331.486,75.609,stay,stay,2,1
1775915817155,4424,1753674.1000000238,pvp,player_1,player_2,341.311,161.917,611.527,221.768,331.486,75.609,stay,stay,2,1
1775915817155,4425,1753690.9000000954,pvp,player_1,player_2,341.311,168.417,617.052,223.029,331.486,75.609,stay,stay,2,1
1775915817155,4426,1753708,pvp,player_1,player_2,341.311,174.722,622.576,224.289,331.486,75.609,stay,stay,2,1
1775915817155,4427,1753724.4000000954,pvp,player_1,player_2,341.311,180.833,628.101,225.549,331.486,75.609,stay,stay,2,1
1775915817155,4428,1753741.1000000238,pvp,player_1,player_2,341.311,186.75,633.626,226.809,331.486,75.609,stay,stay,2,1
1775915817155,4429,1753757.8000000715,pvp,player_1,player_2,341.311,192.472,639.151,228.069,331.486,75.609,stay,stay,2,1
1775915817155,4430,1753773.6000000238,pvp,player_1,player_2,341.311,198,644.676,229.329,331.486,75.609,stay,stay,2,1
1775915817155,4431,1753790.3000000715,pvp,player_1,player_2,341.311,203.333,650.2,230.589,331.486,75.609,stay,stay,2,1
1775915817155,4432,1753807,pvp,player_1,player_2,341.311,208.472,655.725,231.85,331.486,75.609,stay,stay,2,1
1775915817155,4433,1753823.6000000238,pvp,player_1,player_2,341.311,213.417,661.25,233.11,331.486,75.609,stay,stay,2,1
1775915817155,4434,1753840,pvp,player_1,player_2,341.311,218.167,666.775,234.37,331.486,75.609,stay,stay,2,1
1775915817155,4435,1753856.9000000954,pvp,player_1,player_2,341.311,222.722,672.299,235.63,331.486,75.609,stay,stay,2,1
1775915817155,4436,1753873.6000000238,pvp,player_1,player_2,341.311,227.083,677.824,236.89,331.486,75.609,stay,stay,2,1
1775915817155,4437,1753890.3000000715,pvp,player_1,player_2,341.311,231.25,683.349,238.15,331.486,75.609,stay,stay,2,1
1775915817155,4438,1753906.9000000954,pvp,player_1,player_2,341.311,235.222,688.874,239.411,331.486,75.609,stay,stay,2,1
1775915817155,4439,1753923.6000000238,pvp,player_1,player_2,341.311,239,694.399,240.671,331.486,75.609,stay,stay,2,1
1775915817155,4440,1753940.8000000715,pvp,player_1,player_2,341.311,242.583,699.923,241.931,331.486,75.609,stay,stay,2,1
1775915817155,4441,1753957.4000000954,pvp,player_1,player_2,341.311,245.972,705.448,243.191,331.486,75.609,stay,stay,2,1
1775915817155,4442,1753973.7000000477,pvp,player_1,player_2,341.311,249.167,710.973,244.451,331.486,75.609,stay,stay,2,1
1775915817155,4443,1753990.6000000238,pvp,player_1,player_2,341.311,252.167,716.498,245.711,331.486,75.609,stay,stay,2,1
1775915817155,4444,1754007.1000000238,pvp,player_1,player_2,341.311,254.972,722.022,246.971,331.486,75.609,stay,stay,2,1
1775915817155,4445,1754023.5,pvp,player_1,player_2,341.311,257.583,727.547,248.232,331.486,75.609,stay,stay,2,1
1775915817155,4446,1754040.1000000238,pvp,player_1,player_2,341.311,260,733.072,249.492,331.486,75.609,stay,stay,2,1
1775915817155,4447,1754057.5,pvp,player_1,player_2,341.311,262.222,738.597,250.752,331.486,75.609,stay,stay,2,1
1775915817155,4448,1754074.2000000477,pvp,player_1,player_2,341.311,264.25,744.122,252.012,331.486,75.609,stay,stay,2,1
1775915817155,4449,1754091.1000000238,pvp,player_1,player_2,341.311,266.083,749.646,253.272,331.486,75.609,stay,stay,2,1
1775915817155,4450,1754107.1000000238,pvp,player_1,player_2,341.311,267.722,755.171,254.532,331.486,75.609,stay,stay,2,1
1775915817155,4451,1754123.4000000954,pvp,player_1,player_2,341.311,269.167,760.696,255.792,331.486,75.609,stay,stay,2,1
1775915817155,4452,1754140.2000000477,pvp,player_1,player_2,341.311,270.417,766.221,257.053,331.486,75.609,stay,stay,2,1
1775915817155,4453,1754157.2000000477,pvp,player_1,player_2,341.311,271.472,771.745,258.313,331.486,75.609,stay,stay,2,1
1775915817155,4454,1754174.3000000715,pvp,player_1,player_2,341.311,272.333,777.27,259.573,331.486,75.609,stay,stay,2,1
1775915817155,4455,1754190.8000000715,pvp,player_1,player_2,341.311,273,782.795,260.833,331.486,75.609,stay,stay,2,1
1775915817155,4456,1754207.5,pvp,player_1,player_2,341.311,273.472,788.32,262.093,331.486,75.609,stay,stay,2,1
1775915817155,4457,1754224.3000000715,pvp,player_1,player_2,341.311,273.75,793.844,263.353,331.486,75.609,stay,stay,2,1
1775915817155,4458,1754241,pvp,player_1,player_2,341.311,273.75,799.369,264.614,331.486,75.609,stay,stay,2,1
1775915817155,4459,1754257.7000000477,pvp,player_1,player_2,341.311,273.75,804.894,265.874,331.486,75.609,stay,stay,2,1
1775915817155,4460,1754274.3000000715,pvp,player_1,player_2,341.311,273.75,810.419,267.134,331.486,75.609,stay,stay,2,1
1775915817155,4461,1754291.1000000238,pvp,player_1,player_2,341.311,273.75,815.944,268.394,331.486,75.609,stay,stay,2,1
1775915817155,4462,1754307.4000000954,pvp,player_1,player_2,341.311,273.75,821.468,269.654,331.486,75.609,stay,stay,2,1
1775915817155,4463,1754324.6000000238,pvp,player_1,player_2,341.311,273.75,826.993,270.914,331.486,75.609,stay,stay,2,1
1775915817155,4464,1754340.2000000477,pvp,player_1,player_2,341.311,273.494,832.518,272.174,331.486,75.609,stay,up,2,1
1775915817155,4465,1754357.2000000477,pvp,player_1,player_2,341.311,272.983,838.043,273.435,331.486,75.609,stay,up,2,1
1775915817155,4466,1754374.4000000954,pvp,player_1,player_2,341.311,272.217,843.567,274.695,331.486,75.609,stay,up,2,1
1775915817155,4467,1754390.7000000477,pvp,player_1,player_2,341.311,271.194,849.092,275.955,331.486,75.609,stay,up,2,1
1775915817155,4468,1754407.7000000477,pvp,player_1,player_2,341.311,269.917,854.617,277.215,331.486,75.609,stay,up,2,1
1775915817155,4469,1754424.4000000954,pvp,player_1,player_2,341.311,268.383,860.142,278.475,331.486,75.609,stay,up,2,1
1775915817155,4470,1754441.1000000238,pvp,player_1,player_2,341.311,266.594,865.667,279.735,331.486,75.609,stay,up,2,1
1775915817155,4471,1754457.7000000477,pvp,player_1,player_2,341.311,264.55,871.191,280.996,331.486,75.609,stay,up,2,1
1775915817155,4472,1754474.7000000477,pvp,player_1,player_2,341.311,262.25,876.716,282.256,331.486,75.609,stay,up,2,1
1775915817155,4473,1754491.1000000238,pvp,player_1,player_2,341.311,259.694,882.241,283.516,331.486,75.609,stay,up,2,1
1775915817155,4474,1754507.7000000477,pvp,player_1,player_2,341.311,256.883,887.766,284.776,331.486,75.609,stay,up,2,1
1775915817155,4475,1754524.2000000477,pvp,player_1,player_2,341.311,253.817,893.29,286.036,331.486,75.609,stay,up,2,1
1775915817155,4476,1754541,pvp,player_1,player_2,341.311,250.494,898.815,287.296,331.486,75.609,stay,up,2,1
1775915817155,4477,1754557.6000000238,pvp,player_1,player_2,341.311,246.917,904.34,288.556,331.486,75.609,stay,up,2,1
1775915817155,4478,1754574,pvp,player_1,player_2,341.311,243.083,909.865,289.817,331.486,75.609,stay,up,2,1
1775915817155,4479,1754590.9000000954,pvp,player_1,player_2,341.311,238.994,912,291.077,-358.326,34.68,stay,up,2,1
1775915817155,4480,1754607.8000000715,pvp,player_1,player_2,341.311,234.65,906.028,291.655,-358.326,34.68,stay,up,2,1
1775915817155,4481,1754624.2000000477,pvp,player_1,player_2,341.311,230.05,900.056,292.233,-358.326,34.68,stay,up,2,1
1775915817155,4482,1754641.1000000238,pvp,player_1,player_2,341.311,225.194,894.084,292.811,-358.326,34.68,stay,up,2,1
1775915817155,4483,1754657.8000000715,pvp,player_1,player_2,341.311,220.083,888.112,293.389,-358.326,34.68,stay,up,2,1
1775915817155,4484,1754673.9000000954,pvp,player_1,player_2,341.311,214.717,882.14,293.967,-358.326,34.68,stay,up,2,1
1775915817155,4485,1754690.8000000715,pvp,player_1,player_2,341.311,209.094,876.167,294.545,-358.326,34.68,stay,up,2,1
1775915817155,4486,1754707.5,pvp,player_1,player_2,341.311,203.217,870.195,295.123,-358.326,34.68,stay,up,2,1
1775915817155,4487,1754724.3000000715,pvp,player_1,player_2,341.311,197.083,864.223,295.701,-358.326,34.68,stay,up,2,1
1775915817155,4488,1754741,pvp,player_1,player_2,341.311,190.694,858.251,296.279,-358.326,34.68,stay,up,2,1
1775915817155,4489,1754757.8000000715,pvp,player_1,player_2,341.311,184.05,852.279,296.857,-358.326,34.68,stay,up,2,1
1775915817155,4490,1754773.7000000477,pvp,player_1,player_2,341.311,177.15,846.307,297.435,-358.326,34.68,stay,up,2,1
1775915817155,4491,1754790.5,pvp,player_1,player_2,341.311,170.444,840.335,298.013,-358.326,34.68,stay,stay,2,1
1775915817155,4492,1754807.7000000477,pvp,player_1,player_2,341.311,163.933,834.363,298.591,-358.326,34.68,stay,stay,2,1
1775915817155,4493,1754823.7000000477,pvp,player_1,player_2,341.311,157.617,828.391,299.169,-358.326,34.68,stay,stay,2,1
1775915817155,4494,1754840.9000000954,pvp,player_1,player_2,341.311,151.494,822.419,299.747,-358.326,34.68,stay,stay,2,1
1775915817155,4495,1754857.4000000954,pvp,player_1,player_2,341.311,145.567,816.446,300.325,-358.326,34.68,stay,stay,2,1
1775915817155,4496,1754873.7000000477,pvp,player_1,player_2,341.311,139.833,810.474,300.903,-358.326,34.68,stay,stay,2,1
1775915817155,4497,1754890.7000000477,pvp,player_1,player_2,341.311,134.294,804.502,301.481,-358.326,34.68,stay,stay,2,1
1775915817155,4498,1754907.6000000238,pvp,player_1,player_2,341.311,128.95,798.53,302.059,-358.326,34.68,stay,stay,2,1
1775915817155,4499,1754924.1000000238,pvp,player_1,player_2,341.311,123.8,792.558,302.637,-358.326,34.68,stay,stay,2,1
1775915817155,4500,1754941,pvp,player_1,player_2,341.311,118.844,786.586,303.215,-358.326,34.68,stay,stay,2,1
1775915817155,4501,1754957.7000000477,pvp,player_1,player_2,341.311,114.083,780.614,303.793,-358.326,34.68,stay,stay,2,1
1775915817155,4502,1754974.3000000715,pvp,player_1,player_2,341.311,109.517,774.642,304.371,-358.326,34.68,stay,stay,2,1
1775915817155,4503,1754991,pvp,player_1,player_2,341.311,105.144,768.67,304.949,-358.326,34.68,stay,stay,2,1
1775915817155,4504,1755007.5,pvp,player_1,player_2,341.311,100.967,762.698,305.527,-358.326,34.68,stay,stay,2,1
1775915817155,4505,1755024.3000000715,pvp,player_1,player_2,341.311,96.983,756.726,306.105,-358.326,34.68,stay,stay,2,1
1775915817155,4506,1755040.8000000715,pvp,player_1,player_2,341.311,93.194,750.753,306.683,-358.326,34.68,stay,stay,2,1
1775915817155,4507,1755057.2000000477,pvp,player_1,player_2,341.311,89.6,744.781,307.261,-358.326,34.68,stay,stay,2,1
1775915817155,4508,1755073.6000000238,pvp,player_1,player_2,341.311,86.2,738.809,307.839,-358.326,34.68,stay,stay,2,1
1775915817155,4509,1755090.5,pvp,player_1,player_2,341.311,82.994,732.837,308.417,-358.326,34.68,stay,stay,2,1
1775915817155,4510,1755107.8000000715,pvp,player_1,player_2,341.311,79.983,726.865,308.995,-358.326,34.68,stay,stay,2,1
1775915817155,4511,1755123.9000000954,pvp,player_1,player_2,341.311,77.167,720.893,309.573,-358.326,34.68,stay,stay,2,1
1775915817155,4512,1755140.1000000238,pvp,player_1,player_2,341.311,74.544,714.921,310.151,-358.326,34.68,stay,stay,2,1
1775915817155,4513,1755156.8000000715,pvp,player_1,player_2,341.311,72.117,708.949,310.729,-358.326,34.68,stay,stay,2,1
1775915817155,4514,1755173.4000000954,pvp,player_1,player_2,341.311,69.883,702.977,311.307,-358.326,34.68,stay,stay,2,1
1775915817155,4515,1755190.2000000477,pvp,player_1,player_2,341.311,67.844,697.005,311.885,-358.326,34.68,stay,stay,2,1
1775915817155,4516,1755206.8000000715,pvp,player_1,player_2,341.311,66,691.033,312.463,-358.326,34.68,stay,stay,2,1
1775915817155,4517,1755223.4000000954,pvp,player_1,player_2,341.311,64.35,685.06,313.041,-358.326,34.68,stay,stay,2,1
1775915817155,4518,1755240.3000000715,pvp,player_1,player_2,341.311,62.894,679.088,313.619,-358.326,34.68,stay,stay,2,1
1775915817155,4519,1755256.9000000954,pvp,player_1,player_2,341.311,61.633,673.116,314.197,-358.326,34.68,stay,stay,2,1
1775915817155,4520,1755273.5,pvp,player_1,player_2,341.311,60.567,667.144,314.775,-358.326,34.68,stay,stay,2,1
1775915817155,4521,1755290.2000000477,pvp,player_1,player_2,341.311,59.694,661.172,315.353,-358.326,34.68,stay,stay,2,1
1775915817155,4522,1755306.9000000954,pvp,player_1,player_2,341.311,59.017,655.2,315.931,-358.326,34.68,stay,stay,2,1
1775915817155,4523,1755323.4000000954,pvp,player_1,player_2,341.311,58.533,649.228,316.509,-358.326,34.68,stay,stay,2,1
1775915817155,4524,1755340.2000000477,pvp,player_1,player_2,341.311,58.244,643.256,317.087,-358.326,34.68,stay,stay,2,1
1775915817155,4525,1755356.7000000477,pvp,player_1,player_2,341.311,58.244,637.284,317.665,-358.326,34.68,stay,stay,2,1
1775915817155,4526,1755373.4000000954,pvp,player_1,player_2,341.311,58.244,631.312,318.243,-358.326,34.68,stay,stay,2,1
1775915817155,4527,1755390.4000000954,pvp,player_1,player_2,341.311,58.244,625.339,318.821,-358.326,34.68,stay,stay,2,1
1775915817155,4528,1755406.8000000715,pvp,player_1,player_2,341.311,58.244,619.367,319.399,-358.326,34.68,stay,stay,2,1
1775915817155,4529,1755423.6000000238,pvp,player_1,player_2,341.311,58.244,613.395,319.977,-358.326,34.68,stay,stay,2,1
1775915817155,4530,1755440.1000000238,pvp,player_1,player_2,341.056,58.244,607.423,320.555,-358.326,34.68,up,stay,2,1
1775915817155,4531,1755456.8000000715,pvp,player_1,player_2,340.544,58.244,601.451,321.133,-358.326,34.68,up,stay,2,1
1775915817155,4532,1755473.5,pvp,player_1,player_2,339.778,58.244,595.479,321.711,-358.326,34.68,up,stay,2,1
1775915817155,4533,1755490.1000000238,pvp,player_1,player_2,338.756,58.244,589.507,322.289,-358.326,34.68,up,stay,2,1
1775915817155,4534,1755506.8000000715,pvp,player_1,player_2,337.478,58.244,583.535,322.867,-358.326,34.68,up,stay,2,1
1775915817155,4535,1755523.6000000238,pvp,player_1,player_2,335.944,58.244,577.563,323.445,-358.326,34.68,up,stay,2,1
1775915817155,4536,1755540.1000000238,pvp,player_1,player_2,334.156,58.244,571.591,324.023,-358.326,34.68,up,stay,2,1
1775915817155,4537,1755556.7000000477,pvp,player_1,player_2,332.111,58.244,565.619,324.601,-358.326,34.68,up,stay,2,1
1775915817155,4538,1755573.5,pvp,player_1,player_2,329.811,58.244,559.646,325.179,-358.326,34.68,up,stay,2,1
1775915817155,4539,1755590.2000000477,pvp,player_1,player_2,327.256,58.244,553.674,325.757,-358.326,34.68,up,stay,2,1
1775915817155,4540,1755606.8000000715,pvp,player_1,player_2,324.444,58.244,547.702,326.335,-358.326,34.68,up,stay,2,1
1775915817155,4541,1755623.4000000954,pvp,player_1,player_2,321.378,58.244,541.73,326.913,-358.326,34.68,up,stay,2,1
1775915817155,4542,1755640.2000000477,pvp,player_1,player_2,318.056,58.244,535.758,327.491,-358.326,34.68,up,stay,2,1
1775915817155,4543,1755656.7000000477,pvp,player_1,player_2,314.478,58.244,529.786,328.069,-358.326,34.68,up,stay,2,1
1775915817155,4544,1755673.4000000954,pvp,player_1,player_2,311.094,58.244,523.814,328.647,-358.326,34.68,stay,stay,2,1
1775915817155,4545,1755690.1000000238,pvp,player_1,player_2,307.906,58.244,517.842,329.225,-358.326,34.68,stay,stay,2,1
1775915817155,4546,1755706.8000000715,pvp,player_1,player_2,304.911,58.244,511.87,329.803,-358.326,34.68,stay,stay,2,1
1775915817155,4547,1755723.4000000954,pvp,player_1,player_2,302.111,58.244,505.898,330.381,-358.326,34.68,stay,stay,2,1
1775915817155,4548,1755740.1000000238,pvp,player_1,player_2,299.506,58.244,499.926,330.959,-358.326,34.68,stay,stay,2,1
1775915817155,4549,1755756.7000000477,pvp,player_1,player_2,297.094,58.244,493.953,331.537,-358.326,34.68,stay,stay,2,1
1775915817155,4550,1755773.4000000954,pvp,player_1,player_2,294.878,58.244,487.981,332.115,-358.326,34.68,stay,stay,2,1
1775915817155,4551,1755790,pvp,player_1,player_2,292.856,58.244,482.009,332.693,-358.326,34.68,stay,stay,2,1
1775915817155,4552,1755806.8000000715,pvp,player_1,player_2,291.028,58.244,476.037,333.271,-358.326,34.68,stay,stay,2,1
1775915817155,4553,1755823.6000000238,pvp,player_1,player_2,289.394,58.244,470.065,333.849,-358.326,34.68,stay,stay,2,1
1775915817155,4554,1755840.3000000715,pvp,player_1,player_2,287.956,58.244,464.093,334.427,-358.326,34.68,stay,stay,2,1
1775915817155,4555,1755856.7000000477,pvp,player_1,player_2,286.711,58.244,458.121,335.005,-358.326,34.68,stay,stay,2,1
1775915817155,4556,1755873.3000000715,pvp,player_1,player_2,285.661,58.244,452.149,335.583,-358.326,34.68,stay,stay,2,1
1775915817155,4557,1755890.4000000954,pvp,player_1,player_2,284.806,58.244,446.177,336.161,-358.326,34.68,stay,stay,2,1
1775915817155,4558,1755907.3000000715,pvp,player_1,player_2,284.144,58.244,440.205,336.739,-358.326,34.68,stay,stay,2,1
1775915817155,4559,1755924.1000000238,pvp,player_1,player_2,283.678,58.244,434.232,337.317,-358.326,34.68,stay,stay,2,1
1775915817155,4560,1755940.7000000477,pvp,player_1,player_2,283.406,58.244,428.26,337.895,-358.326,34.68,stay,stay,2,1
1775915817155,4561,1755957.6000000238,pvp,player_1,player_2,283.406,58.244,422.288,338.473,-358.326,34.68,stay,stay,2,1
1775915817155,4562,1755974.5,pvp,player_1,player_2,283.406,58.244,416.316,339.051,-358.326,34.68,stay,stay,2,1
1775915817155,4563,1755991,pvp,player_1,player_2,283.406,58.244,410.344,339.629,-358.326,34.68,stay,stay,2,1
1775915817155,4564,1756007.4000000954,pvp,player_1,player_2,283.406,58.244,404.372,340.207,-358.326,34.68,stay,stay,2,1
1775915817155,4565,1756024,pvp,player_1,player_2,283.661,58.244,398.4,340.785,-358.326,34.68,down,stay,2,1
1775915817155,4566,1756040.7000000477,pvp,player_1,player_2,284.172,58.244,392.428,341.363,-358.326,34.68,down,stay,2,1
1775915817155,4567,1756057.5,pvp,player_1,player_2,284.939,58.244,386.456,341.941,-358.326,34.68,down,stay,2,1
1775915817155,4568,1756074.2000000477,pvp,player_1,player_2,285.961,58.244,380.484,342.519,-358.326,34.68,down,stay,2,1
1775915817155,4569,1756091,pvp,player_1,player_2,287.239,58.244,374.512,343.097,-358.326,34.68,down,stay,2,1
1775915817155,4570,1756107.4000000954,pvp,player_1,player_2,288.772,58.244,368.539,343.675,-358.326,34.68,down,stay,2,1
1775915817155,4571,1756123.8000000715,pvp,player_1,player_2,290.561,58.244,362.567,344.253,-358.326,34.68,down,stay,2,1
1775915817155,4572,1756140.6000000238,pvp,player_1,player_2,292.606,58.244,356.595,344.831,-358.326,34.68,down,stay,2,1
1775915817155,4573,1756157.2000000477,pvp,player_1,player_2,294.456,58.244,350.623,345.409,-358.326,34.68,stay,stay,2,1
1775915817155,4574,1756174,pvp,player_1,player_2,296.111,58.244,344.651,345.987,-358.326,34.68,stay,stay,2,1
1775915817155,4575,1756191,pvp,player_1,player_2,297.572,58.244,338.679,346.566,-358.326,34.68,stay,stay,2,1
1775915817155,4576,1756207.4000000954,pvp,player_1,player_2,298.839,58.244,332.707,347.144,-358.326,34.68,stay,stay,2,1
1775915817155,4577,1756224.3000000715,pvp,player_1,player_2,299.911,58.244,326.735,347.722,-358.326,34.68,stay,stay,2,1
1775915817155,4578,1756241,pvp,player_1,player_2,300.789,58.244,320.763,348.3,-358.326,34.68,stay,stay,2,1
1775915817155,4579,1756257.8000000715,pvp,player_1,player_2,301.472,58.244,314.791,348.878,-358.326,34.68,stay,stay,2,1
1775915817155,4580,1756274.4000000954,pvp,player_1,player_2,301.961,58.244,308.819,349.456,-358.326,34.68,stay,stay,2,1
1775915817155,4581,1756290.9000000954,pvp,player_1,player_2,302.256,58.244,302.846,350.034,-358.326,34.68,stay,stay,2,1
1775915817155,4582,1756307.5,pvp,player_1,player_2,302.256,58.244,296.874,350.612,-358.326,34.68,stay,stay,2,1
1775915817155,4583,1756323.8000000715,pvp,player_1,player_2,302.256,58.244,290.902,351.19,-358.326,34.68,stay,stay,2,1
1775915817155,4584,1756340.6000000238,pvp,player_1,player_2,302.256,58.244,284.93,351.768,-358.326,34.68,stay,stay,2,1
1775915817155,4585,1756357.3000000715,pvp,player_1,player_2,302.256,58.244,278.958,352.346,-358.326,34.68,stay,stay,2,1
1775915817155,4586,1756374.2000000477,pvp,player_1,player_2,302.256,58.244,272.986,352.924,-358.326,34.68,stay,stay,2,1
1775915817155,4587,1756390.5,pvp,player_1,player_2,302.256,58.244,267.014,353.502,-358.326,34.68,stay,stay,2,1
1775915817155,4588,1756407.5,pvp,player_1,player_2,302.256,58.244,261.042,354.08,-358.326,34.68,stay,stay,2,1
1775915817155,4589,1756424.4000000954,pvp,player_1,player_2,302.256,58.244,255.07,354.658,-358.326,34.68,stay,stay,2,1
1775915817155,4590,1756440.3000000715,pvp,player_1,player_2,302.256,58.244,249.098,355.236,-358.326,34.68,stay,stay,2,1
1775915817155,4591,1756457,pvp,player_1,player_2,302.256,58.244,243.125,355.814,-358.326,34.68,stay,stay,2,1
1775915817155,4592,1756473.4000000954,pvp,player_1,player_2,302.256,58.244,237.153,356.392,-358.326,34.68,stay,stay,2,1
1775915817155,4593,1756490.5,pvp,player_1,player_2,302.256,58.244,231.181,356.97,-358.326,34.68,stay,stay,2,1
1775915817155,4594,1756506.7000000477,pvp,player_1,player_2,302,58.244,225.209,357.548,-358.326,34.68,up,stay,2,1
1775915817155,4595,1756524.5,pvp,player_1,player_2,301.489,58.244,219.237,358.126,-358.326,34.68,up,stay,2,1
1775915817155,4596,1756540.5,pvp,player_1,player_2,300.722,58.244,213.265,358.704,-358.326,34.68,up,stay,2,1
1775915817155,4597,1756557.2000000477,pvp,player_1,player_2,299.7,58.244,207.293,359.282,-358.326,34.68,up,stay,2,1
1775915817155,4598,1756574.1000000238,pvp,player_1,player_2,298.422,58.244,201.321,359.86,-358.326,34.68,up,stay,2,1
1775915817155,4599,1756591.1000000238,pvp,player_1,player_2,296.889,58.244,195.349,360.438,-358.326,34.68,up,stay,2,1
1775915817155,4600,1756607.2000000477,pvp,player_1,player_2,295.1,58.244,189.377,361.016,-358.326,34.68,up,stay,2,1
1775915817155,4601,1756624.5,pvp,player_1,player_2,293.056,58.244,183.405,361.594,-358.326,34.68,up,stay,2,1
1775915817155,4602,1756640.5,pvp,player_1,player_2,290.756,58.244,177.432,362.172,-358.326,34.68,up,stay,2,1
1775915817155,4603,1756656.7000000477,pvp,player_1,player_2,288.2,58.244,171.46,362.75,-358.326,34.68,up,stay,2,1
1775915817155,4604,1756674,pvp,player_1,player_2,285.389,58.244,165.488,363.328,-358.326,34.68,up,stay,2,1
1775915817155,4605,1756690.7000000477,pvp,player_1,player_2,282.322,58.244,159.516,363.906,-358.326,34.68,up,stay,2,1
1775915817155,4606,1756707.4000000954,pvp,player_1,player_2,279,58.244,153.544,364.484,-358.326,34.68,up,stay,2,1
1775915817155,4607,1756724.7000000477,pvp,player_1,player_2,275.422,58.244,147.572,365.062,-358.326,34.68,up,stay,2,1
1775915817155,4608,1756740.6000000238,pvp,player_1,player_2,271.589,58.244,141.6,365.64,-358.326,34.68,up,stay,2,1
1775915817155,4609,1756757.5,pvp,player_1,player_2,267.95,58.244,135.628,366.218,-358.326,34.68,stay,stay,2,1
1775915817155,4610,1756773.5,pvp,player_1,player_2,264.506,58.244,129.656,366.796,-358.326,34.68,stay,stay,2,1
1775915817155,4611,1756790.8000000715,pvp,player_1,player_2,261.256,58.244,123.684,367.374,-358.326,34.68,stay,stay,2,1
1775915817155,4612,1756807.7000000477,pvp,player_1,player_2,258.2,58.244,117.711,367.952,-358.326,34.68,stay,stay,2,1
1775915817155,4613,1756824.3000000715,pvp,player_1,player_2,255.339,58.244,111.739,368.53,-358.326,34.68,stay,stay,2,1
1775915817155,4614,1756841,pvp,player_1,player_2,252.672,58.244,105.767,369.108,-358.326,34.68,stay,stay,2,1
1775915817155,4615,1756857.4000000954,pvp,player_1,player_2,250.2,58.244,99.795,369.686,-358.326,34.68,stay,stay,2,1
1775915817155,4616,1756874.4000000954,pvp,player_1,player_2,247.922,58.244,93.823,370.264,-358.326,34.68,stay,stay,2,1
1775915817155,4617,1756891.2000000477,pvp,player_1,player_2,245.839,58.244,87.851,370.842,-358.326,34.68,stay,stay,2,1
1775915817155,4618,1756906.9000000954,pvp,player_1,player_2,244.117,58.244,81.879,371.42,-358.326,34.68,down,stay,2,1
1775915817155,4619,1756924.3000000715,pvp,player_1,player_2,242.756,58.244,75.907,371.998,-358.326,34.68,down,stay,2,1
1775915817155,4620,1756940.4000000954,pvp,player_1,player_2,241.756,58.244,69.935,372.576,-358.326,34.68,down,stay,2,1
1775915817155,4621,1756956.8000000715,pvp,player_1,player_2,241.117,58.244,63.963,373.154,-358.326,34.68,down,stay,2,1
1775915817155,4622,1756974.1000000238,pvp,player_1,player_2,240.839,58.244,57.991,373.732,-358.326,34.68,down,stay,2,1
1775915817155,4623,1756990.6000000238,pvp,player_1,player_2,240.922,58.244,52.018,374.31,-358.326,34.68,down,stay,2,1
1775915817155,4624,1757007.2000000477,pvp,player_1,player_2,241.261,58.244,46.046,374.888,-358.326,34.68,down,stay,2,1
1775915817155,4625,1757023.7000000477,pvp,player_1,player_2,241.856,58.244,40.074,375.466,-358.326,34.68,down,stay,2,1
1775915817155,4626,1757040.7000000477,pvp,player_1,player_2,242.706,58.244,34.102,376.044,-358.326,34.68,down,stay,2,1
1775915817155,4627,1757058.1000000238,pvp,player_1,player_2,243.811,58.244,28.13,376.622,-358.326,34.68,down,stay,2,1
1775915817155,4628,1757074.4000000954,pvp,player_1,player_2,245.172,58.244,22.158,377.2,-358.326,34.68,down,stay,2,1
1775915817155,4629,1757090.9000000954,pvp,player_1,player_2,246.789,58.244,16.186,377.778,-358.326,34.68,down,stay,2,1
1775915817155,4630,1757107.6000000238,pvp,player_1,player_2,248.661,58.244,10.214,378.356,-358.326,34.68,down,stay,2,1
1775915817155,4631,1757124.3000000715,pvp,player_1,player_2,250.789,58.244,4.242,378.934,-358.326,34.68,down,stay,2,1
1775915817155,4632,1757140.4000000954,pvp,player_1,player_2,253.172,58.244,-1.73,379.512,-358.326,34.68,down,stay,2,1
1775915817155,4633,1757157.6000000238,pvp,player_1,player_2,255.811,58.244,-7.702,380.09,-358.326,34.68,down,stay,2,1
1775915817155,4634,1757174.3000000715,pvp,player_1,player_2,258.706,58.244,480,270,-280,0,down,stay,2,2
1775915817155,4635,1757191.1000000238,pvp,player_1,player_2,261.856,58.244,475.333,270,-280,0,down,stay,2,2
1775915817155,4636,1757207.7000000477,pvp,player_1,player_2,265.261,58.244,470.667,270,-280,0,down,stay,2,2
1775915817155,4637,1757224.2000000477,pvp,player_1,player_2,268.922,58.244,466,270,-280,0,down,stay,2,2
1775915817155,4638,1757240.7000000477,pvp,player_1,player_2,272.839,58.244,461.333,270,-280,0,down,stay,2,2
1775915817155,4639,1757256.9000000954,pvp,player_1,player_2,277.011,58.244,456.667,270,-280,0,down,stay,2,2
1775915817155,4640,1757274.5,pvp,player_1,player_2,281.439,58.244,452,270,-280,0,down,stay,2,2
1775915817155,4641,1757291,pvp,player_1,player_2,286.122,58.244,447.333,270,-280,0,down,stay,2,2
1775915817155,4642,1757307.5,pvp,player_1,player_2,291.061,58.244,442.667,270,-280,0,down,stay,2,2
1775915817155,4643,1757324.5,pvp,player_1,player_2,296.256,58.244,438,270,-280,0,down,stay,2,2
1775915817155,4644,1757340.8000000715,pvp,player_1,player_2,301.706,58.244,433.333,270,-280,0,down,stay,2,2
1775915817155,4645,1757357.7000000477,pvp,player_1,player_2,307.411,58.244,428.667,270,-280,0,down,stay,2,2
1775915817155,4646,1757374.3000000715,pvp,player_1,player_2,313.372,58.244,424,270,-280,0,down,stay,2,2
1775915817155,4647,1757391,pvp,player_1,player_2,319.589,58.244,419.333,270,-280,0,down,stay,2,2
1775915817155,4648,1757407.2000000477,pvp,player_1,player_2,326.061,58.244,414.667,270,-280,0,down,stay,2,2
1775915817155,4649,1757424.1000000238,pvp,player_1,player_2,332.789,58.244,410,270,-280,0,down,stay,2,2
1775915817155,4650,1757441.2000000477,pvp,player_1,player_2,339.772,58.244,405.333,270,-280,0,down,stay,2,2
1775915817155,4651,1757457.7000000477,pvp,player_1,player_2,347.011,58.244,400.667,270,-280,0,down,stay,2,2
1775915817155,4652,1757473.9000000954,pvp,player_1,player_2,354.506,58.244,396,270,-280,0,down,stay,2,2
1775915817155,4653,1757491.1000000238,pvp,player_1,player_2,362.172,58.244,391.333,270,-280,0,down,stay,2,2
1775915817155,4654,1757507,pvp,player_1,player_2,369.839,58.244,386.667,270,-280,0,down,stay,2,2
1775915817155,4655,1757524.3000000715,pvp,player_1,player_2,377.506,58.244,382,270,-280,0,down,stay,2,2
1775915817155,4656,1757540.7000000477,pvp,player_1,player_2,384.978,58.244,377.333,270,-280,0,stay,stay,2,2
1775915817155,4657,1757557.6000000238,pvp,player_1,player_2,392.256,58.244,372.667,270,-280,0,stay,stay,2,2
1775915817155,4658,1757574.1000000238,pvp,player_1,player_2,399.339,58.244,368,270,-280,0,stay,stay,2,2
1775915817155,4659,1757590.9000000954,pvp,player_1,player_2,406.228,58.244,363.333,270,-280,0,stay,stay,2,2
1775915817155,4660,1757607.7000000477,pvp,player_1,player_2,412.922,58.244,358.667,270,-280,0,stay,stay,2,2
1775915817155,4661,1757624.3000000715,pvp,player_1,player_2,419.422,58.244,354,270,-280,0,stay,stay,2,2
1775915817155,4662,1757640.8000000715,pvp,player_1,player_2,425.728,58.244,349.333,270,-280,0,stay,stay,2,2
1775915817155,4663,1757657.8000000715,pvp,player_1,player_2,431.839,58.244,344.667,270,-280,0,stay,stay,2,2
1775915817155,4664,1757673.8000000715,pvp,player_1,player_2,437.589,58.244,340,270,-280,0,up,stay,2,2
1775915817155,4665,1757690.8000000715,pvp,player_1,player_2,442.978,58.244,335.333,270,-280,0,up,stay,2,2
1775915817155,4666,1757707.6000000238,pvp,player_1,player_2,444,58.244,330.667,270,-280,0,up,stay,2,2
1775915817155,4667,1757724.5,pvp,player_1,player_2,444,58.244,326,270,-280,0,up,stay,2,2
1775915817155,4668,1757740.1000000238,pvp,player_1,player_2,444,58.244,321.333,270,-280,0,up,stay,2,2
1775915817155,4669,1757757.4000000954,pvp,player_1,player_2,444,58.244,316.667,270,-280,0,up,stay,2,2
1775915817155,4670,1757773.6000000238,pvp,player_1,player_2,444,58.244,312,270,-280,0,up,stay,2,2
1775915817155,4671,1757790.8000000715,pvp,player_1,player_2,444,58.244,307.333,270,-280,0,up,stay,2,2
1775915817155,4672,1757807.5,pvp,player_1,player_2,444,58.244,302.667,270,-280,0,up,stay,2,2
1775915817155,4673,1757824.3000000715,pvp,player_1,player_2,444,58.244,298,270,-280,0,up,stay,2,2
1775915817155,4674,1757841,pvp,player_1,player_2,444,58.244,293.333,270,-280,0,up,stay,2,2
1775915817155,4675,1757857.6000000238,pvp,player_1,player_2,444,58.244,288.667,270,-280,0,up,stay,2,2
1775915817155,4676,1757873.9000000954,pvp,player_1,player_2,444,58.244,284,270,-280,0,up,stay,2,2
1775915817155,4677,1757891,pvp,player_1,player_2,444,58.244,279.333,270,-280,0,up,stay,2,2
1775915817155,4678,1757907.7000000477,pvp,player_1,player_2,444,58.244,274.667,270,-280,0,up,stay,2,2
1775915817155,4679,1757924.3000000715,pvp,player_1,player_2,444,58.244,270,270,-280,0,up,stay,2,2
1775915817155,4680,1757940.9000000954,pvp,player_1,player_2,443.972,58.244,265.333,270,-280,0,up,stay,2,2
1775915817155,4681,1757957.4000000954,pvp,player_1,player_2,443.689,58.244,260.667,270,-280,0,up,stay,2,2
1775915817155,4682,1757974.1000000238,pvp,player_1,player_2,443.15,58.244,256,270,-280,0,up,stay,2,2
1775915817155,4683,1757990.5,pvp,player_1,player_2,442.356,58.244,251.333,270,-280,0,up,stay,2,2
1775915817155,4684,1758007.5,pvp,player_1,player_2,441.306,58.244,246.667,270,-280,0,up,stay,2,2
1775915817155,4685,1758023.9000000954,pvp,player_1,player_2,440,58.244,242,270,-280,0,up,stay,2,2
1775915817155,4686,1758040.8000000715,pvp,player_1,player_2,438.439,58.244,237.333,270,-280,0,up,stay,2,2
1775915817155,4687,1758057.5,pvp,player_1,player_2,436.622,58.244,232.667,270,-280,0,up,stay,2,2
1775915817155,4688,1758074.3000000715,pvp,player_1,player_2,434.55,58.244,228,270,-280,0,up,stay,2,2
1775915817155,4689,1758090.6000000238,pvp,player_1,player_2,432.222,58.244,223.333,270,-280,0,up,stay,2,2
1775915817155,4690,1758107.6000000238,pvp,player_1,player_2,429.639,58.244,218.667,270,-280,0,up,stay,2,2
1775915817155,4691,1758123.5,pvp,player_1,player_2,426.8,58.244,214,270,-280,0,up,stay,2,2
1775915817155,4692,1758140.2000000477,pvp,player_1,player_2,423.706,58.244,209.333,270,-280,0,up,stay,2,2
1775915817155,4693,1758156.7000000477,pvp,player_1,player_2,420.356,58.244,204.667,270,-280,0,up,stay,2,2
1775915817155,4694,1758173.4000000954,pvp,player_1,player_2,416.75,58.244,200,270,-280,0,up,stay,2,2
1775915817155,4695,1758190.1000000238,pvp,player_1,player_2,412.889,58.244,195.333,270,-280,0,up,stay,2,2
1775915817155,4696,1758206.8000000715,pvp,player_1,player_2,408.772,58.244,190.667,270,-280,0,up,stay,2,2
1775915817155,4697,1758223.5,pvp,player_1,player_2,404.4,58.244,186,270,-280,0,up,stay,2,2
1775915817155,4698,1758240,pvp,player_1,player_2,399.772,58.244,181.333,270,-280,0,up,stay,2,2
1775915817155,4699,1758256.6000000238,pvp,player_1,player_2,394.889,58.244,176.667,270,-280,0,up,stay,2,2
1775915817155,4700,1758273.4000000954,pvp,player_1,player_2,389.75,58.244,172,270,-280,0,up,stay,2,2
1775915817155,4701,1758290.2000000477,pvp,player_1,player_2,384.356,58.244,167.333,270,-280,0,up,stay,2,2
1775915817155,4702,1758306.9000000954,pvp,player_1,player_2,378.706,58.244,162.667,270,-280,0,up,stay,2,2
1775915817155,4703,1758323.6000000238,pvp,player_1,player_2,372.8,58.244,158,270,-280,0,up,stay,2,2
1775915817155,4704,1758340.1000000238,pvp,player_1,player_2,366.639,58.244,153.333,270,-280,0,up,stay,2,2
1775915817155,4705,1758356.8000000715,pvp,player_1,player_2,360.222,58.244,148.667,270,-280,0,up,stay,2,2
1775915817155,4706,1758373.4000000954,pvp,player_1,player_2,353.55,58.244,144,270,-280,0,up,stay,2,2
1775915817155,4707,1758390.3000000715,pvp,player_1,player_2,346.622,58.244,139.333,270,-280,0,up,stay,2,2
1775915817155,4708,1758406.7000000477,pvp,player_1,player_2,339.439,58.244,134.667,270,-280,0,up,stay,2,2
1775915817155,4709,1758423.5,pvp,player_1,player_2,332,58.244,130,270,-280,0,up,stay,2,2
1775915817155,4710,1758440.2000000477,pvp,player_1,player_2,324.333,58.244,125.333,270,-280,0,up,stay,2,2
1775915817155,4711,1758456.7000000477,pvp,player_1,player_2,316.667,58.244,120.667,270,-280,0,up,stay,2,2
1775915817155,4712,1758473.3000000715,pvp,player_1,player_2,309,58.244,116,270,-280,0,up,stay,2,2
1775915817155,4713,1758490.2000000477,pvp,player_1,player_2,301.333,58.244,111.333,270,-280,0,up,stay,2,2
1775915817155,4714,1758506.7000000477,pvp,player_1,player_2,293.667,58.244,106.667,270,-280,0,up,stay,2,2
1775915817155,4715,1758523.6000000238,pvp,player_1,player_2,286,58.244,102,270,-280,0,up,stay,2,2
1775915817155,4716,1758540.2000000477,pvp,player_1,player_2,278.528,58.244,97.333,270,-280,0,stay,stay,2,2
1775915817155,4717,1758557.2000000477,pvp,player_1,player_2,271.25,58.244,92.667,270,-280,0,stay,stay,2,2
1775915817155,4718,1758574.2000000477,pvp,player_1,player_2,264.167,58.244,88,270,-280,0,stay,stay,2,2
1775915817155,4719,1758590.7000000477,pvp,player_1,player_2,257.278,58.244,83.333,270,-280,0,stay,stay,2,2
1775915817155,4720,1758607.7000000477,pvp,player_1,player_2,250.583,58.244,78.667,270,-280,0,stay,stay,2,2
1775915817155,4721,1758624.4000000954,pvp,player_1,player_2,244.083,58.244,74,270,-280,0,stay,stay,2,2
1775915817155,4722,1758640.8000000715,pvp,player_1,player_2,237.778,58.244,69.333,270,-280,0,stay,stay,2,2
1775915817155,4723,1758657.4000000954,pvp,player_1,player_2,231.667,58.244,64.667,270,-280,0,stay,stay,2,2
1775915817155,4724,1758674.1000000238,pvp,player_1,player_2,225.75,58.244,60,270,-280,0,stay,stay,2,2
1775915817155,4725,1758690.5,pvp,player_1,player_2,220.028,58.244,55.333,270,-280,0,stay,stay,2,2
1775915817155,4726,1758707.5,pvp,player_1,player_2,214.5,58.244,50.667,270,-280,0,stay,stay,2,2
1775915817155,4727,1758723.7000000477,pvp,player_1,player_2,209.167,58.244,48,270,286.306,89.605,stay,stay,2,2
1775915817155,4728,1758741,pvp,player_1,player_2,204.194,58.244,52.772,271.493,286.306,89.605,down,stay,2,2
1775915817155,4729,1758757.5,pvp,player_1,player_2,199.583,58.244,57.544,272.987,286.306,89.605,down,stay,2,2
1775915817155,4730,1758773.6000000238,pvp,player_1,player_2,195.333,58.244,62.315,274.48,286.306,89.605,down,stay,2,2
1775915817155,4731,1758790.6000000238,pvp,player_1,player_2,191.444,58.244,67.087,275.974,286.306,89.605,down,stay,2,2
1775915817155,4732,1758807.3000000715,pvp,player_1,player_2,187.917,58.244,71.859,277.467,286.306,89.605,down,stay,2,2
1775915817155,4733,1758824,pvp,player_1,player_2,184.75,58.244,76.631,278.96,286.306,89.605,down,stay,2,2
1775915817155,4734,1758840.9000000954,pvp,player_1,player_2,181.944,58.244,81.402,280.454,286.306,89.605,down,stay,2,2
1775915817155,4735,1758857.5,pvp,player_1,player_2,179.5,58.244,86.174,281.947,286.306,89.605,down,stay,2,2
1775915817155,4736,1758874.2000000477,pvp,player_1,player_2,177.417,58.244,90.946,283.441,286.306,89.605,down,stay,2,2
1775915817155,4737,1758890.8000000715,pvp,player_1,player_2,175.694,58.244,95.718,284.934,286.306,89.605,down,stay,2,2
1775915817155,4738,1758907.1000000238,pvp,player_1,player_2,174.167,58.244,100.489,286.428,286.306,89.605,stay,stay,2,2
1775915817155,4739,1758923.6000000238,pvp,player_1,player_2,172.833,58.244,105.261,287.921,286.306,89.605,stay,stay,2,2
1775915817155,4740,1758940.9000000954,pvp,player_1,player_2,171.694,58.244,110.033,289.414,286.306,89.605,stay,stay,2,2
1775915817155,4741,1758956.9000000954,pvp,player_1,player_2,170.75,58.244,114.805,290.908,286.306,89.605,stay,stay,2,2
1775915817155,4742,1758973.6000000238,pvp,player_1,player_2,170,58.244,119.576,292.401,286.306,89.605,stay,stay,2,2
1775915817155,4743,1758990,pvp,player_1,player_2,169.444,58.244,124.348,293.895,286.306,89.605,stay,stay,2,2
1775915817155,4744,1759006.6000000238,pvp,player_1,player_2,169.083,58.244,129.12,295.388,286.306,89.605,stay,stay,2,2
1775915817155,4745,1759023.4000000954,pvp,player_1,player_2,169.083,58.244,133.892,296.881,286.306,89.605,stay,stay,2,2
1775915817155,4746,1759040.5,pvp,player_1,player_2,169.083,58.244,138.663,298.375,286.306,89.605,stay,stay,2,2
1775915817155,4747,1759057.1000000238,pvp,player_1,player_2,169.083,58.244,143.435,299.868,286.306,89.605,stay,stay,2,2
1775915817155,4748,1759074.1000000238,pvp,player_1,player_2,169.083,58.244,148.207,301.362,286.306,89.605,stay,stay,2,2
1775915817155,4749,1759090.7000000477,pvp,player_1,player_2,169.083,58.244,152.979,302.855,286.306,89.605,stay,stay,2,2
1775915817155,4750,1759107.2000000477,pvp,player_1,player_2,169.083,58.244,157.751,304.348,286.306,89.605,stay,stay,2,2
1775915817155,4751,1759124.4000000954,pvp,player_1,player_2,169.083,58.244,162.522,305.842,286.306,89.605,stay,stay,2,2
1775915817155,4752,1759141,pvp,player_1,player_2,169.083,58.244,167.294,307.335,286.306,89.605,stay,stay,2,2
1775915817155,4753,1759157.4000000954,pvp,player_1,player_2,169.083,58.244,172.066,308.829,286.306,89.605,stay,stay,2,2
1775915817155,4754,1759174.2000000477,pvp,player_1,player_2,169.083,58.244,176.838,310.322,286.306,89.605,stay,stay,2,2
1775915817155,4755,1759190.8000000715,pvp,player_1,player_2,169.083,58.244,181.609,311.816,286.306,89.605,stay,stay,2,2
1775915817155,4756,1759207.4000000954,pvp,player_1,player_2,169.083,58.244,186.381,313.309,286.306,89.605,stay,stay,2,2
1775915817155,4757,1759224.1000000238,pvp,player_1,player_2,169.083,58.244,191.153,314.802,286.306,89.605,stay,stay,2,2
1775915817155,4758,1759240.7000000477,pvp,player_1,player_2,169.083,58.244,195.925,316.296,286.306,89.605,stay,stay,2,2
1775915817155,4759,1759257.4000000954,pvp,player_1,player_2,169.083,58.244,200.696,317.789,286.306,89.605,stay,stay,2,2
1775915817155,4760,1759274.2000000477,pvp,player_1,player_2,169.083,58.244,205.468,319.283,286.306,89.605,stay,stay,2,2
1775915817155,4761,1759290.7000000477,pvp,player_1,player_2,169.083,58.244,210.24,320.776,286.306,89.605,stay,stay,2,2
1775915817155,4762,1759307.4000000954,pvp,player_1,player_2,169.083,58.244,215.012,322.269,286.306,89.605,stay,stay,2,2
1775915817155,4763,1759324.2000000477,pvp,player_1,player_2,169.083,58.244,219.783,323.763,286.306,89.605,stay,stay,2,2
1775915817155,4764,1759341.2000000477,pvp,player_1,player_2,169.083,58.244,224.555,325.256,286.306,89.605,stay,stay,2,2
1775915817155,4765,1759357.4000000954,pvp,player_1,player_2,169.083,58.244,229.327,326.75,286.306,89.605,stay,stay,2,2
1775915817155,4766,1759374.4000000954,pvp,player_1,player_2,169.083,58.244,234.099,328.243,286.306,89.605,stay,stay,2,2
1775915817155,4767,1759390.9000000954,pvp,player_1,player_2,169.083,58.244,238.871,329.736,286.306,89.605,stay,stay,2,2
1775915817155,4768,1759407.6000000238,pvp,player_1,player_2,169.083,58.244,243.642,331.23,286.306,89.605,stay,stay,2,2
1775915817155,4769,1759424.2000000477,pvp,player_1,player_2,169.083,58.244,248.414,332.723,286.306,89.605,stay,stay,2,2
1775915817155,4770,1759441.1000000238,pvp,player_1,player_2,169.083,58.244,253.186,334.217,286.306,89.605,stay,stay,2,2
1775915817155,4771,1759456.8000000715,pvp,player_1,player_2,169.083,58.244,257.958,335.71,286.306,89.605,stay,stay,2,2
1775915817155,4772,1759474.1000000238,pvp,player_1,player_2,169.083,58.244,262.729,337.204,286.306,89.605,stay,stay,2,2
1775915817155,4773,1759491.1000000238,pvp,player_1,player_2,169.083,58.244,267.501,338.697,286.306,89.605,stay,stay,2,2
1775915817155,4774,1759507.6000000238,pvp,player_1,player_2,169.083,58.244,272.273,340.19,286.306,89.605,stay,stay,2,2
1775915817155,4775,1759524.5,pvp,player_1,player_2,169.083,58.244,277.045,341.684,286.306,89.605,stay,stay,2,2
1775915817155,4776,1759540.9000000954,pvp,player_1,player_2,169.083,58.244,281.816,343.177,286.306,89.605,stay,stay,2,2
1775915817155,4777,1759557.6000000238,pvp,player_1,player_2,169.083,58.244,286.588,344.671,286.306,89.605,stay,stay,2,2
1775915817155,4778,1759574.4000000954,pvp,player_1,player_2,169.083,58.244,291.36,346.164,286.306,89.605,stay,stay,2,2
1775915817155,4779,1759590.8000000715,pvp,player_1,player_2,169.083,58.244,296.132,347.657,286.306,89.605,stay,stay,2,2
1775915817155,4780,1759607.3000000715,pvp,player_1,player_2,169.083,58.244,300.903,349.151,286.306,89.605,stay,stay,2,2
1775915817155,4781,1759624.4000000954,pvp,player_1,player_2,169.083,58.244,305.675,350.644,286.306,89.605,stay,stay,2,2
1775915817155,4782,1759641,pvp,player_1,player_2,169.083,58.244,310.447,352.138,286.306,89.605,stay,stay,2,2
1775915817155,4783,1759657.2000000477,pvp,player_1,player_2,169.083,58.5,315.219,353.631,286.306,89.605,stay,down,2,2
1775915817155,4784,1759674.2000000477,pvp,player_1,player_2,169.083,59.011,319.99,355.124,286.306,89.605,stay,down,2,2
1775915817155,4785,1759690.7000000477,pvp,player_1,player_2,169.083,59.778,324.762,356.618,286.306,89.605,stay,down,2,2
1775915817155,4786,1759706.9000000954,pvp,player_1,player_2,169.083,60.8,329.534,358.111,286.306,89.605,stay,down,2,2
1775915817155,4787,1759724.1000000238,pvp,player_1,player_2,169.083,62.078,334.306,359.605,286.306,89.605,stay,down,2,2
1775915817155,4788,1759740.7000000477,pvp,player_1,player_2,169.083,63.611,339.078,361.098,286.306,89.605,stay,down,2,2
1775915817155,4789,1759757.3000000715,pvp,player_1,player_2,169.083,65.4,343.849,362.591,286.306,89.605,stay,down,2,2
1775915817155,4790,1759773.7000000477,pvp,player_1,player_2,169.083,67.444,348.621,364.085,286.306,89.605,stay,down,2,2
1775915817155,4791,1759790.9000000954,pvp,player_1,player_2,169.083,69.744,353.393,365.578,286.306,89.605,stay,down,2,2
1775915817155,4792,1759807.1000000238,pvp,player_1,player_2,169.083,72.3,358.165,367.072,286.306,89.605,stay,down,2,2
1775915817155,4793,1759824.4000000954,pvp,player_1,player_2,169.083,75.111,362.936,368.565,286.306,89.605,stay,down,2,2
1775915817155,4794,1759841,pvp,player_1,player_2,169.083,78.178,367.708,370.059,286.306,89.605,stay,down,2,2
1775915817155,4795,1759857.7000000477,pvp,player_1,player_2,169.083,81.5,372.48,371.552,286.306,89.605,stay,down,2,2
1775915817155,4796,1759874.2000000477,pvp,player_1,player_2,169.083,85.078,377.252,373.045,286.306,89.605,stay,down,2,2
1775915817155,4797,1759891.1000000238,pvp,player_1,player_2,169.083,88.911,382.023,374.539,286.306,89.605,stay,down,2,2
1775915817155,4798,1759907.7000000477,pvp,player_1,player_2,169.083,93,386.795,376.032,286.306,89.605,stay,down,2,2
1775915817155,4799,1759924.4000000954,pvp,player_1,player_2,169.083,97.344,391.567,377.526,286.306,89.605,stay,down,2,2
1775915817155,4800,1759941.1000000238,pvp,player_1,player_2,169.083,101.944,396.339,379.019,286.306,89.605,stay,down,2,2
1775915817155,4801,1759957.6000000238,pvp,player_1,player_2,169.083,106.8,401.11,380.512,286.306,89.605,stay,down,2,2
1775915817155,4802,1759973.9000000954,pvp,player_1,player_2,169.083,111.911,405.882,382.006,286.306,89.605,stay,down,2,2
1775915817155,4803,1759990.8000000715,pvp,player_1,player_2,169.083,117.278,410.654,383.499,286.306,89.605,stay,down,2,2
1775915817155,4804,1760007.4000000954,pvp,player_1,player_2,169.083,122.9,415.426,384.993,286.306,89.605,stay,down,2,2
1775915817155,4805,1760024.3000000715,pvp,player_1,player_2,169.083,128.778,420.198,386.486,286.306,89.605,stay,down,2,2
1775915817155,4806,1760040.9000000954,pvp,player_1,player_2,169.083,134.911,424.969,387.979,286.306,89.605,stay,down,2,2
1775915817155,4807,1760057.1000000238,pvp,player_1,player_2,169.083,141.3,429.741,389.473,286.306,89.605,stay,down,2,2
1775915817155,4808,1760074.4000000954,pvp,player_1,player_2,169.083,147.944,434.513,390.966,286.306,89.605,stay,down,2,2
1775915817155,4809,1760091,pvp,player_1,player_2,169.083,154.844,439.285,392.46,286.306,89.605,stay,down,2,2
1775915817155,4810,1760108,pvp,player_1,player_2,169.083,162,444.056,393.953,286.306,89.605,stay,down,2,2
1775915817155,4811,1760124.4000000954,pvp,player_1,player_2,169.083,169.411,448.828,395.447,286.306,89.605,stay,down,2,2
1775915817155,4812,1760140.8000000715,pvp,player_1,player_2,169.083,177.078,453.6,396.94,286.306,89.605,stay,down,2,2
1775915817155,4813,1760157.4000000954,pvp,player_1,player_2,169.083,184.744,458.372,398.433,286.306,89.605,stay,down,2,2
1775915817155,4814,1760174,pvp,player_1,player_2,169.083,192.411,463.143,399.927,286.306,89.605,stay,down,2,2
1775915817155,4815,1760191.1000000238,pvp,player_1,player_2,169.083,200.078,467.915,401.42,286.306,89.605,stay,down,2,2
1775915817155,4816,1760207.5,pvp,player_1,player_2,169.083,207.744,472.687,402.914,286.306,89.605,stay,down,2,2
1775915817155,4817,1760223.7000000477,pvp,player_1,player_2,169.083,215.411,477.459,404.407,286.306,89.605,stay,down,2,2
1775915817155,4818,1760240.8000000715,pvp,player_1,player_2,169.083,223.078,482.23,405.9,286.306,89.605,stay,down,2,2
1775915817155,4819,1760257.4000000954,pvp,player_1,player_2,169.083,230.744,487.002,407.394,286.306,89.605,stay,down,2,2
1775915817155,4820,1760273.6000000238,pvp,player_1,player_2,169.083,238.411,491.774,408.887,286.306,89.605,stay,down,2,2
1775915817155,4821,1760291,pvp,player_1,player_2,169.083,246.078,496.546,410.381,286.306,89.605,stay,down,2,2
1775915817155,4822,1760306.8000000715,pvp,player_1,player_2,169.083,253.744,501.317,411.874,286.306,89.605,stay,down,2,2
1775915817155,4823,1760323.5,pvp,player_1,player_2,169.083,261.217,506.089,413.367,286.306,89.605,stay,stay,2,2
1775915817155,4824,1760341,pvp,player_1,player_2,169.083,268.494,510.861,414.861,286.306,89.605,stay,stay,2,2
1775915817155,4825,1760357.5,pvp,player_1,player_2,169.083,275.578,515.633,416.354,286.306,89.605,stay,stay,2,2
1775915817155,4826,1760374.3000000715,pvp,player_1,player_2,169.083,282.467,520.405,417.848,286.306,89.605,stay,stay,2,2
1775915817155,4827,1760390.8000000715,pvp,player_1,player_2,169.083,289.161,525.176,419.341,286.306,89.605,stay,stay,2,2
1775915817155,4828,1760407.5,pvp,player_1,player_2,169.083,295.661,529.948,420.835,286.306,89.605,stay,stay,2,2
1775915817155,4829,1760424.3000000715,pvp,player_1,player_2,169.083,301.967,534.72,422.328,286.306,89.605,stay,stay,2,2
1775915817155,4830,1760441,pvp,player_1,player_2,169.083,308.078,539.492,423.821,286.306,89.605,stay,stay,2,2
1775915817155,4831,1760456.9000000954,pvp,player_1,player_2,169.083,313.994,544.263,425.315,286.306,89.605,stay,stay,2,2
1775915817155,4832,1760474.5,pvp,player_1,player_2,169.083,319.717,549.035,426.808,286.306,89.605,stay,stay,2,2
1775915817155,4833,1760490.9000000954,pvp,player_1,player_2,169.083,325.244,553.807,428.302,286.306,89.605,stay,stay,2,2
1775915817155,4834,1760507.3000000715,pvp,player_1,player_2,169.083,330.578,558.579,429.795,286.306,89.605,stay,stay,2,2
1775915817155,4835,1760524.2000000477,pvp,player_1,player_2,169.083,335.717,563.35,431.288,286.306,89.605,stay,stay,2,2
1775915817155,4836,1760540.3000000715,pvp,player_1,player_2,169.083,340.661,568.122,432.782,286.306,89.605,stay,stay,2,2
1775915817155,4837,1760557.5,pvp,player_1,player_2,169.083,345.411,572.894,434.275,286.306,89.605,stay,stay,2,2
1775915817155,4838,1760573.9000000954,pvp,player_1,player_2,169.083,349.967,577.666,435.769,286.306,89.605,stay,stay,2,2
1775915817155,4839,1760591.1000000238,pvp,player_1,player_2,169.083,354.161,582.437,437.262,286.306,89.605,stay,up,2,2
1775915817155,4840,1760607.3000000715,pvp,player_1,player_2,169.083,357.994,587.209,438.755,286.306,89.605,stay,up,2,2
1775915817155,4841,1760624.5,pvp,player_1,player_2,169.083,361.467,591.981,440.249,286.306,89.605,stay,up,2,2
1775915817155,4842,1760640.8000000715,pvp,player_1,player_2,169.083,364.578,596.753,441.742,286.306,89.605,stay,up,2,2
1775915817155,4843,1760657,pvp,player_1,player_2,169.083,367.328,601.525,443.236,286.306,89.605,stay,up,2,2
1775915817155,4844,1760674.1000000238,pvp,player_1,player_2,169.083,369.717,606.296,444.729,286.306,89.605,stay,up,2,2
1775915817155,4845,1760690.7000000477,pvp,player_1,player_2,169.083,371.744,611.068,446.223,286.306,89.605,stay,up,2,2
1775915817155,4846,1760707.1000000238,pvp,player_1,player_2,169.083,373.411,615.84,447.716,286.306,89.605,stay,up,2,2
1775915817155,4847,1760723.7000000477,pvp,player_1,player_2,169.083,374.717,620.612,449.209,286.306,89.605,stay,up,2,2
1775915817155,4848,1760740.7000000477,pvp,player_1,player_2,169.083,375.661,625.383,450.703,286.306,89.605,stay,up,2,2
1775915817155,4849,1760757.4000000954,pvp,player_1,player_2,169.083,376.244,630.155,452.196,286.306,89.605,stay,up,2,2
1775915817155,4850,1760773.6000000238,pvp,player_1,player_2,169.083,376.467,634.927,453.69,286.306,89.605,stay,up,2,2
1775915817155,4851,1760790.5,pvp,player_1,player_2,169.083,376.328,639.699,455.183,286.306,89.605,stay,up,2,2
1775915817155,4852,1760807.5,pvp,player_1,player_2,169.083,375.933,644.47,456.676,286.306,89.605,stay,up,2,2
1775915817155,4853,1760824.1000000238,pvp,player_1,player_2,169.083,375.283,649.242,458.17,286.306,89.605,stay,up,2,2
1775915817155,4854,1760840.5,pvp,player_1,player_2,169.083,374.378,654.014,459.663,286.306,89.605,stay,up,2,2
1775915817155,4855,1760857.6000000238,pvp,player_1,player_2,169.083,373.217,658.786,461.157,286.306,89.605,stay,up,2,2
1775915817155,4856,1760874.3000000715,pvp,player_1,player_2,169.083,371.8,663.557,462.65,286.306,89.605,stay,up,2,2
1775915817155,4857,1760890.7000000477,pvp,player_1,player_2,169.083,370.128,668.329,464.143,286.306,89.605,stay,up,2,2
1775915817155,4858,1760907.5,pvp,player_1,player_2,169.083,368.2,673.101,465.637,286.306,89.605,stay,up,2,2
1775915817155,4859,1760923.5,pvp,player_1,player_2,169.083,366.467,677.873,467.13,286.306,89.605,stay,stay,2,2
1775915817155,4860,1760940.2000000477,pvp,player_1,player_2,169.083,364.928,682.644,468.624,286.306,89.605,stay,stay,2,2
1775915817155,4861,1760957.2000000477,pvp,player_1,player_2,169.083,363.583,687.416,470.117,286.306,89.605,stay,stay,2,2
1775915817155,4862,1760974.2000000477,pvp,player_1,player_2,169.083,362.433,692.188,471.611,286.306,89.605,stay,stay,2,2
1775915817155,4863,1760990.7000000477,pvp,player_1,player_2,169.083,361.478,696.96,473.104,286.306,89.605,stay,stay,2,2
1775915817155,4864,1761007.4000000954,pvp,player_1,player_2,169.083,360.717,701.732,474.597,286.306,89.605,stay,stay,2,2
1775915817155,4865,1761024.1000000238,pvp,player_1,player_2,169.083,360.15,706.503,476.091,286.306,89.605,stay,stay,2,2
1775915817155,4866,1761041,pvp,player_1,player_2,169.083,359.778,711.275,477.584,286.306,89.605,stay,stay,2,2
1775915817155,4867,1761057.5,pvp,player_1,player_2,169.083,359.778,716.047,479.078,286.306,89.605,stay,stay,2,2
1775915817155,4868,1761074.2000000477,pvp,player_1,player_2,169.083,359.778,720.819,480.571,286.306,89.605,stay,stay,2,2
1775915817155,4869,1761090.8000000715,pvp,player_1,player_2,169.083,359.778,725.59,482.064,286.306,89.605,stay,stay,2,2
1775915817155,4870,1761107.5,pvp,player_1,player_2,169.083,359.778,730.362,483.558,286.306,89.605,stay,stay,2,2
1775915817155,4871,1761123.7000000477,pvp,player_1,player_2,169.083,359.778,735.134,485.051,286.306,89.605,stay,stay,2,2
1775915817155,4872,1761140.5,pvp,player_1,player_2,169.083,359.778,739.906,486.545,286.306,89.605,stay,stay,2,2
1775915817155,4873,1761157.2000000477,pvp,player_1,player_2,169.083,359.778,744.677,488.038,286.306,89.605,stay,stay,2,2
1775915817155,4874,1761173.5,pvp,player_1,player_2,169.083,359.778,749.449,489.531,286.306,89.605,stay,stay,2,2
1775915817155,4875,1761190.5,pvp,player_1,player_2,169.083,359.778,754.221,491.025,286.306,89.605,stay,stay,2,2
1775915817155,4876,1761207.3000000715,pvp,player_1,player_2,169.083,359.778,758.993,492.518,286.306,89.605,stay,stay,2,2
1775915817155,4877,1761224,pvp,player_1,player_2,169.083,359.778,763.764,494.012,286.306,89.605,stay,stay,2,2
1775915817155,4878,1761240.6000000238,pvp,player_1,player_2,169.083,359.778,768.536,495.505,286.306,89.605,stay,stay,2,2
1775915817155,4879,1761257.2000000477,pvp,player_1,player_2,169.083,359.778,773.308,496.998,286.306,89.605,stay,stay,2,2
1775915817155,4880,1761274,pvp,player_1,player_2,169.083,359.778,778.08,498.492,286.306,89.605,stay,stay,2,2
1775915817155,4881,1761290.7000000477,pvp,player_1,player_2,169.083,359.778,782.852,499.985,286.306,89.605,stay,stay,2,2
1775915817155,4882,1761307.4000000954,pvp,player_1,player_2,169.083,359.778,787.623,501.479,286.306,89.605,stay,stay,2,2
1775915817155,4883,1761324.1000000238,pvp,player_1,player_2,169.083,359.778,792.395,502.972,286.306,89.605,stay,stay,2,2
1775915817155,4884,1761340.7000000477,pvp,player_1,player_2,169.083,359.778,797.167,504.466,286.306,89.605,stay,stay,2,2
1775915817155,4885,1761357.4000000954,pvp,player_1,player_2,169.083,359.778,801.939,505.959,286.306,89.605,stay,stay,2,2
1775915817155,4886,1761373.6000000238,pvp,player_1,player_2,169.083,359.778,806.71,507.452,286.306,89.605,stay,stay,2,2
1775915817155,4887,1761390.7000000477,pvp,player_1,player_2,169.083,359.778,811.482,508.946,286.306,89.605,stay,stay,2,2
1775915817155,4888,1761407.3000000715,pvp,player_1,player_2,169.083,359.778,816.254,510.439,286.306,89.605,stay,stay,2,2
1775915817155,4889,1761424.1000000238,pvp,player_1,player_2,169.083,359.778,821.026,511.933,286.306,89.605,stay,stay,2,2
1775915817155,4890,1761440.6000000238,pvp,player_1,player_2,169.083,359.778,825.797,513.426,286.306,89.605,stay,stay,2,2
1775915817155,4891,1761457.5,pvp,player_1,player_2,169.083,359.778,830.569,514.919,286.306,89.605,stay,stay,2,2
1775915817155,4892,1761474,pvp,player_1,player_2,169.083,359.778,835.341,516.413,286.306,89.605,stay,stay,2,2
1775915817155,4893,1761490.7000000477,pvp,player_1,player_2,169.083,359.778,840.113,517.906,286.306,89.605,stay,stay,2,2
1775915817155,4894,1761507.1000000238,pvp,player_1,player_2,169.083,359.778,844.884,519.4,286.306,89.605,stay,stay,2,2
1775915817155,4895,1761523.7000000477,pvp,player_1,player_2,169.083,359.778,849.656,520.893,286.306,89.605,stay,stay,2,2
1775915817155,4896,1761540.8000000715,pvp,player_1,player_2,169.083,359.778,854.428,522.386,286.306,89.605,stay,stay,2,2
1775915817155,4897,1761557.6000000238,pvp,player_1,player_2,169.083,359.778,859.2,523.88,286.306,89.605,stay,stay,2,2
1775915817155,4898,1761574,pvp,player_1,player_2,169.083,359.778,863.971,525.373,286.306,89.605,stay,stay,2,2
1775915817155,4899,1761590.7000000477,pvp,player_1,player_2,169.083,359.778,868.743,526.867,286.306,89.605,stay,stay,2,2
1775915817155,4900,1761607,pvp,player_1,player_2,169.083,359.778,873.515,528.36,286.306,89.605,stay,stay,2,2
1775915817155,4901,1761623.7000000477,pvp,player_1,player_2,169.083,359.778,878.287,529.854,286.306,89.605,stay,stay,2,2
1775915817155,4902,1761640.4000000954,pvp,player_1,player_2,169.083,359.778,883.059,530,286.306,-89.605,stay,stay,2,2
1775915817155,4903,1761656.9000000954,pvp,player_1,player_2,169.083,359.778,887.83,528.507,286.306,-89.605,stay,stay,2,2
1775915817155,4904,1761673.6000000238,pvp,player_1,player_2,169.083,359.778,892.602,527.013,286.306,-89.605,stay,stay,2,2
1775915817155,4905,1761690.4000000954,pvp,player_1,player_2,169.083,359.778,897.374,525.52,286.306,-89.605,stay,stay,2,2
1775915817155,4906,1761707.2000000477,pvp,player_1,player_2,169.083,359.778,902.146,524.026,286.306,-89.605,stay,stay,2,2
1775915817155,4907,1761724,pvp,player_1,player_2,169.083,359.778,906.917,522.533,286.306,-89.605,stay,stay,2,2
1775915817155,4908,1761740.8000000715,pvp,player_1,player_2,169.083,359.778,911.689,521.04,286.306,-89.605,stay,stay,2,2
1775915817155,4909,1761757,pvp,player_1,player_2,169.083,359.778,916.461,519.546,286.306,-89.605,stay,stay,2,2
1775915817155,4910,1761773.4000000954,pvp,player_1,player_2,169.083,359.778,921.233,518.053,286.306,-89.605,stay,stay,2,2
1775915817155,4911,1761789.9000000954,pvp,player_1,player_2,169.083,360.033,926.004,516.559,286.306,-89.605,stay,down,2,2
1775915817155,4912,1761807.1000000238,pvp,player_1,player_2,169.083,360.544,930.776,515.066,286.306,-89.605,stay,down,2,2
1775915817155,4913,1761824.1000000238,pvp,player_1,player_2,169.083,361.311,935.548,513.572,286.306,-89.605,stay,down,2,2
1775915817155,4914,1761840.6000000238,pvp,player_1,player_2,169.083,362.333,940.32,512.079,286.306,-89.605,stay,down,2,2
1775915817155,4915,1761857.4000000954,pvp,player_1,player_2,169.083,363.611,945.091,510.586,286.306,-89.605,stay,down,2,2
1775915817155,4916,1761873.5,pvp,player_1,player_2,169.083,365.144,949.863,509.092,286.306,-89.605,stay,down,2,2
1775915817155,4917,1761890.6000000238,pvp,player_1,player_2,169.083,366.933,954.635,507.599,286.306,-89.605,stay,down,2,2
1775915817155,4918,1761907.2000000477,pvp,player_1,player_2,169.083,368.978,959.407,506.105,286.306,-89.605,stay,down,2,2
1775915817155,4919,1761923.7000000477,pvp,player_1,player_2,169.083,371.278,964.179,504.612,286.306,-89.605,stay,down,2,2
1775915817155,4920,1761939.8000000715,pvp,player_1,player_2,169.083,373.833,968.95,503.119,286.306,-89.605,stay,down,2,2
1775915817155,4921,1761956.5,pvp,player_1,player_2,169.083,376.644,480,270,280,0,stay,down,3,2
1775915817155,4922,1761973.7000000477,pvp,player_1,player_2,169.083,379.711,484.667,270,280,0,stay,down,3,2
1775915817155,4923,1761990.4000000954,pvp,player_1,player_2,169.083,383.033,489.333,270,280,0,stay,down,3,2
1775915817155,4924,1762007.4000000954,pvp,player_1,player_2,169.083,386.611,494,270,280,0,stay,down,3,2
1775915817155,4925,1762023.9000000954,pvp,player_1,player_2,169.083,390.444,498.667,270,280,0,stay,down,3,2
1775915817155,4926,1762040.4000000954,pvp,player_1,player_2,169.083,394.533,503.333,270,280,0,stay,down,3,2
1775915817155,4927,1762057.5,pvp,player_1,player_2,169.083,398.878,508,270,280,0,stay,down,3,2
1775915817155,4928,1762074,pvp,player_1,player_2,169.083,403.478,512.667,270,280,0,stay,down,3,2
1775915817155,4929,1762090.5,pvp,player_1,player_2,169.083,408.333,517.333,270,280,0,stay,down,3,2
1775915817155,4930,1762107.1000000238,pvp,player_1,player_2,169.083,413.444,522,270,280,0,stay,down,3,2
1775915817155,4931,1762123.2000000477,pvp,player_1,player_2,169.083,418.811,526.667,270,280,0,stay,down,3,2
1775915817155,4932,1762140.3000000715,pvp,player_1,player_2,169.083,424.433,531.333,270,280,0,stay,down,3,2
1775915817155,4933,1762156.8000000715,pvp,player_1,player_2,169.083,430.311,536,270,280,0,stay,down,3,2
1775915817155,4934,1762173.4000000954,pvp,player_1,player_2,169.083,436.444,540.667,270,280,0,stay,down,3,2
1775915817155,4935,1762190.1000000238,pvp,player_1,player_2,169.083,442.383,545.333,270,280,0,stay,stay,3,2
1775915817155,4936,1762206.5,pvp,player_1,player_2,169.083,444,550,270,280,0,stay,stay,3,2
1775915817155,4937,1762223.2000000477,pvp,player_1,player_2,169.083,444,554.667,270,280,0,stay,stay,3,2
1775915817155,4938,1762239.9000000954,pvp,player_1,player_2,169.083,444,559.333,270,280,0,stay,stay,3,2
1775915817155,4939,1762256.6000000238,pvp,player_1,player_2,169.083,444,564,270,280,0,stay,stay,3,2
1775915817155,4940,1762273.1000000238,pvp,player_1,player_2,169.083,444,568.667,270,280,0,stay,stay,3,2
1775915817155,4941,1762290.1000000238,pvp,player_1,player_2,169.083,444,573.333,270,280,0,stay,stay,3,2
1775915817155,4942,1762306.9000000954,pvp,player_1,player_2,169.083,444,578,270,280,0,stay,stay,3,2
1775915817155,4943,1762323.5,pvp,player_1,player_2,169.083,444,582.667,270,280,0,stay,stay,3,2
1775915817155,4944,1762340.8000000715,pvp,player_1,player_2,169.083,444,587.333,270,280,0,stay,stay,3,2
1775915817155,4945,1762357.8000000715,pvp,player_1,player_2,169.083,444,592,270,280,0,stay,stay,3,2
1775915817155,4946,1762373.7000000477,pvp,player_1,player_2,169.083,444,596.667,270,280,0,stay,stay,3,2
1775915817155,4947,1762390.5,pvp,player_1,player_2,169.083,444,601.333,270,280,0,stay,stay,3,2
1775915817155,4948,1762407.1000000238,pvp,player_1,player_2,169.083,444,606,270,280,0,stay,stay,3,2
1775915817155,4949,1762423.7000000477,pvp,player_1,player_2,169.083,444,610.667,270,280,0,stay,stay,3,2
1775915817155,4950,1762440.9000000954,pvp,player_1,player_2,169.083,444,615.333,270,280,0,stay,stay,3,2
1775915817155,4951,1762457.4000000954,pvp,player_1,player_2,169.083,444,620,270,280,0,stay,stay,3,2
1775915817155,4952,1762474.1000000238,pvp,player_1,player_2,169.083,444,624.667,270,280,0,stay,stay,3,2
1775915817155,4953,1762490.3000000715,pvp,player_1,player_2,169.083,444,629.333,270,280,0,stay,stay,3,2
1775915817155,4954,1762507.6000000238,pvp,player_1,player_2,169.083,444,634,270,280,0,stay,up,3,2
1775915817155,4955,1762523.9000000954,pvp,player_1,player_2,169.083,444,638.667,270,280,0,stay,up,3,2
1775915817155,4956,1762541.1000000238,pvp,player_1,player_2,169.083,444,643.333,270,280,0,stay,up,3,2
1775915817155,4957,1762557.5,pvp,player_1,player_2,169.083,444,648,270,280,0,stay,up,3,2
1775915817155,4958,1762574.3000000715,pvp,player_1,player_2,169.083,444,652.667,270,280,0,stay,up,3,2
1775915817155,4959,1762590.8000000715,pvp,player_1,player_2,169.083,444,657.333,270,280,0,stay,up,3,2
1775915817155,4960,1762607.1000000238,pvp,player_1,player_2,169.083,443.911,662,270,280,0,stay,up,3,2
1775915817155,4961,1762624.3000000715,pvp,player_1,player_2,169.083,443.567,666.667,270,280,0,stay,up,3,2
1775915817155,4962,1762640.5,pvp,player_1,player_2,169.083,442.967,671.333,270,280,0,stay,up,3,2
1775915817155,4963,1762657.3000000715,pvp,player_1,player_2,169.083,442.111,676,270,280,0,stay,up,3,2
1775915817155,4964,1762674,pvp,player_1,player_2,169.083,441,680.667,270,280,0,stay,up,3,2
1775915817155,4965,1762690.8000000715,pvp,player_1,player_2,169.083,439.633,685.333,270,280,0,stay,up,3,2
1775915817155,4966,1762707.5,pvp,player_1,player_2,169.083,438.011,690,270,280,0,stay,up,3,2
1775915817155,4967,1762724.1000000238,pvp,player_1,player_2,169.083,436.133,694.667,270,280,0,stay,up,3,2
1775915817155,4968,1762740.7000000477,pvp,player_1,player_2,169.083,434,699.333,270,280,0,stay,up,3,2
1775915817155,4969,1762757.6000000238,pvp,player_1,player_2,169.083,431.611,704,270,280,0,stay,up,3,2
1775915817155,4970,1762773.5,pvp,player_1,player_2,169.083,428.967,708.667,270,280,0,stay,up,3,2
1775915817155,4971,1762790.4000000954,pvp,player_1,player_2,169.083,426.067,713.333,270,280,0,stay,up,3,2
1775915817155,4972,1762807.1000000238,pvp,player_1,player_2,169.083,422.911,718,270,280,0,stay,up,3,2
1775915817155,4973,1762824.3000000715,pvp,player_1,player_2,169.083,419.5,722.667,270,280,0,stay,up,3,2
1775915817155,4974,1762841,pvp,player_1,player_2,169.083,415.833,727.333,270,280,0,stay,up,3,2
1775915817155,4975,1762856.9000000954,pvp,player_1,player_2,169.083,411.911,732,270,280,0,stay,up,3,2
1775915817155,4976,1762873.7000000477,pvp,player_1,player_2,169.083,407.733,736.667,270,280,0,stay,up,3,2
1775915817155,4977,1762890.7000000477,pvp,player_1,player_2,169.083,403.3,741.333,270,280,0,stay,up,3,2
1775915817155,4978,1762907.3000000715,pvp,player_1,player_2,169.083,398.611,746,270,280,0,stay,up,3,2
1775915817155,4979,1762924,pvp,player_1,player_2,169.083,393.667,750.667,270,280,0,stay,up,3,2
1775915817155,4980,1762940.8000000715,pvp,player_1,player_2,169.083,388.467,755.333,270,280,0,stay,up,3,2
1775915817155,4981,1762957.3000000715,pvp,player_1,player_2,169.083,383.011,760,270,280,0,stay,up,3,2
1775915817155,4982,1762973.4000000954,pvp,player_1,player_2,169.083,377.3,764.667,270,280,0,stay,up,3,2
1775915817155,4983,1762990.5,pvp,player_1,player_2,169.083,371.333,769.333,270,280,0,stay,up,3,2
1775915817155,4984,1763007.9000000954,pvp,player_1,player_2,169.083,365.111,774,270,280,0,stay,up,3,2
1775915817155,4985,1763024.3000000715,pvp,player_1,player_2,169.083,358.633,778.667,270,280,0,stay,up,3,2
1775915817155,4986,1763041,pvp,player_1,player_2,169.083,351.9,783.333,270,280,0,stay,up,3,2
1775915817155,4987,1763057.1000000238,pvp,player_1,player_2,169.083,344.911,788,270,280,0,stay,up,3,2
1775915817155,4988,1763074.3000000715,pvp,player_1,player_2,169.083,337.667,792.667,270,280,0,stay,up,3,2
1775915817155,4989,1763090.4000000954,pvp,player_1,player_2,169.083,330.167,797.333,270,280,0,stay,up,3,2
1775915817155,4990,1763107.5,pvp,player_1,player_2,169.083,322.5,802,270,280,0,stay,up,3,2
1775915817155,4991,1763124,pvp,player_1,player_2,169.083,314.833,806.667,270,280,0,stay,up,3,2
1775915817155,4992,1763140.7000000477,pvp,player_1,player_2,169.083,307.167,811.333,270,280,0,stay,up,3,2
1775915817155,4993,1763157.3000000715,pvp,player_1,player_2,169.083,299.5,816,270,280,0,stay,up,3,2
1775915817155,4994,1763173.6000000238,pvp,player_1,player_2,169.083,291.833,820.667,270,280,0,stay,up,3,2
1775915817155,4995,1763190.6000000238,pvp,player_1,player_2,169.083,284.167,825.333,270,280,0,stay,up,3,2
1775915817155,4996,1763207,pvp,player_1,player_2,169.083,276.5,830,270,280,0,stay,up,3,2
1775915817155,4997,1763224,pvp,player_1,player_2,169.083,268.833,834.667,270,280,0,stay,up,3,2
1775915817155,4998,1763240.3000000715,pvp,player_1,player_2,169.083,261.167,839.333,270,280,0,stay,up,3,2
1775915817155,4999,1763257.7000000477,pvp,player_1,player_2,169.083,253.5,844,270,280,0,stay,up,3,2
1775915817155,5000,1763273.6000000238,pvp,player_1,player_2,169.083,245.833,848.667,270,280,0,stay,up,3,2
1775915817155,5001,1763290.2000000477,pvp,player_1,player_2,169.083,238.361,853.333,270,280,0,stay,stay,3,2
1775915817155,5002,1763307.5,pvp,player_1,player_2,169.083,231.083,858,270,280,0,stay,stay,3,2
1775915817155,5003,1763324.2000000477,pvp,player_1,player_2,169.083,224,862.667,270,280,0,stay,stay,3,2
1775915817155,5004,1763340.7000000477,pvp,player_1,player_2,169.083,217.111,867.333,270,280,0,stay,stay,3,2
1775915817155,5005,1763357.7000000477,pvp,player_1,player_2,169.083,210.417,872,270,280,0,stay,stay,3,2
1775915817155,5006,1763373.8000000715,pvp,player_1,player_2,169.083,203.917,876.667,270,280,0,stay,stay,3,2
1775915817155,5007,1763390.8000000715,pvp,player_1,player_2,169.083,197.611,881.333,270,280,0,stay,stay,3,2
1775915817155,5008,1763407.6000000238,pvp,player_1,player_2,169.083,191.5,886,270,280,0,stay,stay,3,2
1775915817155,5009,1763424.1000000238,pvp,player_1,player_2,169.083,185.583,890.667,270,280,0,stay,stay,3,2
1775915817155,5010,1763440.9000000954,pvp,player_1,player_2,169.083,179.861,895.333,270,280,0,stay,stay,3,2
1775915817155,5011,1763457.6000000238,pvp,player_1,player_2,169.083,174.333,900,270,280,0,stay,stay,3,2
1775915817155,5012,1763474.2000000477,pvp,player_1,player_2,169.083,169,904.667,270,280,0,stay,stay,3,2
1775915817155,5013,1763491,pvp,player_1,player_2,169.083,163.861,909.333,270,280,0,stay,stay,3,2
1775915817155,5014,1763507.4000000954,pvp,player_1,player_2,169.083,158.917,914,270,280,0,stay,stay,3,2
1775915817155,5015,1763524,pvp,player_1,player_2,169.083,154.167,918.667,270,280,0,stay,stay,3,2
1775915817155,5016,1763540.6000000238,pvp,player_1,player_2,169.083,149.611,923.333,270,280,0,stay,stay,3,2
1775915817155,5017,1763557.2000000477,pvp,player_1,player_2,169.083,145.417,928,270,280,0,stay,down,3,2
1775915817155,5018,1763573.7000000477,pvp,player_1,player_2,169.083,141.583,932.667,270,280,0,stay,down,3,2
1775915817155,5019,1763591,pvp,player_1,player_2,169.083,138.111,937.333,270,280,0,stay,down,3,2
1775915817155,5020,1763607,pvp,player_1,player_2,169.083,135,942,270,280,0,stay,down,3,2
1775915817155,5021,1763624.2000000477,pvp,player_1,player_2,169.083,132.25,946.667,270,280,0,stay,down,3,2
1775915817155,5022,1763640.6000000238,pvp,player_1,player_2,169.083,129.861,951.333,270,280,0,stay,down,3,2
1775915817155,5023,1763657.5,pvp,player_1,player_2,169.083,127.833,956,270,280,0,stay,down,3,2
1775915817155,5024,1763674.1000000238,pvp,player_1,player_2,169.083,126.167,960.667,270,280,0,stay,down,3,2
1775915817155,5025,1763691,pvp,player_1,player_2,169.083,124.861,965.333,270,280,0,stay,down,3,2
1775915817155,5026,1763707.3000000715,pvp,player_1,player_2,169.083,123.917,970,270,280,0,stay,down,3,2
1775915817155,5027,1763724,pvp,player_1,player_2,169.083,123.333,480,270,280,0,stay,down,4,2
1775915817155,5028,1763740.6000000238,pvp,player_1,player_2,169.083,123.111,484.667,270,280,0,stay,down,4,2
1775915817155,5029,1763757.4000000954,pvp,player_1,player_2,169.083,123.25,489.333,270,280,0,stay,down,4,2
1775915817155,5030,1763773.5,pvp,player_1,player_2,169.083,123.644,494,270,280,0,stay,down,4,2
1775915817155,5031,1763790.3000000715,pvp,player_1,player_2,169.083,124.294,498.667,270,280,0,stay,down,4,2
1775915817155,5032,1763806.9000000954,pvp,player_1,player_2,169.083,125.2,503.333,270,280,0,stay,down,4,2
1775915817155,5033,1763823.7000000477,pvp,player_1,player_2,169.083,126.361,508,270,280,0,stay,down,4,2
1775915817155,5034,1763840.8000000715,pvp,player_1,player_2,169.083,127.778,512.667,270,280,0,stay,down,4,2
1775915817155,5035,1763857.3000000715,pvp,player_1,player_2,169.083,129.45,517.333,270,280,0,stay,down,4,2
1775915817155,5036,1763874.1000000238,pvp,player_1,player_2,169.083,131.378,522,270,280,0,stay,down,4,2
1775915817155,5037,1763890.6000000238,pvp,player_1,player_2,169.083,133.111,526.667,270,280,0,stay,stay,4,2
1775915817155,5038,1763907.5,pvp,player_1,player_2,169.083,134.65,531.333,270,280,0,stay,stay,4,2
1775915817155,5039,1763923.9000000954,pvp,player_1,player_2,169.083,135.994,536,270,280,0,stay,stay,4,2
1775915817155,5040,1763940.1000000238,pvp,player_1,player_2,169.083,137.144,540.667,270,280,0,stay,stay,4,2
1775915817155,5041,1763957,pvp,player_1,player_2,169.083,138.1,545.333,270,280,0,stay,stay,4,2
1775915817155,5042,1763974.1000000238,pvp,player_1,player_2,169.083,138.861,550,270,280,0,stay,stay,4,2
1775915817155,5043,1763990,pvp,player_1,player_2,169.083,139.428,554.667,270,280,0,stay,stay,4,2
1775915817155,5044,1764007.6000000238,pvp,player_1,player_2,169.083,139.8,559.333,270,280,0,stay,stay,4,2
1775915817155,5045,1764024,pvp,player_1,player_2,169.083,139.8,564,270,280,0,stay,stay,4,2
1775915817155,5046,1764040.6000000238,pvp,player_1,player_2,169.083,139.8,568.667,270,280,0,stay,stay,4,2
1775915817155,5047,1764057,pvp,player_1,player_2,169.083,139.8,573.333,270,280,0,stay,stay,4,2
1775915817155,5048,1764073.9000000954,pvp,player_1,player_2,169.083,139.8,578,270,280,0,stay,stay,4,2
1775915817155,5049,1764090.7000000477,pvp,player_1,player_2,169.083,139.8,582.667,270,280,0,stay,stay,4,2
1775915817155,5050,1764106.9000000954,pvp,player_1,player_2,169.083,139.8,587.333,270,280,0,stay,stay,4,2
1775915817155,5051,1764123.8000000715,pvp,player_1,player_2,169.083,139.8,592,270,280,0,stay,stay,4,2
1775915817155,5052,1764140.7000000477,pvp,player_1,player_2,169.083,139.8,596.667,270,280,0,stay,stay,4,2
1775915817155,5053,1764157.2000000477,pvp,player_1,player_2,169.083,139.8,601.333,270,280,0,stay,stay,4,2
1775915817155,5054,1764174.1000000238,pvp,player_1,player_2,169.083,139.8,606,270,280,0,stay,stay,4,2
1775915817155,5055,1764190.6000000238,pvp,player_1,player_2,169.083,139.8,610.667,270,280,0,stay,stay,4,2
1775915817155,5056,1764207.2000000477,pvp,player_1,player_2,169.083,139.8,615.333,270,280,0,stay,stay,4,2
1775915817155,5057,1764223.8000000715,pvp,player_1,player_2,169.083,139.8,620,270,280,0,stay,stay,4,2
1775915817155,5058,1764240.6000000238,pvp,player_1,player_2,169.083,139.8,624.667,270,280,0,stay,stay,4,2
1775915817155,5059,1764257.2000000477,pvp,player_1,player_2,169.083,139.8,629.333,270,280,0,stay,stay,4,2
1775915817155,5060,1764274,pvp,player_1,player_2,169.083,139.8,634,270,280,0,stay,stay,4,2
1775915817155,5061,1764290.3000000715,pvp,player_1,player_2,169.083,139.8,638.667,270,280,0,stay,stay,4,2
1775915817155,5062,1764307.1000000238,pvp,player_1,player_2,169.083,139.8,643.333,270,280,0,stay,stay,4,2
1775915817155,5063,1764323.7000000477,pvp,player_1,player_2,169.083,139.8,648,270,280,0,stay,stay,4,2
1775915817155,5064,1764340.6000000238,pvp,player_1,player_2,169.083,139.8,652.667,270,280,0,stay,stay,4,2
1775915817155,5065,1764357.2000000477,pvp,player_1,player_2,169.083,139.8,657.333,270,280,0,stay,stay,4,2
1775915817155,5066,1764373.5,pvp,player_1,player_2,169.083,139.8,662,270,280,0,stay,stay,4,2
1775915817155,5067,1764390.7000000477,pvp,player_1,player_2,169.083,140.056,666.667,270,280,0,stay,down,4,2
1775915817155,5068,1764407.1000000238,pvp,player_1,player_2,169.083,140.567,671.333,270,280,0,stay,down,4,2
1775915817155,5069,1764424.2000000477,pvp,player_1,player_2,169.083,141.333,676,270,280,0,stay,down,4,2
1775915817155,5070,1764440.7000000477,pvp,player_1,player_2,169.083,142.356,680.667,270,280,0,stay,down,4,2
1775915817155,5071,1764457.2000000477,pvp,player_1,player_2,169.083,143.633,685.333,270,280,0,stay,down,4,2
1775915817155,5072,1764473.7000000477,pvp,player_1,player_2,169.083,145.167,690,270,280,0,stay,down,4,2
1775915817155,5073,1764491,pvp,player_1,player_2,169.083,146.956,694.667,270,280,0,stay,down,4,2
1775915817155,5074,1764507.1000000238,pvp,player_1,player_2,169.083,149,699.333,270,280,0,stay,down,4,2
1775915817155,5075,1764524.1000000238,pvp,player_1,player_2,169.083,151.3,704,270,280,0,stay,down,4,2
1775915817155,5076,1764540.2000000477,pvp,player_1,player_2,169.083,153.856,708.667,270,280,0,stay,down,4,2
1775915817155,5077,1764557,pvp,player_1,player_2,169.083,156.667,713.333,270,280,0,stay,down,4,2
1775915817155,5078,1764573.9000000954,pvp,player_1,player_2,169.083,159.733,718,270,280,0,stay,down,4,2
1775915817155,5079,1764590.7000000477,pvp,player_1,player_2,169.083,163.056,722.667,270,280,0,stay,down,4,2
1775915817155,5080,1764607.2000000477,pvp,player_1,player_2,169.083,166.633,727.333,270,280,0,stay,down,4,2
1775915817155,5081,1764624.1000000238,pvp,player_1,player_2,169.083,170.467,732,270,280,0,stay,down,4,2
1775915817155,5082,1764640.4000000954,pvp,player_1,player_2,169.083,174.556,736.667,270,280,0,stay,down,4,2
1775915817155,5083,1764657.1000000238,pvp,player_1,player_2,169.083,178.9,741.333,270,280,0,stay,down,4,2
1775915817155,5084,1764673.7000000477,pvp,player_1,player_2,169.083,183.5,746,270,280,0,stay,down,4,2
1775915817155,5085,1764690.4000000954,pvp,player_1,player_2,169.083,188.356,750.667,270,280,0,stay,down,4,2
1775915817155,5086,1764706.9000000954,pvp,player_1,player_2,169.083,193.017,755.333,270,280,0,stay,stay,4,2
1775915817155,5087,1764724,pvp,player_1,player_2,169.083,197.483,760,270,280,0,stay,stay,4,2
1775915817155,5088,1764740.4000000954,pvp,player_1,player_2,169.083,201.756,764.667,270,280,0,stay,stay,4,2
1775915817155,5089,1764757.1000000238,pvp,player_1,player_2,169.083,205.833,769.333,270,280,0,stay,stay,4,2
1775915817155,5090,1764773.5,pvp,player_1,player_2,169.083,209.717,774,270,280,0,stay,stay,4,2
1775915817155,5091,1764790,pvp,player_1,player_2,169.083,213.406,778.667,270,280,0,stay,stay,4,2
1775915817155,5092,1764807,pvp,player_1,player_2,169.083,216.9,783.333,270,280,0,stay,stay,4,2
1775915817155,5093,1764823.9000000954,pvp,player_1,player_2,169.083,220.2,788,270,280,0,stay,stay,4,2
1775915817155,5094,1764840.1000000238,pvp,player_1,player_2,169.083,223.306,792.667,270,280,0,stay,stay,4,2
1775915817155,5095,1764857.1000000238,pvp,player_1,player_2,169.083,226.217,797.333,270,280,0,stay,stay,4,2
1775915817155,5096,1764873.8000000715,pvp,player_1,player_2,169.083,228.933,802,270,280,0,stay,stay,4,2
1775915817155,5097,1764890.3000000715,pvp,player_1,player_2,169.083,231.289,806.667,270,280,0,stay,up,4,2
1775915817155,5098,1764907.2000000477,pvp,player_1,player_2,169.083,233.283,811.333,270,280,0,stay,up,4,2
1775915817155,5099,1764924.1000000238,pvp,player_1,player_2,169.083,234.917,816,270,280,0,stay,up,4,2
1775915817155,5100,1764940.1000000238,pvp,player_1,player_2,169.083,236.189,820.667,270,280,0,stay,up,4,2
1775915817155,5101,1764957.2000000477,pvp,player_1,player_2,169.083,237.1,825.333,270,280,0,stay,up,4,2
1775915817155,5102,1764974.1000000238,pvp,player_1,player_2,169.083,237.65,830,270,280,0,stay,up,4,2
1775915817155,5103,1764990.7000000477,pvp,player_1,player_2,169.083,237.839,834.667,270,280,0,stay,up,4,2
1775915817155,5104,1765006.5,pvp,player_1,player_2,169.083,237.667,839.333,270,280,0,stay,up,4,2
1775915817155,5105,1765023.3000000715,pvp,player_1,player_2,169.083,237.239,844,270,280,0,stay,up,4,2
1775915817155,5106,1765040.1000000238,pvp,player_1,player_2,169.083,236.556,848.667,270,280,0,stay,up,4,2
1775915817155,5107,1765057.1000000238,pvp,player_1,player_2,169.083,235.617,853.333,270,280,0,stay,up,4,2
1775915817155,5108,1765073.9000000954,pvp,player_1,player_2,169.083,234.422,858,270,280,0,stay,up,4,2
1775915817155,5109,1765090.6000000238,pvp,player_1,player_2,169.083,232.972,862.667,270,280,0,stay,up,4,2
1775915817155,5110,1765107,pvp,player_1,player_2,169.083,231.267,867.333,270,280,0,stay,up,4,2
1775915817155,5111,1765124,pvp,player_1,player_2,169.083,229.306,872,270,280,0,stay,up,4,2
1775915817155,5112,1765140.5,pvp,player_1,player_2,169.083,227.089,876.667,270,280,0,stay,up,4,2
1775915817155,5113,1765157.1000000238,pvp,player_1,player_2,169.083,224.617,881.333,270,280,0,stay,up,4,2
1775915817155,5114,1765174,pvp,player_1,player_2,169.083,221.889,886,270,280,0,stay,up,4,2
1775915817155,5115,1765190.7000000477,pvp,player_1,player_2,169.083,218.906,890.667,270,280,0,stay,up,4,2
1775915817155,5116,1765207.2000000477,pvp,player_1,player_2,169.083,215.667,895.333,270,280,0,stay,up,4,2
1775915817155,5117,1765223.5,pvp,player_1,player_2,169.083,212.172,900,270,280,0,stay,up,4,2
1775915817155,5118,1765240.5,pvp,player_1,player_2,169.083,208.422,904.667,270,280,0,stay,up,4,2
1775915817155,5119,1765257.2000000477,pvp,player_1,player_2,169.083,204.417,909.333,270,280,0,stay,up,4,2
1775915817155,5120,1765274.2000000477,pvp,player_1,player_2,169.083,200.156,912,270,-260.898,148.096,stay,up,4,2
1775915817155,5121,1765290.8000000715,pvp,player_1,player_2,169.083,195.639,907.652,272.468,-260.898,148.096,stay,up,4,2
1775915817155,5122,1765307.2000000477,pvp,player_1,player_2,169.083,190.867,903.303,274.937,-260.898,148.096,stay,up,4,2
1775915817155,5123,1765323.6000000238,pvp,player_1,player_2,169.083,185.839,898.955,277.405,-260.898,148.096,stay,up,4,2
1775915817155,5124,1765340.8000000715,pvp,player_1,player_2,169.083,180.556,894.607,279.873,-260.898,148.096,stay,up,4,2
1775915817155,5125,1765356.8000000715,pvp,player_1,player_2,169.083,175.017,890.259,282.341,-260.898,148.096,stay,up,4,2
1775915817155,5126,1765373.8000000715,pvp,player_1,player_2,169.083,169.222,885.91,284.81,-260.898,148.096,stay,up,4,2
1775915817155,5127,1765390.4000000954,pvp,player_1,player_2,169.083,163.172,881.562,287.278,-260.898,148.096,stay,up,4,2
1775915817155,5128,1765407.1000000238,pvp,player_1,player_2,169.083,156.867,877.214,289.746,-260.898,148.096,stay,up,4,2
1775915817155,5129,1765423.9000000954,pvp,player_1,player_2,169.083,150.306,872.865,292.214,-260.898,148.096,stay,up,4,2
1775915817155,5130,1765440.1000000238,pvp,player_1,player_2,169.083,143.939,868.517,294.683,-260.898,148.096,stay,stay,4,2
1775915817155,5131,1765457.2000000477,pvp,player_1,player_2,169.083,137.767,864.169,297.151,-260.898,148.096,stay,stay,4,2
1775915817155,5132,1765474,pvp,player_1,player_2,169.083,131.789,859.82,299.619,-260.898,148.096,stay,stay,4,2
1775915817155,5133,1765490.8000000715,pvp,player_1,player_2,169.083,126.006,855.472,302.087,-260.898,148.096,stay,stay,4,2
1775915817155,5134,1765507.3000000715,pvp,player_1,player_2,169.083,120.417,851.124,304.556,-260.898,148.096,stay,stay,4,2
1775915817155,5135,1765524,pvp,player_1,player_2,169.083,115.022,846.776,307.024,-260.898,148.096,stay,stay,4,2
1775915817155,5136,1765540.2000000477,pvp,player_1,player_2,169.083,109.822,842.427,309.492,-260.898,148.096,stay,stay,4,2
1775915817155,5137,1765557,pvp,player_1,player_2,169.083,104.817,838.079,311.961,-260.898,148.096,stay,stay,4,2
1775915817155,5138,1765574,pvp,player_1,player_2,169.083,100.006,833.731,314.429,-260.898,148.096,stay,stay,4,2
1775915817155,5139,1765590.1000000238,pvp,player_1,player_2,169.083,95.389,829.382,316.897,-260.898,148.096,stay,stay,4,2
1775915817155,5140,1765607,pvp,player_1,player_2,169.083,90.967,825.034,319.365,-260.898,148.096,stay,stay,4,2
1775915817155,5141,1765624,pvp,player_1,player_2,169.083,86.739,820.686,321.834,-260.898,148.096,stay,stay,4,2
1775915817155,5142,1765640.8000000715,pvp,player_1,player_2,169.083,82.706,816.338,324.302,-260.898,148.096,stay,stay,4,2
1775915817155,5143,1765656.9000000954,pvp,player_1,player_2,169.083,78.867,811.989,326.77,-260.898,148.096,stay,stay,4,2
1775915817155,5144,1765673.8000000715,pvp,player_1,player_2,169.083,75.222,807.641,329.238,-260.898,148.096,stay,stay,4,2
1775915817155,5145,1765690.6000000238,pvp,player_1,player_2,169.083,71.772,803.293,331.707,-260.898,148.096,stay,stay,4,2
1775915817155,5146,1765707,pvp,player_1,player_2,169.083,68.517,798.944,334.175,-260.898,148.096,stay,stay,4,2
1775915817155,5147,1765724.1000000238,pvp,player_1,player_2,169.083,65.456,794.596,336.643,-260.898,148.096,stay,stay,4,2
1775915817155,5148,1765740.7000000477,pvp,player_1,player_2,169.083,62.589,790.248,339.112,-260.898,148.096,stay,stay,4,2
1775915817155,5149,1765757,pvp,player_1,player_2,169.083,59.917,785.9,341.58,-260.898,148.096,stay,stay,4,2
1775915817155,5150,1765773.3000000715,pvp,player_1,player_2,169.083,57.439,781.551,344.048,-260.898,148.096,stay,stay,4,2
1775915817155,5151,1765790.4000000954,pvp,player_1,player_2,169.083,55.156,777.203,346.516,-260.898,148.096,stay,stay,4,2
1775915817155,5152,1765806.9000000954,pvp,player_1,player_2,169.083,53.067,772.855,348.985,-260.898,148.096,stay,stay,4,2
1775915817155,5153,1765824,pvp,player_1,player_2,169.083,51.172,768.506,351.453,-260.898,148.096,stay,stay,4,2
1775915817155,5154,1765840.3000000715,pvp,player_1,player_2,169.083,49.472,764.158,353.921,-260.898,148.096,stay,stay,4,2
1775915817155,5155,1765857.3000000715,pvp,player_1,player_2,169.083,47.967,759.81,356.389,-260.898,148.096,stay,stay,4,2
1775915817155,5156,1765873.5,pvp,player_1,player_2,169.083,46.656,755.461,358.858,-260.898,148.096,stay,stay,4,2
1775915817155,5157,1765890.6000000238,pvp,player_1,player_2,169.083,45.539,751.113,361.326,-260.898,148.096,stay,stay,4,2
1775915817155,5158,1765907.1000000238,pvp,player_1,player_2,169.083,44.617,746.765,363.794,-260.898,148.096,stay,stay,4,2
1775915817155,5159,1765923.7000000477,pvp,player_1,player_2,169.083,43.889,742.417,366.262,-260.898,148.096,stay,stay,4,2
1775915817155,5160,1765940.3000000715,pvp,player_1,player_2,169.083,43.356,738.068,368.731,-260.898,148.096,stay,stay,4,2
1775915817155,5161,1765957.3000000715,pvp,player_1,player_2,169.083,43.017,733.72,371.199,-260.898,148.096,stay,stay,4,2
1775915817155,5162,1765974.2000000477,pvp,player_1,player_2,169.083,43.017,729.372,373.667,-260.898,148.096,stay,stay,4,2
1775915817155,5163,1765990.1000000238,pvp,player_1,player_2,169.083,43.017,725.023,376.136,-260.898,148.096,stay,stay,4,2
1775915817155,5164,1766007.2000000477,pvp,player_1,player_2,169.083,43.017,720.675,378.604,-260.898,148.096,stay,stay,4,2
1775915817155,5165,1766024,pvp,player_1,player_2,169.083,43.017,716.327,381.072,-260.898,148.096,stay,stay,4,2
1775915817155,5166,1766040.8000000715,pvp,player_1,player_2,169.083,43.017,711.979,383.54,-260.898,148.096,stay,stay,4,2
1775915817155,5167,1766057.2000000477,pvp,player_1,player_2,169.083,43.017,707.63,386.009,-260.898,148.096,stay,stay,4,2
1775915817155,5168,1766074.2000000477,pvp,player_1,player_2,169.083,43.017,703.282,388.477,-260.898,148.096,stay,stay,4,2
1775915817155,5169,1766090.6000000238,pvp,player_1,player_2,169.083,43.017,698.934,390.945,-260.898,148.096,stay,stay,4,2
1775915817155,5170,1766107.1000000238,pvp,player_1,player_2,169.083,43.017,694.585,393.413,-260.898,148.096,stay,stay,4,2
1775915817155,5171,1766124.2000000477,pvp,player_1,player_2,169.083,43.017,690.237,395.882,-260.898,148.096,stay,stay,4,2
1775915817155,5172,1766140.8000000715,pvp,player_1,player_2,169.083,43.017,685.889,398.35,-260.898,148.096,stay,stay,4,2
1775915817155,5173,1766157.2000000477,pvp,player_1,player_2,169.083,43.017,681.54,400.818,-260.898,148.096,stay,stay,4,2
1775915817155,5174,1766174,pvp,player_1,player_2,169.083,43.017,677.192,403.287,-260.898,148.096,stay,stay,4,2
1775915817155,5175,1766190.8000000715,pvp,player_1,player_2,169.083,43.017,672.844,405.755,-260.898,148.096,stay,stay,4,2
1775915817155,5176,1766206.8000000715,pvp,player_1,player_2,169.083,43.017,668.496,408.223,-260.898,148.096,stay,stay,4,2
1775915817155,5177,1766223.6000000238,pvp,player_1,player_2,169.083,43.017,664.147,410.691,-260.898,148.096,stay,stay,4,2
1775915817155,5178,1766240.1000000238,pvp,player_1,player_2,169.083,43.017,659.799,413.16,-260.898,148.096,stay,stay,4,2
1775915817155,5179,1766257.1000000238,pvp,player_1,player_2,169.083,43.017,655.451,415.628,-260.898,148.096,stay,stay,4,2
1775915817155,5180,1766273.3000000715,pvp,player_1,player_2,169.083,43.017,651.102,418.096,-260.898,148.096,stay,stay,4,2
1775915817155,5181,1766290.4000000954,pvp,player_1,player_2,169.083,43.017,646.754,420.564,-260.898,148.096,stay,stay,4,2
1775915817155,5182,1766307.1000000238,pvp,player_1,player_2,169.083,43.017,642.406,423.033,-260.898,148.096,stay,stay,4,2
1775915817155,5183,1766323.8000000715,pvp,player_1,player_2,169.083,43.017,638.058,425.501,-260.898,148.096,stay,stay,4,2
1775915817155,5184,1766340.6000000238,pvp,player_1,player_2,169.083,43.017,633.709,427.969,-260.898,148.096,stay,stay,4,2
1775915817155,5185,1766357.1000000238,pvp,player_1,player_2,169.083,43.017,629.361,430.437,-260.898,148.096,stay,stay,4,2
1775915817155,5186,1766373.9000000954,pvp,player_1,player_2,169.083,43.017,625.013,432.906,-260.898,148.096,stay,stay,4,2
1775915817155,5187,1766390.1000000238,pvp,player_1,player_2,169.083,43.017,620.664,435.374,-260.898,148.096,stay,stay,4,2
1775915817155,5188,1766407.2000000477,pvp,player_1,player_2,168.828,43.017,616.316,437.842,-260.898,148.096,up,stay,4,2
1775915817155,5189,1766423.5,pvp,player_1,player_2,168.317,43.017,611.968,440.311,-260.898,148.096,up,stay,4,2
1775915817155,5190,1766440.5,pvp,player_1,player_2,167.55,43.017,607.62,442.779,-260.898,148.096,up,stay,4,2
1775915817155,5191,1766457.1000000238,pvp,player_1,player_2,166.528,43.017,603.271,445.247,-260.898,148.096,up,stay,4,2
1775915817155,5192,1766473.9000000954,pvp,player_1,player_2,165.25,43.017,598.923,447.715,-260.898,148.096,up,stay,4,2
1775915817155,5193,1766490.5,pvp,player_1,player_2,163.717,43.017,594.575,450.184,-260.898,148.096,up,stay,4,2
1775915817155,5194,1766507.2000000477,pvp,player_1,player_2,161.928,43.017,590.226,452.652,-260.898,148.096,up,stay,4,2
1775915817155,5195,1766524,pvp,player_1,player_2,159.883,43.017,585.878,455.12,-260.898,148.096,up,stay,4,2
1775915817155,5196,1766540.7000000477,pvp,player_1,player_2,157.583,43.017,581.53,457.588,-260.898,148.096,up,stay,4,2
1775915817155,5197,1766557,pvp,player_1,player_2,155.028,43.017,577.181,460.057,-260.898,148.096,up,stay,4,2
1775915817155,5198,1766573.9000000954,pvp,player_1,player_2,152.217,43.017,572.833,462.525,-260.898,148.096,up,stay,4,2
1775915817155,5199,1766590.8000000715,pvp,player_1,player_2,149.15,43.017,568.485,464.993,-260.898,148.096,up,stay,4,2
1775915817155,5200,1766606.6000000238,pvp,player_1,player_2,145.828,43.017,564.137,467.462,-260.898,148.096,up,stay,4,2
1775915817155,5201,1766623.2000000477,pvp,player_1,player_2,142.25,43.017,559.788,469.93,-260.898,148.096,up,stay,4,2
1775915817155,5202,1766639.9000000954,pvp,player_1,player_2,138.417,43.017,555.44,472.398,-260.898,148.096,up,stay,4,2
1775915817155,5203,1766656.6000000238,pvp,player_1,player_2,134.328,43.017,551.092,474.866,-260.898,148.096,up,stay,4,2
1775915817155,5204,1766673.2000000477,pvp,player_1,player_2,129.983,43.017,546.743,477.335,-260.898,148.096,up,stay,4,2
1775915817155,5205,1766690.3000000715,pvp,player_1,player_2,125.383,43.017,542.395,479.803,-260.898,148.096,up,stay,4,2
1775915817155,5206,1766707.1000000238,pvp,player_1,player_2,120.528,43.017,538.047,482.271,-260.898,148.096,up,stay,4,2
1775915817155,5207,1766724.1000000238,pvp,player_1,player_2,115.417,43.017,533.699,484.739,-260.898,148.096,up,stay,4,2
1775915817155,5208,1766740.7000000477,pvp,player_1,player_2,110.05,43.017,529.35,487.208,-260.898,148.096,up,stay,4,2
1775915817155,5209,1766757.5,pvp,player_1,player_2,104.428,43.017,525.002,489.676,-260.898,148.096,up,stay,4,2
1775915817155,5210,1766773.3000000715,pvp,player_1,player_2,98.55,43.017,520.654,492.144,-260.898,148.096,up,stay,4,2
1775915817155,5211,1766790.4000000954,pvp,player_1,player_2,92.417,43.017,516.305,494.612,-260.898,148.096,up,stay,4,2
1775915817155,5212,1766807.2000000477,pvp,player_1,player_2,86.028,43.017,511.957,497.081,-260.898,148.096,up,stay,4,2
1775915817155,5213,1766823.8000000715,pvp,player_1,player_2,79.383,43.017,507.609,499.549,-260.898,148.096,up,stay,4,2
1775915817155,5214,1766840.8000000715,pvp,player_1,player_2,72.483,43.017,503.26,502.017,-260.898,148.096,up,stay,4,2
1775915817155,5215,1766857.1000000238,pvp,player_1,player_2,65.328,43.017,498.912,504.486,-260.898,148.096,up,stay,4,2
1775915817155,5216,1766874.1000000238,pvp,player_1,player_2,57.917,43.017,494.564,506.954,-260.898,148.096,up,stay,4,2
1775915817155,5217,1766890.4000000954,pvp,player_1,player_2,50.25,43.017,490.216,509.422,-260.898,148.096,up,stay,4,2
1775915817155,5218,1766906.5,pvp,player_1,player_2,42.778,43.017,485.867,511.89,-260.898,148.096,stay,stay,4,2
1775915817155,5219,1766923.6000000238,pvp,player_1,player_2,35.5,43.017,481.519,514.359,-260.898,148.096,stay,stay,4,2
1775915817155,5220,1766939.9000000954,pvp,player_1,player_2,28.417,43.017,477.171,516.827,-260.898,148.096,stay,stay,4,2
1775915817155,5221,1766956.7000000477,pvp,player_1,player_2,21.528,43.017,472.822,519.295,-260.898,148.096,stay,stay,4,2
1775915817155,5222,1766973.8000000715,pvp,player_1,player_2,14.833,43.017,468.474,521.763,-260.898,148.096,stay,stay,4,2
1775915817155,5223,1766990.4000000954,pvp,player_1,player_2,8.333,43.017,464.126,524.232,-260.898,148.096,stay,stay,4,2
1775915817155,5224,1767007,pvp,player_1,player_2,2.028,43.017,459.778,526.7,-260.898,148.096,stay,stay,4,2
1775915817155,5225,1767023.3000000715,pvp,player_1,player_2,0,43.017,455.429,529.168,-260.898,148.096,stay,stay,4,2
1775915817155,5226,1767040.6000000238,pvp,player_1,player_2,0,43.017,451.081,530,-260.898,-148.096,stay,stay,4,2
1775915817155,5227,1767057,pvp,player_1,player_2,0,43.017,446.733,527.532,-260.898,-148.096,stay,stay,4,2
1775915817155,5228,1767074.5,pvp,player_1,player_2,0,43.017,442.384,525.063,-260.898,-148.096,stay,stay,4,2
1775915817155,5229,1767090.6000000238,pvp,player_1,player_2,0,43.017,438.036,522.595,-260.898,-148.096,down,stay,4,2
1775915817155,5230,1767107.3000000715,pvp,player_1,player_2,0,43.017,433.688,520.127,-260.898,-148.096,down,stay,4,2
1775915817155,5231,1767123.8000000715,pvp,player_1,player_2,0,43.017,429.34,517.659,-260.898,-148.096,down,stay,4,2
1775915817155,5232,1767140.2000000477,pvp,player_1,player_2,0,43.017,424.991,515.19,-260.898,-148.096,down,stay,4,2
1775915817155,5233,1767157.1000000238,pvp,player_1,player_2,0,43.017,420.643,512.722,-260.898,-148.096,down,stay,4,2
1775915817155,5234,1767173.9000000954,pvp,player_1,player_2,0,43.017,416.295,510.254,-260.898,-148.096,down,stay,4,2
1775915817155,5235,1767190.5,pvp,player_1,player_2,0,43.017,411.946,507.786,-260.898,-148.096,down,stay,4,2
1775915817155,5236,1767207,pvp,player_1,player_2,0,43.017,407.598,505.317,-260.898,-148.096,down,stay,4,2
1775915817155,5237,1767223.9000000954,pvp,player_1,player_2,0,43.017,403.25,502.849,-260.898,-148.096,down,stay,4,2
1775915817155,5238,1767240.6000000238,pvp,player_1,player_2,0,43.017,398.901,500.381,-260.898,-148.096,down,stay,4,2
1775915817155,5239,1767257.1000000238,pvp,player_1,player_2,0,43.017,394.553,497.913,-260.898,-148.096,down,stay,4,2
1775915817155,5240,1767273.7000000477,pvp,player_1,player_2,0,43.017,390.205,495.444,-260.898,-148.096,down,stay,4,2
1775915817155,5241,1767290.5,pvp,player_1,player_2,0,43.017,385.857,492.976,-260.898,-148.096,down,stay,4,2
1775915817155,5242,1767307.1000000238,pvp,player_1,player_2,0,43.017,381.508,490.508,-260.898,-148.096,down,stay,4,2
1775915817155,5243,1767323.8000000715,pvp,player_1,player_2,0,43.017,377.16,488.039,-260.898,-148.096,down,stay,4,2
1775915817155,5244,1767340.6000000238,pvp,player_1,player_2,0.25,43.017,372.812,485.571,-260.898,-148.096,down,stay,4,2
1775915817155,5245,1767357.2000000477,pvp,player_1,player_2,0.756,43.017,368.463,483.103,-260.898,-148.096,down,stay,4,2
1775915817155,5246,1767374,pvp,player_1,player_2,1.517,43.017,364.115,480.635,-260.898,-148.096,down,stay,4,2
1775915817155,5247,1767391.1000000238,pvp,player_1,player_2,2.533,43.017,359.767,478.166,-260.898,-148.096,down,stay,4,2
1775915817155,5248,1767406.8000000715,pvp,player_1,player_2,3.806,43.017,355.419,475.698,-260.898,-148.096,down,stay,4,2
1775915817155,5249,1767423.8000000715,pvp,player_1,player_2,5.333,43.017,351.07,473.23,-260.898,-148.096,down,stay,4,2
1775915817155,5250,1767440.5,pvp,player_1,player_2,7.117,43.017,346.722,470.762,-260.898,-148.096,down,stay,4,2
1775915817155,5251,1767457.2000000477,pvp,player_1,player_2,9.156,43.017,342.374,468.293,-260.898,-148.096,down,stay,4,2
1775915817155,5252,1767473.8000000715,pvp,player_1,player_2,11.45,43.017,338.025,465.825,-260.898,-148.096,down,stay,4,2
1775915817155,5253,1767490.7000000477,pvp,player_1,player_2,14,43.017,333.677,463.357,-260.898,-148.096,down,stay,4,2
1775915817155,5254,1767507.2000000477,pvp,player_1,player_2,16.806,43.017,329.329,460.888,-260.898,-148.096,down,stay,4,2
1775915817155,5255,1767523.7000000477,pvp,player_1,player_2,19.867,43.017,324.98,458.42,-260.898,-148.096,down,stay,4,2
1775915817155,5256,1767540.4000000954,pvp,player_1,player_2,23.183,43.017,320.632,455.952,-260.898,-148.096,down,stay,4,2
1775915817155,5257,1767557.2000000477,pvp,player_1,player_2,26.756,43.017,316.284,453.484,-260.898,-148.096,down,stay,4,2
1775915817155,5258,1767574.2000000477,pvp,player_1,player_2,30.583,43.017,311.936,451.015,-260.898,-148.096,down,stay,4,2
1775915817155,5259,1767590.7000000477,pvp,player_1,player_2,34.667,43.017,307.587,448.547,-260.898,-148.096,down,stay,4,2
1775915817155,5260,1767607.1000000238,pvp,player_1,player_2,39.006,43.017,303.239,446.079,-260.898,-148.096,down,stay,4,2
1775915817155,5261,1767623.9000000954,pvp,player_1,player_2,43.6,43.017,298.891,443.611,-260.898,-148.096,down,stay,4,2
1775915817155,5262,1767640.4000000954,pvp,player_1,player_2,48.45,43.017,294.542,441.142,-260.898,-148.096,down,stay,4,2
1775915817155,5263,1767656.9000000954,pvp,player_1,player_2,53.556,43.017,290.194,438.674,-260.898,-148.096,down,stay,4,2
1775915817155,5264,1767673.7000000477,pvp,player_1,player_2,58.917,43.017,285.846,436.206,-260.898,-148.096,down,stay,4,2
1775915817155,5265,1767690.2000000477,pvp,player_1,player_2,64.533,43.017,281.498,433.738,-260.898,-148.096,down,stay,4,2
1775915817155,5266,1767707.2000000477,pvp,player_1,player_2,70.406,43.017,277.149,431.269,-260.898,-148.096,down,stay,4,2
1775915817155,5267,1767723.8000000715,pvp,player_1,player_2,76.533,43.017,272.801,428.801,-260.898,-148.096,down,stay,4,2
1775915817155,5268,1767740.3000000715,pvp,player_1,player_2,82.917,43.017,268.453,426.333,-260.898,-148.096,down,stay,4,2
1775915817155,5269,1767756.6000000238,pvp,player_1,player_2,89.106,43.017,264.104,423.864,-260.898,-148.096,stay,stay,4,2
1775915817155,5270,1767773.2000000477,pvp,player_1,player_2,95.1,43.017,259.756,421.396,-260.898,-148.096,stay,stay,4,2
1775915817155,5271,1767789.8000000715,pvp,player_1,player_2,100.9,43.017,255.408,418.928,-260.898,-148.096,stay,stay,4,2
1775915817155,5272,1767806.4000000954,pvp,player_1,player_2,106.506,43.017,251.06,416.46,-260.898,-148.096,stay,stay,4,2
1775915817155,5273,1767823.1000000238,pvp,player_1,player_2,111.917,43.017,246.711,413.991,-260.898,-148.096,stay,stay,4,2
1775915817155,5274,1767839.9000000954,pvp,player_1,player_2,117.133,43.017,242.363,411.523,-260.898,-148.096,stay,stay,4,2
1775915817155,5275,1767857,pvp,player_1,player_2,122.156,43.017,238.015,409.055,-260.898,-148.096,stay,stay,4,2
1775915817155,5276,1767873.2000000477,pvp,player_1,player_2,127.433,43.017,233.666,406.587,-260.898,-148.096,down,stay,4,2
1775915817155,5277,1767890.2000000477,pvp,player_1,player_2,132.967,43.017,229.318,404.118,-260.898,-148.096,down,stay,4,2
1775915817155,5278,1767906.7000000477,pvp,player_1,player_2,138.756,43.017,224.97,401.65,-260.898,-148.096,down,stay,4,2
1775915817155,5279,1767923.5,pvp,player_1,player_2,144.8,43.017,220.621,399.182,-260.898,-148.096,down,stay,4,2
1775915817155,5280,1767939.9000000954,pvp,player_1,player_2,151.1,43.017,216.273,396.713,-260.898,-148.096,down,stay,4,2
1775915817155,5281,1767957.1000000238,pvp,player_1,player_2,157.656,43.017,211.925,394.245,-260.898,-148.096,down,stay,4,2
1775915817155,5282,1767974,pvp,player_1,player_2,164.467,43.017,207.577,391.777,-260.898,-148.096,down,stay,4,2
1775915817155,5283,1767990,pvp,player_1,player_2,171.533,43.017,203.228,389.309,-260.898,-148.096,down,stay,4,2
1775915817155,5284,1768007.1000000238,pvp,player_1,player_2,178.856,43.017,198.88,386.84,-260.898,-148.096,down,stay,4,2
1775915817155,5285,1768024,pvp,player_1,player_2,186.433,43.017,194.532,384.372,-260.898,-148.096,down,stay,4,2
1775915817155,5286,1768040.6000000238,pvp,player_1,player_2,194.1,43.017,190.183,381.904,-260.898,-148.096,down,stay,4,2
1775915817155,5287,1768057.2000000477,pvp,player_1,player_2,201.767,43.017,185.835,379.436,-260.898,-148.096,down,stay,4,2
1775915817155,5288,1768074,pvp,player_1,player_2,209.433,43.017,181.487,376.967,-260.898,-148.096,down,stay,4,2
1775915817155,5289,1768090,pvp,player_1,player_2,216.906,43.017,177.139,374.499,-260.898,-148.096,stay,stay,4,2
1775915817155,5290,1768107,pvp,player_1,player_2,224.183,43.017,172.79,372.031,-260.898,-148.096,stay,stay,4,2
1775915817155,5291,1768123.9000000954,pvp,player_1,player_2,231.267,43.017,168.442,369.563,-260.898,-148.096,stay,stay,4,2
1775915817155,5292,1768140.7000000477,pvp,player_1,player_2,238.156,43.017,164.094,367.094,-260.898,-148.096,stay,stay,4,2
1775915817155,5293,1768157.5,pvp,player_1,player_2,244.85,43.017,159.745,364.626,-260.898,-148.096,stay,stay,4,2
1775915817155,5294,1768173.6000000238,pvp,player_1,player_2,251.35,43.017,155.397,362.158,-260.898,-148.096,stay,stay,4,2
1775915817155,5295,1768190.3000000715,pvp,player_1,player_2,257.656,43.017,151.049,359.689,-260.898,-148.096,stay,stay,4,2
1775915817155,5296,1768207,pvp,player_1,player_2,263.767,43.017,146.701,357.221,-260.898,-148.096,stay,stay,4,2
1775915817155,5297,1768223.8000000715,pvp,player_1,player_2,269.683,43.017,142.352,354.753,-260.898,-148.096,stay,stay,4,2
1775915817155,5298,1768240.2000000477,pvp,player_1,player_2,275.856,43.017,138.004,352.285,-260.898,-148.096,down,stay,4,2
1775915817155,5299,1768257,pvp,player_1,player_2,282.283,43.017,133.656,349.816,-260.898,-148.096,down,stay,4,2
1775915817155,5300,1768273.8000000715,pvp,player_1,player_2,288.967,43.017,129.307,347.348,-260.898,-148.096,down,stay,4,2
1775915817155,5301,1768290.3000000715,pvp,player_1,player_2,295.456,43.017,124.959,344.88,-260.898,-148.096,stay,stay,4,2
1775915817155,5302,1768307.2000000477,pvp,player_1,player_2,301.75,43.017,120.611,342.412,-260.898,-148.096,stay,stay,4,2
1775915817155,5303,1768323.9000000954,pvp,player_1,player_2,307.85,43.017,116.262,339.943,-260.898,-148.096,stay,stay,4,2
1775915817155,5304,1768340.6000000238,pvp,player_1,player_2,313.756,43.017,111.914,337.475,-260.898,-148.096,stay,stay,4,2
1775915817155,5305,1768357.1000000238,pvp,player_1,player_2,319.467,43.017,107.566,335.007,-260.898,-148.096,stay,stay,4,2
1775915817155,5306,1768373.8000000715,pvp,player_1,player_2,324.983,43.017,103.218,332.538,-260.898,-148.096,stay,stay,4,2
1775915817155,5307,1768390.1000000238,pvp,player_1,player_2,330.306,43.017,98.869,330.07,-260.898,-148.096,stay,stay,4,2
1775915817155,5308,1768406.8000000715,pvp,player_1,player_2,335.433,43.017,94.521,327.602,-260.898,-148.096,stay,stay,4,2
1775915817155,5309,1768423.4000000954,pvp,player_1,player_2,340.367,43.017,90.173,325.134,-260.898,-148.096,stay,stay,4,2
1775915817155,5310,1768440.1000000238,pvp,player_1,player_2,345.106,43.017,85.824,322.665,-260.898,-148.096,stay,stay,4,2
1775915817155,5311,1768457.4000000954,pvp,player_1,player_2,349.65,43.017,81.476,320.197,-260.898,-148.096,stay,stay,4,2
1775915817155,5312,1768473.9000000954,pvp,player_1,player_2,353.833,43.017,77.128,317.729,-260.898,-148.096,up,stay,4,2
1775915817155,5313,1768490.6000000238,pvp,player_1,player_2,357.656,43.017,72.78,315.261,-260.898,-148.096,up,stay,4,2
1775915817155,5314,1768507.1000000238,pvp,player_1,player_2,361.117,43.017,68.431,312.792,-260.898,-148.096,up,stay,4,2
1775915817155,5315,1768523.9000000954,pvp,player_1,player_2,364.217,43.017,64.083,310.324,-260.898,-148.096,up,stay,4,2
1775915817155,5316,1768540.5,pvp,player_1,player_2,366.956,43.017,59.735,307.856,-260.898,-148.096,up,stay,4,2
1775915817155,5317,1768557.1000000238,pvp,player_1,player_2,369.333,43.017,55.386,305.388,-260.898,-148.096,up,stay,4,2
1775915817155,5318,1768573.9000000954,pvp,player_1,player_2,371.35,43.017,51.038,302.919,-260.898,-148.096,up,stay,4,2
1775915817155,5319,1768590.6000000238,pvp,player_1,player_2,373.006,43.017,46.69,300.451,-260.898,-148.096,up,stay,4,2
1775915817155,5320,1768607.4000000954,pvp,player_1,player_2,374.3,43.017,42.341,297.983,-260.898,-148.096,up,stay,4,2
1775915817155,5321,1768624.1000000238,pvp,player_1,player_2,375.233,43.017,37.993,295.514,-260.898,-148.096,up,stay,4,2
1775915817155,5322,1768640.6000000238,pvp,player_1,player_2,375.806,43.017,33.645,293.046,-260.898,-148.096,up,stay,4,2
1775915817155,5323,1768656.6000000238,pvp,player_1,player_2,376.017,43.017,29.297,290.578,-260.898,-148.096,up,stay,4,2
1775915817155,5324,1768673.1000000238,pvp,player_1,player_2,375.867,43.017,24.948,288.11,-260.898,-148.096,up,stay,4,2
1775915817155,5325,1768690.4000000954,pvp,player_1,player_2,375.461,43.017,20.6,285.641,-260.898,-148.096,up,stay,4,2
1775915817155,5326,1768707.1000000238,pvp,player_1,player_2,374.8,43.017,16.252,283.173,-260.898,-148.096,up,stay,4,2
1775915817155,5327,1768724,pvp,player_1,player_2,373.883,43.017,11.903,280.705,-260.898,-148.096,up,stay,4,2
1775915817155,5328,1768740.6000000238,pvp,player_1,player_2,372.711,43.017,7.555,278.237,-260.898,-148.096,up,stay,4,2
1775915817155,5329,1768757.2000000477,pvp,player_1,player_2,371.283,43.017,3.207,275.768,-260.898,-148.096,up,stay,4,2
1775915817155,5330,1768773.2000000477,pvp,player_1,player_2,369.6,43.017,-1.141,273.3,-260.898,-148.096,up,stay,4,2
1775915817155,5331,1768790.3000000715,pvp,player_1,player_2,367.661,43.017,-5.49,270.832,-260.898,-148.096,up,stay,4,2
1775915817155,5332,1768807.2000000477,pvp,player_1,player_2,365.467,43.017,-9.838,268.363,-260.898,-148.096,up,stay,4,2
1775915817155,5333,1768824.1000000238,pvp,player_1,player_2,363.017,43.017,480,270,-280,0,up,stay,4,3
1775915817155,5334,1768840.5,pvp,player_1,player_2,360.311,43.017,475.333,270,-280,0,up,stay,4,3
1775915817155,5335,1768857.1000000238,pvp,player_1,player_2,357.35,43.017,470.667,270,-280,0,up,stay,4,3
1775915817155,5336,1768873.9000000954,pvp,player_1,player_2,354.133,43.017,466,270,-280,0,up,stay,4,3
1775915817155,5337,1768890.5,pvp,player_1,player_2,350.661,43.017,461.333,270,-280,0,up,stay,4,3
1775915817155,5338,1768907,pvp,player_1,player_2,346.933,43.017,456.667,270,-280,0,up,stay,4,3
1775915817155,5339,1768923.4000000954,pvp,player_1,player_2,342.95,43.017,452,270,-280,0,up,stay,4,3
1775915817155,5340,1768939.9000000954,pvp,player_1,player_2,338.711,43.017,447.333,270,-280,0,up,stay,4,3
1775915817155,5341,1768956.6000000238,pvp,player_1,player_2,334.217,43.017,442.667,270,-280,0,up,stay,4,3
1775915817155,5342,1768973.8000000715,pvp,player_1,player_2,329.467,43.017,438,270,-280,0,up,stay,4,3
1775915817155,5343,1768990.6000000238,pvp,player_1,player_2,324.461,43.017,433.333,270,-280,0,up,stay,4,3
1775915817155,5344,1769006.6000000238,pvp,player_1,player_2,319.2,43.017,428.667,270,-280,0,up,stay,4,3
1775915817155,5345,1769023.2000000477,pvp,player_1,player_2,313.683,43.017,424,270,-280,0,up,stay,4,3
1775915817155,5346,1769039.8000000715,pvp,player_1,player_2,307.911,43.017,419.333,270,-280,0,up,stay,4,3
1775915817155,5347,1769056.7000000477,pvp,player_1,player_2,301.883,43.017,414.667,270,-280,0,up,stay,4,3
1775915817155,5348,1769073.8000000715,pvp,player_1,player_2,295.6,43.017,410,270,-280,0,up,stay,4,3
1775915817155,5349,1769090,pvp,player_1,player_2,289.061,43.017,405.333,270,-280,0,up,stay,4,3
1775915817155,5350,1769106.9000000954,pvp,player_1,player_2,282.267,43.017,400.667,270,-280,0,up,stay,4,3
1775915817155,5351,1769124,pvp,player_1,player_2,275.217,43.017,396,270,-280,0,up,stay,4,3
1775915817155,5352,1769140.1000000238,pvp,player_1,player_2,267.911,43.017,391.333,270,-280,0,up,stay,4,3
1775915817155,5353,1769156.5,pvp,player_1,player_2,260.35,43.017,386.667,270,-280,0,up,stay,4,3
1775915817155,5354,1769173.7000000477,pvp,player_1,player_2,252.683,43.017,382,270,-280,0,up,stay,4,3
1775915817155,5355,1769189.7000000477,pvp,player_1,player_2,245.017,43.017,377.333,270,-280,0,up,stay,4,3
1775915817155,5356,1769206.9000000954,pvp,player_1,player_2,237.35,43.017,372.667,270,-280,0,up,stay,4,3
1775915817155,5357,1769223.1000000238,pvp,player_1,player_2,229.683,43.017,368,270,-280,0,up,stay,4,3
1775915817155,5358,1769240.5,pvp,player_1,player_2,222.017,43.017,363.333,270,-280,0,up,stay,4,3
1775915817155,5359,1769256.8000000715,pvp,player_1,player_2,214.544,43.017,358.667,270,-280,0,stay,stay,4,3
1775915817155,5360,1769273.6000000238,pvp,player_1,player_2,207.267,43.017,354,270,-280,0,stay,stay,4,3
1775915817155,5361,1769290.4000000954,pvp,player_1,player_2,200.183,43.017,349.333,270,-280,0,stay,stay,4,3
1775915817155,5362,1769306.9000000954,pvp,player_1,player_2,193.294,43.017,344.667,270,-280,0,stay,stay,4,3
1775915817155,5363,1769323.9000000954,pvp,player_1,player_2,186.6,43.017,340,270,-280,0,stay,stay,4,3
1775915817155,5364,1769340,pvp,player_1,player_2,180.1,43.017,335.333,270,-280,0,stay,stay,4,3
1775915817155,5365,1769356.8000000715,pvp,player_1,player_2,173.794,43.017,330.667,270,-280,0,stay,stay,4,3
1775915817155,5366,1769373.9000000954,pvp,player_1,player_2,167.683,43.017,326,270,-280,0,stay,stay,4,3
1775915817155,5367,1769390.7000000477,pvp,player_1,player_2,161.767,43.017,321.333,270,-280,0,stay,stay,4,3
1775915817155,5368,1769407.1000000238,pvp,player_1,player_2,156.044,43.017,316.667,270,-280,0,stay,stay,4,3
1775915817155,5369,1769423.9000000954,pvp,player_1,player_2,150.517,43.017,312,270,-280,0,stay,stay,4,3
1775915817155,5370,1769440.5,pvp,player_1,player_2,145.183,43.017,307.333,270,-280,0,stay,stay,4,3
1775915817155,5371,1769457.1000000238,pvp,player_1,player_2,140.044,43.017,302.667,270,-280,0,stay,stay,4,3
1775915817155,5372,1769473.8000000715,pvp,player_1,player_2,135.1,43.017,298,270,-280,0,stay,stay,4,3
1775915817155,5373,1769490.6000000238,pvp,player_1,player_2,130.35,43.017,293.333,270,-280,0,stay,stay,4,3
1775915817155,5374,1769507.1000000238,pvp,player_1,player_2,125.794,43.017,288.667,270,-280,0,stay,stay,4,3
1775915817155,5375,1769523.8000000715,pvp,player_1,player_2,121.433,43.017,284,270,-280,0,stay,stay,4,3
1775915817155,5376,1769540.7000000477,pvp,player_1,player_2,117.267,43.017,279.333,270,-280,0,stay,stay,4,3
1775915817155,5377,1769556.8000000715,pvp,player_1,player_2,113.294,43.017,274.667,270,-280,0,stay,stay,4,3
1775915817155,5378,1769573.8000000715,pvp,player_1,player_2,109.517,43.017,270,270,-280,0,stay,stay,4,3
1775915817155,5379,1769590.5,pvp,player_1,player_2,105.933,43.017,265.333,270,-280,0,stay,stay,4,3
1775915817155,5380,1769607.1000000238,pvp,player_1,player_2,102.544,43.017,260.667,270,-280,0,stay,stay,4,3
1775915817155,5381,1769623.9000000954,pvp,player_1,player_2,99.35,43.017,256,270,-280,0,stay,stay,4,3
1775915817155,5382,1769640.4000000954,pvp,player_1,player_2,96.35,43.017,251.333,270,-280,0,stay,stay,4,3
1775915817155,5383,1769656.4000000954,pvp,player_1,player_2,93.711,43.017,246.667,270,-280,0,down,stay,4,3
1775915817155,5384,1769673.5,pvp,player_1,player_2,91.433,43.017,242,270,-280,0,down,stay,4,3
1775915817155,5385,1769690.4000000954,pvp,player_1,player_2,89.517,43.017,237.333,270,-280,0,down,stay,4,3
1775915817155,5386,1769707.1000000238,pvp,player_1,player_2,87.961,43.017,232.667,270,-280,0,down,stay,4,3
1775915817155,5387,1769723.9000000954,pvp,player_1,player_2,86.767,43.017,228,270,-280,0,down,stay,4,3
1775915817155,5388,1769740.8000000715,pvp,player_1,player_2,85.933,43.017,223.333,270,-280,0,down,stay,4,3
1775915817155,5389,1769756.9000000954,pvp,player_1,player_2,85.461,43.017,218.667,270,-280,0,down,stay,4,3
1775915817155,5390,1769773.3000000715,pvp,player_1,player_2,85.35,43.017,214,270,-280,0,down,stay,4,3
1775915817155,5391,1769790.4000000954,pvp,player_1,player_2,85.6,43.017,209.333,270,-280,0,down,stay,4,3
1775915817155,5392,1769807.5,pvp,player_1,player_2,86.106,43.017,204.667,270,-280,0,down,stay,4,3
1775915817155,5393,1769823.2000000477,pvp,player_1,player_2,86.867,43.017,200,270,-280,0,down,stay,4,3
1775915817155,5394,1769840.1000000238,pvp,player_1,player_2,87.883,43.017,195.333,270,-280,0,down,stay,4,3
1775915817155,5395,1769856.9000000954,pvp,player_1,player_2,89.156,43.017,190.667,270,-280,0,down,stay,4,3
1775915817155,5396,1769873.9000000954,pvp,player_1,player_2,90.683,43.017,186,270,-280,0,down,stay,4,3
1775915817155,5397,1769890.5,pvp,player_1,player_2,92.467,43.017,181.333,270,-280,0,down,stay,4,3
1775915817155,5398,1769907,pvp,player_1,player_2,94.506,43.017,176.667,270,-280,0,down,stay,4,3
1775915817155,5399,1769923.9000000954,pvp,player_1,player_2,96.8,43.017,172,270,-280,0,down,stay,4,3
1775915817155,5400,1769940,pvp,player_1,player_2,99.35,43.017,167.333,270,-280,0,down,stay,4,3
1775915817155,5401,1769956.8000000715,pvp,player_1,player_2,101.706,43.017,162.667,270,-280,0,stay,stay,4,3
1775915817155,5402,1769974.1000000238,pvp,player_1,player_2,103.867,43.017,158,270,-280,0,stay,stay,4,3
1775915817155,5403,1769990.3000000715,pvp,player_1,player_2,105.833,43.017,153.333,270,-280,0,stay,stay,4,3
1775915817155,5404,1770007.3000000715,pvp,player_1,player_2,107.606,43.017,148.667,270,-280,0,stay,stay,4,3
1775915817155,5405,1770024,pvp,player_1,player_2,109.183,43.017,144,270,-280,0,stay,stay,4,3
1775915817155,5406,1770041.2000000477,pvp,player_1,player_2,110.567,43.017,139.333,270,-280,0,stay,stay,4,3
1775915817155,5407,1770057.4000000954,pvp,player_1,player_2,111.756,43.017,134.667,270,-280,0,stay,stay,4,3
1775915817155,5408,1770073.4000000954,pvp,player_1,player_2,112.75,43.017,130,270,-280,0,stay,stay,4,3
1775915817155,5409,1770090.5,pvp,player_1,player_2,113.55,43.017,125.333,270,-280,0,stay,stay,4,3
1775915817155,5410,1770107,pvp,player_1,player_2,114.156,43.017,120.667,270,-280,0,stay,stay,4,3
1775915817155,5411,1770123.1000000238,pvp,player_1,player_2,114.567,43.017,116,270,-280,0,stay,stay,4,3
1775915817155,5412,1770140.4000000954,pvp,player_1,player_2,114.783,43.017,111.333,270,-280,0,stay,stay,4,3
1775915817155,5413,1770157.1000000238,pvp,player_1,player_2,114.783,43.017,106.667,270,-280,0,stay,stay,4,3
1775915817155,5414,1770173.3000000715,pvp,player_1,player_2,114.783,43.017,102,270,-280,0,stay,stay,4,3
1775915817155,5415,1770190.3000000715,pvp,player_1,player_2,114.783,43.017,97.333,270,-280,0,stay,stay,4,3
1775915817155,5416,1770207.1000000238,pvp,player_1,player_2,114.783,43.017,92.667,270,-280,0,stay,stay,4,3
1775915817155,5417,1770223.6000000238,pvp,player_1,player_2,114.783,43.017,88,270,-280,0,stay,stay,4,3
1775915817155,5418,1770240.1000000238,pvp,player_1,player_2,115.039,43.017,83.333,270,-280,0,down,stay,4,3
1775915817155,5419,1770257.1000000238,pvp,player_1,player_2,115.55,43.017,78.667,270,-280,0,down,stay,4,3
1775915817155,5420,1770274,pvp,player_1,player_2,116.317,43.017,74,270,-280,0,down,stay,4,3
1775915817155,5421,1770290.7000000477,pvp,player_1,player_2,117.339,43.017,69.333,270,-280,0,down,stay,4,3
1775915817155,5422,1770306.9000000954,pvp,player_1,player_2,118.617,43.017,64.667,270,-280,0,down,stay,4,3
1775915817155,5423,1770323.2000000477,pvp,player_1,player_2,120.15,43.017,60,270,-280,0,down,stay,4,3
1775915817155,5424,1770340.2000000477,pvp,player_1,player_2,121.939,43.017,55.333,270,-280,0,down,stay,4,3
1775915817155,5425,1770356.8000000715,pvp,player_1,player_2,123.983,43.017,50.667,270,-280,0,down,stay,4,3
1775915817155,5426,1770373.6000000238,pvp,player_1,player_2,126.283,43.017,46,270,-280,0,down,stay,4,3
1775915817155,5427,1770390.5,pvp,player_1,player_2,128.839,43.017,41.333,270,-280,0,down,stay,4,3
1775915817155,5428,1770407.1000000238,pvp,player_1,player_2,131.65,43.017,36.667,270,-280,0,down,stay,4,3
1775915817155,5429,1770423.8000000715,pvp,player_1,player_2,134.717,43.017,32,270,-280,0,down,stay,4,3
1775915817155,5430,1770440.5,pvp,player_1,player_2,138.039,43.017,27.333,270,-280,0,down,stay,4,3
1775915817155,5431,1770457,pvp,player_1,player_2,141.617,43.017,22.667,270,-280,0,down,stay,4,3
1775915817155,5432,1770473.8000000715,pvp,player_1,player_2,145.45,43.017,18,270,-280,0,down,stay,4,3
1775915817155,5433,1770490.5,pvp,player_1,player_2,149.539,43.017,13.333,270,-280,0,down,stay,4,3
1775915817155,5434,1770507,pvp,player_1,player_2,153.883,43.017,8.667,270,-280,0,down,stay,4,3
1775915817155,5435,1770523.9000000954,pvp,player_1,player_2,158.483,43.017,4,270,-280,0,down,stay,4,3
1775915817155,5436,1770539.7000000477,pvp,player_1,player_2,163.339,43.017,-0.667,270,-280,0,down,stay,4,3
1775915817155,5437,1770556.5,pvp,player_1,player_2,168.45,43.017,-5.333,270,-280,0,down,stay,4,3
1775915817155,5438,1770573.1000000238,pvp,player_1,player_2,173.817,43.017,480,270,-280,0,down,stay,4,4
1775915817155,5439,1770589.8000000715,pvp,player_1,player_2,179.439,43.017,475.333,270,-280,0,down,stay,4,4
1775915817155,5440,1770606.4000000954,pvp,player_1,player_2,185.317,43.017,470.667,270,-280,0,down,stay,4,4
1775915817155,5441,1770623.2000000477,pvp,player_1,player_2,191.45,43.017,466,270,-280,0,down,stay,4,4
1775915817155,5442,1770639.7000000477,pvp,player_1,player_2,197.839,43.017,461.333,270,-280,0,down,stay,4,4
1775915817155,5443,1770656.4000000954,pvp,player_1,player_2,204.483,43.017,456.667,270,-280,0,down,stay,4,4
1775915817155,5444,1770673,pvp,player_1,player_2,211.383,43.017,452,270,-280,0,down,stay,4,4
1775915817155,5445,1770690,pvp,player_1,player_2,218.539,43.017,447.333,270,-280,0,down,stay,4,4
1775915817155,5446,1770706.5,pvp,player_1,player_2,225.95,43.017,442.667,270,-280,0,down,stay,4,4
1775915817155,5447,1770723.5,pvp,player_1,player_2,233.617,43.017,438,270,-280,0,down,stay,4,4
1775915817155,5448,1770740,pvp,player_1,player_2,241.283,43.017,433.333,270,-280,0,down,stay,4,4
1775915817155,5449,1770757.2000000477,pvp,player_1,player_2,248.95,43.017,428.667,270,-280,0,down,stay,4,4
1775915817155,5450,1770773.5,pvp,player_1,player_2,256.617,43.017,424,270,-280,0,down,stay,4,4
1775915817155,5451,1770790,pvp,player_1,player_2,264.089,43.017,419.333,270,-280,0,stay,stay,4,4
1775915817155,5452,1770807,pvp,player_1,player_2,271.367,43.017,414.667,270,-280,0,stay,stay,4,4
1775915817155,5453,1770823.6000000238,pvp,player_1,player_2,278.45,43.017,410,270,-280,0,stay,stay,4,4
1775915817155,5454,1770840.5,pvp,player_1,player_2,285.339,43.017,405.333,270,-280,0,stay,stay,4,4
1775915817155,5455,1770857.2000000477,pvp,player_1,player_2,292.033,43.017,400.667,270,-280,0,stay,stay,4,4
1775915817155,5456,1770873.9000000954,pvp,player_1,player_2,298.533,43.017,396,270,-280,0,stay,stay,4,4
1775915817155,5457,1770890.8000000715,pvp,player_1,player_2,304.839,43.017,391.333,270,-280,0,stay,stay,4,4
1775915817155,5458,1770907,pvp,player_1,player_2,310.95,43.017,386.667,270,-280,0,stay,stay,4,4
1775915817155,5459,1770924.3000000715,pvp,player_1,player_2,316.867,43.017,382,270,-280,0,stay,stay,4,4
1775915817155,5460,1770940.7000000477,pvp,player_1,player_2,322.589,43.017,377.333,270,-280,0,stay,stay,4,4
1775915817155,5461,1770957.4000000954,pvp,player_1,player_2,328.117,43.017,372.667,270,-280,0,stay,stay,4,4
1775915817155,5462,1770973.9000000954,pvp,player_1,player_2,333.45,43.017,368,270,-280,0,stay,stay,4,4
1775915817155,5463,1770990.9000000954,pvp,player_1,player_2,338.589,43.017,363.333,270,-280,0,stay,stay,4,4
1775915817155,5464,1771006.8000000715,pvp,player_1,player_2,343.533,43.017,358.667,270,-280,0,stay,stay,4,4
1775915817155,5465,1771023.9000000954,pvp,player_1,player_2,348.283,43.017,354,270,-280,0,stay,stay,4,4
1775915817155,5466,1771040.7000000477,pvp,player_1,player_2,352.839,43.017,349.333,270,-280,0,stay,stay,4,4
1775915817155,5467,1771056.8000000715,pvp,player_1,player_2,357.2,43.017,344.667,270,-280,0,stay,stay,4,4
1775915817155,5468,1771073.1000000238,pvp,player_1,player_2,361.367,43.017,340,270,-280,0,stay,stay,4,4
1775915817155,5469,1771090,pvp,player_1,player_2,365.339,43.017,335.333,270,-280,0,stay,stay,4,4
1775915817155,5470,1771106.6000000238,pvp,player_1,player_2,369.117,43.017,330.667,270,-280,0,stay,stay,4,4
1775915817155,5471,1771123.1000000238,pvp,player_1,player_2,372.7,43.017,326,270,-280,0,stay,stay,4,4
1775915817155,5472,1771139.9000000954,pvp,player_1,player_2,376.089,43.017,321.333,270,-280,0,stay,stay,4,4
1775915817155,5473,1771156.5,pvp,player_1,player_2,379.283,43.017,316.667,270,-280,0,stay,stay,4,4
1775915817155,5474,1771173.4000000954,pvp,player_1,player_2,382.283,43.017,312,270,-280,0,stay,stay,4,4
1775915817155,5475,1771189.8000000715,pvp,player_1,player_2,385.089,43.017,307.333,270,-280,0,stay,stay,4,4
1775915817155,5476,1771206.3000000715,pvp,player_1,player_2,387.7,43.017,302.667,270,-280,0,stay,stay,4,4
1775915817155,5477,1771223.1000000238,pvp,player_1,player_2,390.117,43.017,298,270,-280,0,stay,stay,4,4
1775915817155,5478,1771240.1000000238,pvp,player_1,player_2,392.339,43.017,293.333,270,-280,0,stay,stay,4,4
1775915817155,5479,1771256.4000000954,pvp,player_1,player_2,394.2,43.017,288.667,270,-280,0,up,stay,4,4
1775915817155,5480,1771273.4000000954,pvp,player_1,player_2,395.7,43.017,284,270,-280,0,up,stay,4,4
1775915817155,5481,1771289.9000000954,pvp,player_1,player_2,396.839,43.017,279.333,270,-280,0,up,stay,4,4
1775915817155,5482,1771306.6000000238,pvp,player_1,player_2,397.617,43.017,274.667,270,-280,0,up,stay,4,4
1775915817155,5483,1771323.1000000238,pvp,player_1,player_2,398.033,43.017,270,270,-280,0,up,stay,4,4
1775915817155,5484,1771339.7000000477,pvp,player_1,player_2,398.089,43.017,265.333,270,-280,0,up,stay,4,4
1775915817155,5485,1771356.6000000238,pvp,player_1,player_2,397.783,43.017,260.667,270,-280,0,up,stay,4,4
1775915817155,5486,1771373.2000000477,pvp,player_1,player_2,397.222,43.017,256,270,-280,0,up,stay,4,4
1775915817155,5487,1771389.9000000954,pvp,player_1,player_2,396.406,43.017,251.333,270,-280,0,up,stay,4,4
1775915817155,5488,1771406.4000000954,pvp,player_1,player_2,395.333,43.017,246.667,270,-280,0,up,stay,4,4
1775915817155,5489,1771423.1000000238,pvp,player_1,player_2,394.006,43.017,242,270,-280,0,up,stay,4,4
1775915817155,5490,1771439.8000000715,pvp,player_1,player_2,392.422,43.017,237.333,270,-280,0,up,stay,4,4
1775915817155,5491,1771456.4000000954,pvp,player_1,player_2,390.583,43.017,232.667,270,-280,0,up,stay,4,4
1775915817155,5492,1771473.2000000477,pvp,player_1,player_2,388.489,43.017,228,270,-280,0,up,stay,4,4
1775915817155,5493,1771489.9000000954,pvp,player_1,player_2,386.139,43.017,223.333,270,-280,0,up,stay,4,4
1775915817155,5494,1771506.4000000954,pvp,player_1,player_2,383.533,43.017,218.667,270,-280,0,up,stay,4,4
1775915817155,5495,1771523,pvp,player_1,player_2,380.672,43.017,214,270,-280,0,up,stay,4,4
1775915817155,5496,1771539.9000000954,pvp,player_1,player_2,377.556,43.017,209.333,270,-280,0,up,stay,4,4
1775915817155,5497,1771556.5,pvp,player_1,player_2,374.183,43.017,204.667,270,-280,0,up,stay,4,4
1775915817155,5498,1771573.3000000715,pvp,player_1,player_2,370.556,43.017,200,270,-280,0,up,stay,4,4
1775915817155,5499,1771589.9000000954,pvp,player_1,player_2,366.672,43.017,195.333,270,-280,0,up,stay,4,4
1775915817155,5500,1771606.4000000954,pvp,player_1,player_2,362.533,43.017,190.667,270,-280,0,up,stay,4,4
1775915817155,5501,1771623.2000000477,pvp,player_1,player_2,358.139,43.017,186,270,-280,0,up,stay,4,4
1775915817155,5502,1771640,pvp,player_1,player_2,353.489,43.017,181.333,270,-280,0,up,stay,4,4
1775915817155,5503,1771656.4000000954,pvp,player_1,player_2,348.583,43.017,176.667,270,-280,0,up,stay,4,4
1775915817155,5504,1771673.1000000238,pvp,player_1,player_2,343.422,43.017,172,270,-280,0,up,stay,4,4
1775915817155,5505,1771690,pvp,player_1,player_2,338.006,43.017,167.333,270,-280,0,up,stay,4,4
1775915817155,5506,1771706.7000000477,pvp,player_1,player_2,332.333,43.017,162.667,270,-280,0,up,stay,4,4
1775915817155,5507,1771723.1000000238,pvp,player_1,player_2,326.406,43.017,158,270,-280,0,up,stay,4,4
1775915817155,5508,1771740.1000000238,pvp,player_1,player_2,320.222,43.017,153.333,270,-280,0,up,stay,4,4
1775915817155,5509,1771756.5,pvp,player_1,player_2,313.783,43.017,148.667,270,-280,0,up,stay,4,4
1775915817155,5510,1771773.3000000715,pvp,player_1,player_2,307.089,43.017,144,270,-280,0,up,stay,4,4
1775915817155,5511,1771789.7000000477,pvp,player_1,player_2,300.139,43.017,139.333,270,-280,0,up,stay,4,4
1775915817155,5512,1771806.3000000715,pvp,player_1,player_2,292.933,43.017,134.667,270,-280,0,up,stay,4,4
1775915817155,5513,1771823.1000000238,pvp,player_1,player_2,285.472,43.017,130,270,-280,0,up,stay,4,4
1775915817155,5514,1771839.7000000477,pvp,player_1,player_2,277.806,43.017,125.333,270,-280,0,up,stay,4,4
1775915817155,5515,1771856.3000000715,pvp,player_1,player_2,270.139,43.017,120.667,270,-280,0,up,stay,4,4
1775915817155,5516,1771873.1000000238,pvp,player_1,player_2,262.472,43.017,116,270,-280,0,up,stay,4,4
1775915817155,5517,1771889.9000000954,pvp,player_1,player_2,255,43.017,111.333,270,-280,0,stay,stay,4,4
1775915817155,5518,1771906.5,pvp,player_1,player_2,247.722,43.017,106.667,270,-280,0,stay,stay,4,4
1775915817155,5519,1771923,pvp,player_1,player_2,240.639,43.017,102,270,-280,0,stay,stay,4,4
1775915817155,5520,1771939.9000000954,pvp,player_1,player_2,233.75,43.017,97.333,270,-280,0,stay,stay,4,4
1775915817155,5521,1771956.4000000954,pvp,player_1,player_2,227.056,43.017,92.667,270,-280,0,stay,stay,4,4
1775915817155,5522,1771973,pvp,player_1,player_2,220.556,43.017,88,270,-280,0,stay,stay,4,4
1775915817155,5523,1771989.9000000954,pvp,player_1,player_2,214.25,43.017,83.333,270,-280,0,stay,stay,4,4
1775915817155,5524,1772006.2000000477,pvp,player_1,player_2,208.306,43.017,78.667,270,-280,0,down,stay,4,4
1775915817155,5525,1772023.3000000715,pvp,player_1,player_2,202.722,43.017,74,270,-280,0,down,stay,4,4
1775915817155,5526,1772039.9000000954,pvp,player_1,player_2,197.5,43.017,69.333,270,-280,0,down,stay,4,4
1775915817155,5527,1772056.4000000954,pvp,player_1,player_2,192.639,43.017,64.667,270,-280,0,down,stay,4,4
1775915817155,5528,1772073.1000000238,pvp,player_1,player_2,188.139,43.017,60,270,-280,0,down,stay,4,4
1775915817155,5529,1772089.6000000238,pvp,player_1,player_2,184,43.017,55.333,270,-280,0,down,stay,4,4
1775915817155,5530,1772106.5,pvp,player_1,player_2,180.222,43.017,50.667,270,-280,0,down,stay,4,4
1775915817155,5531,1772123.2000000477,pvp,player_1,player_2,176.806,43.017,48,270,144.522,262.894,down,stay,4,4
1775915817155,5532,1772139.7000000477,pvp,player_1,player_2,173.75,43.017,50.409,274.382,144.522,262.894,down,stay,4,4
1775915817155,5533,1772156.5,pvp,player_1,player_2,171.056,43.017,52.817,278.763,144.522,262.894,down,stay,4,4
1775915817155,5534,1772173.2000000477,pvp,player_1,player_2,168.722,43.017,55.226,283.145,144.522,262.894,down,stay,4,4
1775915817155,5535,1772189.7000000477,pvp,player_1,player_2,166.75,43.017,57.635,287.526,144.522,262.894,down,stay,4,4
1775915817155,5536,1772206.4000000954,pvp,player_1,player_2,165.139,43.017,60.044,291.908,144.522,262.894,down,stay,4,4
1775915817155,5537,1772223.1000000238,pvp,player_1,player_2,163.889,43.017,62.452,296.289,144.522,262.894,down,stay,4,4
1775915817155,5538,1772239.8000000715,pvp,player_1,player_2,163,43.017,64.861,300.671,144.522,262.894,down,stay,4,4
1775915817155,5539,1772256.5,pvp,player_1,player_2,162.472,43.017,67.27,305.053,144.522,262.894,down,stay,4,4
1775915817155,5540,1772273.1000000238,pvp,player_1,player_2,162.306,43.017,69.678,309.434,144.522,262.894,down,stay,4,4
1775915817155,5541,1772289.9000000954,pvp,player_1,player_2,162.5,43.017,72.087,313.816,144.522,262.894,down,stay,4,4
1775915817155,5542,1772306.4000000954,pvp,player_1,player_2,162.95,43.017,74.496,318.197,144.522,262.894,down,stay,4,4
1775915817155,5543,1772323.2000000477,pvp,player_1,player_2,163.656,43.017,76.904,322.579,144.522,262.894,down,stay,4,4
1775915817155,5544,1772339.9000000954,pvp,player_1,player_2,164.617,43.017,79.313,326.96,144.522,262.894,down,stay,4,4
1775915817155,5545,1772356.4000000954,pvp,player_1,player_2,165.833,43.017,81.722,331.342,144.522,262.894,down,stay,4,4
1775915817155,5546,1772373,pvp,player_1,player_2,167.306,43.017,84.131,335.724,144.522,262.894,down,stay,4,4
1775915817155,5547,1772389.7000000477,pvp,player_1,player_2,169.033,43.017,86.539,340.105,144.522,262.894,down,stay,4,4
1775915817155,5548,1772406.4000000954,pvp,player_1,player_2,171.017,43.017,88.948,344.487,144.522,262.894,down,stay,4,4
1775915817155,5549,1772423.1000000238,pvp,player_1,player_2,173.256,43.017,91.357,348.868,144.522,262.894,down,stay,4,4
1775915817155,5550,1772439.7000000477,pvp,player_1,player_2,175.75,43.017,93.765,353.25,144.522,262.894,down,stay,4,4
1775915817155,5551,1772456.5,pvp,player_1,player_2,178.5,43.017,96.174,357.631,144.522,262.894,down,stay,4,4
1775915817155,5552,1772473.3000000715,pvp,player_1,player_2,181.506,43.017,98.583,362.013,144.522,262.894,down,stay,4,4
1775915817155,5553,1772489.9000000954,pvp,player_1,player_2,184.767,43.017,100.992,366.394,144.522,262.894,down,stay,4,4
1775915817155,5554,1772506.6000000238,pvp,player_1,player_2,188.283,43.017,103.4,370.776,144.522,262.894,down,stay,4,4
1775915817155,5555,1772523.2000000477,pvp,player_1,player_2,192.056,43.017,105.809,375.158,144.522,262.894,down,stay,4,4
1775915817155,5556,1772539.8000000715,pvp,player_1,player_2,196.083,43.017,108.218,379.539,144.522,262.894,down,stay,4,4
1775915817155,5557,1772556.3000000715,pvp,player_1,player_2,200.367,43.017,110.626,383.921,144.522,262.894,down,stay,4,4
1775915817155,5558,1772573.2000000477,pvp,player_1,player_2,204.906,43.017,113.035,388.302,144.522,262.894,down,stay,4,4
1775915817155,5559,1772589.9000000954,pvp,player_1,player_2,209.7,43.017,115.444,392.684,144.522,262.894,down,stay,4,4
1775915817155,5560,1772606.4000000954,pvp,player_1,player_2,214.75,43.017,117.852,397.065,144.522,262.894,down,stay,4,4
1775915817155,5561,1772623.3000000715,pvp,player_1,player_2,220.056,43.017,120.261,401.447,144.522,262.894,down,stay,4,4
1775915817155,5562,1772639.8000000715,pvp,player_1,player_2,225.167,43.017,122.67,405.829,144.522,262.894,stay,stay,4,4
1775915817155,5563,1772656.7000000477,pvp,player_1,player_2,230.083,43.017,125.079,410.21,144.522,262.894,stay,stay,4,4
1775915817155,5564,1772673.2000000477,pvp,player_1,player_2,234.806,43.017,127.487,414.592,144.522,262.894,stay,stay,4,4
1775915817155,5565,1772689.8000000715,pvp,player_1,player_2,239.333,43.017,129.896,418.973,144.522,262.894,stay,stay,4,4
1775915817155,5566,1772706.6000000238,pvp,player_1,player_2,243.667,43.017,132.305,423.355,144.522,262.894,stay,stay,4,4
1775915817155,5567,1772723.1000000238,pvp,player_1,player_2,247.806,43.017,134.713,427.736,144.522,262.894,stay,stay,4,4
1775915817155,5568,1772739.9000000954,pvp,player_1,player_2,251.75,43.017,137.122,432.118,144.522,262.894,stay,stay,4,4
1775915817155,5569,1772756.6000000238,pvp,player_1,player_2,255.5,43.017,139.531,436.5,144.522,262.894,stay,stay,4,4
1775915817155,5570,1772773,pvp,player_1,player_2,259.056,43.017,141.94,440.881,144.522,262.894,stay,stay,4,4
1775915817155,5571,1772789.8000000715,pvp,player_1,player_2,262.417,43.017,144.348,445.263,144.522,262.894,stay,stay,4,4
1775915817155,5572,1772806.4000000954,pvp,player_1,player_2,265.583,43.017,146.757,449.644,144.522,262.894,stay,stay,4,4
1775915817155,5573,1772823.4000000954,pvp,player_1,player_2,268.556,43.017,149.166,454.026,144.522,262.894,stay,stay,4,4
1775915817155,5574,1772839.9000000954,pvp,player_1,player_2,271.333,43.017,151.574,458.407,144.522,262.894,stay,stay,4,4
1775915817155,5575,1772856.6000000238,pvp,player_1,player_2,273.917,43.017,153.983,462.789,144.522,262.894,stay,stay,4,4
1775915817155,5576,1772873,pvp,player_1,player_2,276.306,43.017,156.392,467.171,144.522,262.894,stay,stay,4,4
1775915817155,5577,1772890,pvp,player_1,player_2,278.5,43.017,158.8,471.552,144.522,262.894,stay,stay,4,4
1775915817155,5578,1772906.4000000954,pvp,player_1,player_2,280.5,43.017,161.209,475.934,144.522,262.894,stay,stay,4,4
1775915817155,5579,1772923.1000000238,pvp,player_1,player_2,282.306,43.017,163.618,480.315,144.522,262.894,stay,stay,4,4
1775915817155,5580,1772939.8000000715,pvp,player_1,player_2,283.917,43.017,166.027,484.697,144.522,262.894,stay,stay,4,4
1775915817155,5581,1772956.6000000238,pvp,player_1,player_2,285.333,43.017,168.435,489.078,144.522,262.894,stay,stay,4,4
1775915817155,5582,1772973.3000000715,pvp,player_1,player_2,286.556,43.017,170.844,493.46,144.522,262.894,stay,stay,4,4
1775915817155,5583,1772990,pvp,player_1,player_2,287.583,43.017,173.253,497.842,144.522,262.894,stay,stay,4,4
1775915817155,5584,1773006.4000000954,pvp,player_1,player_2,288.417,43.017,175.661,502.223,144.522,262.894,stay,stay,4,4
1775915817155,5585,1773023.1000000238,pvp,player_1,player_2,289.056,43.017,178.07,506.605,144.522,262.894,stay,stay,4,4
1775915817155,5586,1773040,pvp,player_1,player_2,289.5,43.017,180.479,510.986,144.522,262.894,stay,stay,4,4
1775915817155,5587,1773056.5,pvp,player_1,player_2,289.75,43.017,182.888,515.368,144.522,262.894,stay,stay,4,4
1775915817155,5588,1773073.2000000477,pvp,player_1,player_2,289.75,43.017,185.296,519.749,144.522,262.894,stay,stay,4,4
1775915817155,5589,1773089.7000000477,pvp,player_1,player_2,289.75,43.017,187.705,524.131,144.522,262.894,stay,stay,4,4
1775915817155,5590,1773106.5,pvp,player_1,player_2,289.75,43.017,190.114,528.512,144.522,262.894,stay,stay,4,4
1775915817155,5591,1773123.3000000715,pvp,player_1,player_2,289.75,43.017,192.522,530,144.522,-262.894,stay,stay,4,4
1775915817155,5592,1773140,pvp,player_1,player_2,289.75,43.017,194.931,525.618,144.522,-262.894,stay,stay,4,4
1775915817155,5593,1773156.4000000954,pvp,player_1,player_2,289.75,43.017,197.34,521.237,144.522,-262.894,stay,stay,4,4
1775915817155,5594,1773173.2000000477,pvp,player_1,player_2,289.75,43.017,199.749,516.855,144.522,-262.894,stay,stay,4,4
1775915817155,5595,1773189.9000000954,pvp,player_1,player_2,289.75,43.017,202.157,512.474,144.522,-262.894,stay,stay,4,4
1775915817155,5596,1773206.5,pvp,player_1,player_2,289.75,43.017,204.566,508.092,144.522,-262.894,stay,stay,4,4
1775915817155,5597,1773223.2000000477,pvp,player_1,player_2,289.75,43.017,206.975,503.711,144.522,-262.894,stay,stay,4,4
1775915817155,5598,1773239.8000000715,pvp,player_1,player_2,289.75,43.017,209.383,499.329,144.522,-262.894,stay,stay,4,4
1775915817155,5599,1773256.4000000954,pvp,player_1,player_2,289.75,43.017,211.792,494.947,144.522,-262.894,stay,stay,4,4
1775915817155,5600,1773273.2000000477,pvp,player_1,player_2,289.75,43.017,214.201,490.566,144.522,-262.894,stay,stay,4,4
1775915817155,5601,1773289.8000000715,pvp,player_1,player_2,289.75,43.017,216.609,486.184,144.522,-262.894,stay,stay,4,4
1775915817155,5602,1773306.4000000954,pvp,player_1,player_2,289.75,43.017,219.018,481.803,144.522,-262.894,stay,stay,4,4
1775915817155,5603,1773323,pvp,player_1,player_2,289.75,43.017,221.427,477.421,144.522,-262.894,stay,stay,4,4
1775915817155,5604,1773340,pvp,player_1,player_2,289.75,43.017,223.836,473.04,144.522,-262.894,stay,stay,4,4
1775915817155,5605,1773356.5,pvp,player_1,player_2,289.75,43.017,226.244,468.658,144.522,-262.894,stay,stay,4,4
1775915817155,5606,1773373.2000000477,pvp,player_1,player_2,289.75,43.017,228.653,464.276,144.522,-262.894,stay,stay,4,4
1775915817155,5607,1773389.8000000715,pvp,player_1,player_2,289.75,43.017,231.062,459.895,144.522,-262.894,stay,stay,4,4
1775915817155,5608,1773406.6000000238,pvp,player_1,player_2,289.75,43.017,233.47,455.513,144.522,-262.894,stay,stay,4,4
1775915817155,5609,1773423.3000000715,pvp,player_1,player_2,289.75,43.017,235.879,451.132,144.522,-262.894,stay,stay,4,4
1775915817155,5610,1773439.8000000715,pvp,player_1,player_2,289.75,43.017,238.288,446.75,144.522,-262.894,stay,stay,4,4
1775915817155,5611,1773456.5,pvp,player_1,player_2,289.75,43.017,240.697,442.369,144.522,-262.894,stay,stay,4,4
1775915817155,5612,1773473,pvp,player_1,player_2,289.75,43.017,243.105,437.987,144.522,-262.894,stay,stay,4,4
1775915817155,5613,1773489.8000000715,pvp,player_1,player_2,289.75,43.017,245.514,433.606,144.522,-262.894,stay,stay,4,4
1775915817155,5614,1773506.6000000238,pvp,player_1,player_2,289.75,43.017,247.923,429.224,144.522,-262.894,stay,stay,4,4
1775915817155,5615,1773523.5,pvp,player_1,player_2,289.75,43.017,250.331,424.842,144.522,-262.894,stay,stay,4,4
1775915817155,5616,1773539.9000000954,pvp,player_1,player_2,289.75,43.017,252.74,420.461,144.522,-262.894,stay,stay,4,4
1775915817155,5617,1773557.1000000238,pvp,player_1,player_2,289.75,43.017,255.149,416.079,144.522,-262.894,stay,stay,4,4
1775915817155,5618,1773573.3000000715,pvp,player_1,player_2,289.75,43.017,257.557,411.698,144.522,-262.894,stay,stay,4,4
1775915817155,5619,1773589.8000000715,pvp,player_1,player_2,289.75,43.017,259.966,407.316,144.522,-262.894,stay,stay,4,4
1775915817155,5620,1773606.5,pvp,player_1,player_2,289.75,43.017,262.375,402.935,144.522,-262.894,stay,stay,4,4
1775915817155,5621,1773623.1000000238,pvp,player_1,player_2,289.75,43.017,264.784,398.553,144.522,-262.894,stay,stay,4,4
1775915817155,5622,1773639.9000000954,pvp,player_1,player_2,289.75,43.017,267.192,394.171,144.522,-262.894,stay,stay,4,4
1775915817155,5623,1773656.6000000238,pvp,player_1,player_2,289.75,43.017,269.601,389.79,144.522,-262.894,stay,stay,4,4
1775915817155,5624,1773673.2000000477,pvp,player_1,player_2,289.75,43.017,272.01,385.408,144.522,-262.894,stay,stay,4,4
1775915817155,5625,1773689.6000000238,pvp,player_1,player_2,289.75,43.017,274.418,381.027,144.522,-262.894,stay,stay,4,4
1775915817155,5626,1773706.6000000238,pvp,player_1,player_2,289.75,43.017,276.827,376.645,144.522,-262.894,stay,stay,4,4
1775915817155,5627,1773724,pvp,player_1,player_2,289.75,43.017,279.236,372.264,144.522,-262.894,stay,stay,4,4
1775915817155,5628,1773740,pvp,player_1,player_2,289.75,43.017,281.645,367.882,144.522,-262.894,stay,stay,4,4
1775915817155,5629,1773756.8000000715,pvp,player_1,player_2,289.75,43.017,284.053,363.5,144.522,-262.894,stay,stay,4,4
1775915817155,5630,1773773.3000000715,pvp,player_1,player_2,289.75,43.017,286.462,359.119,144.522,-262.894,stay,stay,4,4
1775915817155,5631,1773790.4000000954,pvp,player_1,player_2,289.75,43.017,288.871,354.737,144.522,-262.894,stay,stay,4,4
1775915817155,5632,1773807.2000000477,pvp,player_1,player_2,289.75,43.017,291.279,350.356,144.522,-262.894,stay,stay,4,4
1775915817155,5633,1773823.5,pvp,player_1,player_2,289.75,43.017,293.688,345.974,144.522,-262.894,stay,stay,4,4
1775915817155,5634,1773840.7000000477,pvp,player_1,player_2,289.75,43.272,296.097,341.593,144.522,-262.894,stay,down,4,4
1775915817155,5635,1773857.2000000477,pvp,player_1,player_2,289.75,43.783,298.505,337.211,144.522,-262.894,stay,down,4,4
1775915817155,5636,1773873.7000000477,pvp,player_1,player_2,289.75,44.55,300.914,332.829,144.522,-262.894,stay,down,4,4
1775915817155,5637,1773890.7000000477,pvp,player_1,player_2,289.75,45.572,303.323,328.448,144.522,-262.894,stay,down,4,4
1775915817155,5638,1773907.2000000477,pvp,player_1,player_2,289.75,46.85,305.732,324.066,144.522,-262.894,stay,down,4,4
1775915817155,5639,1773923.8000000715,pvp,player_1,player_2,289.75,48.383,308.14,319.685,144.522,-262.894,stay,down,4,4
1775915817155,5640,1773940.2000000477,pvp,player_1,player_2,289.75,50.172,310.549,315.303,144.522,-262.894,stay,down,4,4
1775915817155,5641,1773957,pvp,player_1,player_2,289.75,52.217,312.958,310.922,144.522,-262.894,stay,down,4,4
1775915817155,5642,1773974.1000000238,pvp,player_1,player_2,289.75,54.517,315.366,306.54,144.522,-262.894,stay,down,4,4
1775915817155,5643,1773990.6000000238,pvp,player_1,player_2,289.75,57.072,317.775,302.158,144.522,-262.894,stay,down,4,4
1775915817155,5644,1774006.7000000477,pvp,player_1,player_2,289.75,59.883,320.184,297.777,144.522,-262.894,stay,down,4,4
1775915817155,5645,1774023.8000000715,pvp,player_1,player_2,289.75,62.95,322.593,293.395,144.522,-262.894,stay,down,4,4
1775915817155,5646,1774040.6000000238,pvp,player_1,player_2,289.75,66.272,325.001,289.014,144.522,-262.894,stay,down,4,4
1775915817155,5647,1774057.1000000238,pvp,player_1,player_2,289.75,69.85,327.41,284.632,144.522,-262.894,stay,down,4,4
1775915817155,5648,1774073.6000000238,pvp,player_1,player_2,289.75,73.683,329.819,280.251,144.522,-262.894,stay,down,4,4
1775915817155,5649,1774090.5,pvp,player_1,player_2,289.75,77.772,332.227,275.869,144.522,-262.894,stay,down,4,4
1775915817155,5650,1774107.1000000238,pvp,player_1,player_2,289.75,82.117,334.636,271.488,144.522,-262.894,stay,down,4,4
1775915817155,5651,1774124,pvp,player_1,player_2,289.75,86.717,337.045,267.106,144.522,-262.894,stay,down,4,4
1775915817155,5652,1774140.6000000238,pvp,player_1,player_2,289.75,91.572,339.453,262.724,144.522,-262.894,stay,down,4,4
1775915817155,5653,1774157.2000000477,pvp,player_1,player_2,289.75,96.683,341.862,258.343,144.522,-262.894,stay,down,4,4
1775915817155,5654,1774173.7000000477,pvp,player_1,player_2,289.75,102.05,344.271,253.961,144.522,-262.894,stay,down,4,4
1775915817155,5655,1774190.3000000715,pvp,player_1,player_2,289.75,107.672,346.68,249.58,144.522,-262.894,stay,down,4,4
1775915817155,5656,1774206.8000000715,pvp,player_1,player_2,289.75,113.55,349.088,245.198,144.522,-262.894,stay,down,4,4
1775915817155,5657,1774224.1000000238,pvp,player_1,player_2,289.75,119.683,351.497,240.817,144.522,-262.894,stay,down,4,4
1775915817155,5658,1774240.7000000477,pvp,player_1,player_2,289.75,126.072,353.906,236.435,144.522,-262.894,stay,down,4,4
1775915817155,5659,1774257.2000000477,pvp,player_1,player_2,289.75,132.717,356.314,232.053,144.522,-262.894,stay,down,4,4
1775915817155,5660,1774273.8000000715,pvp,player_1,player_2,289.75,139.617,358.723,227.672,144.522,-262.894,stay,down,4,4
1775915817155,5661,1774291,pvp,player_1,player_2,289.75,146.772,361.132,223.29,144.522,-262.894,stay,down,4,4
1775915817155,5662,1774307,pvp,player_1,player_2,289.75,154.183,363.541,218.909,144.522,-262.894,stay,down,4,4
1775915817155,5663,1774323.4000000954,pvp,player_1,player_2,289.75,161.4,365.949,214.527,144.522,-262.894,stay,stay,4,4
1775915817155,5664,1774340.6000000238,pvp,player_1,player_2,289.75,168.422,368.358,210.146,144.522,-262.894,stay,stay,4,4
1775915817155,5665,1774357.1000000238,pvp,player_1,player_2,289.75,175.25,370.767,205.764,144.522,-262.894,stay,stay,4,4
1775915817155,5666,1774374,pvp,player_1,player_2,289.75,181.883,373.175,201.382,144.522,-262.894,stay,stay,4,4
1775915817155,5667,1774390.4000000954,pvp,player_1,player_2,289.75,188.322,375.584,197.001,144.522,-262.894,stay,stay,4,4
1775915817155,5668,1774407.1000000238,pvp,player_1,player_2,289.75,194.567,377.993,192.619,144.522,-262.894,stay,stay,4,4
1775915817155,5669,1774423.5,pvp,player_1,player_2,289.75,200.617,380.401,188.238,144.522,-262.894,stay,stay,4,4
1775915817155,5670,1774440.2000000477,pvp,player_1,player_2,289.75,206.472,382.81,183.856,144.522,-262.894,stay,stay,4,4
1775915817155,5671,1774457,pvp,player_1,player_2,289.75,212.133,385.219,179.475,144.522,-262.894,stay,stay,4,4
1775915817155,5672,1774473.9000000954,pvp,player_1,player_2,289.75,217.6,387.628,175.093,144.522,-262.894,stay,stay,4,4
1775915817155,5673,1774490.5,pvp,player_1,player_2,289.75,222.872,390.036,170.711,144.522,-262.894,stay,stay,4,4
1775915817155,5674,1774507.1000000238,pvp,player_1,player_2,289.75,227.95,392.445,166.33,144.522,-262.894,stay,stay,4,4
1775915817155,5675,1774524,pvp,player_1,player_2,289.75,232.833,394.854,161.948,144.522,-262.894,stay,stay,4,4
1775915817155,5676,1774540.6000000238,pvp,player_1,player_2,289.75,237.522,397.262,157.567,144.522,-262.894,stay,stay,4,4
1775915817155,5677,1774557.1000000238,pvp,player_1,player_2,289.75,242.017,399.671,153.185,144.522,-262.894,stay,stay,4,4
1775915817155,5678,1774574,pvp,player_1,player_2,289.75,246.317,402.08,148.804,144.522,-262.894,stay,stay,4,4
1775915817155,5679,1774590.4000000954,pvp,player_1,player_2,289.75,250.422,404.489,144.422,144.522,-262.894,stay,stay,4,4
1775915817155,5680,1774607.2000000477,pvp,player_1,player_2,289.75,254.333,406.897,140.04,144.522,-262.894,stay,stay,4,4
1775915817155,5681,1774623.8000000715,pvp,player_1,player_2,289.75,258.05,409.306,135.659,144.522,-262.894,stay,stay,4,4
1775915817155,5682,1774640.7000000477,pvp,player_1,player_2,289.75,261.572,411.715,131.277,144.522,-262.894,stay,stay,4,4
1775915817155,5683,1774657.3000000715,pvp,player_1,player_2,289.75,264.9,414.123,126.896,144.522,-262.894,stay,stay,4,4
1775915817155,5684,1774673.4000000954,pvp,player_1,player_2,289.75,268.033,416.532,122.514,144.522,-262.894,stay,stay,4,4
1775915817155,5685,1774690.5,pvp,player_1,player_2,289.75,270.972,418.941,118.133,144.522,-262.894,stay,stay,4,4
1775915817155,5686,1774707.2000000477,pvp,player_1,player_2,289.75,273.717,421.349,113.751,144.522,-262.894,stay,stay,4,4
1775915817155,5687,1774724,pvp,player_1,player_2,289.75,276.267,423.758,109.37,144.522,-262.894,stay,stay,4,4
1775915817155,5688,1774740.5,pvp,player_1,player_2,289.75,278.622,426.167,104.988,144.522,-262.894,stay,stay,4,4
1775915817155,5689,1774757.2000000477,pvp,player_1,player_2,289.75,280.783,428.576,100.606,144.522,-262.894,stay,stay,4,4
1775915817155,5690,1774773.2000000477,pvp,player_1,player_2,289.75,282.75,430.984,96.225,144.522,-262.894,stay,stay,4,4
1775915817155,5691,1774790.3000000715,pvp,player_1,player_2,289.75,284.522,433.393,91.843,144.522,-262.894,stay,stay,4,4
1775915817155,5692,1774807.2000000477,pvp,player_1,player_2,289.75,286.1,435.802,87.462,144.522,-262.894,stay,stay,4,4
1775915817155,5693,1774823.8000000715,pvp,player_1,player_2,289.75,287.483,438.21,83.08,144.522,-262.894,stay,stay,4,4
1775915817155,5694,1774840.7000000477,pvp,player_1,player_2,289.75,288.672,440.619,78.699,144.522,-262.894,stay,stay,4,4
1775915817155,5695,1774857.2000000477,pvp,player_1,player_2,289.75,289.667,443.028,74.317,144.522,-262.894,stay,stay,4,4
1775915817155,5696,1774873.9000000954,pvp,player_1,player_2,289.75,290.467,445.437,69.935,144.522,-262.894,stay,stay,4,4
1775915817155,5697,1774890.9000000954,pvp,player_1,player_2,289.75,291.072,447.845,65.554,144.522,-262.894,stay,stay,4,4
1775915817155,5698,1774906.9000000954,pvp,player_1,player_2,289.75,291.317,450.254,61.172,144.522,-262.894,stay,up,4,4
1775915817155,5699,1774923.7000000477,pvp,player_1,player_2,289.75,291.2,452.663,56.791,144.522,-262.894,stay,up,4,4
1775915817155,5700,1774939.9000000954,pvp,player_1,player_2,289.75,290.828,455.071,52.409,144.522,-262.894,stay,up,4,4
1775915817155,5701,1774957.1000000238,pvp,player_1,player_2,289.75,290.2,457.48,48.028,144.522,-262.894,stay,up,4,4
1775915817155,5702,1774973.5,pvp,player_1,player_2,289.75,289.317,459.889,43.646,144.522,-262.894,stay,up,4,4
1775915817155,5703,1774990.6000000238,pvp,player_1,player_2,289.75,288.178,462.298,39.264,144.522,-262.894,stay,up,4,4
1775915817155,5704,1775007.3000000715,pvp,player_1,player_2,289.75,286.783,464.706,34.883,144.522,-262.894,stay,up,4,4
1775915817155,5705,1775024,pvp,player_1,player_2,289.75,285.133,467.115,30.501,144.522,-262.894,stay,up,4,4
1775915817155,5706,1775040.8000000715,pvp,player_1,player_2,289.75,283.228,469.524,26.12,144.522,-262.894,stay,up,4,4
1775915817155,5707,1775057.3000000715,pvp,player_1,player_2,289.75,281.067,471.932,21.738,144.522,-262.894,stay,up,4,4
1775915817155,5708,1775073.9000000954,pvp,player_1,player_2,289.75,278.65,474.341,17.357,144.522,-262.894,stay,up,4,4
1775915817155,5709,1775090.6000000238,pvp,player_1,player_2,289.75,275.978,476.75,12.975,144.522,-262.894,stay,up,4,4
1775915817155,5710,1775106.6000000238,pvp,player_1,player_2,289.75,273.05,479.158,10,144.522,262.894,stay,up,4,4
1775915817155,5711,1775123.9000000954,pvp,player_1,player_2,289.75,269.867,481.567,14.382,144.522,262.894,stay,up,4,4
1775915817155,5712,1775140.7000000477,pvp,player_1,player_2,289.75,266.428,483.976,18.763,144.522,262.894,stay,up,4,4
1775915817155,5713,1775157.1000000238,pvp,player_1,player_2,289.75,262.733,486.385,23.145,144.522,262.894,stay,up,4,4
1775915817155,5714,1775173.8000000715,pvp,player_1,player_2,289.75,258.783,488.793,27.526,144.522,262.894,stay,up,4,4
1775915817155,5715,1775190.1000000238,pvp,player_1,player_2,289.75,254.578,491.202,31.908,144.522,262.894,stay,up,4,4
1775915817155,5716,1775207.3000000715,pvp,player_1,player_2,289.75,250.117,493.611,36.289,144.522,262.894,stay,up,4,4
1775915817155,5717,1775223.5,pvp,player_1,player_2,289.75,245.4,496.019,40.671,144.522,262.894,stay,up,4,4
1775915817155,5718,1775240.6000000238,pvp,player_1,player_2,289.75,240.428,498.428,45.053,144.522,262.894,stay,up,4,4
1775915817155,5719,1775257.2000000477,pvp,player_1,player_2,289.75,235.2,500.837,49.434,144.522,262.894,stay,up,4,4
1775915817155,5720,1775274,pvp,player_1,player_2,289.75,229.717,503.246,53.816,144.522,262.894,stay,up,4,4
1775915817155,5721,1775290.5,pvp,player_1,player_2,289.75,223.978,505.654,58.197,144.522,262.894,stay,up,4,4
1775915817155,5722,1775307.3000000715,pvp,player_1,player_2,289.75,217.983,508.063,62.579,144.522,262.894,stay,up,4,4
1775915817155,5723,1775323.8000000715,pvp,player_1,player_2,289.75,211.733,510.472,66.96,144.522,262.894,stay,up,4,4
1775915817155,5724,1775340.6000000238,pvp,player_1,player_2,289.75,205.228,512.88,71.342,144.522,262.894,stay,up,4,4
1775915817155,5725,1775357.1000000238,pvp,player_1,player_2,289.75,198.467,515.289,75.724,144.522,262.894,stay,up,4,4
1775915817155,5726,1775373.9000000954,pvp,player_1,player_2,289.75,191.45,517.698,80.105,144.522,262.894,stay,up,4,4
1775915817155,5727,1775390.6000000238,pvp,player_1,player_2,289.75,184.178,520.106,84.487,144.522,262.894,stay,up,4,4
1775915817155,5728,1775406.6000000238,pvp,player_1,player_2,289.75,176.65,522.515,88.868,144.522,262.894,stay,up,4,4
1775915817155,5729,1775423.7000000477,pvp,player_1,player_2,289.75,169.317,524.924,93.25,144.522,262.894,stay,stay,4,4
1775915817155,5730,1775440.7000000477,pvp,player_1,player_2,289.75,162.178,527.333,97.631,144.522,262.894,stay,stay,4,4
1775915817155,5731,1775457.2000000477,pvp,player_1,player_2,289.75,155.233,529.741,102.013,144.522,262.894,stay,stay,4,4
1775915817155,5732,1775474.1000000238,pvp,player_1,player_2,289.75,148.483,532.15,106.394,144.522,262.894,stay,stay,4,4
1775915817155,5733,1775490.8000000715,pvp,player_1,player_2,289.75,141.928,534.559,110.776,144.522,262.894,stay,stay,4,4
1775915817155,5734,1775507.3000000715,pvp,player_1,player_2,289.75,135.567,536.967,115.158,144.522,262.894,stay,stay,4,4
1775915817155,5735,1775523.9000000954,pvp,player_1,player_2,289.75,129.4,539.376,119.539,144.522,262.894,stay,stay,4,4
1775915817155,5736,1775540.3000000715,pvp,player_1,player_2,289.75,123.428,541.785,123.921,144.522,262.894,stay,stay,4,4
1775915817155,5737,1775557.2000000477,pvp,player_1,player_2,289.75,117.65,544.194,128.302,144.522,262.894,stay,stay,4,4
1775915817155,5738,1775574,pvp,player_1,player_2,289.75,112.067,546.602,132.684,144.522,262.894,stay,stay,4,4
1775915817155,5739,1775590.5,pvp,player_1,player_2,289.75,106.678,549.011,137.065,144.522,262.894,stay,stay,4,4
1775915817155,5740,1775607,pvp,player_1,player_2,289.75,101.483,551.42,141.447,144.522,262.894,stay,stay,4,4
1775915817155,5741,1775623.6000000238,pvp,player_1,player_2,289.75,96.65,553.828,145.829,144.522,262.894,stay,down,4,4
1775915817155,5742,1775640.8000000715,pvp,player_1,player_2,289.75,92.178,556.237,150.21,144.522,262.894,stay,down,4,4
1775915817155,5743,1775656.7000000477,pvp,player_1,player_2,289.75,88.067,558.646,154.592,144.522,262.894,stay,down,4,4
1775915817155,5744,1775673.8000000715,pvp,player_1,player_2,289.75,84.317,561.054,158.973,144.522,262.894,stay,down,4,4
1775915817155,5745,1775690.3000000715,pvp,player_1,player_2,289.75,80.928,563.463,163.355,144.522,262.894,stay,down,4,4
1775915817155,5746,1775707,pvp,player_1,player_2,289.75,77.9,565.872,167.736,144.522,262.894,stay,down,4,4
1775915817155,5747,1775723.9000000954,pvp,player_1,player_2,289.75,75.233,568.281,172.118,144.522,262.894,stay,down,4,4
1775915817155,5748,1775740.6000000238,pvp,player_1,player_2,289.75,72.928,570.689,176.5,144.522,262.894,stay,down,4,4
1775915817155,5749,1775757.2000000477,pvp,player_1,player_2,289.75,70.983,573.098,180.881,144.522,262.894,stay,down,4,4
1775915817155,5750,1775773.4000000954,pvp,player_1,player_2,289.75,69.4,575.507,185.263,144.522,262.894,stay,down,4,4
1775915817155,5751,1775790.2000000477,pvp,player_1,player_2,289.75,68.178,577.915,189.644,144.522,262.894,stay,down,4,4
1775915817155,5752,1775807.3000000715,pvp,player_1,player_2,289.75,67.317,580.324,194.026,144.522,262.894,stay,down,4,4
1775915817155,5753,1775823.6000000238,pvp,player_1,player_2,289.75,66.817,582.733,198.407,144.522,262.894,stay,down,4,4
1775915817155,5754,1775840.5,pvp,player_1,player_2,289.75,66.678,585.142,202.789,144.522,262.894,stay,down,4,4
1775915817155,5755,1775857.1000000238,pvp,player_1,player_2,289.75,66.9,587.55,207.171,144.522,262.894,stay,down,4,4
1775915817155,5756,1775873.7000000477,pvp,player_1,player_2,289.75,67.378,589.959,211.552,144.522,262.894,stay,down,4,4
1775915817155,5757,1775890.1000000238,pvp,player_1,player_2,289.75,68.111,592.368,215.934,144.522,262.894,stay,down,4,4
1775915817155,5758,1775906.8000000715,pvp,player_1,player_2,289.75,69.1,594.776,220.315,144.522,262.894,stay,down,4,4
1775915817155,5759,1775924,pvp,player_1,player_2,289.75,70.344,597.185,224.697,144.522,262.894,stay,down,4,4
1775915817155,5760,1775940.5,pvp,player_1,player_2,289.75,71.844,599.594,229.078,144.522,262.894,stay,down,4,4
1775915817155,5761,1775957.3000000715,pvp,player_1,player_2,289.75,73.6,602.002,233.46,144.522,262.894,stay,down,4,4
1775915817155,5762,1775974,pvp,player_1,player_2,289.75,75.611,604.411,237.842,144.522,262.894,stay,down,4,4
1775915817155,5763,1775990.5,pvp,player_1,player_2,289.75,77.878,606.82,242.223,144.522,262.894,stay,down,4,4
1775915817155,5764,1776007.4000000954,pvp,player_1,player_2,289.75,80.4,609.229,246.605,144.522,262.894,stay,down,4,4
1775915817155,5765,1776024,pvp,player_1,player_2,289.75,83.178,611.637,250.986,144.522,262.894,stay,down,4,4
1775915817155,5766,1776040.6000000238,pvp,player_1,player_2,289.75,86.211,614.046,255.368,144.522,262.894,stay,down,4,4
1775915817155,5767,1776057.2000000477,pvp,player_1,player_2,289.75,89.5,616.455,259.749,144.522,262.894,stay,down,4,4
1775915817155,5768,1776074,pvp,player_1,player_2,289.75,93.044,618.863,264.131,144.522,262.894,stay,down,4,4
1775915817155,5769,1776090.4000000954,pvp,player_1,player_2,289.75,96.844,621.272,268.512,144.522,262.894,stay,down,4,4
1775915817155,5770,1776106.7000000477,pvp,player_1,player_2,289.75,100.9,623.681,272.894,144.522,262.894,stay,down,4,4
1775915817155,5771,1776123.4000000954,pvp,player_1,player_2,289.75,105.211,626.09,277.276,144.522,262.894,stay,down,4,4
1775915817155,5772,1776140.6000000238,pvp,player_1,player_2,289.75,109.778,628.498,281.657,144.522,262.894,stay,down,4,4
1775915817155,5773,1776157.2000000477,pvp,player_1,player_2,289.75,114.6,630.907,286.039,144.522,262.894,stay,down,4,4
1775915817155,5774,1776173.9000000954,pvp,player_1,player_2,289.75,119.678,633.316,290.42,144.522,262.894,stay,down,4,4
1775915817155,5775,1776190.6000000238,pvp,player_1,player_2,289.75,125.011,635.724,294.802,144.522,262.894,stay,down,4,4
1775915817155,5776,1776207.1000000238,pvp,player_1,player_2,289.75,130.6,638.133,299.183,144.522,262.894,stay,down,4,4
1775915817155,5777,1776223.8000000715,pvp,player_1,player_2,289.75,136.444,640.542,303.565,144.522,262.894,stay,down,4,4
1775915817155,5778,1776240.2000000477,pvp,player_1,player_2,289.75,142.544,642.95,307.947,144.522,262.894,stay,down,4,4
1775915817155,5779,1776257.2000000477,pvp,player_1,player_2,289.75,148.9,645.359,312.328,144.522,262.894,stay,down,4,4
1775915817155,5780,1776273.4000000954,pvp,player_1,player_2,289.75,155.511,647.768,316.71,144.522,262.894,stay,down,4,4
1775915817155,5781,1776290.6000000238,pvp,player_1,player_2,289.75,162.378,650.177,321.091,144.522,262.894,stay,down,4,4
1775915817155,5782,1776307.2000000477,pvp,player_1,player_2,289.75,169.5,652.585,325.473,144.522,262.894,stay,down,4,4
1775915817155,5783,1776324,pvp,player_1,player_2,289.75,176.878,654.994,329.854,144.522,262.894,stay,down,4,4
1775915817155,5784,1776340.2000000477,pvp,player_1,player_2,289.75,184.511,657.403,334.236,144.522,262.894,stay,down,4,4
1775915817155,5785,1776357,pvp,player_1,player_2,289.75,192.178,659.811,338.618,144.522,262.894,stay,down,4,4
1775915817155,5786,1776373.5,pvp,player_1,player_2,289.75,199.844,662.22,342.999,144.522,262.894,stay,down,4,4
1775915817155,5787,1776390.4000000954,pvp,player_1,player_2,289.75,207.511,664.629,347.381,144.522,262.894,stay,down,4,4
1775915817155,5788,1776406.8000000715,pvp,player_1,player_2,289.75,215.178,667.038,351.762,144.522,262.894,stay,down,4,4
1775915817155,5789,1776423.6000000238,pvp,player_1,player_2,289.75,222.844,669.446,356.144,144.522,262.894,stay,down,4,4
1775915817155,5790,1776440.2000000477,pvp,player_1,player_2,289.75,230.511,671.855,360.525,144.522,262.894,stay,down,4,4
1775915817155,5791,1776457.2000000477,pvp,player_1,player_2,289.75,238.178,674.264,364.907,144.522,262.894,stay,down,4,4
1775915817155,5792,1776473.6000000238,pvp,player_1,player_2,289.75,245.844,676.672,369.289,144.522,262.894,stay,down,4,4
1775915817155,5793,1776490,pvp,player_1,player_2,289.75,253.511,679.081,373.67,144.522,262.894,stay,down,4,4
1775915817155,5794,1776507,pvp,player_1,player_2,289.75,260.983,681.49,378.052,144.522,262.894,stay,stay,4,4
1775915817155,5795,1776524,pvp,player_1,player_2,289.75,268.261,683.898,382.433,144.522,262.894,stay,stay,4,4
1775915817155,5796,1776540.4000000954,pvp,player_1,player_2,289.75,275.344,686.307,386.815,144.522,262.894,stay,stay,4,4
1775915817155,5797,1776557.4000000954,pvp,player_1,player_2,289.75,282.233,688.716,391.196,144.522,262.894,stay,stay,4,4
1775915817155,5798,1776573.9000000954,pvp,player_1,player_2,289.75,288.928,691.125,395.578,144.522,262.894,stay,stay,4,4
1775915817155,5799,1776590,pvp,player_1,player_2,289.75,295.428,693.533,399.96,144.522,262.894,stay,stay,4,4
1775915817155,5800,1776607,pvp,player_1,player_2,289.75,301.733,695.942,404.341,144.522,262.894,stay,stay,4,4
1775915817155,5801,1776623.6000000238,pvp,player_1,player_2,289.75,307.844,698.351,408.723,144.522,262.894,stay,stay,4,4
1775915817155,5802,1776640.1000000238,pvp,player_1,player_2,289.75,313.761,700.759,413.104,144.522,262.894,stay,stay,4,4
1775915817155,5803,1776656.6000000238,pvp,player_1,player_2,289.75,319.483,703.168,417.486,144.522,262.894,stay,stay,4,4
1775915817155,5804,1776673.7000000477,pvp,player_1,player_2,289.75,325.011,705.577,421.867,144.522,262.894,stay,stay,4,4
1775915817155,5805,1776690.8000000715,pvp,player_1,player_2,289.75,330.344,707.986,426.249,144.522,262.894,stay,stay,4,4
1775915817155,5806,1776707.1000000238,pvp,player_1,player_2,289.75,335.483,710.394,430.63,144.522,262.894,stay,stay,4,4
1775915817155,5807,1776723.8000000715,pvp,player_1,player_2,289.75,340.428,712.803,435.012,144.522,262.894,stay,stay,4,4
1775915817155,5808,1776740.6000000238,pvp,player_1,player_2,289.75,345.178,715.212,439.394,144.522,262.894,stay,stay,4,4
1775915817155,5809,1776756.5,pvp,player_1,player_2,289.75,349.733,717.62,443.775,144.522,262.894,stay,stay,4,4
1775915817155,5810,1776773.2000000477,pvp,player_1,player_2,289.75,354.094,720.029,448.157,144.522,262.894,stay,stay,4,4
1775915817155,5811,1776789.7000000477,pvp,player_1,player_2,289.75,358.261,722.438,452.538,144.522,262.894,stay,stay,4,4
1775915817155,5812,1776806.8000000715,pvp,player_1,player_2,289.75,362.233,724.847,456.92,144.522,262.894,stay,stay,4,4
1775915817155,5813,1776823.1000000238,pvp,player_1,player_2,289.75,366.011,727.255,461.301,144.522,262.894,stay,stay,4,4
1775915817155,5814,1776839.8000000715,pvp,player_1,player_2,289.75,369.594,729.664,465.683,144.522,262.894,stay,stay,4,4
1775915817155,5815,1776857,pvp,player_1,player_2,289.75,372.983,732.073,470.065,144.522,262.894,stay,stay,4,4
1775915817155,5816,1776873.9000000954,pvp,player_1,player_2,289.75,376.178,734.481,474.446,144.522,262.894,stay,stay,4,4
1775915817155,5817,1776890.6000000238,pvp,player_1,player_2,289.75,379.178,736.89,478.828,144.522,262.894,stay,stay,4,4
1775915817155,5818,1776906.7000000477,pvp,player_1,player_2,289.75,381.983,739.299,483.209,144.522,262.894,stay,stay,4,4
1775915817155,5819,1776923.6000000238,pvp,player_1,player_2,289.75,384.594,741.707,487.591,144.522,262.894,stay,stay,4,4
1775915817155,5820,1776940.6000000238,pvp,player_1,player_2,289.75,387.011,744.116,491.972,144.522,262.894,stay,stay,4,4
1775915817155,5821,1776957.1000000238,pvp,player_1,player_2,289.75,389.233,746.525,496.354,144.522,262.894,stay,stay,4,4
1775915817155,5822,1776973,pvp,player_1,player_2,289.75,391.261,748.934,500.736,144.522,262.894,stay,stay,4,4
1775915817155,5823,1776989.7000000477,pvp,player_1,player_2,289.75,393.094,751.342,505.117,144.522,262.894,stay,stay,4,4
1775915817155,5824,1777006.8000000715,pvp,player_1,player_2,289.75,394.733,753.751,509.499,144.522,262.894,stay,stay,4,4
1775915817155,5825,1777023.5,pvp,player_1,player_2,289.75,396.178,756.16,513.88,144.522,262.894,stay,stay,4,4
1775915817155,5826,1777040.4000000954,pvp,player_1,player_2,289.75,397.428,758.568,518.262,144.522,262.894,stay,stay,4,4
1775915817155,5827,1777057.1000000238,pvp,player_1,player_2,289.75,398.483,760.977,522.643,144.522,262.894,stay,stay,4,4
1775915817155,5828,1777073.6000000238,pvp,player_1,player_2,289.75,399.344,763.386,527.025,144.522,262.894,stay,stay,4,4
1775915817155,5829,1777090.7000000477,pvp,player_1,player_2,289.75,400.011,765.795,530,144.522,-262.894,stay,stay,4,4
1775915817155,5830,1777107,pvp,player_1,player_2,289.75,400.483,768.203,525.618,144.522,-262.894,stay,stay,4,4
1775915817155,5831,1777123.6000000238,pvp,player_1,player_2,289.75,400.761,770.612,521.237,144.522,-262.894,stay,stay,4,4
1775915817155,5832,1777140.3000000715,pvp,player_1,player_2,289.75,400.761,773.021,516.855,144.522,-262.894,stay,stay,4,4
1775915817155,5833,1777156.9000000954,pvp,player_1,player_2,289.75,400.761,775.429,512.474,144.522,-262.894,stay,stay,4,4
1775915817155,5834,1777174.1000000238,pvp,player_1,player_2,289.75,400.761,777.838,508.092,144.522,-262.894,stay,stay,4,4
1775915817155,5835,1777190.5,pvp,player_1,player_2,289.75,400.761,780.247,503.711,144.522,-262.894,stay,stay,4,4
1775915817155,5836,1777207.1000000238,pvp,player_1,player_2,289.75,400.761,782.655,499.329,144.522,-262.894,stay,stay,4,4
1775915817155,5837,1777223.9000000954,pvp,player_1,player_2,289.75,400.761,785.064,494.947,144.522,-262.894,stay,stay,4,4
1775915817155,5838,1777240.6000000238,pvp,player_1,player_2,289.75,400.761,787.473,490.566,144.522,-262.894,stay,stay,4,4
1775915817155,5839,1777257.2000000477,pvp,player_1,player_2,289.75,400.761,789.882,486.184,144.522,-262.894,stay,stay,4,4
1775915817155,5840,1777273.8000000715,pvp,player_1,player_2,289.75,400.761,792.29,481.803,144.522,-262.894,stay,stay,4,4
1775915817155,5841,1777290.7000000477,pvp,player_1,player_2,289.75,400.761,794.699,477.421,144.522,-262.894,stay,stay,4,4
1775915817155,5842,1777307.2000000477,pvp,player_1,player_2,289.75,400.761,797.108,473.04,144.522,-262.894,stay,stay,4,4
1775915817155,5843,1777323.3000000715,pvp,player_1,player_2,289.75,400.761,799.516,468.658,144.522,-262.894,stay,stay,4,4
1775915817155,5844,1777340,pvp,player_1,player_2,289.75,400.761,801.925,464.276,144.522,-262.894,stay,stay,4,4
1775915817155,5845,1777357.2000000477,pvp,player_1,player_2,289.75,400.761,804.334,459.895,144.522,-262.894,stay,stay,4,4
1775915817155,5846,1777374.1000000238,pvp,player_1,player_2,289.75,400.761,806.743,455.513,144.522,-262.894,stay,stay,4,4
1775915817155,5847,1777390.6000000238,pvp,player_1,player_2,289.75,400.761,809.151,451.132,144.522,-262.894,stay,stay,4,4
1775915817155,5848,1777407.1000000238,pvp,player_1,player_2,289.75,400.761,811.56,446.75,144.522,-262.894,stay,stay,4,4
1775915817155,5849,1777423.5,pvp,player_1,player_2,289.75,400.761,813.969,442.369,144.522,-262.894,stay,stay,4,4
1775915817155,5850,1777440.1000000238,pvp,player_1,player_2,289.75,400.761,816.377,437.987,144.522,-262.894,stay,stay,4,4
1775915817155,5851,1777457.2000000477,pvp,player_1,player_2,289.75,400.761,818.786,433.606,144.522,-262.894,stay,stay,4,4
1775915817155,5852,1777473.3000000715,pvp,player_1,player_2,289.75,400.761,821.195,429.224,144.522,-262.894,stay,stay,4,4
1775915817155,5853,1777490.5,pvp,player_1,player_2,289.75,400.761,823.603,424.842,144.522,-262.894,stay,stay,4,4
1775915817155,5854,1777507,pvp,player_1,player_2,289.75,400.761,826.012,420.461,144.522,-262.894,stay,stay,4,4
1775915817155,5855,1777523.9000000954,pvp,player_1,player_2,289.75,400.761,828.421,416.079,144.522,-262.894,stay,stay,4,4
1775915817155,5856,1777540.5,pvp,player_1,player_2,289.75,400.761,830.83,411.698,144.522,-262.894,stay,stay,4,4
1775915817155,5857,1777557.2000000477,pvp,player_1,player_2,289.75,400.761,833.238,407.316,144.522,-262.894,stay,stay,4,4
1775915817155,5858,1777573.3000000715,pvp,player_1,player_2,289.75,400.761,835.647,402.935,144.522,-262.894,stay,stay,4,4
1775915817155,5859,1777590.4000000954,pvp,player_1,player_2,289.75,400.761,838.056,398.553,144.522,-262.894,stay,stay,4,4
1775915817155,5860,1777606.8000000715,pvp,player_1,player_2,289.75,400.761,840.464,394.171,144.522,-262.894,stay,stay,4,4
1775915817155,5861,1777623.6000000238,pvp,player_1,player_2,289.75,400.761,842.873,389.79,144.522,-262.894,stay,stay,4,4
1775915817155,5862,1777640.4000000954,pvp,player_1,player_2,289.75,400.761,845.282,385.408,144.522,-262.894,stay,stay,4,4
1775915817155,5863,1777656.7000000477,pvp,player_1,player_2,289.75,400.761,847.691,381.027,144.522,-262.894,stay,stay,4,4
1775915817155,5864,1777673.7000000477,pvp,player_1,player_2,289.75,400.761,850.099,376.645,144.522,-262.894,stay,stay,4,4
1775915817155,5865,1777690.4000000954,pvp,player_1,player_2,289.75,400.761,852.508,372.264,144.522,-262.894,stay,stay,4,4
1775915817155,5866,1777706.8000000715,pvp,player_1,player_2,289.75,400.761,854.917,367.882,144.522,-262.894,stay,stay,4,4
1775915817155,5867,1777723.8000000715,pvp,player_1,player_2,289.75,400.506,857.325,363.5,144.522,-262.894,stay,up,4,4
1775915817155,5868,1777740.1000000238,pvp,player_1,player_2,289.75,399.994,859.734,359.119,144.522,-262.894,stay,up,4,4
1775915817155,5869,1777757,pvp,player_1,player_2,289.75,399.228,862.143,354.737,144.522,-262.894,stay,up,4,4
1775915817155,5870,1777773.2000000477,pvp,player_1,player_2,289.75,398.206,864.551,350.356,144.522,-262.894,stay,up,4,4
1775915817155,5871,1777789.7000000477,pvp,player_1,player_2,289.75,396.928,866.96,345.974,144.522,-262.894,stay,up,4,4
1775915817155,5872,1777806.5,pvp,player_1,player_2,289.75,395.394,869.369,341.593,144.522,-262.894,stay,up,4,4
1775915817155,5873,1777823.2000000477,pvp,player_1,player_2,289.75,393.606,871.778,337.211,144.522,-262.894,stay,up,4,4
1775915817155,5874,1777839.7000000477,pvp,player_1,player_2,289.75,391.561,874.186,332.829,144.522,-262.894,stay,up,4,4
1775915817155,5875,1777857,pvp,player_1,player_2,289.75,389.261,876.595,328.448,144.522,-262.894,stay,up,4,4
1775915817155,5876,1777873.7000000477,pvp,player_1,player_2,289.75,386.706,879.004,324.066,144.522,-262.894,stay,up,4,4
1775915817155,5877,1777890.4000000954,pvp,player_1,player_2,289.75,383.894,881.412,319.685,144.522,-262.894,stay,up,4,4
1775915817155,5878,1777907,pvp,player_1,player_2,289.75,380.828,883.821,315.303,144.522,-262.894,stay,up,4,4
1775915817155,5879,1777923.8000000715,pvp,player_1,player_2,289.75,377.506,886.23,310.922,144.522,-262.894,stay,up,4,4
1775915817155,5880,1777940,pvp,player_1,player_2,289.75,373.928,888.639,306.54,144.522,-262.894,stay,up,4,4
1775915817155,5881,1777956.9000000954,pvp,player_1,player_2,289.75,370.094,891.047,302.158,144.522,-262.894,stay,up,4,4
1775915817155,5882,1777973.5,pvp,player_1,player_2,289.75,366.006,893.456,297.777,144.522,-262.894,stay,up,4,4
1775915817155,5883,1777990.3000000715,pvp,player_1,player_2,289.75,361.661,895.865,293.395,144.522,-262.894,stay,up,4,4
1775915817155,5884,1778007.1000000238,pvp,player_1,player_2,289.75,357.061,898.273,289.014,144.522,-262.894,stay,up,4,4
1775915817155,5885,1778023.8000000715,pvp,player_1,player_2,289.75,352.206,900.682,284.632,144.522,-262.894,stay,up,4,4
1775915817155,5886,1778040.8000000715,pvp,player_1,player_2,289.75,347.094,903.091,280.251,144.522,-262.894,stay,up,4,4
1775915817155,5887,1778056.7000000477,pvp,player_1,player_2,289.75,341.728,905.499,275.869,144.522,-262.894,stay,up,4,4
1775915817155,5888,1778073.3000000715,pvp,player_1,player_2,289.75,336.106,907.908,271.488,144.522,-262.894,stay,up,4,4
1775915817155,5889,1778090.2000000477,pvp,player_1,player_2,289.75,330.228,910.317,267.106,144.522,-262.894,stay,up,4,4
1775915817155,5890,1778106.9000000954,pvp,player_1,player_2,289.75,324.094,912.726,262.724,144.522,-262.894,stay,up,4,4
1775915817155,5891,1778123.7000000477,pvp,player_1,player_2,289.75,317.706,915.134,258.343,144.522,-262.894,stay,up,4,4
1775915817155,5892,1778140.5,pvp,player_1,player_2,289.75,311.061,917.543,253.961,144.522,-262.894,stay,up,4,4
1775915817155,5893,1778156.9000000954,pvp,player_1,player_2,289.75,304.161,919.952,249.58,144.522,-262.894,stay,up,4,4
1775915817155,5894,1778173.5,pvp,player_1,player_2,289.75,297.006,922.36,245.198,144.522,-262.894,stay,up,4,4
1775915817155,5895,1778190,pvp,player_1,player_2,289.75,289.594,924.769,240.817,144.522,-262.894,stay,up,4,4
1775915817155,5896,1778206.8000000715,pvp,player_1,player_2,289.75,281.928,927.178,236.435,144.522,-262.894,stay,up,4,4
1775915817155,5897,1778223.7000000477,pvp,player_1,player_2,289.75,274.261,929.587,232.053,144.522,-262.894,stay,up,4,4
1775915817155,5898,1778240.5,pvp,player_1,player_2,289.75,266.594,931.995,227.672,144.522,-262.894,stay,up,4,4
1775915817155,5899,1778257,pvp,player_1,player_2,289.75,258.928,934.404,223.29,144.522,-262.894,stay,up,4,4
1775915817155,5900,1778274,pvp,player_1,player_2,289.75,251.261,936.813,218.909,144.522,-262.894,stay,up,4,4
1775915817155,5901,1778290.2000000477,pvp,player_1,player_2,289.75,243.594,939.221,214.527,144.522,-262.894,stay,up,4,4
1775915817155,5902,1778307,pvp,player_1,player_2,289.75,235.928,941.63,210.146,144.522,-262.894,stay,up,4,4
1775915817155,5903,1778323.2000000477,pvp,player_1,player_2,289.75,228.261,944.039,205.764,144.522,-262.894,stay,up,4,4
1775915817155,5904,1778340.2000000477,pvp,player_1,player_2,289.75,220.594,946.447,201.382,144.522,-262.894,stay,up,4,4
1775915817155,5905,1778356.4000000954,pvp,player_1,player_2,289.75,212.928,948.856,197.001,144.522,-262.894,stay,up,4,4
1775915817155,5906,1778373,pvp,player_1,player_2,289.75,205.261,951.265,192.619,144.522,-262.894,stay,up,4,4
1775915817155,5907,1778389.8000000715,pvp,player_1,player_2,289.75,197.594,953.674,188.238,144.522,-262.894,stay,up,4,4
1775915817155,5908,1778406.7000000477,pvp,player_1,player_2,289.75,189.928,956.082,183.856,144.522,-262.894,stay,up,4,4
1775915817155,5909,1778423.1000000238,pvp,player_1,player_2,289.75,182.261,958.491,179.475,144.522,-262.894,stay,up,4,4
1775915817155,5910,1778440.1000000238,pvp,player_1,player_2,289.75,174.594,960.9,175.093,144.522,-262.894,stay,up,4,4
1775915817155,5911,1778456.4000000954,pvp,player_1,player_2,289.75,166.928,963.308,170.711,144.522,-262.894,stay,up,4,4
1775915817155,5912,1778473.3000000715,pvp,player_1,player_2,289.75,159.261,965.717,166.33,144.522,-262.894,stay,up,4,4
1775915817155,5913,1778490.2000000477,pvp,player_1,player_2,289.75,151.594,968.126,161.948,144.522,-262.894,stay,up,4,4
1775915817155,5914,1778506.7000000477,pvp,player_1,player_2,289.75,143.928,480,270,280,0,stay,up,5,4