match_id,frame_idx,timestamp_ms,mode,player_left_id,player_right_id,left_paddle_y,right_paddle_y,ball_x,ball_y,ball_vx,ball_vy,label_action_left,label_action_right,score_left,score_right
1775908789408,0,27173.199999928474,pvp,player_1,player_2,222,222,484.667,270,280,0,stay,stay,0,0
1775908789408,1,27189.199999928474,pvp,player_1,player_2,222,222,489.333,270,280,0,stay,stay,0,0
1775908789408,2,27205.899999976158,pvp,player_1,player_2,222,222,494,270,280,0,stay,stay,0,0
1775908789408,3,27222.5,pvp,player_1,player_2,222,222,498.667,270,280,0,stay,stay,0,0
1775908789408,4,27239.199999928474,pvp,player_1,player_2,222,222,503.333,270,280,0,stay,stay,0,0
1775908789408,5,27255.799999952316,pvp,player_1,player_2,222,222,508,270,280,0,stay,stay,0,0
1775908789408,6,27272.5,pvp,player_1,player_2,222,222,512.667,270,280,0,stay,stay,0,0
1775908789408,7,27289.199999928474,pvp,player_1,player_2,222,222,517.333,270,280,0,stay,stay,0,0
1775908789408,8,27306.100000023842,pvp,player_1,player_2,222,222,522,270,280,0,stay,stay,0,0
1775908789408,9,27323.100000023842,pvp,player_1,player_2,222,222,526.667,270,280,0,stay,stay,0,0
1775908789408,10,27339.699999928474,pvp,player_1,player_2,222,222,531.333,270,280,0,stay,stay,0,0
1775908789408,11,27355.899999976158,pvp,player_1,player_2,222,222,536,270,280,0,stay,stay,0,0
1775908789408,12,27372.399999976158,pvp,player_1,player_2,222,222,540.667,270,280,0,stay,stay,0,0
1775908789408,13,27389.5,pvp,player_1,player_2,222,222,545.333,270,280,0,stay,stay,0,0
1775908789408,14,27405.899999976158,pvp,player_1,player_2,222,222,550,270,280,0,stay,stay,0,0
1775908789408,15,27422.399999976158,pvp,player_1,player_2,222,222,554.667,270,280,0,stay,stay,0,0
1775908789408,16,27439,pvp,player_1,player_2,222,222,559.333,270,280,0,stay,stay,0,0
1775908789408,17,27455.799999952316,pvp,player_1,player_2,222,222,564,270,280,0,stay,stay,0,0
1775908789408,18,27472.799999952316,pvp,player_1,player_2,222,222,568.667,270,280,0,stay,stay,0,0
1775908789408,19,27489.299999952316,pvp,player_1,player_2,222,222,573.333,270,280,0,stay,stay,0,0
1775908789408,20,27506.100000023842,pvp,player_1,player_2,222,222,578,270,280,0,stay,stay,0,0
1775908789408,21,27522.600000023842,pvp,player_1,player_2,222,222,582.667,270,280,0,stay,stay,0,0
1775908789408,22,27539.199999928474,pvp,player_1,player_2,222,222,587.333,270,280,0,stay,stay,0,0
1775908789408,23,27556,pvp,player_1,player_2,222,222,592,270,280,0,stay,stay,0,0
1775908789408,24,27572.600000023842,pvp,player_1,player_2,222,222,596.667,270,280,0,stay,stay,0,0
1775908789408,25,27589.199999928474,pvp,player_1,player_2,222,222,601.333,270,280,0,stay,stay,0,0
1775908789408,26,27605.899999976158,pvp,player_1,player_2,222,222,606,270,280,0,stay,stay,0,0
1775908789408,27,27622.600000023842,pvp,player_1,player_2,222,222,610.667,270,280,0,stay,stay,0,0
1775908789408,28,27639.299999952316,pvp,player_1,player_2,222,222,615.333,270,280,0,stay,stay,0,0
1775908789408,29,27655.799999952316,pvp,player_1,player_2,222,222,620,270,280,0,stay,stay,0,0
1775908789408,30,27672.299999952316,pvp,player_1,player_2,222,222,624.667,270,280,0,stay,stay,0,0
1775908789408,31,27689.199999928474,pvp,player_1,player_2,222,222,629.333,270,280,0,stay,stay,0,0
1775908789408,32,27705.899999976158,pvp,player_1,player_2,222,222,634,270,280,0,stay,stay,0,0
1775908789408,33,27722.600000023842,pvp,player_1,player_2,222,222,638.667,270,280,0,stay,stay,0,0
1775908789408,34,27739.299999952316,pvp,player_1,player_2,222,222,643.333,270,280,0,stay,stay,0,0
1775908789408,35,27755.899999976158,pvp,player_1,player_2,222,222,648,270,280,0,stay,stay,0,0
1775908789408,36,27772.699999928474,pvp,player_1,player_2,222,222,652.667,270,280,0,stay,stay,0,0
1775908789408,37,27789.199999928474,pvp,player_1,player_2,222,222,657.333,270,280,0,stay,stay,0,0
1775908789408,38,27805.899999976158,pvp,player_1,player_2,222,222,662,270,280,0,stay,stay,0,0
1775908789408,39,27822.5,pvp,player_1,player_2,222,222,666.667,270,280,0,stay,stay,0,0
1775908789408,40,27839.299999952316,pvp,player_1,player_2,222,222,671.333,270,280,0,stay,stay,0,0
1775908789408,41,27855.799999952316,pvp,player_1,player_2,222,222,676,270,280,0,stay,stay,0,0
1775908789408,42,27872.5,pvp,player_1,player_2,222,222,680.667,270,280,0,stay,stay,0,0
1775908789408,43,27889.199999928474,pvp,player_1,player_2,222,222,685.333,270,280,0,stay,stay,0,0
1775908789408,44,27905.899999976158,pvp,player_1,player_2,222,222,690,270,280,0,stay,stay,0,0
1775908789408,45,27922.600000023842,pvp,player_1,player_2,222,222,694.667,270,280,0,stay,stay,0,0
1775908789408,46,27939.199999928474,pvp,player_1,player_2,222,222,699.333,270,280,0,stay,stay,0,0
1775908789408,47,27955.799999952316,pvp,player_1,player_2,222,222,704,270,280,0,stay,stay,0,0
1775908789408,48,27972.5,pvp,player_1,player_2,222,222,708.667,270,280,0,stay,stay,0,0
1775908789408,49,27989.199999928474,pvp,player_1,player_2,222,222,713.333,270,280,0,stay,stay,0,0
1775908789408,50,28005.799999952316,pvp,player_1,player_2,222,222,718,270,280,0,stay,stay,0,0
1775908789408,51,28022.399999976158,pvp,player_1,player_2,222,222,722.667,270,280,0,stay,stay,0,0
1775908789408,52,28039.199999928474,pvp,player_1,player_2,222,222,727.333,270,280,0,stay,stay,0,0
1775908789408,53,28055.899999976158,pvp,player_1,player_2,222,222,732,270,280,0,stay,stay,0,0
1775908789408,54,28072.600000023842,pvp,player_1,player_2,222,222,736.667,270,280,0,stay,stay,0,0
1775908789408,55,28089.199999928474,pvp,player_1,player_2,222,222,741.333,270,280,0,stay,stay,0,0
1775908789408,56,28105.699999928474,pvp,player_1,player_2,222,222,746,270,280,0,stay,stay,0,0
1775908789408,57,28122.5,pvp,player_1,player_2,222,222,750.667,270,280,0,stay,stay,0,0
1775908789408,58,28139.199999928474,pvp,player_1,player_2,222,222,755.333,270,280,0,stay,stay,0,0
1775908789408,59,28155.699999928474,pvp,player_1,player_2,222,222,760,270,280,0,stay,stay,0,0
1775908789408,60,28172.699999928474,pvp,player_1,player_2,222,222,764.667,270,280,0,stay,stay,0,0
1775908789408,61,28188.899999976158,pvp,player_1,player_2,222,222,769.333,270,280,0,stay,stay,0,0
1775908789408,62,28205.899999976158,pvp,player_1,player_2,222,222,774,270,280,0,stay,stay,0,0
1775908789408,63,28222.699999928474,pvp,player_1,player_2,222,222,778.667,270,280,0,stay,stay,0,0
1775908789408,64,28239.199999928474,pvp,player_1,player_2,222,222,783.333,270,280,0,stay,stay,0,0
1775908789408,65,28255.699999928474,pvp,player_1,player_2,222,222,788,270,280,0,stay,stay,0,0
1775908789408,66,28272.5,pvp,player_1,player_2,222,222,792.667,270,280,0,stay,stay,0,0
1775908789408,67,28289.199999928474,pvp,player_1,player_2,222,222,797.333,270,280,0,stay,stay,0,0
1775908789408,68,28305.899999976158,pvp,player_1,player_2,222,222,802,270,280,0,stay,stay,0,0
1775908789408,69,28322.399999976158,pvp,player_1,player_2,222,222,806.667,270,280,0,stay,stay,0,0
1775908789408,70,28339.199999928474,pvp,player_1,player_2,222,222,811.333,270,280,0,stay,stay,0,0
1775908789408,71,28355.799999952316,pvp,player_1,player_2,222,222,816,270,280,0,stay,stay,0,0
1775908789408,72,28372.5,pvp,player_1,player_2,222,222,820.667,270,280,0,stay,stay,0,0
1775908789408,73,28389.299999952316,pvp,player_1,player_2,222,222,825.333,270,280,0,stay,stay,0,0
1775908789408,74,28405.899999976158,pvp,player_1,player_2,222,222,830,270,280,0,stay,stay,0,0
1775908789408,75,28422.600000023842,pvp,player_1,player_2,222,222,834.667,270,280,0,stay,stay,0,0
1775908789408,76,28439,pvp,player_1,player_2,222,222,839.333,270,280,0,stay,stay,0,0
1775908789408,77,28455.699999928474,pvp,player_1,player_2,222,222,844,270,280,0,stay,stay,0,0
1775908789408,78,28472.600000023842,pvp,player_1,player_2,222,222,848.667,270,280,0,stay,stay,0,0
1775908789408,79,28489.199999928474,pvp,player_1,player_2,222,222,853.333,270,280,0,stay,stay,0,0
1775908789408,80,28505.799999952316,pvp,player_1,player_2,222,222,858,270,280,0,stay,stay,0,0
1775908789408,81,28522.600000023842,pvp,player_1,player_2,222,222,862.667,270,280,0,stay,stay,0,0
1775908789408,82,28539.199999928474,pvp,player_1,player_2,222,222,867.333,270,280,0,stay,stay,0,0
1775908789408,83,28555.600000023842,pvp,player_1,player_2,222,222,872,270,280,0,stay,stay,0,0
1775908789408,84,28572.600000023842,pvp,player_1,player_2,222,222,876.667,270,280,0,stay,stay,0,0
1775908789408,85,28589.199999928474,pvp,player_1,player_2,222,222,881.333,270,280,0,stay,stay,0,0
1775908789408,86,28605.799999952316,pvp,player_1,player_2,222,222,886,270,280,0,stay,stay,0,0
1775908789408,87,28622.5,pvp,player_1,player_2,222,222,890.667,270,280,0,stay,stay,0,0
1775908789408,88,28639.399999976158,pvp,player_1,player_2,222,222,895.333,270,280,0,stay,stay,0,0
1775908789408,89,28655.799999952316,pvp,player_1,player_2,222,222,900,270,280,0,stay,stay,0,0
1775908789408,90,28672.5,pvp,player_1,player_2,222,222,904.667,270,280,0,stay,stay,0,0
1775908789408,91,28689.299999952316,pvp,player_1,player_2,222,222,909.333,270,280,0,stay,stay,0,0
1775908789408,92,28706,pvp,player_1,player_2,222,222,912,270,-300,0,stay,stay,0,0
1775908789408,93,28722.899999976158,pvp,player_1,player_2,222,221.744,907,270,-300,0,stay,up,0,0
1775908789408,94,28739.299999952316,pvp,player_1,player_2,222,221.233,902,270,-300,0,stay,up,0,0
1775908789408,95,28755.799999952316,pvp,player_1,player_2,222,220.467,897,270,-300,0,stay,up,0,0
1775908789408,96,28772.5,pvp,player_1,player_2,222,219.444,892,270,-300,0,stay,up,0,0
1775908789408,97,28789.199999928474,pvp,player_1,player_2,222,218.167,887,270,-300,0,stay,up,0,0
1775908789408,98,28805.799999952316,pvp,player_1,player_2,222,216.633,882,270,-300,0,stay,up,0,0
1775908789408,99,28822.5,pvp,player_1,player_2,222,214.844,877,270,-300,0,stay,up,0,0
1775908789408,100,28838.899999976158,pvp,player_1,player_2,222,212.8,872,270,-300,0,stay,up,0,0
1775908789408,101,28855.699999928474,pvp,player_1,player_2,222,210.5,867,270,-300,0,stay,up,0,0
1775908789408,102,28872.399999976158,pvp,player_1,player_2,222,207.944,862,270,-300,0,stay,up,0,0
1775908789408,103,28889.299999952316,pvp,player_1,player_2,222,205.133,857,270,-300,0,stay,up,0,0
1775908789408,104,28906.199999928474,pvp,player_1,player_2,222,202.067,852,270,-300,0,stay,up,0,0
1775908789408,105,28922.799999952316,pvp,player_1,player_2,222,198.744,847,270,-300,0,stay,up,0,0
1775908789408,106,28939.199999928474,pvp,player_1,player_2,222,195.167,842,270,-300,0,stay,up,0,0
1775908789408,107,28956.100000023842,pvp,player_1,player_2,222,191.333,837,270,-300,0,stay,up,0,0
1775908789408,108,28972.699999928474,pvp,player_1,player_2,222,187.244,832,270,-300,0,stay,up,0,0
1775908789408,109,28989.399999976158,pvp,player_1,player_2,222,182.9,827,270,-300,0,stay,up,0,0
1775908789408,110,29005.799999952316,pvp,player_1,player_2,222,178.3,822,270,-300,0,stay,up,0,0
1775908789408,111,29022.5,pvp,player_1,player_2,222,173.444,817,270,-300,0,stay,up,0,0
1775908789408,112,29039.399999976158,pvp,player_1,player_2,222,168.333,812,270,-300,0,stay,up,0,0
1775908789408,113,29056,pvp,player_1,player_2,222,162.967,807,270,-300,0,stay,up,0,0
1775908789408,114,29072.799999952316,pvp,player_1,player_2,222,157.344,802,270,-300,0,stay,up,0,0
1775908789408,115,29089.299999952316,pvp,player_1,player_2,222,151.467,797,270,-300,0,stay,up,0,0
1775908789408,116,29105.899999976158,pvp,player_1,player_2,222,145.333,792,270,-300,0,stay,up,0,0
1775908789408,117,29122.600000023842,pvp,player_1,player_2,222,138.944,787,270,-300,0,stay,up,0,0
1775908789408,118,29139.399999976158,pvp,player_1,player_2,222,132.3,782,270,-300,0,stay,up,0,0
1775908789408,119,29156,pvp,player_1,player_2,222,125.4,777,270,-300,0,stay,up,0,0
1775908789408,120,29172.5,pvp,player_1,player_2,222,118.244,772,270,-300,0,stay,up,0,0
1775908789408,121,29189.299999952316,pvp,player_1,player_2,222,110.833,767,270,-300,0,stay,up,0,0
1775908789408,122,29205.399999976158,pvp,player_1,player_2,222,103.617,762,270,-300,0,stay,stay,0,0
1775908789408,123,29222.600000023842,pvp,player_1,player_2,222,96.594,757,270,-300,0,stay,stay,0,0
1775908789408,124,29239.299999952316,pvp,player_1,player_2,222,89.767,752,270,-300,0,stay,stay,0,0
1775908789408,125,29256.100000023842,pvp,player_1,player_2,222,83.133,747,270,-300,0,stay,stay,0,0
1775908789408,126,29272.699999928474,pvp,player_1,player_2,222,76.694,742,270,-300,0,stay,stay,0,0
1775908789408,127,29289.399999976158,pvp,player_1,player_2,222,70.45,737,270,-300,0,stay,stay,0,0
1775908789408,128,29306.199999928474,pvp,player_1,player_2,222,64.4,732,270,-300,0,stay,stay,0,0
1775908789408,129,29322.799999952316,pvp,player_1,player_2,222,58.544,727,270,-300,0,stay,stay,0,0
1775908789408,130,29339.299999952316,pvp,player_1,player_2,222,52.883,722,270,-300,0,stay,stay,0,0
1775908789408,131,29355.799999952316,pvp,player_1,player_2,222,47.417,717,270,-300,0,stay,stay,0,0
1775908789408,132,29372.5,pvp,player_1,player_2,222,42.144,712,270,-300,0,stay,stay,0,0
1775908789408,133,29389.299999952316,pvp,player_1,player_2,222,37.067,707,270,-300,0,stay,stay,0,0
1775908789408,134,29405.899999976158,pvp,player_1,player_2,222,32.183,702,270,-300,0,stay,stay,0,0
1775908789408,135,29422.799999952316,pvp,player_1,player_2,222,27.494,697,270,-300,0,stay,stay,0,0
1775908789408,136,29439.100000023842,pvp,player_1,player_2,222,23,692,270,-300,0,stay,stay,0,0
1775908789408,137,29456,pvp,player_1,player_2,222,18.7,687,270,-300,0,stay,stay,0,0
1775908789408,138,29472.5,pvp,player_1,player_2,222,14.594,682,270,-300,0,stay,stay,0,0
1775908789408,139,29489.100000023842,pvp,player_1,player_2,222,10.683,677,270,-300,0,stay,stay,0,0
1775908789408,140,29506.199999928474,pvp,player_1,player_2,222,6.967,672,270,-300,0,stay,stay,0,0
1775908789408,141,29522.699999928474,pvp,player_1,player_2,222,3.444,667,270,-300,0,stay,stay,0,0
1775908789408,142,29539.199999928474,pvp,player_1,player_2,222,0.117,662,270,-300,0,stay,stay,0,0
1775908789408,143,29556.100000023842,pvp,player_1,player_2,222,0,657,270,-300,0,stay,stay,0,0
1775908789408,144,29572.699999928474,pvp,player_1,player_2,222,0,652,270,-300,0,stay,stay,0,0
1775908789408,145,29589.299999952316,pvp,player_1,player_2,222.256,0,647,270,-300,0,down,stay,0,0
1775908789408,146,29606.100000023842,pvp,player_1,player_2,222.767,0,642,270,-300,0,down,stay,0,0
1775908789408,147,29622.5,pvp,player_1,player_2,223.533,0,637,270,-300,0,down,stay,0,0
1775908789408,148,29639.399999976158,pvp,player_1,player_2,224.556,0,632,270,-300,0,down,stay,0,0
1775908789408,149,29656.100000023842,pvp,player_1,player_2,225.833,0,627,270,-300,0,down,stay,0,0
1775908789408,150,29672.699999928474,pvp,player_1,player_2,227.367,0,622,270,-300,0,down,stay,0,0
1775908789408,151,29689.399999976158,pvp,player_1,player_2,229.156,0,617,270,-300,0,down,stay,0,0
1775908789408,152,29705.899999976158,pvp,player_1,player_2,231.2,0,612,270,-300,0,down,stay,0,0
1775908789408,153,29722.5,pvp,player_1,player_2,233.5,0,607,270,-300,0,down,stay,0,0
1775908789408,154,29739.199999928474,pvp,player_1,player_2,236.056,0,602,270,-300,0,down,stay,0,0
1775908789408,155,29755.600000023842,pvp,player_1,player_2,238.867,0,597,270,-300,0,down,stay,0,0
1775908789408,156,29772.799999952316,pvp,player_1,player_2,241.933,0,592,270,-300,0,down,stay,0,0
1775908789408,157,29789.100000023842,pvp,player_1,player_2,245.256,0,587,270,-300,0,down,stay,0,0
1775908789408,158,29805.699999928474,pvp,player_1,player_2,248.833,0,582,270,-300,0,down,stay,0,0
1775908789408,159,29822.600000023842,pvp,player_1,player_2,252.667,0,577,270,-300,0,down,stay,0,0
1775908789408,160,29839.299999952316,pvp,player_1,player_2,256.756,0,572,270,-300,0,down,stay,0,0
1775908789408,161,29855.899999976158,pvp,player_1,player_2,261.1,0,567,270,-300,0,down,stay,0,0
1775908789408,162,29872.399999976158,pvp,player_1,player_2,265.7,0,562,270,-300,0,down,stay,0,0
1775908789408,163,29889.399999976158,pvp,player_1,player_2,270.556,0,557,270,-300,0,down,stay,0,0
1775908789408,164,29905.899999976158,pvp,player_1,player_2,275.667,0,552,270,-300,0,down,stay,0,0
1775908789408,165,29922.600000023842,pvp,player_1,player_2,281.033,0,547,270,-300,0,down,stay,0,0
1775908789408,166,29939.100000023842,pvp,player_1,player_2,286.656,0,542,270,-300,0,down,stay,0,0
1775908789408,167,29956.100000023842,pvp,player_1,player_2,292.533,0,537,270,-300,0,down,stay,0,0
1775908789408,168,29972.5,pvp,player_1,player_2,298.667,0,532,270,-300,0,down,stay,0,0
1775908789408,169,29989.199999928474,pvp,player_1,player_2,305.056,0,527,270,-300,0,down,stay,0,0
1775908789408,170,30006,pvp,player_1,player_2,311.7,0,522,270,-300,0,down,stay,0,0
1775908789408,171,30022.399999976158,pvp,player_1,player_2,318.6,0,517,270,-300,0,down,stay,0,0
1775908789408,172,30038.799999952316,pvp,player_1,player_2,325.756,0,512,270,-300,0,down,stay,0,0
1775908789408,173,30055.899999976158,pvp,player_1,player_2,332.717,0,507,270,-300,0,stay,stay,0,0
1775908789408,174,30072.5,pvp,player_1,player_2,339.483,0,502,270,-300,0,stay,stay,0,0
1775908789408,175,30089.299999952316,pvp,player_1,player_2,346.056,0,497,270,-300,0,stay,stay,0,0
1775908789408,176,30105.899999976158,pvp,player_1,player_2,352.433,0,492,270,-300,0,stay,stay,0,0
1775908789408,177,30122.699999928474,pvp,player_1,player_2,358.617,0,487,270,-300,0,stay,stay,0,0
1775908789408,178,30139.399999976158,pvp,player_1,player_2,364.606,0,482,270,-300,0,stay,stay,0,0
1775908789408,179,30155.799999952316,pvp,player_1,player_2,370.4,0,477,270,-300,0,stay,stay,0,0
1775908789408,180,30172.600000023842,pvp,player_1,player_2,376,0,472,270,-300,0,stay,stay,0,0
1775908789408,181,30189.399999976158,pvp,player_1,player_2,381.406,0,467,270,-300,0,stay,stay,0,0
1775908789408,182,30205.899999976158,pvp,player_1,player_2,386.617,0,462,270,-300,0,stay,stay,0,0
1775908789408,183,30222.600000023842,pvp,player_1,player_2,391.633,0,457,270,-300,0,stay,stay,0,0
1775908789408,184,30239.399999976158,pvp,player_1,player_2,396.456,0,452,270,-300,0,stay,stay,0,0
1775908789408,185,30256,pvp,player_1,player_2,401.083,0,447,270,-300,0,stay,stay,0,0
1775908789408,186,30272.699999928474,pvp,player_1,player_2,405.517,0,442,270,-300,0,stay,stay,0,0
1775908789408,187,30289.399999976158,pvp,player_1,player_2,409.756,0,437,270,-300,0,stay,stay,0,0
1775908789408,188,30305.899999976158,pvp,player_1,player_2,413.633,0,432,270,-300,0,up,stay,0,0
1775908789408,189,30322.799999952316,pvp,player_1,player_2,417.15,0,427,270,-300,0,up,stay,0,0
1775908789408,190,30338.799999952316,pvp,player_1,player_2,420.306,0,422,270,-300,0,up,stay,0,0
1775908789408,191,30356.100000023842,pvp,player_1,player_2,423.1,0,417,270,-300,0,up,stay,0,0
1775908789408,192,30372.699999928474,pvp,player_1,player_2,425.533,0,412,270,-300,0,up,stay,0,0
1775908789408,193,30389.199999928474,pvp,player_1,player_2,427.606,0,407,270,-300,0,up,stay,0,0
1775908789408,194,30406,pvp,player_1,player_2,429.317,0,402,270,-300,0,up,stay,0,0
1775908789408,195,30422.600000023842,pvp,player_1,player_2,430.667,0,397,270,-300,0,up,stay,0,0
1775908789408,196,30438.899999976158,pvp,player_1,player_2,431.656,0,392,270,-300,0,up,stay,0,0
1775908789408,197,30456,pvp,player_1,player_2,432.283,0,387,270,-300,0,up,stay,0,0
1775908789408,198,30472.699999928474,pvp,player_1,player_2,432.55,0,382,270,-300,0,up,stay,0,0
1775908789408,199,30489.299999952316,pvp,player_1,player_2,432.456,0,377,270,-300,0,up,stay,0,0
1775908789408,200,30506.100000023842,pvp,player_1,player_2,432.106,0,372,270,-300,0,up,stay,0,0
1775908789408,201,30522.699999928474,pvp,player_1,player_2,431.5,0,367,270,-300,0,up,stay,0,0
1775908789408,202,30539.5,pvp,player_1,player_2,430.639,0,362,270,-300,0,up,stay,0,0
1775908789408,203,30556.100000023842,pvp,player_1,player_2,429.522,0,357,270,-300,0,up,stay,0,0
1775908789408,204,30572.600000023842,pvp,player_1,player_2,428.15,0,352,270,-300,0,up,stay,0,0
1775908789408,205,30589.199999928474,pvp,player_1,player_2,426.522,0,347,270,-300,0,up,stay,0,0
1775908789408,206,30605.600000023842,pvp,player_1,player_2,424.639,0,342,270,-300,0,up,stay,0,0
1775908789408,207,30622.899999976158,pvp,player_1,player_2,422.5,0,337,270,-300,0,up,stay,0,0
1775908789408,208,30638.899999976158,pvp,player_1,player_2,420.106,0,332,270,-300,0,up,stay,0,0
1775908789408,209,30655.799999952316,pvp,player_1,player_2,417.456,0,327,270,-300,0,up,stay,0,0
1775908789408,210,30672.5,pvp,player_1,player_2,414.55,0,322,270,-300,0,up,stay,0,0
1775908789408,211,30689.399999976158,pvp,player_1,player_2,411.389,0,317,270,-300,0,up,stay,0,0
1775908789408,212,30706.100000023842,pvp,player_1,player_2,407.972,0,312,270,-300,0,up,stay,0,0
1775908789408,213,30722.600000023842,pvp,player_1,player_2,404.3,0,307,270,-300,0,up,stay,0,0
1775908789408,214,30739.399999976158,pvp,player_1,player_2,400.372,0,302,270,-300,0,up,stay,0,0
1775908789408,215,30756,pvp,player_1,player_2,396.189,0,297,270,-300,0,up,stay,0,0
1775908789408,216,30772.5,pvp,player_1,player_2,391.75,0,292,270,-300,0,up,stay,0,0
1775908789408,217,30789.399999976158,pvp,player_1,player_2,387.056,0,287,270,-300,0,up,stay,0,0
1775908789408,218,30805.899999976158,pvp,player_1,player_2,382.106,0,282,270,-300,0,up,stay,0,0
1775908789408,219,30822.699999928474,pvp,player_1,player_2,376.9,0,277,270,-300,0,up,stay,0,0
1775908789408,220,30838.899999976158,pvp,player_1,player_2,371.439,0,272,270,-300,0,up,stay,0,0
1775908789408,221,30855.5,pvp,player_1,player_2,365.722,0,267,270,-300,0,up,stay,0,0
1775908789408,222,30872.299999952316,pvp,player_1,player_2,359.75,0,262,270,-300,0,up,stay,0,0
1775908789408,223,30889.5,pvp,player_1,player_2,353.522,0,257,270,-300,0,up,stay,0,0
1775908789408,224,30905.699999928474,pvp,player_1,player_2,347.039,0,252,270,-300,0,up,stay,0,0
1775908789408,225,30922.5,pvp,player_1,player_2,340.3,0,247,270,-300,0,up,stay,0,0
1775908789408,226,30938.799999952316,pvp,player_1,player_2,333.306,0,242,270,-300,0,up,stay,0,0
1775908789408,227,30955.799999952316,pvp,player_1,player_2,326.056,0,237,270,-300,0,up,stay,0,0
1775908789408,228,30972.5,pvp,player_1,player_2,318.55,0,232,270,-300,0,up,stay,0,0
1775908789408,229,30988.899999976158,pvp,player_1,player_2,310.883,0,227,270,-300,0,up,stay,0,0
1775908789408,230,31006,pvp,player_1,player_2,303.217,0,222,270,-300,0,up,stay,0,0
1775908789408,231,31022.299999952316,pvp,player_1,player_2,295.55,0,217,270,-300,0,up,stay,0,0
1775908789408,232,31039.199999928474,pvp,player_1,player_2,287.883,0,212,270,-300,0,up,stay,0,0
1775908789408,233,31055.899999976158,pvp,player_1,player_2,280.217,0,207,270,-300,0,up,stay,0,0
1775908789408,234,31072.699999928474,pvp,player_1,player_2,272.55,0,202,270,-300,0,up,stay,0,0
1775908789408,235,31089.399999976158,pvp,player_1,player_2,264.883,0,197,270,-300,0,up,stay,0,0
1775908789408,236,31106,pvp,player_1,player_2,257.411,0,192,270,-300,0,stay,stay,0,0
1775908789408,237,31122.799999952316,pvp,player_1,player_2,250.133,0,187,270,-300,0,stay,stay,0,0
1775908789408,238,31139.100000023842,pvp,player_1,player_2,243.05,0,182,270,-300,0,stay,stay,0,0
1775908789408,239,31155.799999952316,pvp,player_1,player_2,236.161,0,177,270,-300,0,stay,stay,0,0
1775908789408,240,31172.299999952316,pvp,player_1,player_2,229.467,0,172,270,-300,0,stay,stay,0,0
1775908789408,241,31189.399999976158,pvp,player_1,player_2,222.967,0,167,270,-300,0,stay,stay,0,0
1775908789408,242,31206,pvp,player_1,player_2,216.661,0,162,270,-300,0,stay,stay,0,0
1775908789408,243,31222.399999976158,pvp,player_1,player_2,210.55,0,157,270,-300,0,stay,stay,0,0
1775908789408,244,31239.299999952316,pvp,player_1,player_2,204.633,0,152,270,-300,0,stay,stay,0,0
1775908789408,245,31256,pvp,player_1,player_2,198.911,0,147,270,-300,0,stay,stay,0,0
1775908789408,246,31273,pvp,player_1,player_2,193.383,0,142,270,-300,0,stay,stay,0,0
1775908789408,247,31289.199999928474,pvp,player_1,player_2,188.05,0,137,270,-300,0,stay,stay,0,0
1775908789408,248,31305.899999976158,pvp,player_1,player_2,182.911,0,132,270,-300,0,stay,stay,0,0
1775908789408,249,31322.699999928474,pvp,player_1,player_2,177.967,0,127,270,-300,0,stay,stay,0,0
1775908789408,250,31339.100000023842,pvp,player_1,player_2,173.217,0,122,270,-300,0,stay,stay,0,0
1775908789408,251,31355.699999928474,pvp,player_1,player_2,168.661,0,117,270,-300,0,stay,stay,0,0
1775908789408,252,31372.5,pvp,player_1,player_2,164.3,0,112,270,-300,0,stay,stay,0,0
1775908789408,253,31389,pvp,player_1,player_2,160.133,0,107,270,-300,0,stay,stay,0,0
1775908789408,254,31405.699999928474,pvp,player_1,player_2,156.328,0,102,270,-300,0,down,stay,0,0
1775908789408,255,31422.399999976158,pvp,player_1,player_2,152.883,0,97,270,-300,0,down,stay,0,0
1775908789408,256,31439,pvp,player_1,player_2,149.8,0,92,270,-300,0,down,stay,0,0
1775908789408,257,31455.799999952316,pvp,player_1,player_2,147.078,0,87,270,-300,0,down,stay,0,0
1775908789408,258,31472.299999952316,pvp,player_1,player_2,144.717,0,82,270,-300,0,down,stay,0,0
1775908789408,259,31489.299999952316,pvp,player_1,player_2,142.717,0,77,270,-300,0,down,stay,0,0
1775908789408,260,31506,pvp,player_1,player_2,141.078,0,72,270,-300,0,down,stay,0,0
1775908789408,261,31522.600000023842,pvp,player_1,player_2,139.8,0,67,270,-300,0,down,stay,0,0
1775908789408,262,31539.299999952316,pvp,player_1,player_2,138.883,0,62,270,-300,0,down,stay,0,0
1775908789408,263,31555.699999928474,pvp,player_1,player_2,138.161,0,57,270,-300,0,stay,stay,0,0
1775908789408,264,31572.600000023842,pvp,player_1,player_2,137.633,0,52,270,-300,0,stay,stay,0,0
1775908789408,265,31589.199999928474,pvp,player_1,player_2,137.3,0,47,270,-300,0,stay,stay,0,0
1775908789408,266,31605.899999976158,pvp,player_1,player_2,137.328,0,42,270,-300,0,down,stay,0,0
1775908789408,267,31622.699999928474,pvp,player_1,player_2,137.611,0,37,270,-300,0,down,stay,0,0
1775908789408,268,31639.299999952316,pvp,player_1,player_2,138.15,0,32,270,-300,0,down,stay,0,0
1775908789408,269,31656.100000023842,pvp,player_1,player_2,138.944,0,27,270,-300,0,down,stay,0,0
1775908789408,270,31672.5,pvp,player_1,player_2,139.994,0,22,270,-300,0,down,stay,0,0
1775908789408,271,31689.399999976158,pvp,player_1,player_2,141.3,0,17,270,-300,0,down,stay,0,0
1775908789408,272,31705.5,pvp,player_1,player_2,142.861,0,12,270,-300,0,down,stay,0,0
1775908789408,273,31722.5,pvp,player_1,player_2,144.678,0,7,270,-300,0,down,stay,0,0
1775908789408,274,31739.199999928474,pvp,player_1,player_2,146.75,0,2,270,-300,0,down,stay,0,0
1775908789408,275,31756,pvp,player_1,player_2,149.078,0,-3,270,-300,0,down,stay,0,0
1775908789408,276,31772.5,pvp,player_1,player_2,151.661,0,-8,270,-300,0,down,stay,0,0
1775908789408,277,31788.899999976158,pvp,player_1,player_2,154.5,0,480,270,-280,0,down,stay,0,1
1775908789408,278,31805.699999928474,pvp,player_1,player_2,157.594,0,475.333,270,-280,0,down,stay,0,1
1775908789408,279,31822.299999952316,pvp,player_1,player_2,160.944,0,470.667,270,-280,0,down,stay,0,1
1775908789408,280,31839,pvp,player_1,player_2,164.55,0,466,270,-280,0,down,stay,0,1
1775908789408,281,31855.5,pvp,player_1,player_2,168.411,0,461.333,270,-280,0,down,stay,0,1
1775908789408,282,31872.699999928474,pvp,player_1,player_2,172.528,0,456.667,270,-280,0,down,stay,0,1
1775908789408,283,31889.299999952316,pvp,player_1,player_2,176.9,0,452,270,-280,0,down,stay,0,1
1775908789408,284,31905.5,pvp,player_1,player_2,181.528,0,447.333,270,-280,0,down,stay,0,1
1775908789408,285,31922.699999928474,pvp,player_1,player_2,186.411,0,442.667,270,-280,0,down,stay,0,1
1775908789408,286,31939.100000023842,pvp,player_1,player_2,191.55,0,438,270,-280,0,down,stay,0,1
1775908789408,287,31956,pvp,player_1,player_2,196.944,0,433.333,270,-280,0,down,stay,0,1
1775908789408,288,31972.699999928474,pvp,player_1,player_2,202.594,0,428.667,270,-280,0,down,stay,0,1
1775908789408,289,31989.199999928474,pvp,player_1,player_2,208.5,0,424,270,-280,0,down,stay,0,1
1775908789408,290,32006,pvp,player_1,player_2,214.661,0,419.333,270,-280,0,down,stay,0,1
1775908789408,291,32022.399999976158,pvp,player_1,player_2,220.628,0,414.667,270,-280,0,stay,stay,0,1
1775908789408,292,32039.199999928474,pvp,player_1,player_2,226.4,0,410,270,-280,0,stay,stay,0,1
1775908789408,293,32055.799999952316,pvp,player_1,player_2,231.978,0,405.333,270,-280,0,stay,stay,0,1
1775908789408,294,32072.799999952316,pvp,player_1,player_2,237.361,0,400.667,270,-280,0,stay,stay,0,1
1775908789408,295,32089.299999952316,pvp,player_1,player_2,242.55,0,396,270,-280,0,stay,stay,0,1
1775908789408,296,32105.600000023842,pvp,player_1,player_2,247.544,0,391.333,270,-280,0,stay,stay,0,1
1775908789408,297,32122.399999976158,pvp,player_1,player_2,252.344,0,386.667,270,-280,0,stay,stay,0,1
1775908789408,298,32139,pvp,player_1,player_2,256.95,0,382,270,-280,0,stay,stay,0,1
1775908789408,299,32156.100000023842,pvp,player_1,player_2,261.361,0,377.333,270,-280,0,stay,stay,0,1
1775908789408,300,32172.5,pvp,player_1,player_2,265.578,0,372.667,270,-280,0,stay,stay,0,1
1775908789408,301,32189.199999928474,pvp,player_1,player_2,269.6,0,368,270,-280,0,stay,stay,0,1
1775908789408,302,32205.799999952316,pvp,player_1,player_2,273.428,0,363.333,270,-280,0,stay,stay,0,1
1775908789408,303,32222.5,pvp,player_1,player_2,277.061,0,358.667,270,-280,0,stay,stay,0,1
1775908789408,304,32239.199999928474,pvp,player_1,player_2,280.5,0,354,270,-280,0,stay,stay,0,1
1775908789408,305,32255.799999952316,pvp,player_1,player_2,283.744,0,349.333,270,-280,0,stay,stay,0,1
1775908789408,306,32272.399999976158,pvp,player_1,player_2,286.794,0,344.667,270,-280,0,stay,stay,0,1
1775908789408,307,32289.100000023842,pvp,player_1,player_2,289.65,0,340,270,-280,0,stay,stay,0,1
1775908789408,308,32305.899999976158,pvp,player_1,player_2,292.311,0,335.333,270,-280,0,stay,stay,0,1
1775908789408,309,32322.5,pvp,player_1,player_2,294.778,0,330.667,270,-280,0,stay,stay,0,1
1775908789408,310,32338.799999952316,pvp,player_1,player_2,297.05,0,326,270,-280,0,stay,stay,0,1
1775908789408,311,32355.799999952316,pvp,player_1,player_2,299.128,0,321.333,270,-280,0,stay,stay,0,1
1775908789408,312,32372.399999976158,pvp,player_1,player_2,301.011,0,316.667,270,-280,0,stay,stay,0,1
1775908789408,313,32389.299999952316,pvp,player_1,player_2,302.7,0,312,270,-280,0,stay,stay,0,1
1775908789408,314,32405.899999976158,pvp,player_1,player_2,304.194,0,307.333,270,-280,0,stay,stay,0,1
1775908789408,315,32422.5,pvp,player_1,player_2,305.494,0,302.667,270,-280,0,stay,stay,0,1
1775908789408,316,32438.799999952316,pvp,player_1,player_2,306.6,0,298,270,-280,0,stay,stay,0,1
1775908789408,317,32455.799999952316,pvp,player_1,player_2,307.511,0,293.333,270,-280,0,stay,stay,0,1
1775908789408,318,32472.600000023842,pvp,player_1,player_2,308.228,0,288.667,270,-280,0,stay,stay,0,1
1775908789408,319,32489.399999976158,pvp,player_1,player_2,308.75,0,284,270,-280,0,stay,stay,0,1
1775908789408,320,32505.899999976158,pvp,player_1,player_2,309.078,0,279.333,270,-280,0,stay,stay,0,1
1775908789408,321,32522.5,pvp,player_1,player_2,309.078,0,274.667,270,-280,0,stay,stay,0,1
1775908789408,322,32539.399999976158,pvp,player_1,player_2,309.078,0,270,270,-280,0,stay,stay,0,1
1775908789408,323,32555.799999952316,pvp,player_1,player_2,309.078,0,265.333,270,-280,0,stay,stay,0,1
1775908789408,324,32572.600000023842,pvp,player_1,player_2,309.333,0,260.667,270,-280,0,down,stay,0,1
1775908789408,325,32589.399999976158,pvp,player_1,player_2,309.844,0,256,270,-280,0,down,stay,0,1
1775908789408,326,32606,pvp,player_1,player_2,310.611,0,251.333,270,-280,0,down,stay,0,1
1775908789408,327,32622.399999976158,pvp,player_1,player_2,311.633,0,246.667,270,-280,0,down,stay,0,1
1775908789408,328,32639.100000023842,pvp,player_1,player_2,312.911,0,242,270,-280,0,down,stay,0,1
1775908789408,329,32655.899999976158,pvp,player_1,player_2,313.994,0,237.333,270,-280,0,stay,stay,0,1
1775908789408,330,32672.5,pvp,player_1,player_2,314.883,0,232.667,270,-280,0,stay,stay,0,1
1775908789408,331,32689.100000023842,pvp,player_1,player_2,315.578,0,228,270,-280,0,stay,stay,0,1
1775908789408,332,32705.899999976158,pvp,player_1,player_2,316.078,0,223.333,270,-280,0,stay,stay,0,1
1775908789408,333,32722.600000023842,pvp,player_1,player_2,316.383,0,218.667,270,-280,0,stay,stay,0,1
1775908789408,334,32739.199999928474,pvp,player_1,player_2,316.383,0,214,270,-280,0,stay,stay,0,1
1775908789408,335,32755.899999976158,pvp,player_1,player_2,316.383,0,209.333,270,-280,0,stay,stay,0,1
1775908789408,336,32772.699999928474,pvp,player_1,player_2,316.383,0,204.667,270,-280,0,stay,stay,0,1
1775908789408,337,32789.10000002384,pvp,player_1,player_2,316.383,0,200,270,-280,0,stay,stay,0,1
1775908789408,338,32806,pvp,player_1,player_2,316.128,0,195.333,270,-280,0,up,stay,0,1
1775908789408,339,32822.699999928474,pvp,player_1,player_2,315.617,0,190.667,270,-280,0,up,stay,0,1
1775908789408,340,32838.799999952316,pvp,player_1,player_2,314.85,0,186,270,-280,0,up,stay,0,1
1775908789408,341,32855.799999952316,pvp,player_1,player_2,313.828,0,181.333,270,-280,0,up,stay,0,1
1775908789408,342,32872.60000002384,pvp,player_1,player_2,312.55,0,176.667,270,-280,0,up,stay,0,1
1775908789408,343,32889.39999997616,pvp,player_1,player_2,311.017,0,172,270,-280,0,up,stay,0,1
1775908789408,344,32906.10000002384,pvp,player_1,player_2,309.228,0,167.333,270,-280,0,up,stay,0,1
1775908789408,345,32922.60000002384,pvp,player_1,player_2,307.183,0,162.667,270,-280,0,up,stay,0,1
1775908789408,346,32939.5,pvp,player_1,player_2,304.883,0,158,270,-280,0,up,stay,0,1
1775908789408,347,32956.10000002384,pvp,player_1,player_2,302.328,0,153.333,270,-280,0,up,stay,0,1
1775908789408,348,32972.89999997616,pvp,player_1,player_2,299.517,0,148.667,270,-280,0,up,stay,0,1
1775908789408,349,32989.10000002384,pvp,player_1,player_2,296.45,0,144,270,-280,0,up,stay,0,1
1775908789408,350,33005.89999997616,pvp,player_1,player_2,293.128,0,139.333,270,-280,0,up,stay,0,1
1775908789408,351,33022.39999997616,pvp,player_1,player_2,289.55,0,134.667,270,-280,0,up,stay,0,1
1775908789408,352,33039,pvp,player_1,player_2,285.717,0,130,270,-280,0,up,stay,0,1
1775908789408,353,33055.39999997616,pvp,player_1,player_2,281.628,0,125.333,270,-280,0,up,stay,0,1
1775908789408,354,33072.39999997616,pvp,player_1,player_2,277.283,0,120.667,270,-280,0,up,stay,0,1
1775908789408,355,33089.299999952316,pvp,player_1,player_2,272.683,0,116,270,-280,0,up,stay,0,1
1775908789408,356,33105.799999952316,pvp,player_1,player_2,267.828,0,111.333,270,-280,0,up,stay,0,1
1775908789408,357,33122.5,pvp,player_1,player_2,262.717,0,106.667,270,-280,0,up,stay,0,1
1775908789408,358,33139.39999997616,pvp,player_1,player_2,257.35,0,102,270,-280,0,up,stay,0,1
1775908789408,359,33156.10000002384,pvp,player_1,player_2,251.728,0,97.333,270,-280,0,up,stay,0,1
1775908789408,360,33172.699999928474,pvp,player_1,player_2,245.85,0,92.667,270,-280,0,up,stay,0,1
1775908789408,361,33189.5,pvp,player_1,player_2,239.717,0,88,270,-280,0,up,stay,0,1
1775908789408,362,33206,pvp,player_1,player_2,233.328,0,83.333,270,-280,0,up,stay,0,1
1775908789408,363,33222.60000002384,pvp,player_1,player_2,226.683,0,78.667,270,-280,0,up,stay,0,1
1775908789408,364,33239.299999952316,pvp,player_1,player_2,219.783,0,74,270,-280,0,up,stay,0,1
1775908789408,365,33256,pvp,player_1,player_2,212.628,0,69.333,270,-280,0,up,stay,0,1
1775908789408,366,33272.799999952316,pvp,player_1,player_2,205.217,0,64.667,270,-280,0,up,stay,0,1
1775908789408,367,33289.299999952316,pvp,player_1,player_2,197.55,0,60,270,-280,0,up,stay,0,1
1775908789408,368,33306.199999928474,pvp,player_1,player_2,189.883,0,55.333,270,-280,0,up,stay,0,1
1775908789408,369,33322.60000002384,pvp,player_1,player_2,182.217,0,50.667,270,-280,0,up,stay,0,1
1775908789408,370,33339.299999952316,pvp,player_1,player_2,174.55,0,48,270,130.309,270.221,up,stay,0,1
1775908789408,371,33356.10000002384,pvp,player_1,player_2,166.883,0,50.172,274.504,130.309,270.221,up,stay,0,1
1775908789408,372,33372.699999928474,pvp,player_1,player_2,159.217,0,52.344,279.007,130.309,270.221,up,stay,0,1
1775908789408,373,33388.89999997616,pvp,player_1,player_2,151.55,0,54.515,283.511,130.309,270.221,up,stay,0,1
1775908789408,374,33406.10000002384,pvp,player_1,player_2,143.883,0,56.687,288.015,130.309,270.221,up,stay,0,1
1775908789408,375,33422.199999928474,pvp,player_1,player_2,136.411,0,58.859,292.518,130.309,270.221,stay,stay,0,1
1775908789408,376,33438.799999952316,pvp,player_1,player_2,129.133,0,61.031,297.022,130.309,270.221,stay,stay,0,1
1775908789408,377,33456,pvp,player_1,player_2,122.05,0,63.203,301.526,130.309,270.221,stay,stay,0,1
1775908789408,378,33472.799999952316,pvp,player_1,player_2,115.161,0,65.375,306.03,130.309,270.221,stay,stay,0,1
1775908789408,379,33489.199999928474,pvp,player_1,player_2,108.467,0,67.546,310.533,130.309,270.221,stay,stay,0,1
1775908789408,380,33506,pvp,player_1,player_2,101.967,0,69.718,315.037,130.309,270.221,stay,stay,0,1
1775908789408,381,33522.60000002384,pvp,player_1,player_2,95.661,0,71.89,319.541,130.309,270.221,stay,stay,0,1
1775908789408,382,33539,pvp,player_1,player_2,89.55,0,74.062,324.044,130.309,270.221,stay,stay,0,1
1775908789408,383,33555.89999997616,pvp,player_1,player_2,83.633,0,76.234,328.548,130.309,270.221,stay,stay,0,1
1775908789408,384,33572.60000002384,pvp,player_1,player_2,77.911,0,78.405,333.052,130.309,270.221,stay,stay,0,1
1775908789408,385,33589.199999928474,pvp,player_1,player_2,72.383,0,80.577,337.555,130.309,270.221,stay,stay,0,1
1775908789408,386,33605.89999997616,pvp,player_1,player_2,67.05,0,82.749,342.059,130.309,270.221,stay,stay,0,1
1775908789408,387,33622.699999928474,pvp,player_1,player_2,61.911,0,84.921,346.563,130.309,270.221,stay,stay,0,1
1775908789408,388,33639.299999952316,pvp,player_1,player_2,56.967,0,87.093,351.066,130.309,270.221,stay,stay,0,1
1775908789408,389,33656,pvp,player_1,player_2,52.217,0,89.265,355.57,130.309,270.221,stay,stay,0,1
1775908789408,390,33672.10000002384,pvp,player_1,player_2,47.661,0,91.436,360.074,130.309,270.221,stay,stay,0,1
1775908789408,391,33689,pvp,player_1,player_2,43.3,0,93.608,364.577,130.309,270.221,stay,stay,0,1
1775908789408,392,33706,pvp,player_1,player_2,39.3,0,95.78,369.081,130.309,270.221,down,stay,0,1
1775908789408,393,33722.799999952316,pvp,player_1,player_2,35.661,0,97.952,373.585,130.309,270.221,down,stay,0,1
1775908789408,394,33739.299999952316,pvp,player_1,player_2,32.383,0,100.124,378.089,130.309,270.221,down,stay,0,1
1775908789408,395,33756,pvp,player_1,player_2,29.467,0,102.295,382.592,130.309,270.221,down,stay,0,1
1775908789408,396,33772.5,pvp,player_1,player_2,26.911,0,104.467,387.096,130.309,270.221,down,stay,0,1
1775908789408,397,33789.199999928474,pvp,player_1,player_2,24.717,0,106.639,391.6,130.309,270.221,down,stay,0,1
1775908789408,398,33805.699999928474,pvp,player_1,player_2,22.883,0,108.811,396.103,130.309,270.221,down,stay,0,1
1775908789408,399,33822.299999952316,pvp,player_1,player_2,21.411,0,110.983,400.607,130.309,270.221,down,stay,0,1
1775908789408,400,33838.89999997616,pvp,player_1,player_2,20.3,0,113.155,405.111,130.309,270.221,down,stay,0,1
1775908789408,401,33855.60000002384,pvp,player_1,player_2,19.55,0,115.326,409.614,130.309,270.221,down,stay,0,1
1775908789408,402,33872.299999952316,pvp,player_1,player_2,19.161,0,117.498,414.118,130.309,270.221,down,stay,0,1
1775908789408,403,33889.39999997616,pvp,player_1,player_2,19.133,0,119.67,418.622,130.309,270.221,down,stay,0,1
1775908789408,404,33905.699999928474,pvp,player_1,player_2,19.467,0,121.842,423.125,130.309,270.221,down,stay,0,1
1775908789408,405,33922.199999928474,pvp,player_1,player_2,20.056,0,124.014,427.629,130.309,270.221,down,stay,0,1
1775908789408,406,33938.89999997616,pvp,player_1,player_2,20.9,0,126.185,432.133,130.309,270.221,down,stay,0,1
1775908789408,407,33955.89999997616,pvp,player_1,player_2,22,0,128.357,436.636,130.309,270.221,down,stay,0,1
1775908789408,408,33972.60000002384,pvp,player_1,player_2,23.356,0,130.529,441.14,130.309,270.221,down,stay,0,1
1775908789408,409,33989.199999928474,pvp,player_1,player_2,24.967,0,132.701,445.644,130.309,270.221,down,stay,0,1
1775908789408,410,34006,pvp,player_1,player_2,26.833,0,134.873,450.148,130.309,270.221,down,stay,0,1
1775908789408,411,34022.5,pvp,player_1,player_2,28.956,0,137.044,454.651,130.309,270.221,down,stay,0,1
1775908789408,412,34039.299999952316,pvp,player_1,player_2,31.333,0,139.216,459.155,130.309,270.221,down,stay,0,1
1775908789408,413,34056,pvp,player_1,player_2,33.967,0,141.388,463.659,130.309,270.221,down,stay,0,1
1775908789408,414,34072.60000002384,pvp,player_1,player_2,36.856,0,143.56,468.162,130.309,270.221,down,stay,0,1
1775908789408,415,34089.299999952316,pvp,player_1,player_2,40,0,145.732,472.666,130.309,270.221,down,stay,0,1
1775908789408,416,34105.799999952316,pvp,player_1,player_2,43.4,0,147.904,477.17,130.309,270.221,down,stay,0,1
1775908789408,417,34122.5,pvp,player_1,player_2,47.056,0,150.075,481.673,130.309,270.221,down,stay,0,1
1775908789408,418,34139.199999928474,pvp,player_1,player_2,50.967,0,152.247,486.177,130.309,270.221,down,stay,0,1
1775908789408,419,34155.60000002384,pvp,player_1,player_2,55.133,0,154.419,490.681,130.309,270.221,down,stay,0,1
1775908789408,420,34172.60000002384,pvp,player_1,player_2,59.556,0,156.591,495.184,130.309,270.221,down,stay,0,1
1775908789408,421,34189,pvp,player_1,player_2,64.233,0,158.763,499.688,130.309,270.221,down,stay,0,1
1775908789408,422,34205.60000002384,pvp,player_1,player_2,69.167,0,160.934,504.192,130.309,270.221,down,stay,0,1
1775908789408,423,34222.299999952316,pvp,player_1,player_2,74.356,0,163.106,508.695,130.309,270.221,down,stay,0,1
1775908789408,424,34239,pvp,player_1,player_2,79.8,0,165.278,513.199,130.309,270.221,down,stay,0,1
1775908789408,425,34256,pvp,player_1,player_2,85.5,0,167.45,517.703,130.309,270.221,down,stay,0,1
1775908789408,426,34272.5,pvp,player_1,player_2,91.456,0,169.622,522.207,130.309,270.221,down,stay,0,1
1775908789408,427,34289.299999952316,pvp,player_1,player_2,97.667,0,171.794,526.71,130.309,270.221,down,stay,0,1
1775908789408,428,34305.799999952316,pvp,player_1,player_2,104.133,0,173.965,530,130.309,-270.221,down,stay,0,1
1775908789408,429,34322.60000002384,pvp,player_1,player_2,110.856,0,176.137,525.496,130.309,-270.221,down,stay,0,1
1775908789408,430,34339.199999928474,pvp,player_1,player_2,117.833,0,178.309,520.993,130.309,-270.221,down,stay,0,1
1775908789408,431,34356,pvp,player_1,player_2,125.067,0,180.481,516.489,130.309,-270.221,down,stay,0,1
1775908789408,432,34372.5,pvp,player_1,player_2,132.556,0,182.653,511.985,130.309,-270.221,down,stay,0,1
1775908789408,433,34389.199999928474,pvp,player_1,player_2,140.222,0,184.824,507.482,130.309,-270.221,down,stay,0,1
1775908789408,434,34405.699999928474,pvp,player_1,player_2,147.889,0,186.996,502.978,130.309,-270.221,down,stay,0,1
1775908789408,435,34422.5,pvp,player_1,player_2,155.556,0,189.168,498.474,130.309,-270.221,down,stay,0,1
1775908789408,436,34439.10000002384,pvp,player_1,player_2,163.222,0,191.34,493.97,130.309,-270.221,down,stay,0,1
1775908789408,437,34455.799999952316,pvp,player_1,player_2,170.889,0,193.512,489.467,130.309,-270.221,down,stay,0,1
1775908789408,438,34472.60000002384,pvp,player_1,player_2,178.556,0,195.684,484.963,130.309,-270.221,down,stay,0,1
1775908789408,439,34489.5,pvp,player_1,player_2,186.222,0,197.855,480.459,130.309,-270.221,down,stay,0,1
1775908789408,440,34505.60000002384,pvp,player_1,player_2,193.889,0,200.027,475.956,130.309,-270.221,down,stay,0,1
1775908789408,441,34522.5,pvp,player_1,player_2,201.556,0,202.199,471.452,130.309,-270.221,down,stay,0,1
1775908789408,442,34539.10000002384,pvp,player_1,player_2,209.222,0,204.371,466.948,130.309,-270.221,down,stay,0,1
1775908789408,443,34555.799999952316,pvp,player_1,player_2,216.889,0,206.543,462.445,130.309,-270.221,down,stay,0,1
1775908789408,444,34572.699999928474,pvp,player_1,player_2,224.556,0,208.714,457.941,130.309,-270.221,down,stay,0,1
1775908789408,445,34589.39999997616,pvp,player_1,player_2,232.222,0,210.886,453.437,130.309,-270.221,down,stay,0,1
1775908789408,446,34605.799999952316,pvp,player_1,player_2,239.889,0,213.058,448.934,130.309,-270.221,down,stay,0,1
1775908789408,447,34622.39999997616,pvp,player_1,player_2,247.556,0,215.23,444.43,130.309,-270.221,down,stay,0,1
1775908789408,448,34639.10000002384,pvp,player_1,player_2,255.222,0,217.402,439.926,130.309,-270.221,down,stay,0,1
1775908789408,449,34656,pvp,player_1,player_2,262.889,0,219.574,435.423,130.309,-270.221,down,stay,0,1
1775908789408,450,34672.39999997616,pvp,player_1,player_2,270.556,0,221.745,430.919,130.309,-270.221,down,stay,0,1
1775908789408,451,34689.39999997616,pvp,player_1,player_2,278.222,0,223.917,426.415,130.309,-270.221,down,stay,0,1
1775908789408,452,34705.89999997616,pvp,player_1,player_2,285.694,0,226.089,421.911,130.309,-270.221,stay,stay,0,1
1775908789408,453,34722.60000002384,pvp,player_1,player_2,292.972,0,228.261,417.408,130.309,-270.221,stay,stay,0,1
1775908789408,454,34739.199999928474,pvp,player_1,player_2,300.056,0,230.433,412.904,130.309,-270.221,stay,stay,0,1
1775908789408,455,34755.89999997616,pvp,player_1,player_2,306.944,0,232.604,408.4,130.309,-270.221,stay,stay,0,1
1775908789408,456,34772.60000002384,pvp,player_1,player_2,313.639,0,234.776,403.897,130.309,-270.221,stay,stay,0,1
1775908789408,457,34789.299999952316,pvp,player_1,player_2,320.139,0,236.948,399.393,130.309,-270.221,stay,stay,0,1
1775908789408,458,34805.89999997616,pvp,player_1,player_2,326.444,0,239.12,394.889,130.309,-270.221,stay,stay,0,1
1775908789408,459,34822.60000002384,pvp,player_1,player_2,332.556,0,241.292,390.386,130.309,-270.221,stay,stay,0,1
1775908789408,460,34839.10000002384,pvp,player_1,player_2,338.472,0,243.464,385.882,130.309,-270.221,stay,stay,0,1
1775908789408,461,34855.699999928474,pvp,player_1,player_2,344.194,0,245.635,381.378,130.309,-270.221,stay,stay,0,1
1775908789408,462,34872.299999952316,pvp,player_1,player_2,349.722,0,247.807,376.875,130.309,-270.221,stay,stay,0,1
1775908789408,463,34889,pvp,player_1,player_2,355.056,0,249.979,372.371,130.309,-270.221,stay,stay,0,1
1775908789408,464,34905.39999997616,pvp,player_1,player_2,360.194,0,252.151,367.867,130.309,-270.221,stay,stay,0,1
1775908789408,465,34922.5,pvp,player_1,player_2,365.139,0,254.323,363.364,130.309,-270.221,stay,stay,0,1
1775908789408,466,34939.10000002384,pvp,player_1,player_2,369.889,0,256.494,358.86,130.309,-270.221,stay,stay,0,1
1775908789408,467,34956,pvp,player_1,player_2,374.444,0,258.666,354.356,130.309,-270.221,stay,stay,0,1
1775908789408,468,34972.39999997616,pvp,player_1,player_2,378.806,0,260.838,349.852,130.309,-270.221,stay,stay,0,1
1775908789408,469,34989.10000002384,pvp,player_1,player_2,382.972,0,263.01,345.349,130.309,-270.221,stay,stay,0,1
1775908789408,470,35005.799999952316,pvp,player_1,player_2,386.944,0,265.182,340.845,130.309,-270.221,stay,stay,0,1
1775908789408,471,35022.39999997616,pvp,player_1,player_2,390.722,0,267.354,336.341,130.309,-270.221,stay,up,0,1
1775908789408,472,35039.10000002384,pvp,player_1,player_2,394.306,0,269.525,331.838,130.309,-270.221,stay,up,0,1
1775908789408,473,35055.60000002384,pvp,player_1,player_2,397.694,0,271.697,327.334,130.309,-270.221,stay,up,0,1
1775908789408,474,35072.5,pvp,player_1,player_2,400.889,0,273.869,322.83,130.309,-270.221,stay,up,0,1
1775908789408,475,35089.10000002384,pvp,player_1,player_2,403.889,0,276.041,318.327,130.309,-270.221,stay,up,0,1
1775908789408,476,35106,pvp,player_1,player_2,406.694,0,278.213,313.823,130.309,-270.221,stay,up,0,1
1775908789408,477,35122.5,pvp,player_1,player_2,409.306,0,280.384,309.319,130.309,-270.221,stay,up,0,1
1775908789408,478,35138.89999997616,pvp,player_1,player_2,411.722,0,282.556,304.816,130.309,-270.221,stay,up,0,1
1775908789408,479,35155.60000002384,pvp,player_1,player_2,413.944,0,284.728,300.312,130.309,-270.221,stay,up,0,1
1775908789408,480,35172,pvp,player_1,player_2,415.972,0,286.9,295.808,130.309,-270.221,stay,up,0,1
1775908789408,481,35189,pvp,player_1,player_2,417.806,0,289.072,291.305,130.309,-270.221,stay,up,0,1
1775908789408,482,35205.799999952316,pvp,player_1,player_2,419.444,0,291.243,286.801,130.309,-270.221,stay,up,0,1
1775908789408,483,35222.5,pvp,player_1,player_2,420.889,0,293.415,282.297,130.309,-270.221,stay,up,0,1
1775908789408,484,35239.299999952316,pvp,player_1,player_2,422.139,0,295.587,277.793,130.309,-270.221,stay,up,0,1
1775908789408,485,35256,pvp,player_1,player_2,423.194,0,297.759,273.29,130.309,-270.221,stay,up,0,1
1775908789408,486,35272.60000002384,pvp,player_1,player_2,424.056,0,299.931,268.786,130.309,-270.221,stay,up,0,1
1775908789408,487,35289.199999928474,pvp,player_1,player_2,424.722,0,302.103,264.282,130.309,-270.221,stay,up,0,1
1775908789408,488,35305.799999952316,pvp,player_1,player_2,425.194,0,304.274,259.779,130.309,-270.221,stay,up,0,1
1775908789408,489,35322.5,pvp,player_1,player_2,425.472,0,306.446,255.275,130.309,-270.221,stay,up,0,1
1775908789408,490,35338.89999997616,pvp,player_1,player_2,425.472,0,308.618,250.771,130.309,-270.221,stay,stay,0,1
1775908789408,491,35355.89999997616,pvp,player_1,player_2,425.472,0,310.79,246.268,130.309,-270.221,stay,stay,0,1
1775908789408,492,35372.699999928474,pvp,player_1,player_2,425.472,0,312.962,241.764,130.309,-270.221,stay,stay,0,1
1775908789408,493,35389.10000002384,pvp,player_1,player_2,425.472,0,315.133,237.26,130.309,-270.221,stay,stay,0,1
1775908789408,494,35405.699999928474,pvp,player_1,player_2,425.472,0,317.305,232.757,130.309,-270.221,stay,stay,0,1
1775908789408,495,35422.299999952316,pvp,player_1,player_2,425.472,0,319.477,228.253,130.309,-270.221,stay,stay,0,1
1775908789408,496,35439,pvp,player_1,player_2,425.472,0,321.649,223.749,130.309,-270.221,stay,down,0,1
1775908789408,497,35456,pvp,player_1,player_2,425.472,0,323.821,219.245,130.309,-270.221,stay,down,0,1
1775908789408,498,35472.60000002384,pvp,player_1,player_2,425.472,0,325.993,214.742,130.309,-270.221,stay,down,0,1
1775908789408,499,35489,pvp,player_1,player_2,425.472,0,328.164,210.238,130.309,-270.221,stay,down,0,1
1775908789408,500,35505.89999997616,pvp,player_1,player_2,425.472,0,330.336,205.734,130.309,-270.221,stay,down,0,1
1775908789408,501,35522.60000002384,pvp,player_1,player_2,425.472,0,332.508,201.231,130.309,-270.221,stay,down,0,1
1775908789408,502,35539.39999997616,pvp,player_1,player_2,425.472,0,334.68,196.727,130.309,-270.221,stay,down,0,1
1775908789408,503,35556,pvp,player_1,player_2,425.472,0,336.852,192.223,130.309,-270.221,stay,down,0,1
1775908789408,504,35572.699999928474,pvp,player_1,player_2,425.472,0,339.023,187.72,130.309,-270.221,stay,down,0,1
1775908789408,505,35589.199999928474,pvp,player_1,player_2,425.472,0,341.195,183.216,130.309,-270.221,stay,down,0,1
1775908789408,506,35606,pvp,player_1,player_2,425.472,0.283,343.367,178.712,130.309,-270.221,stay,down,0,1
1775908789408,507,35622.39999997616,pvp,player_1,player_2,425.472,0.822,345.539,174.209,130.309,-270.221,stay,down,0,1
1775908789408,508,35639.199999928474,pvp,player_1,player_2,425.472,1.617,347.711,169.705,130.309,-270.221,stay,down,0,1
1775908789408,509,35655.89999997616,pvp,player_1,player_2,425.472,2.667,349.883,165.201,130.309,-270.221,stay,down,0,1
1775908789408,510,35672.299999952316,pvp,player_1,player_2,425.472,3.972,352.054,160.698,130.309,-270.221,stay,down,0,1
1775908789408,511,35689.199999928474,pvp,player_1,player_2,425.472,5.533,354.226,156.194,130.309,-270.221,stay,down,0,1
1775908789408,512,35705.699999928474,pvp,player_1,player_2,425.472,7.35,356.398,151.69,130.309,-270.221,stay,down,0,1
1775908789408,513,35722.10000002384,pvp,player_1,player_2,425.472,9.422,358.57,147.186,130.309,-270.221,stay,down,0,1
1775908789408,514,35739.10000002384,pvp,player_1,player_2,425.472,11.75,360.742,142.683,130.309,-270.221,stay,down,0,1
1775908789408,515,35755.699999928474,pvp,player_1,player_2,425.472,14.333,362.913,138.179,130.309,-270.221,stay,down,0,1
1775908789408,516,35772.699999928474,pvp,player_1,player_2,425.472,17.172,365.085,133.675,130.309,-270.221,stay,down,0,1
1775908789408,517,35789.299999952316,pvp,player_1,player_2,425.472,20.267,367.257,129.172,130.309,-270.221,stay,down,0,1
1775908789408,518,35805.799999952316,pvp,player_1,player_2,425.472,23.617,369.429,124.668,130.309,-270.221,stay,down,0,1
1775908789408,519,35822.39999997616,pvp,player_1,player_2,425.472,27.222,371.601,120.164,130.309,-270.221,stay,down,0,1
1775908789408,520,35839.299999952316,pvp,player_1,player_2,425.472,31.083,373.773,115.661,130.309,-270.221,stay,down,0,1
1775908789408,521,35855.799999952316,pvp,player_1,player_2,425.472,35.2,375.944,111.157,130.309,-270.221,stay,down,0,1
1775908789408,522,35872.5,pvp,player_1,player_2,425.472,39.572,378.116,106.653,130.309,-270.221,stay,down,0,1
1775908789408,523,35889.299999952316,pvp,player_1,player_2,425.472,44.2,380.288,102.15,130.309,-270.221,stay,down,0,1
1775908789408,524,35905.5,pvp,player_1,player_2,425.472,49.083,382.46,97.646,130.309,-270.221,stay,down,0,1
1775908789408,525,35922.39999997616,pvp,player_1,player_2,425.472,54.222,384.632,93.142,130.309,-270.221,stay,down,0,1
1775908789408,526,35939.10000002384,pvp,player_1,player_2,425.472,59.617,386.803,88.639,130.309,-270.221,stay,down,0,1
1775908789408,527,35955.799999952316,pvp,player_1,player_2,425.472,65.267,388.975,84.135,130.309,-270.221,stay,down,0,1
1775908789408,528,35972.199999928474,pvp,player_1,player_2,425.472,71.172,391.147,79.631,130.309,-270.221,stay,down,0,1
1775908789408,529,35989.299999952316,pvp,player_1,player_2,425.472,77.333,393.319,75.127,130.309,-270.221,stay,down,0,1
1775908789408,530,36005.699999928474,pvp,player_1,player_2,425.472,83.75,395.491,70.624,130.309,-270.221,stay,down,0,1
1775908789408,531,36022.5,pvp,player_1,player_2,425.472,90.422,397.663,66.12,130.309,-270.221,stay,down,0,1
1775908789408,532,36039.299999952316,pvp,player_1,player_2,425.472,97.35,399.834,61.616,130.309,-270.221,stay,down,0,1
1775908789408,533,36055.799999952316,pvp,player_1,player_2,425.472,104.533,402.006,57.113,130.309,-270.221,stay,down,0,1
1775908789408,534,36072.60000002384,pvp,player_1,player_2,425.472,111.972,404.178,52.609,130.309,-270.221,stay,down,0,1
1775908789408,535,36089.10000002384,pvp,player_1,player_2,425.472,119.217,406.35,48.105,130.309,-270.221,stay,stay,0,1
1775908789408,536,36106,pvp,player_1,player_2,425.472,126.267,408.522,43.602,130.309,-270.221,stay,stay,0,1
1775908789408,537,36122.5,pvp,player_1,player_2,425.472,133.122,410.693,39.098,130.309,-270.221,stay,stay,0,1
1775908789408,538,36139.10000002384,pvp,player_1,player_2,425.472,139.783,412.865,34.594,130.309,-270.221,stay,stay,0,1
1775908789408,539,36155.699999928474,pvp,player_1,player_2,425.472,146.25,415.037,30.091,130.309,-270.221,stay,stay,0,1
1775908789408,540,36172.5,pvp,player_1,player_2,425.472,152.522,417.209,25.587,130.309,-270.221,stay,stay,0,1
1775908789408,541,36188.89999997616,pvp,player_1,player_2,425.472,158.6,419.381,21.083,130.309,-270.221,stay,stay,0,1
1775908789408,542,36205.799999952316,pvp,player_1,player_2,425.472,164.483,421.553,16.579,130.309,-270.221,stay,stay,0,1
1775908789408,543,36222.39999997616,pvp,player_1,player_2,425.472,170.172,423.724,12.076,130.309,-270.221,stay,stay,0,1
1775908789408,544,36239.199999928474,pvp,player_1,player_2,425.472,175.5,425.896,10,130.309,270.221,stay,up,0,1
1775908789408,545,36255.799999952316,pvp,player_1,player_2,425.472,180.467,428.068,14.504,130.309,270.221,stay,up,0,1
1775908789408,546,36272.199999928474,pvp,player_1,player_2,425.472,185.072,430.24,19.007,130.309,270.221,stay,up,0,1
1775908789408,547,36289,pvp,player_1,player_2,425.472,189.317,432.412,23.511,130.309,270.221,stay,up,0,1
1775908789408,548,36305.60000002384,pvp,player_1,player_2,425.472,193.2,434.583,28.015,130.309,270.221,stay,up,0,1
1775908789408,549,36322.60000002384,pvp,player_1,player_2,425.472,196.722,436.755,32.518,130.309,270.221,stay,up,0,1
1775908789408,550,36339.10000002384,pvp,player_1,player_2,425.472,199.883,438.927,37.022,130.309,270.221,stay,up,0,1
1775908789408,551,36355.89999997616,pvp,player_1,player_2,425.472,202.683,441.099,41.526,130.309,270.221,stay,up,0,1
1775908789408,552,36372.5,pvp,player_1,player_2,425.472,205.122,443.271,46.03,130.309,270.221,stay,up,0,1
1775908789408,553,36389,pvp,player_1,player_2,425.472,207.2,445.442,50.533,130.309,270.221,stay,up,0,1
1775908789408,554,36405.89999997616,pvp,player_1,player_2,425.472,208.917,447.614,55.037,130.309,270.221,stay,up,0,1
1775908789408,555,36422.5,pvp,player_1,player_2,425.472,210.272,449.786,59.541,130.309,270.221,stay,up,0,1
1775908789408,556,36438.799999952316,pvp,player_1,player_2,425.472,211.267,451.958,64.044,130.309,270.221,stay,up,0,1
1775908789408,557,36455.699999928474,pvp,player_1,player_2,425.472,211.9,454.13,68.548,130.309,270.221,stay,up,0,1
1775908789408,558,36472.39999997616,pvp,player_1,player_2,425.472,212.172,456.302,73.052,130.309,270.221,stay,up,0,1
1775908789408,559,36489,pvp,player_1,player_2,425.472,212.083,458.473,77.555,130.309,270.221,stay,up,0,1
1775908789408,560,36505.799999952316,pvp,player_1,player_2,425.472,211.739,460.645,82.059,130.309,270.221,stay,up,0,1
1775908789408,561,36522.199999928474,pvp,player_1,player_2,425.472,211.139,462.817,86.563,130.309,270.221,stay,up,0,1
1775908789408,562,36539.199999928474,pvp,player_1,player_2,425.472,210.283,464.989,91.066,130.309,270.221,stay,up,0,1
1775908789408,563,36555.39999997616,pvp,player_1,player_2,425.472,209.172,467.161,95.57,130.309,270.221,stay,up,0,1
1775908789408,564,36572.5,pvp,player_1,player_2,425.472,207.806,469.332,100.074,130.309,270.221,stay,up,0,1
1775908789408,565,36589,pvp,player_1,player_2,425.472,206.183,471.504,104.577,130.309,270.221,stay,up,0,1
1775908789408,566,36605.699999928474,pvp,player_1,player_2,425.472,204.306,473.676,109.081,130.309,270.221,stay,up,0,1
1775908789408,567,36622.199999928474,pvp,player_1,player_2,425.472,202.622,475.848,113.585,130.309,270.221,stay,stay,0,1
1775908789408,568,36639.299999952316,pvp,player_1,player_2,425.472,201.133,478.02,118.089,130.309,270.221,stay,stay,0,1
1775908789408,569,36655.799999952316,pvp,player_1,player_2,425.472,199.839,480.192,122.592,130.309,270.221,stay,stay,0,1
1775908789408,570,36672.5,pvp,player_1,player_2,425.472,198.739,482.363,127.096,130.309,270.221,stay,stay,0,1
1775908789408,571,36688.89999997616,pvp,player_1,player_2,425.472,197.833,484.535,131.6,130.309,270.221,stay,stay,0,1
1775908789408,572,36706.10000002384,pvp,player_1,player_2,425.472,197.122,486.707,136.103,130.309,270.221,stay,stay,0,1
1775908789408,573,36722.60000002384,pvp,player_1,player_2,425.472,196.606,488.879,140.607,130.309,270.221,stay,stay,0,1
1775908789408,574,36739.199999928474,pvp,player_1,player_2,425.472,196.283,491.051,145.111,130.309,270.221,stay,stay,0,1
1775908789408,575,36755.60000002384,pvp,player_1,player_2,425.472,196.283,493.222,149.614,130.309,270.221,stay,stay,0,1
1775908789408,576,36772.60000002384,pvp,player_1,player_2,425.472,196.539,495.394,154.118,130.309,270.221,stay,down,0,1
1775908789408,577,36788.799999952316,pvp,player_1,player_2,425.472,197.05,497.566,158.622,130.309,270.221,stay,down,0,1
1775908789408,578,36805.799999952316,pvp,player_1,player_2,425.472,197.817,499.738,163.125,130.309,270.221,stay,down,0,1
1775908789408,579,36822.39999997616,pvp,player_1,player_2,425.472,198.839,501.91,167.629,130.309,270.221,stay,down,0,1
1775908789408,580,36838.699999928474,pvp,player_1,player_2,425.472,200.117,504.082,172.133,130.309,270.221,stay,down,0,1
1775908789408,581,36855.799999952316,pvp,player_1,player_2,425.472,201.65,506.253,176.636,130.309,270.221,stay,down,0,1
1775908789408,582,36872.39999997616,pvp,player_1,player_2,425.472,203.439,508.425,181.14,130.309,270.221,stay,down,0,1
1775908789408,583,36889.10000002384,pvp,player_1,player_2,425.472,205.483,510.597,185.644,130.309,270.221,stay,down,0,1
1775908789408,584,36905.89999997616,pvp,player_1,player_2,425.472,207.333,512.769,190.148,130.309,270.221,stay,stay,0,1
1775908789408,585,36922.10000002384,pvp,player_1,player_2,425.472,208.989,514.941,194.651,130.309,270.221,stay,stay,0,1
1775908789408,586,36938.699999928474,pvp,player_1,player_2,425.472,210.45,517.112,199.155,130.309,270.221,stay,stay,0,1
1775908789408,587,36955.39999997616,pvp,player_1,player_2,425.472,211.717,519.284,203.659,130.309,270.221,stay,stay,0,1
1775908789408,588,36972.10000002384,pvp,player_1,player_2,425.472,212.789,521.456,208.162,130.309,270.221,stay,stay,0,1
1775908789408,589,36988.89999997616,pvp,player_1,player_2,425.472,213.667,523.628,212.666,130.309,270.221,stay,stay,0,1
1775908789408,590,37005.799999952316,pvp,player_1,player_2,425.472,214.35,525.8,217.17,130.309,270.221,stay,stay,0,1
1775908789408,591,37022.60000002384,pvp,player_1,player_2,425.472,214.839,527.972,221.673,130.309,270.221,stay,stay,0,1
1775908789408,592,37039.199999928474,pvp,player_1,player_2,425.472,215.133,530.143,226.177,130.309,270.221,stay,stay,0,1
1775908789408,593,37055.89999997616,pvp,player_1,player_2,425.472,215.133,532.315,230.681,130.309,270.221,stay,stay,0,1
1775908789408,594,37072.299999952316,pvp,player_1,player_2,425.472,215.133,534.487,235.184,130.309,270.221,stay,stay,0,1
1775908789408,595,37089.10000002384,pvp,player_1,player_2,425.472,215.133,536.659,239.688,130.309,270.221,stay,stay,0,1
1775908789408,596,37105.699999928474,pvp,player_1,player_2,425.472,215.389,538.831,244.192,130.309,270.221,stay,down,0,1
1775908789408,597,37122.39999997616,pvp,player_1,player_2,425.472,215.9,541.002,248.695,130.309,270.221,stay,down,0,1
1775908789408,598,37138.89999997616,pvp,player_1,player_2,425.472,216.667,543.174,253.199,130.309,270.221,stay,down,0,1
1775908789408,599,37155.699999928474,pvp,player_1,player_2,425.472,217.689,545.346,257.703,130.309,270.221,stay,down,0,1
1775908789408,600,37172.299999952316,pvp,player_1,player_2,425.472,218.967,547.518,262.207,130.309,270.221,stay,down,0,1
1775908789408,601,37189.10000002384,pvp,player_1,player_2,425.472,220.5,549.69,266.71,130.309,270.221,stay,down,0,1
1775908789408,602,37205.89999997616,pvp,player_1,player_2,425.472,222.289,551.862,271.214,130.309,270.221,stay,down,0,1
1775908789408,603,37222.299999952316,pvp,player_1,player_2,425.472,224.333,554.033,275.718,130.309,270.221,stay,down,0,1
1775908789408,604,37239.199999928474,pvp,player_1,player_2,425.472,226.633,556.205,280.221,130.309,270.221,stay,down,0,1
1775908789408,605,37255.89999997616,pvp,player_1,player_2,425.472,229.189,558.377,284.725,130.309,270.221,stay,down,0,1
1775908789408,606,37272.39999997616,pvp,player_1,player_2,425.472,232,560.549,289.229,130.309,270.221,stay,down,0,1
1775908789408,607,37289,pvp,player_1,player_2,425.472,235.067,562.721,293.732,130.309,270.221,stay,down,0,1
1775908789408,608,37305.799999952316,pvp,player_1,player_2,425.472,238.389,564.892,298.236,130.309,270.221,stay,down,0,1
1775908789408,609,37322.299999952316,pvp,player_1,player_2,425.472,241.967,567.064,302.74,130.309,270.221,stay,down,0,1
1775908789408,610,37338.89999997616,pvp,player_1,player_2,425.472,245.8,569.236,307.243,130.309,270.221,stay,down,0,1
1775908789408,611,37355.699999928474,pvp,player_1,player_2,425.472,249.439,571.408,311.747,130.309,270.221,stay,stay,0,1
1775908789408,612,37372.299999952316,pvp,player_1,player_2,425.472,252.883,573.58,316.251,130.309,270.221,stay,stay,0,1
1775908789408,613,37388.799999952316,pvp,player_1,player_2,425.472,256.133,575.752,320.755,130.309,270.221,stay,stay,0,1
1775908789408,614,37405.89999997616,pvp,player_1,player_2,425.472,259.189,577.923,325.258,130.309,270.221,stay,stay,0,1
1775908789408,615,37422.39999997616,pvp,player_1,player_2,425.472,262.05,580.095,329.762,130.309,270.221,stay,stay,0,1
1775908789408,616,37439.10000002384,pvp,player_1,player_2,425.472,264.717,582.267,334.266,130.309,270.221,stay,stay,0,1
1775908789408,617,37455.699999928474,pvp,player_1,player_2,425.472,267.639,584.439,338.769,130.309,270.221,stay,down,0,1
1775908789408,618,37472.299999952316,pvp,player_1,player_2,425.472,270.817,586.611,343.273,130.309,270.221,stay,down,0,1
1775908789408,619,37489.10000002384,pvp,player_1,player_2,425.472,274.25,588.782,347.777,130.309,270.221,stay,down,0,1
1775908789408,620,37505.60000002384,pvp,player_1,player_2,425.472,277.939,590.954,352.28,130.309,270.221,stay,down,0,1
1775908789408,621,37522.60000002384,pvp,player_1,player_2,425.472,281.883,593.126,356.784,130.309,270.221,stay,down,0,1
1775908789408,622,37539.39999997616,pvp,player_1,player_2,425.472,286.083,595.298,361.288,130.309,270.221,stay,down,0,1
1775908789408,623,37555.89999997616,pvp,player_1,player_2,425.472,290.539,597.47,365.791,130.309,270.221,stay,down,0,1
1775908789408,624,37572.5,pvp,player_1,player_2,425.472,295.25,599.641,370.295,130.309,270.221,stay,down,0,1
1775908789408,625,37589.39999997616,pvp,player_1,player_2,425.472,300.217,601.813,374.799,130.309,270.221,stay,down,0,1
1775908789408,626,37605.699999928474,pvp,player_1,player_2,425.472,305.439,603.985,379.302,130.309,270.221,stay,down,0,1
1775908789408,627,37622.699999928474,pvp,player_1,player_2,425.472,310.917,606.157,383.806,130.309,270.221,stay,down,0,1
1775908789408,628,37639.199999928474,pvp,player_1,player_2,425.472,316.65,608.329,388.31,130.309,270.221,stay,down,0,1
1775908789408,629,37655.5,pvp,player_1,player_2,425.472,322.639,610.501,392.814,130.309,270.221,stay,down,0,1
1775908789408,630,37672.5,pvp,player_1,player_2,425.472,328.883,612.672,397.317,130.309,270.221,stay,down,0,1
1775908789408,631,37689,pvp,player_1,player_2,425.472,335.383,614.844,401.821,130.309,270.221,stay,down,0,1
1775908789408,632,37705.699999928474,pvp,player_1,player_2,425.472,342.139,617.016,406.325,130.309,270.221,stay,down,0,1
1775908789408,633,37722.299999952316,pvp,player_1,player_2,425.472,349.15,619.188,410.828,130.309,270.221,stay,down,0,1
1775908789408,634,37739,pvp,player_1,player_2,425.472,356.417,621.36,415.332,130.309,270.221,stay,down,0,1
1775908789408,635,37755.799999952316,pvp,player_1,player_2,425.472,363.939,623.531,419.836,130.309,270.221,stay,down,0,1
1775908789408,636,37772.699999928474,pvp,player_1,player_2,425.472,371.606,625.703,424.339,130.309,270.221,stay,down,0,1
1775908789408,637,37789,pvp,player_1,player_2,425.472,379.272,627.875,428.843,130.309,270.221,stay,down,0,1
1775908789408,638,37806.10000002384,pvp,player_1,player_2,425.472,386.939,630.047,433.347,130.309,270.221,stay,down,0,1
1775908789408,639,37822.699999928474,pvp,player_1,player_2,425.472,394.411,632.219,437.85,130.309,270.221,stay,stay,0,1
1775908789408,640,37839.299999952316,pvp,player_1,player_2,425.472,401.689,634.391,442.354,130.309,270.221,stay,stay,0,1
1775908789408,641,37856,pvp,player_1,player_2,425.472,408.772,636.562,446.858,130.309,270.221,stay,stay,0,1
1775908789408,642,37872.60000002384,pvp,player_1,player_2,425.472,415.661,638.734,451.361,130.309,270.221,stay,stay,0,1
1775908789408,643,37889.299999952316,pvp,player_1,player_2,425.472,422.356,640.906,455.865,130.309,270.221,stay,stay,0,1
1775908789408,644,37906,pvp,player_1,player_2,425.472,428.856,643.078,460.369,130.309,270.221,stay,stay,0,1
1775908789408,645,37922,pvp,player_1,player_2,425.472,435.161,645.25,464.873,130.309,270.221,stay,stay,0,1
1775908789408,646,37939.199999928474,pvp,player_1,player_2,425.472,441.272,647.421,469.376,130.309,270.221,stay,stay,0,1
1775908789408,647,37955.89999997616,pvp,player_1,player_2,425.472,444,649.593,473.88,130.309,270.221,stay,stay,0,1
1775908789408,648,37972.60000002384,pvp,player_1,player_2,425.472,444,651.765,478.384,130.309,270.221,stay,stay,0,1
1775908789408,649,37989.10000002384,pvp,player_1,player_2,425.472,444,653.937,482.887,130.309,270.221,stay,stay,0,1
1775908789408,650,38005.89999997616,pvp,player_1,player_2,425.472,444,656.109,487.391,130.309,270.221,stay,stay,0,1
1775908789408,651,38022.39999997616,pvp,player_1,player_2,425.472,444,658.281,491.895,130.309,270.221,stay,stay,0,1
1775908789408,652,38039.10000002384,pvp,player_1,player_2,425.472,444,660.452,496.398,130.309,270.221,stay,stay,0,1
1775908789408,653,38055.799999952316,pvp,player_1,player_2,425.472,444,662.624,500.902,130.309,270.221,stay,stay,0,1
1775908789408,654,38072.199999928474,pvp,player_1,player_2,425.472,444,664.796,505.406,130.309,270.221,stay,stay,0,1
1775908789408,655,38088.5,pvp,player_1,player_2,425.472,444,666.968,509.909,130.309,270.221,stay,stay,0,1
1775908789408,656,38105.39999997616,pvp,player_1,player_2,425.472,444,669.14,514.413,130.309,270.221,stay,stay,0,1
1775908789408,657,38122.199999928474,pvp,player_1,player_2,425.472,444,671.311,518.917,130.309,270.221,stay,stay,0,1
1775908789408,658,38138.799999952316,pvp,player_1,player_2,425.472,444,673.483,523.421,130.309,270.221,stay,stay,0,1
1775908789408,659,38155.39999997616,pvp,player_1,player_2,425.472,444,675.655,527.924,130.309,270.221,stay,stay,0,1
1775908789408,660,38172.10000002384,pvp,player_1,player_2,425.472,444,677.827,530,130.309,-270.221,stay,stay,0,1
1775908789408,661,38188.699999928474,pvp,player_1,player_2,425.472,444,679.999,525.496,130.309,-270.221,stay,stay,0,1
1775908789408,662,38205.199999928474,pvp,player_1,player_2,425.472,444,682.171,520.993,130.309,-270.221,stay,up,0,1
1775908789408,663,38222,pvp,player_1,player_2,425.472,444,684.342,516.489,130.309,-270.221,stay,up,0,1
1775908789408,664,38238.60000002384,pvp,player_1,player_2,425.472,444,686.514,511.985,130.309,-270.221,stay,up,0,1
1775908789408,665,38255.199999928474,pvp,player_1,player_2,425.472,444,688.686,507.482,130.309,-270.221,stay,up,0,1
1775908789408,666,38272.10000002384,pvp,player_1,player_2,425.472,444,690.858,502.978,130.309,-270.221,stay,up,0,1
1775908789408,667,38288.60000002384,pvp,player_1,player_2,425.472,444,693.03,498.474,130.309,-270.221,stay,up,0,1
1775908789408,668,38305.39999997616,pvp,player_1,player_2,425.472,444,695.201,493.97,130.309,-270.221,stay,up,0,1
1775908789408,669,38322,pvp,player_1,player_2,425.472,444,697.373,489.467,130.309,-270.221,stay,up,0,1
1775908789408,670,38338.60000002384,pvp,player_1,player_2,425.472,443.944,699.545,484.963,130.309,-270.221,stay,up,0,1
1775908789408,671,38355.199999928474,pvp,player_1,player_2,425.472,443.633,701.717,480.459,130.309,-270.221,stay,up,0,1
1775908789408,672,38371.89999997616,pvp,player_1,player_2,425.472,443.067,703.889,475.956,130.309,-270.221,stay,up,0,1
1775908789408,673,38389,pvp,player_1,player_2,425.472,442.244,706.061,471.452,130.309,-270.221,stay,up,0,1
1775908789408,674,38405.39999997616,pvp,player_1,player_2,425.472,441.167,708.232,466.948,130.309,-270.221,stay,up,0,1
1775908789408,675,38422,pvp,player_1,player_2,425.472,439.833,710.404,462.445,130.309,-270.221,stay,up,0,1
1775908789408,676,38438.60000002384,pvp,player_1,player_2,425.472,438.244,712.576,457.941,130.309,-270.221,stay,up,0,1
1775908789408,677,38455.39999997616,pvp,player_1,player_2,425.472,436.4,714.748,453.437,130.309,-270.221,stay,up,0,1
1775908789408,678,38472.10000002384,pvp,player_1,player_2,425.472,434.3,716.92,448.934,130.309,-270.221,stay,up,0,1
1775908789408,679,38488.699999928474,pvp,player_1,player_2,425.472,431.944,719.091,444.43,130.309,-270.221,stay,up,0,1
1775908789408,680,38505.299999952316,pvp,player_1,player_2,425.472,429.333,721.263,439.926,130.309,-270.221,stay,up,0,1
1775908789408,681,38522.199999928474,pvp,player_1,player_2,425.472,426.467,723.435,435.423,130.309,-270.221,stay,up,0,1
1775908789408,682,38538.5,pvp,player_1,player_2,425.472,423.344,725.607,430.919,130.309,-270.221,stay,up,0,1
1775908789408,683,38555.299999952316,pvp,player_1,player_2,425.472,419.967,727.779,426.415,130.309,-270.221,stay,up,0,1
1775908789408,684,38571.89999997616,pvp,player_1,player_2,425.472,416.333,729.951,421.911,130.309,-270.221,stay,up,0,1
1775908789408,685,38588.699999928474,pvp,player_1,player_2,425.472,412.444,732.122,417.408,130.309,-270.221,stay,up,0,1
1775908789408,686,38605.60000002384,pvp,player_1,player_2,425.472,408.3,734.294,412.904,130.309,-270.221,stay,up,0,1
1775908789408,687,38622.39999997616,pvp,player_1,player_2,425.472,403.9,736.466,408.4,130.309,-270.221,stay,up,0,1
1775908789408,688,38639.299999952316,pvp,player_1,player_2,425.472,399.244,738.638,403.897,130.309,-270.221,stay,up,0,1
1775908789408,689,38655.799999952316,pvp,player_1,player_2,425.472,394.333,740.81,399.393,130.309,-270.221,stay,up,0,1
1775908789408,690,38672.5,pvp,player_1,player_2,425.472,389.167,742.981,394.889,130.309,-270.221,stay,up,0,1
1775908789408,691,38689.10000002384,pvp,player_1,player_2,425.472,383.744,745.153,390.386,130.309,-270.221,stay,up,0,1
1775908789408,692,38706,pvp,player_1,player_2,425.472,378.067,747.325,385.882,130.309,-270.221,stay,up,0,1
1775908789408,693,38722.39999997616,pvp,player_1,player_2,425.472,372.133,749.497,381.378,130.309,-270.221,stay,up,0,1
1775908789408,694,38739.299999952316,pvp,player_1,player_2,425.472,365.944,751.669,376.875,130.309,-270.221,stay,up,0,1
1775908789408,695,38756.10000002384,pvp,player_1,player_2,425.472,359.5,753.84,372.371,130.309,-270.221,stay,up,0,1
1775908789408,696,38772.60000002384,pvp,player_1,player_2,425.472,352.8,756.012,367.867,130.309,-270.221,stay,up,0,1
1775908789408,697,38789.39999997616,pvp,player_1,player_2,425.472,345.844,758.184,363.364,130.309,-270.221,stay,up,0,1
1775908789408,698,38805.699999928474,pvp,player_1,player_2,425.472,338.633,760.356,358.86,130.309,-270.221,stay,up,0,1
1775908789408,699,38822.39999997616,pvp,player_1,player_2,425.472,331.167,762.528,354.356,130.309,-270.221,stay,up,0,1
1775908789408,700,38838.799999952316,pvp,player_1,player_2,425.472,323.5,764.7,349.852,130.309,-270.221,stay,up,0,1
1775908789408,701,38855.799999952316,pvp,player_1,player_2,425.472,315.833,766.871,345.349,130.309,-270.221,stay,up,0,1
1775908789408,702,38872.60000002384,pvp,player_1,player_2,425.472,308.167,769.043,340.845,130.309,-270.221,stay,up,0,1
1775908789408,703,38888.89999997616,pvp,player_1,player_2,425.472,300.5,771.215,336.341,130.309,-270.221,stay,up,0,1
1775908789408,704,38905.60000002384,pvp,player_1,player_2,425.472,292.833,773.387,331.838,130.309,-270.221,stay,up,0,1
1775908789408,705,38922.199999928474,pvp,player_1,player_2,425.472,285.167,775.559,327.334,130.309,-270.221,stay,up,0,1
1775908789408,706,38939.199999928474,pvp,player_1,player_2,425.472,277.5,777.73,322.83,130.309,-270.221,stay,up,0,1
1775908789408,707,38956,pvp,player_1,player_2,425.472,269.833,779.902,318.327,130.309,-270.221,stay,up,0,1
1775908789408,708,38972.5,pvp,player_1,player_2,425.472,262.167,782.074,313.823,130.309,-270.221,stay,up,0,1
1775908789408,709,38988.89999997616,pvp,player_1,player_2,425.472,254.5,784.246,309.319,130.309,-270.221,stay,up,0,1
1775908789408,710,39005.60000002384,pvp,player_1,player_2,425.472,246.833,786.418,304.816,130.309,-270.221,stay,up,0,1
1775908789408,711,39022.39999997616,pvp,player_1,player_2,425.472,239.167,788.59,300.312,130.309,-270.221,stay,up,0,1
1775908789408,712,39039.299999952316,pvp,player_1,player_2,425.472,231.694,790.761,295.808,130.309,-270.221,stay,stay,0,1
1775908789408,713,39055.89999997616,pvp,player_1,player_2,425.472,224.417,792.933,291.305,130.309,-270.221,stay,stay,0,1
1775908789408,714,39072.60000002384,pvp,player_1,player_2,425.472,217.333,795.105,286.801,130.309,-270.221,stay,stay,0,1
1775908789408,715,39089.10000002384,pvp,player_1,player_2,425.472,210.444,797.277,282.297,130.309,-270.221,stay,stay,0,1
1775908789408,716,39106,pvp,player_1,player_2,425.472,203.75,799.449,277.793,130.309,-270.221,stay,stay,0,1
1775908789408,717,39122.699999928474,pvp,player_1,player_2,425.472,197.25,801.62,273.29,130.309,-270.221,stay,stay,0,1
1775908789408,718,39139.299999952316,pvp,player_1,player_2,425.472,190.944,803.792,268.786,130.309,-270.221,stay,stay,0,1
1775908789408,719,39156,pvp,player_1,player_2,425.472,184.833,805.964,264.282,130.309,-270.221,stay,stay,0,1
1775908789408,720,39172.5,pvp,player_1,player_2,425.472,178.917,808.136,259.779,130.309,-270.221,stay,stay,0,1
1775908789408,721,39189.299999952316,pvp,player_1,player_2,425.472,173.194,810.308,255.275,130.309,-270.221,stay,stay,0,1
1775908789408,722,39205.89999997616,pvp,player_1,player_2,425.472,167.667,812.48,250.771,130.309,-270.221,stay,stay,0,1
1775908789408,723,39222.60000002384,pvp,player_1,player_2,425.472,162.333,814.651,246.268,130.309,-270.221,stay,stay,0,1
1775908789408,724,39239.299999952316,pvp,player_1,player_2,425.472,157.194,816.823,241.764,130.309,-270.221,stay,stay,0,1
1775908789408,725,39255.799999952316,pvp,player_1,player_2,425.472,152.25,818.995,237.26,130.309,-270.221,stay,stay,0,1
1775908789408,726,39272.299999952316,pvp,player_1,player_2,425.472,147.5,821.167,232.757,130.309,-270.221,stay,stay,0,1
1775908789408,727,39289.299999952316,pvp,player_1,player_2,425.472,142.944,823.339,228.253,130.309,-270.221,stay,stay,0,1
1775908789408,728,39306,pvp,player_1,player_2,425.472,138.583,825.51,223.749,130.309,-270.221,stay,stay,0,1
1775908789408,729,39322.299999952316,pvp,player_1,player_2,425.472,134.417,827.682,219.245,130.309,-270.221,stay,stay,0,1
1775908789408,730,39339.10000002384,pvp,player_1,player_2,425.472,130.444,829.854,214.742,130.309,-270.221,stay,stay,0,1
1775908789408,731,39355.89999997616,pvp,player_1,player_2,425.472,126.667,832.026,210.238,130.309,-270.221,stay,stay,0,1
1775908789408,732,39372.299999952316,pvp,player_1,player_2,425.472,123.083,834.198,205.734,130.309,-270.221,stay,stay,0,1
1775908789408,733,39389.299999952316,pvp,player_1,player_2,425.472,119.861,836.37,201.231,130.309,-270.221,stay,down,0,1
1775908789408,734,39405.799999952316,pvp,player_1,player_2,425.472,117,838.541,196.727,130.309,-270.221,stay,down,0,1
1775908789408,735,39422.5,pvp,player_1,player_2,425.472,114.5,840.713,192.223,130.309,-270.221,stay,down,0,1
1775908789408,736,39438.60000002384,pvp,player_1,player_2,425.472,112.361,842.885,187.72,130.309,-270.221,stay,down,0,1
1775908789408,737,39455.799999952316,pvp,player_1,player_2,425.472,110.583,845.057,183.216,130.309,-270.221,stay,down,0,1
1775908789408,738,39472.5,pvp,player_1,player_2,425.472,109.167,847.229,178.712,130.309,-270.221,stay,down,0,1
1775908789408,739,39489.299999952316,pvp,player_1,player_2,425.472,108.111,849.4,174.209,130.309,-270.221,stay,down,0,1
1775908789408,740,39505.699999928474,pvp,player_1,player_2,425.472,107.417,851.572,169.705,130.309,-270.221,stay,down,0,1
1775908789408,741,39522.5,pvp,player_1,player_2,425.472,107.083,853.744,165.201,130.309,-270.221,stay,down,0,1
1775908789408,742,39538.89999997616,pvp,player_1,player_2,425.472,107.083,855.916,160.698,130.309,-270.221,stay,stay,0,1
1775908789408,743,39555.699999928474,pvp,player_1,player_2,425.472,107.083,858.088,156.194,130.309,-270.221,stay,stay,0,1
1775908789408,744,39572.39999997616,pvp,player_1,player_2,425.472,107.083,860.26,151.69,130.309,-270.221,stay,stay,0,1
1775908789408,745,39589,pvp,player_1,player_2,425.472,107.083,862.431,147.186,130.309,-270.221,stay,stay,0,1
1775908789408,746,39605.5,pvp,player_1,player_2,425.472,107.083,864.603,142.683,130.309,-270.221,stay,stay,0,1
1775908789408,747,39622.5,pvp,player_1,player_2,425.472,107.083,866.775,138.179,130.309,-270.221,stay,stay,0,1
1775908789408,748,39639,pvp,player_1,player_2,425.472,107.083,868.947,133.675,130.309,-270.221,stay,stay,0,1
1775908789408,749,39655.89999997616,pvp,player_1,player_2,425.472,107.083,871.119,129.172,130.309,-270.221,stay,stay,0,1
1775908789408,750,39672.39999997616,pvp,player_1,player_2,425.472,107.083,873.29,124.668,130.309,-270.221,stay,stay,0,1
1775908789408,751,39688.89999997616,pvp,player_1,player_2,425.472,107.083,875.462,120.164,130.309,-270.221,stay,stay,0,1
1775908789408,752,39705.699999928474,pvp,player_1,player_2,425.472,107.083,877.634,115.661,130.309,-270.221,stay,stay,0,1
1775908789408,753,39722.10000002384,pvp,player_1,player_2,425.472,107.083,879.806,111.157,130.309,-270.221,stay,stay,0,1
1775908789408,754,39739.199999928474,pvp,player_1,player_2,425.472,107.083,881.978,106.653,130.309,-270.221,stay,stay,0,1
1775908789408,755,39756,pvp,player_1,player_2,425.472,107.083,884.15,102.15,130.309,-270.221,stay,stay,0,1
1775908789408,756,39772.299999952316,pvp,player_1,player_2,425.472,107.083,886.321,97.646,130.309,-270.221,stay,stay,0,1
1775908789408,757,39789.10000002384,pvp,player_1,player_2,425.472,107.083,888.493,93.142,130.309,-270.221,stay,stay,0,1
1775908789408,758,39805.5,pvp,player_1,player_2,425.472,107.083,890.665,88.639,130.309,-270.221,stay,stay,0,1
1775908789408,759,39822.699999928474,pvp,player_1,player_2,425.472,106.828,892.837,84.135,130.309,-270.221,stay,up,0,1
1775908789408,760,39839.299999952316,pvp,player_1,player_2,425.472,106.317,895.009,79.631,130.309,-270.221,stay,up,0,1
1775908789408,761,39855.799999952316,pvp,player_1,player_2,425.472,105.55,897.18,75.127,130.309,-270.221,stay,up,0,1
1775908789408,762,39872.5,pvp,player_1,player_2,425.472,104.528,899.352,70.624,130.309,-270.221,stay,up,0,1
1775908789408,763,39888.699999928474,pvp,player_1,player_2,425.472,103.25,901.524,66.12,130.309,-270.221,stay,up,0,1
1775908789408,764,39905.89999997616,pvp,player_1,player_2,425.472,101.717,903.696,61.616,130.309,-270.221,stay,up,0,1
1775908789408,765,39922.10000002384,pvp,player_1,player_2,425.472,99.928,905.868,57.113,130.309,-270.221,stay,up,0,1
1775908789408,766,39939.10000002384,pvp,player_1,player_2,425.472,97.883,908.039,52.609,130.309,-270.221,stay,up,0,1
1775908789408,767,39955.699999928474,pvp,player_1,player_2,425.472,95.583,910.211,48.105,130.309,-270.221,stay,up,0,1
1775908789408,768,39972.39999997616,pvp,player_1,player_2,425.472,93.028,912.383,43.602,130.309,-270.221,stay,up,0,1
1775908789408,769,39988.89999997616,pvp,player_1,player_2,425.472,90.217,914.555,39.098,130.309,-270.221,stay,up,0,1
1775908789408,770,40005.699999928474,pvp,player_1,player_2,425.472,87.15,916.727,34.594,130.309,-270.221,stay,up,0,1
1775908789408,771,40022.299999952316,pvp,player_1,player_2,425.472,83.828,918.899,30.091,130.309,-270.221,stay,up,0,1
1775908789408,772,40039.299999952316,pvp,player_1,player_2,425.472,80.25,921.07,25.587,130.309,-270.221,stay,up,0,1
1775908789408,773,40055.89999997616,pvp,player_1,player_2,425.472,76.417,923.242,21.083,130.309,-270.221,stay,up,0,1
1775908789408,774,40072.5,pvp,player_1,player_2,425.472,72.328,925.414,16.579,130.309,-270.221,stay,up,0,1
1775908789408,775,40088.89999997616,pvp,player_1,player_2,425.472,67.983,927.586,12.076,130.309,-270.221,stay,up,0,1
1775908789408,776,40105.89999997616,pvp,player_1,player_2,425.472,63.383,929.758,10,130.309,270.221,stay,up,0,1
1775908789408,777,40122.199999928474,pvp,player_1,player_2,425.472,58.528,931.929,14.504,130.309,270.221,stay,up,0,1
1775908789408,778,40138.799999952316,pvp,player_1,player_2,425.472,53.417,934.101,19.007,130.309,270.221,stay,up,0,1
1775908789408,779,40155.799999952316,pvp,player_1,player_2,425.472,48.05,936.273,23.511,130.309,270.221,stay,up,0,1
1775908789408,780,40172.5,pvp,player_1,player_2,425.472,42.428,938.445,28.015,130.309,270.221,stay,up,0,1
1775908789408,781,40189.10000002384,pvp,player_1,player_2,425.472,36.55,912,32.518,-135.238,-290.018,stay,up,0,1
1775908789408,782,40205.799999952316,pvp,player_1,player_2,425.472,30.417,909.746,27.685,-135.238,-290.018,stay,up,0,1
1775908789408,783,40222.699999928474,pvp,player_1,player_2,425.472,24.028,907.492,22.851,-135.238,-290.018,stay,up,0,1
1775908789408,784,40239.299999952316,pvp,player_1,player_2,425.472,17.383,905.238,18.018,-135.238,-290.018,stay,up,0,1
1775908789408,785,40255.60000002384,pvp,player_1,player_2,425.472,10.483,902.984,13.184,-135.238,-290.018,stay,up,0,1
1775908789408,786,40272.5,pvp,player_1,player_2,425.472,3.328,900.73,10,-135.238,290.018,stay,up,0,1
1775908789408,787,40289.199999928474,pvp,player_1,player_2,425.472,0,898.476,14.834,-135.238,290.018,stay,up,0,1
1775908789408,788,40305.699999928474,pvp,player_1,player_2,425.472,0,896.222,19.667,-135.238,290.018,stay,up,0,1
1775908789408,789,40322.60000002384,pvp,player_1,player_2,425.472,0,893.968,24.501,-135.238,290.018,stay,up,0,1
1775908789408,790,40338.699999928474,pvp,player_1,player_2,425.472,0,891.714,29.335,-135.238,290.018,stay,up,0,1
1775908789408,791,40355.799999952316,pvp,player_1,player_2,425.472,0,889.46,34.168,-135.238,290.018,stay,up,0,1
1775908789408,792,40372.39999997616,pvp,player_1,player_2,425.472,0,887.206,39.002,-135.238,290.018,stay,up,0,1
1775908789408,793,40389.199999928474,pvp,player_1,player_2,425.472,0,884.952,43.835,-135.238,290.018,stay,up,0,1
1775908789408,794,40405.89999997616,pvp,player_1,player_2,425.472,0,882.698,48.669,-135.238,290.018,stay,up,0,1
1775908789408,795,40422.299999952316,pvp,player_1,player_2,425.472,0,880.445,53.503,-135.238,290.018,stay,up,0,1
1775908789408,796,40438.89999997616,pvp,player_1,player_2,425.472,0,878.191,58.336,-135.238,290.018,stay,up,0,1
1775908789408,797,40455.799999952316,pvp,player_1,player_2,425.472,0,875.937,63.17,-135.238,290.018,stay,up,0,1
1775908789408,798,40472.5,pvp,player_1,player_2,425.472,0,873.683,68.004,-135.238,290.018,stay,up,0,1
1775908789408,799,40489.299999952316,pvp,player_1,player_2,425.472,0,871.429,72.837,-135.238,290.018,stay,up,0,1
1775908789408,800,40505.799999952316,pvp,player_1,player_2,425.472,0,869.175,77.671,-135.238,290.018,stay,up,0,1
1775908789408,801,40522.5,pvp,player_1,player_2,425.472,0,866.921,82.505,-135.238,290.018,stay,up,0,1
1775908789408,802,40539.199999928474,pvp,player_1,player_2,425.472,0,864.667,87.338,-135.238,290.018,stay,up,0,1
1775908789408,803,40555.60000002384,pvp,player_1,player_2,425.472,0,862.413,92.172,-135.238,290.018,stay,up,0,1
1775908789408,804,40572.39999997616,pvp,player_1,player_2,425.472,0,860.159,97.006,-135.238,290.018,stay,up,0,1
1775908789408,805,40589,pvp,player_1,player_2,425.472,0,857.905,101.839,-135.238,290.018,stay,up,0,1
1775908789408,806,40605.89999997616,pvp,player_1,player_2,425.472,0,855.651,106.673,-135.238,290.018,stay,up,0,1
1775908789408,807,40622.39999997616,pvp,player_1,player_2,425.472,0,853.397,111.506,-135.238,290.018,stay,stay,0,1
1775908789408,808,40639.199999928474,pvp,player_1,player_2,425.472,0,851.143,116.34,-135.238,290.018,stay,stay,0,1
1775908789408,809,40655.89999997616,pvp,player_1,player_2,425.472,0,848.889,121.174,-135.238,290.018,stay,stay,0,1
1775908789408,810,40672.5,pvp,player_1,player_2,425.472,0,846.635,126.007,-135.238,290.018,stay,stay,0,1
1775908789408,811,40689.10000002384,pvp,player_1,player_2,425.472,0,844.381,130.841,-135.238,290.018,stay,stay,0,1
1775908789408,812,40706,pvp,player_1,player_2,425.472,0,842.127,135.675,-135.238,290.018,stay,stay,0,1
1775908789408,813,40722.39999997616,pvp,player_1,player_2,425.472,0,839.873,140.508,-135.238,290.018,stay,stay,0,1
1775908789408,814,40739,pvp,player_1,player_2,425.472,0,837.619,145.342,-135.238,290.018,stay,stay,0,1
1775908789408,815,40756,pvp,player_1,player_2,425.472,0,835.365,150.176,-135.238,290.018,stay,stay,0,1
1775908789408,816,40772.299999952316,pvp,player_1,player_2,425.472,0,833.111,155.009,-135.238,290.018,stay,stay,0,1
1775908789408,817,40789.299999952316,pvp,player_1,player_2,425.472,0,830.857,159.843,-135.238,290.018,stay,stay,0,1
1775908789408,818,40805.89999997616,pvp,player_1,player_2,425.472,0,828.603,164.677,-135.238,290.018,stay,stay,0,1
1775908789408,819,40822.5,pvp,player_1,player_2,425.472,0,826.349,169.51,-135.238,290.018,stay,stay,0,1
1775908789408,820,40838.699999928474,pvp,player_1,player_2,425.472,0,824.095,174.344,-135.238,290.018,stay,stay,0,1
1775908789408,821,40855.39999997616,pvp,player_1,player_2,425.472,0,821.841,179.177,-135.238,290.018,stay,stay,0,1
1775908789408,822,40872.299999952316,pvp,player_1,player_2,425.472,0,819.587,184.011,-135.238,290.018,stay,stay,0,1
1775908789408,823,40889.10000002384,pvp,player_1,player_2,425.472,0,817.334,188.845,-135.238,290.018,stay,stay,0,1
1775908789408,824,40905.60000002384,pvp,player_1,player_2,425.472,0,815.08,193.678,-135.238,290.018,stay,stay,0,1
1775908789408,825,40922.299999952316,pvp,player_1,player_2,425.472,0,812.826,198.512,-135.238,290.018,stay,stay,0,1
1775908789408,826,40939.199999928474,pvp,player_1,player_2,425.472,0,810.572,203.346,-135.238,290.018,stay,stay,0,1
1775908789408,827,40955.799999952316,pvp,player_1,player_2,425.728,0,808.318,208.179,-135.238,290.018,down,stay,0,1
1775908789408,828,40972.5,pvp,player_1,player_2,426.239,0,806.064,213.013,-135.238,290.018,down,stay,0,1
1775908789408,829,40989.199999928474,pvp,player_1,player_2,427.006,0,803.81,217.847,-135.238,290.018,down,stay,0,1
1775908789408,830,41005.699999928474,pvp,player_1,player_2,428.028,0,801.556,222.68,-135.238,290.018,down,stay,0,1
1775908789408,831,41022.199999928474,pvp,player_1,player_2,429.306,0,799.302,227.514,-135.238,290.018,down,stay,0,1
1775908789408,832,41039.10000002384,pvp,player_1,player_2,430.839,0,797.048,232.348,-135.238,290.018,down,stay,0,1
1775908789408,833,41055.699999928474,pvp,player_1,player_2,432.628,0,794.794,237.181,-135.238,290.018,down,stay,0,1
1775908789408,834,41072.299999952316,pvp,player_1,player_2,434.672,0,792.54,242.015,-135.238,290.018,down,stay,0,1
1775908789408,835,41089.199999928474,pvp,player_1,player_2,436.972,0,790.286,246.848,-135.238,290.018,down,stay,0,1
1775908789408,836,41105.89999997616,pvp,player_1,player_2,439.528,0,788.032,251.682,-135.238,290.018,down,stay,0,1
1775908789408,837,41122.299999952316,pvp,player_1,player_2,442.339,0,785.778,256.516,-135.238,290.018,down,stay,0,1
1775908789408,838,41138.89999997616,pvp,player_1,player_2,444,0,783.524,261.349,-135.238,290.018,down,stay,0,1
1775908789408,839,41155.799999952316,pvp,player_1,player_2,444,0,781.27,266.183,-135.238,290.018,down,stay,0,1
1775908789408,840,41172.5,pvp,player_1,player_2,444,0,779.016,271.017,-135.238,290.018,down,stay,0,1
1775908789408,841,41188.89999997616,pvp,player_1,player_2,444,0,776.762,275.85,-135.238,290.018,down,stay,0,1
1775908789408,842,41205.699999928474,pvp,player_1,player_2,444,0,774.508,280.684,-135.238,290.018,down,stay,0,1
1775908789408,843,41222.5,pvp,player_1,player_2,444,0,772.254,285.518,-135.238,290.018,down,stay,0,1
1775908789408,844,41239,pvp,player_1,player_2,444,0,770,290.351,-135.238,290.018,down,stay,0,1
1775908789408,845,41255.5,pvp,player_1,player_2,444,0,767.746,295.185,-135.238,290.018,down,stay,0,1
1775908789408,846,41272.39999997616,pvp,player_1,player_2,444,0,765.492,300.018,-135.238,290.018,down,stay,0,1
1775908789408,847,41289,pvp,player_1,player_2,444,0,763.238,304.852,-135.238,290.018,down,stay,0,1
1775908789408,848,41305.89999997616,pvp,player_1,player_2,444,0,760.984,309.686,-135.238,290.018,down,stay,0,1
1775908789408,849,41322.5,pvp,player_1,player_2,444,0,758.73,314.519,-135.238,290.018,down,stay,0,1
1775908789408,850,41339.10000002384,pvp,player_1,player_2,444,0,756.476,319.353,-135.238,290.018,down,stay,0,1
1775908789408,851,41355.799999952316,pvp,player_1,player_2,444,0,754.223,324.187,-135.238,290.018,down,stay,0,1
1775908789408,852,41372.5,pvp,player_1,player_2,444,0,751.969,329.02,-135.238,290.018,down,stay,0,1
1775908789408,853,41389.10000002384,pvp,player_1,player_2,444,0,749.715,333.854,-135.238,290.018,down,stay,0,1
1775908789408,854,41405.799999952316,pvp,player_1,player_2,444,0,747.461,338.688,-135.238,290.018,down,stay,0,1
1775908789408,855,41422.5,pvp,player_1,player_2,444,0,745.207,343.521,-135.238,290.018,down,stay,0,1
1775908789408,856,41439.10000002384,pvp,player_1,player_2,444,0,742.953,348.355,-135.238,290.018,down,stay,0,1
1775908789408,857,41455.799999952316,pvp,player_1,player_2,444,0,740.699,353.189,-135.238,290.018,down,stay,0,1
1775908789408,858,41472.39999997616,pvp,player_1,player_2,444,0,738.445,358.022,-135.238,290.018,down,stay,0,1
1775908789408,859,41488.799999952316,pvp,player_1,player_2,444,0,736.191,362.856,-135.238,290.018,down,stay,0,1
1775908789408,860,41505.89999997616,pvp,player_1,player_2,444,0,733.937,367.689,-135.238,290.018,down,stay,0,1
1775908789408,861,41522.299999952316,pvp,player_1,player_2,444,0,731.683,372.523,-135.238,290.018,down,stay,0,1
1775908789408,862,41538.89999997616,pvp,player_1,player_2,444,0,729.429,377.357,-135.238,290.018,down,stay,0,1
1775908789408,863,41555.799999952316,pvp,player_1,player_2,444,0,727.175,382.19,-135.238,290.018,down,stay,0,1
1775908789408,864,41572.39999997616,pvp,player_1,player_2,444,0,724.921,387.024,-135.238,290.018,down,stay,0,1
1775908789408,865,41589.10000002384,pvp,player_1,player_2,444,0,722.667,391.858,-135.238,290.018,down,stay,0,1
1775908789408,866,41606.299999952316,pvp,player_1,player_2,444,0,720.413,396.691,-135.238,290.018,down,stay,0,1
1775908789408,867,41622.89999997616,pvp,player_1,player_2,444,0,718.159,401.525,-135.238,290.018,down,stay,0,1
1775908789408,868,41639.5,pvp,player_1,player_2,444,0,715.905,406.359,-135.238,290.018,down,stay,0,1
1775908789408,869,41656,pvp,player_1,player_2,444,0,713.651,411.192,-135.238,290.018,down,stay,0,1
1775908789408,870,41672.5,pvp,player_1,player_2,444,0,711.397,416.026,-135.238,290.018,stay,stay,0,1
1775908789408,871,41689.60000002384,pvp,player_1,player_2,444,0,709.143,420.86,-135.238,290.018,stay,stay,0,1
1775908789408,872,41706.5,pvp,player_1,player_2,444,0,706.889,425.693,-135.238,290.018,stay,stay,0,1
1775908789408,873,41722.699999928474,pvp,player_1,player_2,444,0,704.635,430.527,-135.238,290.018,stay,stay,0,1
1775908789408,874,41739,pvp,player_1,player_2,444,0,702.381,435.36,-135.238,290.018,stay,stay,0,1
1775908789408,875,41756,pvp,player_1,player_2,444,0,700.127,440.194,-135.238,290.018,stay,stay,0,1
1775908789408,876,41772.60000002384,pvp,player_1,player_2,444,0,697.873,445.028,-135.238,290.018,stay,stay,0,1
1775908789408,877,41789,pvp,player_1,player_2,444,0,695.619,449.861,-135.238,290.018,stay,stay,0,1
1775908789408,878,41805.299999952316,pvp,player_1,player_2,444,0,693.365,454.695,-135.238,290.018,stay,stay,0,1
1775908789408,879,41822.10000002384,pvp,player_1,player_2,444,0,691.112,459.529,-135.238,290.018,up,stay,0,1
1775908789408,880,41838.799999952316,pvp,player_1,player_2,444,0,688.858,464.362,-135.238,290.018,up,stay,0,1
1775908789408,881,41855.39999997616,pvp,player_1,player_2,444,0,686.604,469.196,-135.238,290.018,up,stay,0,1
1775908789408,882,41872,pvp,player_1,player_2,444,0,684.35,474.03,-135.238,290.018,up,stay,0,1
1775908789408,883,41889,pvp,player_1,player_2,444,0,682.096,478.863,-135.238,290.018,up,stay,0,1
1775908789408,884,41905.5,pvp,player_1,player_2,444,0,679.842,483.697,-135.238,290.018,up,stay,0,1
1775908789408,885,41922.10000002384,pvp,player_1,player_2,444,0,677.588,488.531,-135.238,290.018,up,stay,0,1
1775908789408,886,41938.799999952316,pvp,player_1,player_2,444,0,675.334,493.364,-135.238,290.018,up,stay,0,1
1775908789408,887,41955.60000002384,pvp,player_1,player_2,444,0,673.08,498.198,-135.238,290.018,up,stay,0,1
1775908789408,888,41972.199999928474,pvp,player_1,player_2,444,0,670.826,503.031,-135.238,290.018,up,stay,0,1
1775908789408,889,41988.89999997616,pvp,player_1,player_2,444,0,668.572,507.865,-135.238,290.018,up,stay,0,1
1775908789408,890,42005.299999952316,pvp,player_1,player_2,444,0,666.318,512.699,-135.238,290.018,up,stay,0,1
1775908789408,891,42022,pvp,player_1,player_2,444,0,664.064,517.532,-135.238,290.018,up,stay,0,1
1775908789408,892,42038.799999952316,pvp,player_1,player_2,444,0,661.81,522.366,-135.238,290.018,up,stay,0,1
1775908789408,893,42055.5,pvp,player_1,player_2,444,0,659.556,527.2,-135.238,290.018,up,stay,0,1
1775908789408,894,42072.199999928474,pvp,player_1,player_2,444,0,657.302,530,-135.238,-290.018,up,stay,0,1
1775908789408,895,42088.89999997616,pvp,player_1,player_2,443.778,0,655.048,525.166,-135.238,-290.018,up,stay,0,1
1775908789408,896,42105.60000002384,pvp,player_1,player_2,443.3,0,652.794,520.333,-135.238,-290.018,up,stay,0,1
1775908789408,897,42122.299999952316,pvp,player_1,player_2,442.567,0,650.54,515.499,-135.238,-290.018,up,stay,0,1
1775908789408,898,42138.5,pvp,player_1,player_2,441.578,0,648.286,510.665,-135.238,-290.018,up,stay,0,1
1775908789408,899,42155.199999928474,pvp,player_1,player_2,440.333,0,646.032,505.832,-135.238,-290.018,up,stay,0,1
1775908789408,900,42172.299999952316,pvp,player_1,player_2,438.833,0,643.778,500.998,-135.238,-290.018,up,stay,0,1
1775908789408,901,42188.699999928474,pvp,player_1,player_2,437.078,0,641.524,496.165,-135.238,-290.018,up,stay,0,1
1775908789408,902,42205.60000002384,pvp,player_1,player_2,435.067,0,639.27,491.331,-135.238,-290.018,up,stay,0,1
1775908789408,903,42222.299999952316,pvp,player_1,player_2,432.8,0,637.016,486.497,-135.238,-290.018,up,stay,0,1
1775908789408,904,42238.799999952316,pvp,player_1,player_2,430.278,0,634.762,481.664,-135.238,-290.018,up,stay,0,1
1775908789408,905,42255.5,pvp,player_1,player_2,427.5,0,632.508,476.83,-135.238,-290.018,up,stay,0,1
1775908789408,906,42272,pvp,player_1,player_2,424.467,0,630.254,471.996,-135.238,-290.018,up,stay,0,1
1775908789408,907,42288.60000002384,pvp,player_1,player_2,421.178,0,628.001,467.163,-135.238,-290.018,up,stay,0,1
1775908789408,908,42305.60000002384,pvp,player_1,player_2,417.633,0,625.747,462.329,-135.238,-290.018,up,stay,0,1
1775908789408,909,42322.299999952316,pvp,player_1,player_2,413.833,0,623.493,457.495,-135.238,-290.018,up,stay,0,1
1775908789408,910,42338.60000002384,pvp,player_1,player_2,409.778,0,621.239,452.662,-135.238,-290.018,up,stay,0,1
1775908789408,911,42355.39999997616,pvp,player_1,player_2,405.467,0,618.985,447.828,-135.238,-290.018,up,stay,0,1
1775908789408,912,42372.10000002384,pvp,player_1,player_2,400.9,0,616.731,442.994,-135.238,-290.018,up,stay,0,1
1775908789408,913,42388.699999928474,pvp,player_1,player_2,396.078,0,614.477,438.161,-135.238,-290.018,up,stay,0,1
1775908789408,914,42405.5,pvp,player_1,player_2,391,0,612.223,433.327,-135.238,-290.018,up,stay,0,1
1775908789408,915,42422.10000002384,pvp,player_1,player_2,385.667,0,609.969,428.494,-135.238,-290.018,up,stay,0,1
1775908789408,916,42438.60000002384,pvp,player_1,player_2,380.078,0,607.715,423.66,-135.238,-290.018,up,stay,0,1
1775908789408,917,42455.799999952316,pvp,player_1,player_2,374.233,0,605.461,418.826,-135.238,-290.018,up,stay,0,1
1775908789408,918,42472.299999952316,pvp,player_1,player_2,368.133,0,603.207,413.993,-135.238,-290.018,up,stay,0,1
1775908789408,919,42489.39999997616,pvp,player_1,player_2,361.778,0,600.953,409.159,-135.238,-290.018,up,stay,0,1
1775908789408,920,42506,pvp,player_1,player_2,355.167,0,598.699,404.325,-135.238,-290.018,up,stay,0,1
1775908789408,921,42522.39999997616,pvp,player_1,player_2,348.3,0,596.445,399.492,-135.238,-290.018,up,stay,0,1
1775908789408,922,42538.89999997616,pvp,player_1,player_2,341.178,0,594.191,394.658,-135.238,-290.018,up,stay,0,1
1775908789408,923,42555.60000002384,pvp,player_1,player_2,333.8,0,591.937,389.824,-135.238,-290.018,up,stay,0,1
1775908789408,924,42572,pvp,player_1,player_2,326.167,0,589.683,384.991,-135.238,-290.018,up,stay,0,1
1775908789408,925,42588.699999928474,pvp,player_1,player_2,318.5,0,587.429,380.157,-135.238,-290.018,up,stay,0,1
1775908789408,926,42605.699999928474,pvp,player_1,player_2,310.833,0,585.175,375.323,-135.238,-290.018,up,stay,0,1
1775908789408,927,42622.39999997616,pvp,player_1,player_2,303.167,0,582.921,370.49,-135.238,-290.018,up,stay,0,1
1775908789408,928,42638.89999997616,pvp,player_1,player_2,295.5,0,580.667,365.656,-135.238,-290.018,up,stay,0,1
1775908789408,929,42656,pvp,player_1,player_2,287.833,0,578.413,360.823,-135.238,-290.018,up,stay,0,1
1775908789408,930,42672.5,pvp,player_1,player_2,280.167,0,576.159,355.989,-135.238,-290.018,up,stay,0,1
1775908789408,931,42689.699999928474,pvp,player_1,player_2,272.5,0,573.905,351.155,-135.238,-290.018,up,stay,0,1
1775908789408,932,42706.299999952316,pvp,player_1,player_2,264.833,0,571.651,346.322,-135.238,-290.018,up,stay,0,1
1775908789408,933,42722.89999997616,pvp,player_1,player_2,257.167,0,569.397,341.488,-135.238,-290.018,up,stay,0,1
1775908789408,934,42738.89999997616,pvp,player_1,player_2,249.5,0,567.143,336.654,-135.238,-290.018,up,stay,0,1
1775908789408,935,42755.89999997616,pvp,player_1,player_2,241.833,0,564.89,331.821,-135.238,-290.018,up,stay,0,1
1775908789408,936,42772.89999997616,pvp,player_1,player_2,234.361,0,562.636,326.987,-135.238,-290.018,stay,stay,0,1
1775908789408,937,42789.5,pvp,player_1,player_2,227.083,0,560.382,322.153,-135.238,-290.018,stay,stay,0,1
1775908789408,938,42805.799999952316,pvp,player_1,player_2,220,0,558.128,317.32,-135.238,-290.018,stay,stay,0,1
1775908789408,939,42823,pvp,player_1,player_2,213.111,0,555.874,312.486,-135.238,-290.018,stay,stay,0,1
1775908789408,940,42839.299999952316,pvp,player_1,player_2,206.417,0,553.62,307.652,-135.238,-290.018,stay,stay,0,1
1775908789408,941,42855.699999928474,pvp,player_1,player_2,199.917,0,551.366,302.819,-135.238,-290.018,stay,stay,0,1
1775908789408,942,42872.60000002384,pvp,player_1,player_2,193.611,0,549.112,297.985,-135.238,-290.018,stay,stay,0,1
1775908789408,943,42888.89999997616,pvp,player_1,player_2,187.5,0,546.858,293.152,-135.238,-290.018,stay,stay,0,1
1775908789408,944,42905.799999952316,pvp,player_1,player_2,181.583,0,544.604,288.318,-135.238,-290.018,stay,stay,0,1
1775908789408,945,42922.299999952316,pvp,player_1,player_2,176.028,0,542.35,283.484,-135.238,-290.018,down,stay,0,1
1775908789408,946,42938.699999928474,pvp,player_1,player_2,170.833,0,540.096,278.651,-135.238,-290.018,down,stay,0,1
1775908789408,947,42955.60000002384,pvp,player_1,player_2,166,0,537.842,273.817,-135.238,-290.018,down,stay,0,1
1775908789408,948,42972.299999952316,pvp,player_1,player_2,161.528,0,535.588,268.983,-135.238,-290.018,down,stay,0,1
1775908789408,949,42988.89999997616,pvp,player_1,player_2,157.417,0,533.334,264.15,-135.238,-290.018,down,stay,0,1
1775908789408,950,43005.299999952316,pvp,player_1,player_2,153.667,0,531.08,259.316,-135.238,-290.018,down,stay,0,1
1775908789408,951,43022,pvp,player_1,player_2,150.278,0,528.826,254.482,-135.238,-290.018,down,stay,0,1
1775908789408,952,43038.699999928474,pvp,player_1,player_2,147.25,0,526.572,249.649,-135.238,-290.018,down,stay,0,1
1775908789408,953,43055.5,pvp,player_1,player_2,144.583,0,524.318,244.815,-135.238,-290.018,down,stay,0,1
1775908789408,954,43072.199999928474,pvp,player_1,player_2,142.278,0,522.064,239.982,-135.238,-290.018,down,stay,0,1
1775908789408,955,43089,pvp,player_1,player_2,140.333,0,519.81,235.148,-135.238,-290.018,down,stay,0,1
1775908789408,956,43105.5,pvp,player_1,player_2,138.75,0,517.556,230.314,-135.238,-290.018,down,stay,0,1
1775908789408,957,43122,pvp,player_1,player_2,137.528,0,515.302,225.481,-135.238,-290.018,down,stay,0,1
1775908789408,958,43138.89999997616,pvp,player_1,player_2,136.667,0,513.048,220.647,-135.238,-290.018,down,stay,0,1
1775908789408,959,43155.199999928474,pvp,player_1,player_2,136.167,0,510.794,215.813,-135.238,-290.018,down,stay,0,1
1775908789408,960,43172.10000002384,pvp,player_1,player_2,136.028,0,508.54,210.98,-135.238,-290.018,down,stay,0,1
1775908789408,961,43188.799999952316,pvp,player_1,player_2,136.25,0,506.286,206.146,-135.238,-290.018,down,stay,0,1
1775908789408,962,43205.39999997616,pvp,player_1,player_2,136.728,0,504.033,201.312,-135.238,-290.018,down,stay,0,1
1775908789408,963,43222.10000002384,pvp,player_1,player_2,137.461,0,501.779,196.479,-135.238,-290.018,down,stay,0,1
1775908789408,964,43238.699999928474,pvp,player_1,player_2,138,0,499.525,191.645,-135.238,-290.018,stay,stay,0,1
1775908789408,965,43255.5,pvp,player_1,player_2,138.344,0,497.271,186.811,-135.238,-290.018,stay,stay,0,1
1775908789408,966,43272.10000002384,pvp,player_1,player_2,138.344,0,495.017,181.978,-135.238,-290.018,stay,stay,0,1
1775908789408,967,43288.799999952316,pvp,player_1,player_2,138.344,0,492.763,177.144,-135.238,-290.018,stay,stay,0,1
1775908789408,968,43305.5,pvp,player_1,player_2,138.344,0,490.509,172.311,-135.238,-290.018,stay,stay,0,1
1775908789408,969,43322.199999928474,pvp,player_1,player_2,138.344,0,488.255,167.477,-135.238,-290.018,stay,stay,0,1
1775908789408,970,43338.89999997616,pvp,player_1,player_2,138.344,0,486.001,162.643,-135.238,-290.018,stay,stay,0,1
1775908789408,971,43355.299999952316,pvp,player_1,player_2,138.344,0,483.747,157.81,-135.238,-290.018,stay,stay,0,1
1775908789408,972,43372.10000002384,pvp,player_1,player_2,138.089,0,481.493,152.976,-135.238,-290.018,up,stay,0,1
1775908789408,973,43388.799999952316,pvp,player_1,player_2,137.578,0,479.239,148.142,-135.238,-290.018,up,stay,0,1
1775908789408,974,43405.60000002384,pvp,player_1,player_2,136.811,0,476.985,143.309,-135.238,-290.018,up,stay,0,1
1775908789408,975,43421.89999997616,pvp,player_1,player_2,135.789,0,474.731,138.475,-135.238,-290.018,up,stay,0,1
1775908789408,976,43439,pvp,player_1,player_2,134.511,0,472.477,133.641,-135.238,-290.018,up,stay,0,1
1775908789408,977,43455.39999997616,pvp,player_1,player_2,132.978,0,470.223,128.808,-135.238,-290.018,up,stay,0,1
1775908789408,978,43472.10000002384,pvp,player_1,player_2,131.189,0,467.969,123.974,-135.238,-290.018,up,stay,0,1
1775908789408,979,43488.699999928474,pvp,player_1,player_2,129.144,0,465.715,119.14,-135.238,-290.018,up,stay,0,1
1775908789408,980,43505.39999997616,pvp,player_1,player_2,126.844,0,463.461,114.307,-135.238,-290.018,up,stay,0,1
1775908789408,981,43522,pvp,player_1,player_2,124.289,0,461.207,109.473,-135.238,-290.018,up,stay,0,1
1775908789408,982,43538.799999952316,pvp,player_1,player_2,121.478,0,458.953,104.64,-135.238,-290.018,up,stay,0,1
1775908789408,983,43555.39999997616,pvp,player_1,player_2,118.861,0,456.699,99.806,-135.238,-290.018,stay,stay,0,1
1775908789408,984,43572.199999928474,pvp,player_1,player_2,116.439,0,454.445,94.972,-135.238,-290.018,stay,stay,0,1
1775908789408,985,43588.89999997616,pvp,player_1,player_2,114.211,0,452.191,90.139,-135.238,-290.018,stay,stay,0,1
1775908789408,986,43605.60000002384,pvp,player_1,player_2,112.178,0,449.937,85.305,-135.238,-290.018,stay,stay,0,1
1775908789408,987,43622.10000002384,pvp,player_1,player_2,110.339,0,447.683,80.471,-135.238,-290.018,stay,stay,0,1
1775908789408,988,43638.60000002384,pvp,player_1,player_2,108.694,0,445.429,75.638,-135.238,-290.018,stay,stay,0,1
1775908789408,989,43655.60000002384,pvp,player_1,player_2,107.244,0,443.175,70.804,-135.238,-290.018,stay,stay,0,1
1775908789408,990,43672.199999928474,pvp,player_1,player_2,105.989,0,440.922,65.97,-135.238,-290.018,stay,stay,0,1
1775908789408,991,43688.799999952316,pvp,player_1,player_2,104.928,0,438.668,61.137,-135.238,-290.018,stay,stay,0,1
1775908789408,992,43705.699999928474,pvp,player_1,player_2,104.228,0,436.414,56.303,-135.238,-290.018,down,stay,0,1
1775908789408,993,43722.299999952316,pvp,player_1,player_2,103.889,0,434.16,51.469,-135.238,-290.018,down,stay,0,1
1775908789408,994,43738.799999952316,pvp,player_1,player_2,103.911,0,431.906,46.636,-135.238,-290.018,down,stay,0,1
1775908789408,995,43755.5,pvp,player_1,player_2,104.189,0,429.652,41.802,-135.238,-290.018,down,stay,0,1
1775908789408,996,43772.299999952316,pvp,player_1,player_2,104.722,0,427.398,36.969,-135.238,-290.018,down,stay,0,1
1775908789408,997,43789.10000002384,pvp,player_1,player_2,105.511,0,425.144,32.135,-135.238,-290.018,down,stay,0,1
1775908789408,998,43805.39999997616,pvp,player_1,player_2,106.556,0,422.89,27.301,-135.238,-290.018,down,stay,0,1
1775908789408,999,43821.89999997616,pvp,player_1,player_2,107.856,0,420.636,22.468,-135.238,-290.018,down,stay,0,1
1775908789408,1000,43839,pvp,player_1,player_2,109.411,0,418.382,17.634,-135.238,-290.018,down,stay,0,1
1775908789408,1001,43855.699999928474,pvp,player_1,player_2,111.222,0,416.128,12.8,-135.238,-290.018,down,stay,0,1
1775908789408,1002,43872.10000002384,pvp,player_1,player_2,113.289,0,413.874,10,-135.238,290.018,down,stay,0,1
1775908789408,1003,43888.799999952316,pvp,player_1,player_2,115.611,0,411.62,14.834,-135.238,290.018,down,stay,0,1
1775908789408,1004,43905.299999952316,pvp,player_1,player_2,118.189,0,409.366,19.667,-135.238,290.018,down,stay,0,1
1775908789408,1005,43921.89999997616,pvp,player_1,player_2,121.022,0,407.112,24.501,-135.238,290.018,down,stay,0,1
1775908789408,1006,43938.89999997616,pvp,player_1,player_2,124.111,0,404.858,29.335,-135.238,290.018,down,stay,0,1
1775908789408,1007,43955.199999928474,pvp,player_1,player_2,127.456,0,402.604,34.168,-135.238,290.018,down,stay,0,1
1775908789408,1008,43972.199999928474,pvp,player_1,player_2,131.056,0,400.35,39.002,-135.238,290.018,down,stay,0,1
1775908789408,1009,43989.199999928474,pvp,player_1,player_2,134.911,0,398.096,43.835,-135.238,290.018,down,stay,0,1
1775908789408,1010,44005.699999928474,pvp,player_1,player_2,139.022,0,395.842,48.669,-135.238,290.018,down,stay,0,1
1775908789408,1011,44022.5,pvp,player_1,player_2,143.389,0,393.588,53.503,-135.238,290.018,down,stay,0,1
1775908789408,1012,44038.799999952316,pvp,player_1,player_2,148.011,0,391.334,58.336,-135.238,290.018,down,stay,0,1
1775908789408,1013,44055.799999952316,pvp,player_1,player_2,152.889,0,389.08,63.17,-135.238,290.018,down,stay,0,1
1775908789408,1014,44072.5,pvp,player_1,player_2,158.022,0,386.826,68.004,-135.238,290.018,down,stay,0,1
1775908789408,1015,44089.10000002384,pvp,player_1,player_2,163.411,0,384.572,72.837,-135.238,290.018,down,stay,0,1
1775908789408,1016,44105.799999952316,pvp,player_1,player_2,169.056,0,382.318,77.671,-135.238,290.018,down,stay,0,1
1775908789408,1017,44122.39999997616,pvp,player_1,player_2,174.956,0,380.064,82.505,-135.238,290.018,down,stay,0,1
1775908789408,1018,44139.10000002384,pvp,player_1,player_2,181.111,0,377.811,87.338,-135.238,290.018,down,stay,0,1
1775908789408,1019,44155.60000002384,pvp,player_1,player_2,187.522,0,375.557,92.172,-135.238,290.018,down,stay,0,1
1775908789408,1020,44172.10000002384,pvp,player_1,player_2,194.189,0,373.303,97.006,-135.238,290.018,down,stay,0,1
1775908789408,1021,44189,pvp,player_1,player_2,201.111,0,371.049,101.839,-135.238,290.018,down,stay,0,1
1775908789408,1022,44205.39999997616,pvp,player_1,player_2,208.289,0,368.795,106.673,-135.238,290.018,down,stay,0,1
1775908789408,1023,44222.39999997616,pvp,player_1,player_2,215.722,0,366.541,111.506,-135.238,290.018,down,stay,0,1
1775908789408,1024,44238.89999997616,pvp,player_1,player_2,223.389,0,364.287,116.34,-135.238,290.018,down,stay,0,1
1775908789408,1025,44255.699999928474,pvp,player_1,player_2,231.056,0,362.033,121.174,-135.238,290.018,down,stay,0,1
1775908789408,1026,44272.39999997616,pvp,player_1,player_2,238.722,0,359.779,126.007,-135.238,290.018,down,stay,0,1
1775908789408,1027,44289,pvp,player_1,player_2,246.389,0,357.525,130.841,-135.238,290.018,down,stay,0,1
1775908789408,1028,44305.60000002384,pvp,player_1,player_2,254.056,0,355.271,135.675,-135.238,290.018,down,stay,0,1
1775908789408,1029,44322.10000002384,pvp,player_1,player_2,261.722,0,353.017,140.508,-135.238,290.018,down,stay,0,1
1775908789408,1030,44338.89999997616,pvp,player_1,player_2,269.389,0,350.763,145.342,-135.238,290.018,down,stay,0,1
1775908789408,1031,44355.39999997616,pvp,player_1,player_2,277.056,0,348.509,150.176,-135.238,290.018,down,stay,0,1
1775908789408,1032,44372.10000002384,pvp,player_1,player_2,284.722,0,346.255,155.009,-135.238,290.018,down,stay,0,1
1775908789408,1033,44388.699999928474,pvp,player_1,player_2,292.389,0,344.001,159.843,-135.238,290.018,down,stay,0,1
1775908789408,1034,44405.5,pvp,player_1,player_2,299.861,0,341.747,164.677,-135.238,290.018,stay,stay,0,1
1775908789408,1035,44422.10000002384,pvp,player_1,player_2,307.139,0,339.493,169.51,-135.238,290.018,stay,stay,0,1
1775908789408,1036,44438.799999952316,pvp,player_1,player_2,314.222,0,337.239,174.344,-135.238,290.018,stay,stay,0,1
1775908789408,1037,44455.5,pvp,player_1,player_2,321.111,0,334.985,179.177,-135.238,290.018,stay,stay,0,1
1775908789408,1038,44472.199999928474,pvp,player_1,player_2,327.806,0,332.731,184.011,-135.238,290.018,stay,stay,0,1
1775908789408,1039,44488.89999997616,pvp,player_1,player_2,334.306,0,330.477,188.845,-135.238,290.018,stay,stay,0,1
1775908789408,1040,44505.39999997616,pvp,player_1,player_2,340.611,0,328.223,193.678,-135.238,290.018,stay,stay,0,1
1775908789408,1041,44521.89999997616,pvp,player_1,player_2,346.722,0,325.969,198.512,-135.238,290.018,stay,stay,0,1
1775908789408,1042,44538.799999952316,pvp,player_1,player_2,352.639,0,323.715,203.346,-135.238,290.018,stay,stay,0,1
1775908789408,1043,44555.299999952316,pvp,player_1,player_2,358.361,0,321.461,208.179,-135.238,290.018,stay,stay,0,1
1775908789408,1044,44572,pvp,player_1,player_2,363.889,0,319.207,213.013,-135.238,290.018,stay,stay,0,1
1775908789408,1045,44588.799999952316,pvp,player_1,player_2,369.222,0,316.953,217.847,-135.238,290.018,stay,stay,0,1
1775908789408,1046,44605.5,pvp,player_1,player_2,374.361,0,314.7,222.68,-135.238,290.018,stay,stay,0,1
1775908789408,1047,44622.5,pvp,player_1,player_2,379.306,0,312.446,227.514,-135.238,290.018,stay,stay,0,1
1775908789408,1048,44639.10000002384,pvp,player_1,player_2,384.056,0,310.192,232.348,-135.238,290.018,stay,stay,0,1
1775908789408,1049,44655.89999997616,pvp,player_1,player_2,388.611,0,307.938,237.181,-135.238,290.018,stay,stay,0,1
1775908789408,1050,44672.5,pvp,player_1,player_2,392.972,0,305.684,242.015,-135.238,290.018,stay,stay,0,1
1775908789408,1051,44689,pvp,player_1,player_2,397.139,0,303.43,246.848,-135.238,290.018,stay,stay,0,1
1775908789408,1052,44705.60000002384,pvp,player_1,player_2,401.111,0,301.176,251.682,-135.238,290.018,stay,stay,0,1
1775908789408,1053,44722.199999928474,pvp,player_1,player_2,404.889,0,298.922,256.516,-135.238,290.018,stay,stay,0,1
1775908789408,1054,44739.199999928474,pvp,player_1,player_2,408.472,0,296.668,261.349,-135.238,290.018,stay,stay,0,1
1775908789408,1055,44755.39999997616,pvp,player_1,player_2,411.861,0,294.414,266.183,-135.238,290.018,stay,stay,0,1
1775908789408,1056,44772.39999997616,pvp,player_1,player_2,415.056,0,292.16,271.017,-135.238,290.018,stay,stay,0,1
1775908789408,1057,44789.199999928474,pvp,player_1,player_2,418.056,0,289.906,275.85,-135.238,290.018,stay,stay,0,1
1775908789408,1058,44805.799999952316,pvp,player_1,player_2,420.861,0,287.652,280.684,-135.238,290.018,stay,stay,0,1
1775908789408,1059,44822.39999997616,pvp,player_1,player_2,423.472,0,285.398,285.518,-135.238,290.018,stay,stay,0,1
1775908789408,1060,44839.10000002384,pvp,player_1,player_2,425.889,0,283.144,290.351,-135.238,290.018,stay,stay,0,1
1775908789408,1061,44855.89999997616,pvp,player_1,player_2,428.111,0,280.89,295.185,-135.238,290.018,stay,stay,0,1
1775908789408,1062,44872.5,pvp,player_1,player_2,430.139,0,278.636,300.018,-135.238,290.018,stay,stay,0,1
1775908789408,1063,44889.199999928474,pvp,player_1,player_2,431.972,0,276.382,304.852,-135.238,290.018,stay,stay,0,1
1775908789408,1064,44905.799999952316,pvp,player_1,player_2,433.611,0,274.128,309.686,-135.238,290.018,stay,stay,0,1
1775908789408,1065,44922.5,pvp,player_1,player_2,435.056,0,271.874,314.519,-135.238,290.018,stay,stay,0,1
1775908789408,1066,44939.10000002384,pvp,player_1,player_2,436.306,0,269.62,319.353,-135.238,290.018,stay,stay,0,1
1775908789408,1067,44955.799999952316,pvp,player_1,player_2,437.361,0,267.366,324.187,-135.238,290.018,stay,stay,0,1
1775908789408,1068,44972.199999928474,pvp,player_1,player_2,438.222,0,265.112,329.02,-135.238,290.018,stay,stay,0,1
1775908789408,1069,44989,pvp,player_1,player_2,438.889,0,262.858,333.854,-135.238,290.018,stay,stay,0,1
1775908789408,1070,45005.5,pvp,player_1,player_2,439.361,0,260.604,338.688,-135.238,290.018,stay,stay,0,1
1775908789408,1071,45021.89999997616,pvp,player_1,player_2,439.639,0,258.35,343.521,-135.238,290.018,stay,stay,0,1
1775908789408,1072,45038.60000002384,pvp,player_1,player_2,439.639,0,256.096,348.355,-135.238,290.018,stay,stay,0,1
1775908789408,1073,45055.60000002384,pvp,player_1,player_2,439.639,0,253.842,353.189,-135.238,290.018,stay,stay,0,1
1775908789408,1074,45072.299999952316,pvp,player_1,player_2,439.639,0,251.589,358.022,-135.238,290.018,stay,stay,0,1
1775908789408,1075,45088.799999952316,pvp,player_1,player_2,439.894,0,249.335,362.856,-135.238,290.018,down,stay,0,1
1775908789408,1076,45105.199999928474,pvp,player_1,player_2,440.406,0,247.081,367.689,-135.238,290.018,down,stay,0,1
1775908789408,1077,45122,pvp,player_1,player_2,441.172,0,244.827,372.523,-135.238,290.018,down,stay,0,1
1775908789408,1078,45138.39999997616,pvp,player_1,player_2,442.194,0,242.573,377.357,-135.238,290.018,down,stay,0,1
1775908789408,1079,45155.199999928474,pvp,player_1,player_2,443.472,0,240.319,382.19,-135.238,290.018,down,stay,0,1
1775908789408,1080,45171.799999952316,pvp,player_1,player_2,444,0,238.065,387.024,-135.238,290.018,down,stay,0,1
1775908789408,1081,45188.89999997616,pvp,player_1,player_2,444,0,235.811,391.858,-135.238,290.018,down,stay,0,1
1775908789408,1082,45205.199999928474,pvp,player_1,player_2,444,0,233.557,396.691,-135.238,290.018,down,stay,0,1
1775908789408,1083,45222,pvp,player_1,player_2,444,0,231.303,401.525,-135.238,290.018,down,stay,0,1
1775908789408,1084,45238.89999997616,pvp,player_1,player_2,444,0,229.049,406.359,-135.238,290.018,stay,stay,0,1
1775908789408,1085,45255.699999928474,pvp,player_1,player_2,444,0,226.795,411.192,-135.238,290.018,stay,stay,0,1
1775908789408,1086,45272.199999928474,pvp,player_1,player_2,444,0,224.541,416.026,-135.238,290.018,stay,stay,0,1
1775908789408,1087,45289.199999928474,pvp,player_1,player_2,444,0,222.287,420.86,-135.238,290.018,stay,stay,0,1
1775908789408,1088,45305.299999952316,pvp,player_1,player_2,444,0,220.033,425.693,-135.238,290.018,stay,stay,0,1
1775908789408,1089,45322.299999952316,pvp,player_1,player_2,444,0,217.779,430.527,-135.238,290.018,stay,stay,0,1
1775908789408,1090,45338.799999952316,pvp,player_1,player_2,444,0,215.525,435.36,-135.238,290.018,stay,stay,0,1
1775908789408,1091,45355.699999928474,pvp,player_1,player_2,444,0,213.271,440.194,-135.238,290.018,stay,stay,0,1
1775908789408,1092,45372.199999928474,pvp,player_1,player_2,444,0,211.017,445.028,-135.238,290.018,stay,stay,0,1
1775908789408,1093,45389.199999928474,pvp,player_1,player_2,444,0,208.763,449.861,-135.238,290.018,stay,stay,0,1
1775908789408,1094,45405.5,pvp,player_1,player_2,444,0,206.509,454.695,-135.238,290.018,stay,stay,0,1
1775908789408,1095,45421.799999952316,pvp,player_1,player_2,444,0,204.255,459.529,-135.238,290.018,stay,stay,0,1
1775908789408,1096,45438.39999997616,pvp,player_1,player_2,444,0,202.001,464.362,-135.238,290.018,stay,stay,0,1
1775908789408,1097,45455.299999952316,pvp,player_1,player_2,444,0,199.747,469.196,-135.238,290.018,stay,stay,0,1
1775908789408,1098,45471.89999997616,pvp,player_1,player_2,444,0,197.493,474.03,-135.238,290.018,stay,stay,0,1
1775908789408,1099,45488.39999997616,pvp,player_1,player_2,444,0,195.239,478.863,-135.238,290.018,stay,stay,0,1
1775908789408,1100,45505.199999928474,pvp,player_1,player_2,443.744,0,192.985,483.697,-135.238,290.018,up,stay,0,1
1775908789408,1101,45521.89999997616,pvp,player_1,player_2,443.233,0,190.731,488.531,-135.238,290.018,up,stay,0,1
1775908789408,1102,45539.199999928474,pvp,player_1,player_2,442.467,0,188.478,493.364,-135.238,290.018,up,stay,0,1
1775908789408,1103,45555.299999952316,pvp,player_1,player_2,441.444,0,186.224,498.198,-135.238,290.018,up,stay,0,1
1775908789408,1104,45571.699999928474,pvp,player_1,player_2,440.167,0,183.97,503.031,-135.238,290.018,up,stay,0,1
1775908789408,1105,45588.799999952316,pvp,player_1,player_2,438.633,0,181.716,507.865,-135.238,290.018,up,stay,0,1
1775908789408,1106,45605.5,pvp,player_1,player_2,436.844,0,179.462,512.699,-135.238,290.018,up,stay,0,1
1775908789408,1107,45622.39999997616,pvp,player_1,player_2,435.25,0,177.208,517.532,-135.238,290.018,stay,stay,0,1
1775908789408,1108,45639.10000002384,pvp,player_1,player_2,433.85,0,174.954,522.366,-135.238,290.018,stay,stay,0,1
1775908789408,1109,45655.60000002384,pvp,player_1,player_2,432.644,0,172.7,527.2,-135.238,290.018,stay,stay,0,1
1775908789408,1110,45672.39999997616,pvp,player_1,player_2,431.633,0,170.446,530,-135.238,-290.018,stay,stay,0,1
1775908789408,1111,45689.10000002384,pvp,player_1,player_2,430.817,0,168.192,525.166,-135.238,-290.018,stay,stay,0,1
1775908789408,1112,45705.699999928474,pvp,player_1,player_2,430.194,0,165.938,520.333,-135.238,-290.018,stay,stay,0,1
1775908789408,1113,45722.299999952316,pvp,player_1,player_2,429.767,0,163.684,515.499,-135.238,-290.018,stay,stay,0,1
1775908789408,1114,45738.699999928474,pvp,player_1,player_2,429.533,0,161.43,510.665,-135.238,-290.018,stay,stay,0,1
1775908789408,1115,45755.699999928474,pvp,player_1,player_2,429.533,0,159.176,505.832,-135.238,-290.018,stay,stay,0,1
1775908789408,1116,45772.299999952316,pvp,player_1,player_2,429.533,0,156.922,500.998,-135.238,-290.018,stay,stay,0,1
1775908789408,1117,45788.89999997616,pvp,player_1,player_2,429.533,0,154.668,496.165,-135.238,-290.018,stay,stay,0,1
1775908789408,1118,45805.5,pvp,player_1,player_2,429.533,0,152.414,491.331,-135.238,-290.018,stay,stay,0,1
1775908789408,1119,45822.299999952316,pvp,player_1,player_2,429.533,0,150.16,486.497,-135.238,-290.018,stay,stay,0,1
1775908789408,1120,45839.10000002384,pvp,player_1,player_2,429.533,0,147.906,481.664,-135.238,-290.018,stay,stay,0,1
1775908789408,1121,45855.799999952316,pvp,player_1,player_2,429.533,0,145.652,476.83,-135.238,-290.018,stay,stay,0,1
1775908789408,1122,45872.10000002384,pvp,player_1,player_2,429.533,0,143.398,471.996,-135.238,-290.018,stay,stay,0,1
1775908789408,1123,45888.89999997616,pvp,player_1,player_2,429.533,0,141.144,467.163,-135.238,-290.018,stay,stay,0,1
1775908789408,1124,45905.5,pvp,player_1,player_2,429.533,0,138.89,462.329,-135.238,-290.018,stay,stay,0,1
1775908789408,1125,45922.39999997616,pvp,player_1,player_2,429.533,0,136.636,457.495,-135.238,-290.018,stay,stay,0,1
1775908789408,1126,45939.199999928474,pvp,player_1,player_2,429.278,0,134.382,452.662,-135.238,-290.018,up,stay,0,1
1775908789408,1127,45955.60000002384,pvp,player_1,player_2,428.767,0,132.128,447.828,-135.238,-290.018,up,stay,0,1
1775908789408,1128,45972.299999952316,pvp,player_1,player_2,428,0,129.874,442.994,-135.238,-290.018,up,stay,0,1
1775908789408,1129,45989.10000002384,pvp,player_1,player_2,426.978,0,127.621,438.161,-135.238,-290.018,up,stay,0,1
1775908789408,1130,46005.89999997616,pvp,player_1,player_2,425.7,0,125.367,433.327,-135.238,-290.018,up,stay,0,1
1775908789408,1131,46022.10000002384,pvp,player_1,player_2,424.617,0,123.113,428.494,-135.238,-290.018,stay,stay,0,1
1775908789408,1132,46039.199999928474,pvp,player_1,player_2,423.728,0,120.859,423.66,-135.238,-290.018,stay,stay,0,1
1775908789408,1133,46055.699999928474,pvp,player_1,player_2,423.033,0,118.605,418.826,-135.238,-290.018,stay,stay,0,1
1775908789408,1134,46072.299999952316,pvp,player_1,player_2,422.533,0,116.351,413.993,-135.238,-290.018,stay,stay,0,1
1775908789408,1135,46088.89999997616,pvp,player_1,player_2,422.228,0,114.097,409.159,-135.238,-290.018,stay,stay,0,1
1775908789408,1136,46105.699999928474,pvp,player_1,player_2,422.228,0,111.843,404.325,-135.238,-290.018,stay,stay,0,1
1775908789408,1137,46122.5,pvp,player_1,player_2,422.228,0,109.589,399.492,-135.238,-290.018,stay,stay,0,1
1775908789408,1138,46138.60000002384,pvp,player_1,player_2,422.228,0,107.335,394.658,-135.238,-290.018,stay,stay,0,1
1775908789408,1139,46155.10000002384,pvp,player_1,player_2,422.228,0,105.081,389.824,-135.238,-290.018,stay,stay,0,1
1775908789408,1140,46171.89999997616,pvp,player_1,player_2,422.228,0,102.827,384.991,-135.238,-290.018,stay,stay,0,1
1775908789408,1141,46189,pvp,player_1,player_2,422.228,0,100.573,380.157,-135.238,-290.018,stay,stay,0,1
1775908789408,1142,46205.199999928474,pvp,player_1,player_2,421.972,0,98.319,375.323,-135.238,-290.018,up,stay,0,1
1775908789408,1143,46222.10000002384,pvp,player_1,player_2,421.461,0,96.065,370.49,-135.238,-290.018,up,stay,0,1
1775908789408,1144,46238.60000002384,pvp,player_1,player_2,420.694,0,93.811,365.656,-135.238,-290.018,up,stay,0,1
1775908789408,1145,46255.799999952316,pvp,player_1,player_2,419.672,0,91.557,360.823,-135.238,-290.018,up,stay,0,1
1775908789408,1146,46272.199999928474,pvp,player_1,player_2,418.394,0,89.303,355.989,-135.238,-290.018,up,stay,0,1
1775908789408,1147,46288.89999997616,pvp,player_1,player_2,416.861,0,87.049,351.155,-135.238,-290.018,up,stay,0,1
1775908789408,1148,46305.5,pvp,player_1,player_2,415.072,0,84.795,346.322,-135.238,-290.018,up,stay,0,1
1775908789408,1149,46322.199999928474,pvp,player_1,player_2,413.028,0,82.541,341.488,-135.238,-290.018,up,stay,0,1
1775908789408,1150,46339,pvp,player_1,player_2,410.728,0,80.287,336.654,-135.238,-290.018,up,stay,0,1
1775908789408,1151,46355.699999928474,pvp,player_1,player_2,408.172,0,78.033,331.821,-135.238,-290.018,up,stay,0,1
1775908789408,1152,46372,pvp,player_1,player_2,405.361,0,75.779,326.987,-135.238,-290.018,up,stay,0,1
1775908789408,1153,46388.89999997616,pvp,player_1,player_2,402.294,0,73.525,322.153,-135.238,-290.018,up,stay,0,1
1775908789408,1154,46405.5,pvp,player_1,player_2,398.972,0,71.271,317.32,-135.238,-290.018,up,stay,0,1
1775908789408,1155,46422.199999928474,pvp,player_1,player_2,395.394,0,69.017,312.486,-135.238,-290.018,up,stay,0,1
1775908789408,1156,46438.5,pvp,player_1,player_2,391.561,0,66.763,307.652,-135.238,-290.018,up,stay,0,1
1775908789408,1157,46455.60000002384,pvp,player_1,player_2,387.472,0,64.51,302.819,-135.238,-290.018,up,stay,0,1
1775908789408,1158,46472.299999952316,pvp,player_1,player_2,383.128,0,62.256,297.985,-135.238,-290.018,up,stay,0,1
1775908789408,1159,46488.89999997616,pvp,player_1,player_2,378.528,0,60.002,293.152,-135.238,-290.018,up,stay,0,1
1775908789408,1160,46505.5,pvp,player_1,player_2,373.672,0,57.748,288.318,-135.238,-290.018,up,stay,0,1
1775908789408,1161,46522.199999928474,pvp,player_1,player_2,368.561,0,55.494,283.484,-135.238,-290.018,up,stay,0,1
1775908789408,1162,46538.89999997616,pvp,player_1,player_2,363.194,0,53.24,278.651,-135.238,-290.018,up,stay,0,1
1775908789408,1163,46555.60000002384,pvp,player_1,player_2,357.572,0,50.986,273.817,-135.238,-290.018,up,stay,0,1
1775908789408,1164,46572.299999952316,pvp,player_1,player_2,351.694,0,48.732,268.983,-135.238,-290.018,up,stay,0,1
1775908789408,1165,46588.799999952316,pvp,player_1,player_2,345.561,0,46.478,264.15,-135.238,-290.018,up,stay,0,1
1775908789408,1166,46605.699999928474,pvp,player_1,player_2,339.172,0,44.224,259.316,-135.238,-290.018,up,stay,0,1
1775908789408,1167,46622.299999952316,pvp,player_1,player_2,332.528,0,41.97,254.482,-135.238,-290.018,up,stay,0,1
1775908789408,1168,46638.60000002384,pvp,player_1,player_2,325.628,0,39.716,249.649,-135.238,-290.018,up,stay,0,1
1775908789408,1169,46655.699999928474,pvp,player_1,player_2,318.472,0,37.462,244.815,-135.238,-290.018,up,stay,0,1
1775908789408,1170,46672,pvp,player_1,player_2,311.061,0,35.208,239.982,-135.238,-290.018,up,stay,0,1
1775908789408,1171,46689.10000002384,pvp,player_1,player_2,303.394,0,32.954,235.148,-135.238,-290.018,up,stay,0,1
1775908789408,1172,46705.5,pvp,player_1,player_2,295.728,0,30.7,230.314,-135.238,-290.018,up,stay,0,1
1775908789408,1173,46722.39999997616,pvp,player_1,player_2,288.061,0,28.446,225.481,-135.238,-290.018,up,stay,0,1
1775908789408,1174,46739,pvp,player_1,player_2,280.394,0,26.192,220.647,-135.238,-290.018,up,stay,0,1
1775908789408,1175,46755.89999997616,pvp,player_1,player_2,272.728,0,23.938,215.813,-135.238,-290.018,up,stay,0,1
1775908789408,1176,46772.199999928474,pvp,player_1,player_2,265.061,0,21.684,210.98,-135.238,-290.018,up,stay,0,1
1775908789408,1177,46789.10000002384,pvp,player_1,player_2,257.394,0,19.43,206.146,-135.238,-290.018,up,stay,0,1
1775908789408,1178,46805.60000002384,pvp,player_1,player_2,249.728,0,17.176,201.312,-135.238,-290.018,up,stay,0,1
1775908789408,1179,46822.299999952316,pvp,player_1,player_2,242.061,0,14.922,196.479,-135.238,-290.018,up,stay,0,1
1775908789408,1180,46838.89999997616,pvp,player_1,player_2,234.394,0,12.668,191.645,-135.238,-290.018,up,stay,0,1
1775908789408,1181,46855.60000002384,pvp,player_1,player_2,226.728,0,10.414,186.811,-135.238,-290.018,up,stay,0,1
1775908789408,1182,46872.10000002384,pvp,player_1,player_2,219.061,0,8.16,181.978,-135.238,-290.018,up,stay,0,1
1775908789408,1183,46888.60000002384,pvp,player_1,player_2,211.394,0,5.906,177.144,-135.238,-290.018,up,stay,0,1
1775908789408,1184,46905.199999928474,pvp,player_1,player_2,203.728,0,3.652,172.311,-135.238,-290.018,up,stay,0,1
1775908789408,1185,46922.10000002384,pvp,player_1,player_2,196.061,0,1.399,167.477,-135.238,-290.018,up,stay,0,1
1775908789408,1186,46938.799999952316,pvp,player_1,player_2,188.394,0,-0.855,162.643,-135.238,-290.018,up,stay,0,1
1775908789408,1187,46955.5,pvp,player_1,player_2,180.728,0,-3.109,157.81,-135.238,-290.018,up,stay,0,1
1775908789408,1188,46972.10000002384,pvp,player_1,player_2,173.061,0,-5.363,152.976,-135.238,-290.018,up,stay,0,1
1775908789408,1189,46988.60000002384,pvp,player_1,player_2,165.394,0,-7.617,148.142,-135.238,-290.018,up,stay,0,1
1775908789408,1190,47005.199999928474,pvp,player_1,player_2,157.728,0,-9.871,143.309,-135.238,-290.018,up,stay,0,1
1775908789408,1191,47022.10000002384,pvp,player_1,player_2,150.061,0,480,270,-280,0,up,stay,0,2
1775908789408,1192,47038.699999928474,pvp,player_1,player_2,142.394,0,475.333,270,-280,0,up,stay,0,2
1775908789408,1193,47055.10000002384,pvp,player_1,player_2,134.728,0,470.667,270,-280,0,up,stay,0,2
1775908789408,1194,47072,pvp,player_1,player_2,127.061,0,466,270,-280,0,up,stay,0,2
1775908789408,1195,47088.5,pvp,player_1,player_2,119.394,0,461.333,270,-280,0,up,stay,0,2
1775908789408,1196,47105.39999997616,pvp,player_1,player_2,111.728,0,456.667,270,-280,0,up,stay,0,2
1775908789408,1197,47121.89999997616,pvp,player_1,player_2,104.061,0,452,270,-280,0,up,stay,0,2
1775908789408,1198,47138.699999928474,pvp,player_1,player_2,96.394,0,447.333,270,-280,0,up,stay,0,2
1775908789408,1199,47155.5,pvp,player_1,player_2,88.728,0,442.667,270,-280,0,up,stay,0,2
1775908789408,1200,47172.199999928474,pvp,player_1,player_2,81.061,0,438,270,-280,0,up,stay,0,2
1775908789408,1201,47188.799999952316,pvp,player_1,player_2,73.394,0,433.333,270,-280,0,up,stay,0,2
1775908789408,1202,47205.39999997616,pvp,player_1,player_2,65.728,0,428.667,270,-280,0,up,stay,0,2
1775908789408,1203,47222,pvp,player_1,player_2,58.061,0,424,270,-280,0,up,stay,0,2
1775908789408,1204,47238.60000002384,pvp,player_1,player_2,50.589,0,419.333,270,-280,0,stay,stay,0,2
1775908789408,1205,47255.299999952316,pvp,player_1,player_2,43.311,0,414.667,270,-280,0,stay,stay,0,2
1775908789408,1206,47272,pvp,player_1,player_2,36.228,0,410,270,-280,0,stay,stay,0,2
1775908789408,1207,47288.60000002384,pvp,player_1,player_2,29.339,0,405.333,270,-280,0,stay,stay,0,2
1775908789408,1208,47305.5,pvp,player_1,player_2,22.644,0,400.667,270,-280,0,stay,stay,0,2
1775908789408,1209,47322,pvp,player_1,player_2,16.144,0,396,270,-280,0,stay,stay,0,2
1775908789408,1210,47338.5,pvp,player_1,player_2,9.839,0,391.333,270,-280,0,stay,stay,0,2
1775908789408,1211,47355.299999952316,pvp,player_1,player_2,3.728,0,386.667,270,-280,0,stay,stay,0,2
1775908789408,1212,47371.799999952316,pvp,player_1,player_2,0,0,382,270,-280,0,stay,stay,0,2
1775908789408,1213,47388.60000002384,pvp,player_1,player_2,0,0,377.333,270,-280,0,stay,stay,0,2
1775908789408,1214,47405.39999997616,pvp,player_1,player_2,0,0,372.667,270,-280,0,stay,stay,0,2
1775908789408,1215,47421.799999952316,pvp,player_1,player_2,0,0,368,270,-280,0,stay,stay,0,2
1775908789408,1216,47438.60000002384,pvp,player_1,player_2,0,0,363.333,270,-280,0,stay,stay,0,2
1775908789408,1217,47455.299999952316,pvp,player_1,player_2,0,0,358.667,270,-280,0,stay,stay,0,2
1775908789408,1218,47471.89999997616,pvp,player_1,player_2,0,0,354,270,-280,0,stay,stay,0,2
1775908789408,1219,47488.39999997616,pvp,player_1,player_2,0,0,349.333,270,-280,0,stay,stay,0,2
1775908789408,1220,47505.39999997616,pvp,player_1,player_2,0,0,344.667,270,-280,0,stay,stay,0,2
1775908789408,1221,47521.89999997616,pvp,player_1,player_2,0,0,340,270,-280,0,stay,stay,0,2
1775908789408,1222,47538.39999997616,pvp,player_1,player_2,0,0,335.333,270,-280,0,stay,stay,0,2
1775908789408,1223,47555.10000002384,pvp,player_1,player_2,0,0,330.667,270,-280,0,stay,stay,0,2
1775908789408,1224,47572.10000002384,pvp,player_1,player_2,0,0,326,270,-280,0,stay,stay,0,2
1775908789408,1225,47588.39999997616,pvp,player_1,player_2,0,0,321.333,270,-280,0,down,stay,0,2
1775908789408,1226,47605.199999928474,pvp,player_1,player_2,0,0,316.667,270,-280,0,down,stay,0,2
1775908789408,1227,47621.89999997616,pvp,player_1,player_2,0,0,312,270,-280,0,down,stay,0,2
1775908789408,1228,47638.60000002384,pvp,player_1,player_2,0,0,307.333,270,-280,0,down,stay,0,2
1775908789408,1229,47655.199999928474,pvp,player_1,player_2,0,0,302.667,270,-280,0,down,stay,0,2
1775908789408,1230,47671.89999997616,pvp,player_1,player_2,0,0,298,270,-280,0,down,stay,0,2
1775908789408,1231,47688.5,pvp,player_1,player_2,0,0,293.333,270,-280,0,down,stay,0,2
1775908789408,1232,47705.199999928474,pvp,player_1,player_2,0,0,288.667,270,-280,0,down,stay,0,2
1775908789408,1233,47722,pvp,player_1,player_2,0,0,284,270,-280,0,down,stay,0,2
1775908789408,1234,47738.699999928474,pvp,player_1,player_2,0.028,0,279.333,270,-280,0,down,stay,0,2
1775908789408,1235,47755.39999997616,pvp,player_1,player_2,0.311,0,274.667,270,-280,0,down,stay,0,2
1775908789408,1236,47772,pvp,player_1,player_2,0.85,0,270,270,-280,0,down,stay,0,2
1775908789408,1237,47788.699999928474,pvp,player_1,player_2,1.644,0,265.333,270,-280,0,down,stay,0,2
1775908789408,1238,47805.39999997616,pvp,player_1,player_2,2.694,0,260.667,270,-280,0,down,stay,0,2
1775908789408,1239,47822.10000002384,pvp,player_1,player_2,4,0,256,270,-280,0,down,stay,0,2
1775908789408,1240,47838.699999928474,pvp,player_1,player_2,5.561,0,251.333,270,-280,0,down,stay,0,2
1775908789408,1241,47855.10000002384,pvp,player_1,player_2,7.378,0,246.667,270,-280,0,down,stay,0,2
1775908789408,1242,47871.89999997616,pvp,player_1,player_2,9.45,0,242,270,-280,0,down,stay,0,2
1775908789408,1243,47888.89999997616,pvp,player_1,player_2,11.778,0,237.333,270,-280,0,down,stay,0,2
1775908789408,1244,47905.5,pvp,player_1,player_2,14.361,0,232.667,270,-280,0,down,stay,0,2
1775908789408,1245,47921.89999997616,pvp,player_1,player_2,17.2,0,228,270,-280,0,down,stay,0,2
1775908789408,1246,47939,pvp,player_1,player_2,20.294,0,223.333,270,-280,0,down,stay,0,2
1775908789408,1247,47955.39999997616,pvp,player_1,player_2,23.644,0,218.667,270,-280,0,down,stay,0,2
1775908789408,1248,47971.89999997616,pvp,player_1,player_2,27.25,0,214,270,-280,0,down,stay,0,2
1775908789408,1249,47988.699999928474,pvp,player_1,player_2,31.111,0,209.333,270,-280,0,down,stay,0,2
1775908789408,1250,48005.199999928474,pvp,player_1,player_2,35.228,0,204.667,270,-280,0,down,stay,0,2
1775908789408,1251,48022.10000002384,pvp,player_1,player_2,39.6,0,200,270,-280,0,down,stay,0,2
1775908789408,1252,48038.60000002384,pvp,player_1,player_2,44.228,0,195.333,270,-280,0,down,stay,0,2
1775908789408,1253,48055.39999997616,pvp,player_1,player_2,49.111,0,190.667,270,-280,0,down,stay,0,2
1775908789408,1254,48072.10000002384,pvp,player_1,player_2,54.25,0,186,270,-280,0,down,stay,0,2
1775908789408,1255,48088.799999952316,pvp,player_1,player_2,59.644,0,181.333,270,-280,0,down,stay,0,2
1775908789408,1256,48105.39999997616,pvp,player_1,player_2,65.294,0,176.667,270,-280,0,down,stay,0,2
1775908789408,1257,48122,pvp,player_1,player_2,71.2,0,172,270,-280,0,down,stay,0,2
1775908789408,1258,48138.799999952316,pvp,player_1,player_2,77.361,0,167.333,270,-280,0,down,stay,0,2
1775908789408,1259,48155.299999952316,pvp,player_1,player_2,83.778,0,162.667,270,-280,0,down,stay,0,2
1775908789408,1260,48172.199999928474,pvp,player_1,player_2,90.45,0,158,270,-280,0,down,stay,0,2
1775908789408,1261,48188.60000002384,pvp,player_1,player_2,97.378,0,153.333,270,-280,0,down,stay,0,2
1775908789408,1262,48205.39999997616,pvp,player_1,player_2,104.561,0,148.667,270,-280,0,down,stay,0,2
1775908789408,1263,48222,pvp,player_1,player_2,111.55,0,144,270,-280,0,stay,stay,0,2
1775908789408,1264,48238.699999928474,pvp,player_1,player_2,118.344,0,139.333,270,-280,0,stay,stay,0,2
1775908789408,1265,48255.5,pvp,player_1,player_2,124.944,0,134.667,270,-280,0,stay,stay,0,2
1775908789408,1266,48272.10000002384,pvp,player_1,player_2,131.35,0,130,270,-280,0,stay,stay,0,2
1775908789408,1267,48288.799999952316,pvp,player_1,player_2,137.561,0,125.333,270,-280,0,stay,stay,0,2
1775908789408,1268,48305.299999952316,pvp,player_1,player_2,143.578,0,120.667,270,-280,0,stay,stay,0,2
1775908789408,1269,48322,pvp,player_1,player_2,149.4,0,116,270,-280,0,stay,stay,0,2
1775908789408,1270,48338.799999952316,pvp,player_1,player_2,155.028,0,111.333,270,-280,0,stay,stay,0,2
1775908789408,1271,48355.5,pvp,player_1,player_2,160.461,0,106.667,270,-280,0,stay,stay,0,2
1775908789408,1272,48371.89999997616,pvp,player_1,player_2,165.7,0,102,270,-280,0,stay,stay,0,2
1775908789408,1273,48388.699999928474,pvp,player_1,player_2,170.744,0,97.333,270,-280,0,stay,stay,0,2
1775908789408,1274,48405.5,pvp,player_1,player_2,175.594,0,92.667,270,-280,0,stay,stay,0,2
1775908789408,1275,48421.799999952316,pvp,player_1,player_2,180.25,0,88,270,-280,0,stay,stay,0,2
1775908789408,1276,48438.699999928474,pvp,player_1,player_2,184.711,0,83.333,270,-280,0,stay,stay,0,2
1775908789408,1277,48455.5,pvp,player_1,player_2,188.978,0,78.667,270,-280,0,stay,stay,0,2
1775908789408,1278,48472.199999928474,pvp,player_1,player_2,193.05,0,74,270,-280,0,stay,stay,0,2
1775908789408,1279,48488.799999952316,pvp,player_1,player_2,196.928,0,69.333,270,-280,0,stay,stay,0,2
1775908789408,1280,48505.5,pvp,player_1,player_2,200.611,0,64.667,270,-280,0,stay,stay,0,2
1775908789408,1281,48522,pvp,player_1,player_2,204.1,0,60,270,-280,0,stay,stay,0,2
1775908789408,1282,48538.39999997616,pvp,player_1,player_2,207.394,0,55.333,270,-280,0,stay,stay,0,2
1775908789408,1283,48555.5,pvp,player_1,player_2,210.494,0,50.667,270,-280,0,stay,stay,0,2
1775908789408,1284,48572,pvp,player_1,player_2,213.4,0,48,270,293.824,60.558,stay,stay,0,2
1775908789408,1285,48588.699999928474,pvp,player_1,player_2,216.111,0,52.897,271.009,293.824,60.558,stay,stay,0,2
1775908789408,1286,48605.199999928474,pvp,player_1,player_2,219.078,0,57.794,272.019,293.824,60.558,down,stay,0,2
1775908789408,1287,48622,pvp,player_1,player_2,222.3,0,62.691,273.028,293.824,60.558,down,stay,0,2
1775908789408,1288,48638.60000002384,pvp,player_1,player_2,225.778,0,67.588,274.037,293.824,60.558,down,stay,0,2
1775908789408,1289,48655.299999952316,pvp,player_1,player_2,229.511,0,72.485,275.047,293.824,60.558,down,stay,0,2
1775908789408,1290,48672,pvp,player_1,player_2,233.5,0,77.382,276.056,293.824,60.558,down,stay,0,2
1775908789408,1291,48688.5,pvp,player_1,player_2,237.744,0,82.279,277.065,293.824,60.558,down,stay,0,2
1775908789408,1292,48705.299999952316,pvp,player_1,player_2,242.244,0,87.177,278.074,293.824,60.558,down,stay,0,2
1775908789408,1293,48722,pvp,player_1,player_2,247,0,92.074,279.084,293.824,60.558,down,stay,0,2
1775908789408,1294,48738.39999997616,pvp,player_1,player_2,252.011,0,96.971,280.093,293.824,60.558,down,stay,0,2
1775908789408,1295,48755.199999928474,pvp,player_1,player_2,257.278,0,101.868,281.102,293.824,60.558,down,stay,0,2
1775908789408,1296,48771.799999952316,pvp,player_1,player_2,262.8,0,106.765,282.112,293.824,60.558,down,stay,0,2
1775908789408,1297,48788.699999928474,pvp,player_1,player_2,268.578,0,111.662,283.121,293.824,60.558,down,stay,0,2
1775908789408,1298,48805.39999997616,pvp,player_1,player_2,274.611,0,116.559,284.13,293.824,60.558,down,stay,0,2
1775908789408,1299,48822.10000002384,pvp,player_1,player_2,280.9,0,121.456,285.14,293.824,60.558,down,stay,0,2
1775908789408,1300,48838.60000002384,pvp,player_1,player_2,287.444,0,126.353,286.149,293.824,60.558,down,stay,0,2
1775908789408,1301,48855.39999997616,pvp,player_1,player_2,294.244,0,131.25,287.158,293.824,60.558,down,stay,0,2
1775908789408,1302,48872.10000002384,pvp,player_1,player_2,301.3,0,136.147,288.168,293.824,60.558,down,stay,0,2
1775908789408,1303,48888.699999928474,pvp,player_1,player_2,308.611,0,141.044,289.177,293.824,60.558,down,stay,0,2
1775908789408,1304,48905.299999952316,pvp,player_1,player_2,316.178,0,145.941,290.186,293.824,60.558,down,stay,0,2
1775908789408,1305,48921.89999997616,pvp,player_1,player_2,323.844,0,150.838,291.195,293.824,60.558,down,stay,0,2
1775908789408,1306,48938.799999952316,pvp,player_1,player_2,331.511,0,155.736,292.205,293.824,60.558,down,stay,0,2
1775908789408,1307,48955.299999952316,pvp,player_1,player_2,339.178,0,160.633,293.214,293.824,60.558,down,stay,0,2
1775908789408,1308,48972.10000002384,pvp,player_1,player_2,346.844,0,165.53,294.223,293.824,60.558,down,stay,0,2
1775908789408,1309,48988.799999952316,pvp,player_1,player_2,354.511,0,170.427,295.233,293.824,60.558,down,stay,0,2
1775908789408,1310,49005.199999928474,pvp,player_1,player_2,362.178,0,175.324,296.242,293.824,60.558,down,stay,0,2
1775908789408,1311,49021.89999997616,pvp,player_1,player_2,369.65,0,180.221,297.251,293.824,60.558,stay,stay,0,2
1775908789408,1312,49038.5,pvp,player_1,player_2,376.928,0,185.118,298.261,293.824,60.558,stay,stay,0,2
1775908789408,1313,49055,pvp,player_1,player_2,384.011,0,190.015,299.27,293.824,60.558,stay,stay,0,2
1775908789408,1314,49071.89999997616,pvp,player_1,player_2,390.9,0,194.912,300.279,293.824,60.558,stay,stay,0,2
1775908789408,1315,49088.39999997616,pvp,player_1,player_2,397.594,0,199.809,301.289,293.824,60.558,stay,stay,0,2
1775908789408,1316,49105.39999997616,pvp,player_1,player_2,404.094,0,204.706,302.298,293.824,60.558,stay,stay,0,2
1775908789408,1317,49122.10000002384,pvp,player_1,player_2,410.4,0,209.603,303.307,293.824,60.558,stay,stay,0,2
1775908789408,1318,49138.799999952316,pvp,player_1,player_2,416.511,0,214.5,304.316,293.824,60.558,stay,stay,0,2
1775908789408,1319,49155.199999928474,pvp,player_1,player_2,422.428,0,219.397,305.326,293.824,60.558,stay,stay,0,2
1775908789408,1320,49172.10000002384,pvp,player_1,player_2,428.15,0,224.295,306.335,293.824,60.558,stay,stay,0,2
1775908789408,1321,49188.60000002384,pvp,player_1,player_2,433.678,0,229.192,307.344,293.824,60.558,stay,stay,0,2
1775908789408,1322,49205.60000002384,pvp,player_1,player_2,439.011,0,234.089,308.354,293.824,60.558,stay,stay,0,2
1775908789408,1323,49222.299999952316,pvp,player_1,player_2,444,0,238.986,309.363,293.824,60.558,stay,stay,0,2
1775908789408,1324,49238.60000002384,pvp,player_1,player_2,444,0,243.883,310.372,293.824,60.558,stay,stay,0,2
1775908789408,1325,49255.39999997616,pvp,player_1,player_2,444,0,248.78,311.382,293.824,60.558,stay,stay,0,2
1775908789408,1326,49272.39999997616,pvp,player_1,player_2,444,0,253.677,312.391,293.824,60.558,stay,stay,0,2
1775908789408,1327,49289,pvp,player_1,player_2,444,0,258.574,313.4,293.824,60.558,stay,stay,0,2
1775908789408,1328,49305.5,pvp,player_1,player_2,444,0,263.471,314.41,293.824,60.558,stay,stay,0,2
1775908789408,1329,49322.299999952316,pvp,player_1,player_2,444,0,268.368,315.419,293.824,60.558,stay,stay,0,2
1775908789408,1330,49339,pvp,player_1,player_2,444,0,273.265,316.428,293.824,60.558,stay,stay,0,2
1775908789408,1331,49355.5,pvp,player_1,player_2,444,0,278.162,317.437,293.824,60.558,stay,stay,0,2
1775908789408,1332,49372,pvp,player_1,player_2,444,0,283.059,318.447,293.824,60.558,stay,stay,0,2
1775908789408,1333,49388.89999997616,pvp,player_1,player_2,444,0,287.956,319.456,293.824,60.558,stay,stay,0,2
1775908789408,1334,49405.299999952316,pvp,player_1,player_2,444,0,292.854,320.465,293.824,60.558,stay,stay,0,2
1775908789408,1335,49421.799999952316,pvp,player_1,player_2,444,0,297.751,321.475,293.824,60.558,stay,stay,0,2
1775908789408,1336,49438.60000002384,pvp,player_1,player_2,444,0.256,302.648,322.484,293.824,60.558,stay,down,0,2
1775908789408,1337,49455.699999928474,pvp,player_1,player_2,444,0.767,307.545,323.493,293.824,60.558,stay,down,0,2
1775908789408,1338,49472.10000002384,pvp,player_1,player_2,444,1.533,312.442,324.503,293.824,60.558,stay,down,0,2
1775908789408,1339,49488.89999997616,pvp,player_1,player_2,444,2.556,317.339,325.512,293.824,60.558,stay,down,0,2
1775908789408,1340,49505.699999928474,pvp,player_1,player_2,444,3.833,322.236,326.521,293.824,60.558,stay,down,0,2
1775908789408,1341,49522.39999997616,pvp,player_1,player_2,444,5.367,327.133,327.531,293.824,60.558,stay,down,0,2
1775908789408,1342,49539,pvp,player_1,player_2,444,7.156,332.03,328.54,293.824,60.558,stay,down,0,2
1775908789408,1343,49555.39999997616,pvp,player_1,player_2,444,9.2,336.927,329.549,293.824,60.558,stay,down,0,2
1775908789408,1344,49572.199999928474,pvp,player_1,player_2,444,11.5,341.824,330.558,293.824,60.558,stay,down,0,2
1775908789408,1345,49588.89999997616,pvp,player_1,player_2,444,14.056,346.721,331.568,293.824,60.558,stay,down,0,2
1775908789408,1346,49605.60000002384,pvp,player_1,player_2,444,16.867,351.618,332.577,293.824,60.558,stay,down,0,2
1775908789408,1347,49622.299999952316,pvp,player_1,player_2,444,19.933,356.515,333.586,293.824,60.558,stay,down,0,2
1775908789408,1348,49639,pvp,player_1,player_2,444,23.256,361.413,334.596,293.824,60.558,stay,down,0,2
1775908789408,1349,49655.60000002384,pvp,player_1,player_2,444,26.833,366.31,335.605,293.824,60.558,stay,down,0,2
1775908789408,1350,49672.199999928474,pvp,player_1,player_2,444,30.667,371.207,336.614,293.824,60.558,stay,down,0,2
1775908789408,1351,49688.699999928474,pvp,player_1,player_2,444,34.756,376.104,337.624,293.824,60.558,stay,down,0,2
1775908789408,1352,49705.199999928474,pvp,player_1,player_2,444,39.1,381.001,338.633,293.824,60.558,stay,down,0,2
1775908789408,1353,49721.89999997616,pvp,player_1,player_2,444,43.7,385.898,339.642,293.824,60.558,stay,down,0,2
1775908789408,1354,49738.5,pvp,player_1,player_2,444,48.556,390.795,340.652,293.824,60.558,stay,down,0,2
1775908789408,1355,49755.5,pvp,player_1,player_2,444,53.667,395.692,341.661,293.824,60.558,stay,down,0,2
1775908789408,1356,49772.10000002384,pvp,player_1,player_2,444,59.033,400.589,342.67,293.824,60.558,stay,down,0,2
1775908789408,1357,49789,pvp,player_1,player_2,444,64.656,405.486,343.679,293.824,60.558,stay,down,0,2
1775908789408,1358,49805.5,pvp,player_1,player_2,444,70.533,410.383,344.689,293.824,60.558,stay,down,0,2
1775908789408,1359,49822.199999928474,pvp,player_1,player_2,444,76.667,415.28,345.698,293.824,60.558,stay,down,0,2
1775908789408,1360,49838.89999997616,pvp,player_1,player_2,444,83.056,420.177,346.707,293.824,60.558,stay,down,0,2
1775908789408,1361,49855.60000002384,pvp,player_1,player_2,444,89.7,425.074,347.717,293.824,60.558,stay,down,0,2
1775908789408,1362,49872.299999952316,pvp,player_1,player_2,444,96.6,429.971,348.726,293.824,60.558,stay,down,0,2
1775908789408,1363,49888.699999928474,pvp,player_1,player_2,444,103.756,434.869,349.735,293.824,60.558,stay,down,0,2
1775908789408,1364,49905.60000002384,pvp,player_1,player_2,444,111.167,439.766,350.745,293.824,60.558,stay,down,0,2
1775908789408,1365,49922.199999928474,pvp,player_1,player_2,444,118.833,444.663,351.754,293.824,60.558,stay,down,0,2
1775908789408,1366,49939,pvp,player_1,player_2,444,126.5,449.56,352.763,293.824,60.558,stay,down,0,2
1775908789408,1367,49955.60000002384,pvp,player_1,player_2,444,134.167,454.457,353.773,293.824,60.558,stay,down,0,2
1775908789408,1368,49972.199999928474,pvp,player_1,player_2,444,141.833,459.354,354.782,293.824,60.558,stay,down,0,2
1775908789408,1369,49989,pvp,player_1,player_2,444,149.5,464.251,355.791,293.824,60.558,stay,down,0,2
1775908789408,1370,50005.199999928474,pvp,player_1,player_2,444,157.167,469.148,356.8,293.824,60.558,stay,down,0,2
1775908789408,1371,50022.299999952316,pvp,player_1,player_2,444,164.833,474.045,357.81,293.824,60.558,stay,down,0,2
1775908789408,1372,50038.89999997616,pvp,player_1,player_2,444,172.5,478.942,358.819,293.824,60.558,stay,down,0,2
1775908789408,1373,50055.60000002384,pvp,player_1,player_2,444,180.167,483.839,359.828,293.824,60.558,stay,down,0,2
1775908789408,1374,50072.199999928474,pvp,player_1,player_2,444,187.833,488.736,360.838,293.824,60.558,stay,down,0,2
1775908789408,1375,50088.60000002384,pvp,player_1,player_2,444,195.306,493.633,361.847,293.824,60.558,stay,stay,0,2
1775908789408,1376,50105.60000002384,pvp,player_1,player_2,444,202.583,498.53,362.856,293.824,60.558,stay,stay,0,2
1775908789408,1377,50122,pvp,player_1,player_2,444,209.667,503.428,363.866,293.824,60.558,stay,stay,0,2
1775908789408,1378,50138.799999952316,pvp,player_1,player_2,444,216.556,508.325,364.875,293.824,60.558,stay,stay,0,2
1775908789408,1379,50155.5,pvp,player_1,player_2,444,223.25,513.222,365.884,293.824,60.558,stay,stay,0,2
1775908789408,1380,50172.199999928474,pvp,player_1,player_2,444,229.75,518.119,366.894,293.824,60.558,stay,stay,0,2
1775908789408,1381,50188.799999952316,pvp,player_1,player_2,444,236.056,523.016,367.903,293.824,60.558,stay,stay,0,2
1775908789408,1382,50205.699999928474,pvp,player_1,player_2,444,242.167,527.913,368.912,293.824,60.558,stay,stay,0,2
1775908789408,1383,50221.89999997616,pvp,player_1,player_2,444,248.083,532.81,369.921,293.824,60.558,stay,stay,0,2
1775908789408,1384,50238.699999928474,pvp,player_1,player_2,444,253.806,537.707,370.931,293.824,60.558,stay,stay,0,2
1775908789408,1385,50255.39999997616,pvp,player_1,player_2,444,259.167,542.604,371.94,293.824,60.558,stay,up,0,2
1775908789408,1386,50272.10000002384,pvp,player_1,player_2,444,264.167,547.501,372.949,293.824,60.558,stay,up,0,2
1775908789408,1387,50288.699999928474,pvp,player_1,player_2,444,268.806,552.398,373.959,293.824,60.558,stay,up,0,2
1775908789408,1388,50305.5,pvp,player_1,player_2,444,273.083,557.295,374.968,293.824,60.558,stay,up,0,2
1775908789408,1389,50322.199999928474,pvp,player_1,player_2,444,277,562.192,375.977,293.824,60.558,stay,up,0,2
1775908789408,1390,50339,pvp,player_1,player_2,444,280.556,567.089,376.987,293.824,60.558,stay,up,0,2
1775908789408,1391,50355.299999952316,pvp,player_1,player_2,444,283.75,571.987,377.996,293.824,60.558,stay,up,0,2
1775908789408,1392,50372.10000002384,pvp,player_1,player_2,444,286.583,576.884,379.005,293.824,60.558,stay,up,0,2
1775908789408,1393,50388.89999997616,pvp,player_1,player_2,444,289.056,581.781,380.014,293.824,60.558,stay,up,0,2
1775908789408,1394,50405.39999997616,pvp,player_1,player_2,444,291.167,586.678,381.024,293.824,60.558,stay,up,0,2
1775908789408,1395,50422,pvp,player_1,player_2,444,292.917,591.575,382.033,293.824,60.558,stay,up,0,2
1775908789408,1396,50438.799999952316,pvp,player_1,player_2,444,294.306,596.472,383.042,293.824,60.558,stay,up,0,2
1775908789408,1397,50455.5,pvp,player_1,player_2,444,295.333,601.369,384.052,293.824,60.558,stay,up,0,2
1775908789408,1398,50472.199999928474,pvp,player_1,player_2,444,296,606.266,385.061,293.824,60.558,stay,up,0,2
1775908789408,1399,50489,pvp,player_1,player_2,444,296.306,611.163,386.07,293.824,60.558,stay,up,0,2
1775908789408,1400,50505.699999928474,pvp,player_1,player_2,444,296.25,616.06,387.08,293.824,60.558,stay,up,0,2
1775908789408,1401,50522.10000002384,pvp,player_1,player_2,444,295.939,620.957,388.089,293.824,60.558,stay,up,0,2
1775908789408,1402,50538.60000002384,pvp,player_1,player_2,444,295.372,625.854,389.098,293.824,60.558,stay,up,0,2
1775908789408,1403,50555.39999997616,pvp,player_1,player_2,444,294.55,630.751,390.108,293.824,60.558,stay,up,0,2
1775908789408,1404,50572.199999928474,pvp,player_1,player_2,444,293.472,635.648,391.117,293.824,60.558,stay,up,0,2
1775908789408,1405,50589.10000002384,pvp,player_1,player_2,444,292.139,640.546,392.126,293.824,60.558,stay,up,0,2
1775908789408,1406,50605.799999952316,pvp,player_1,player_2,444,290.55,645.443,393.135,293.824,60.558,stay,up,0,2
1775908789408,1407,50622.10000002384,pvp,player_1,player_2,444,288.706,650.34,394.145,293.824,60.558,stay,up,0,2
1775908789408,1408,50638.799999952316,pvp,player_1,player_2,444,286.606,655.237,395.154,293.824,60.558,stay,up,0,2
1775908789408,1409,50655.5,pvp,player_1,player_2,444,284.25,660.134,396.163,293.824,60.558,stay,up,0,2
1775908789408,1410,50672,pvp,player_1,player_2,444,281.639,665.031,397.173,293.824,60.558,stay,up,0,2
1775908789408,1411,50688.60000002384,pvp,player_1,player_2,444,279.222,669.928,398.182,293.824,60.558,stay,stay,0,2
1775908789408,1412,50705.5,pvp,player_1,player_2,444,277,674.825,399.191,293.824,60.558,stay,stay,0,2
1775908789408,1413,50722.199999928474,pvp,player_1,player_2,444,274.972,679.722,400.201,293.824,60.558,stay,stay,0,2
1775908789408,1414,50738.799999952316,pvp,player_1,player_2,444,273.139,684.619,401.21,293.824,60.558,stay,stay,0,2
1775908789408,1415,50755.699999928474,pvp,player_1,player_2,444,271.5,689.516,402.219,293.824,60.558,stay,stay,0,2
1775908789408,1416,50771.89999997616,pvp,player_1,player_2,444,270.056,694.413,403.229,293.824,60.558,stay,stay,0,2
1775908789408,1417,50788.5,pvp,player_1,player_2,444,268.806,699.31,404.238,293.824,60.558,stay,stay,0,2
1775908789408,1418,50805.5,pvp,player_1,player_2,444,267.917,704.207,405.247,293.824,60.558,stay,down,0,2
1775908789408,1419,50822.10000002384,pvp,player_1,player_2,444,267.389,709.105,406.256,293.824,60.558,stay,down,0,2
1775908789408,1420,50838.89999997616,pvp,player_1,player_2,444,267.222,714.002,407.266,293.824,60.558,stay,down,0,2
1775908789408,1421,50855.60000002384,pvp,player_1,player_2,444,267.417,718.899,408.275,293.824,60.558,stay,down,0,2
1775908789408,1422,50872.199999928474,pvp,player_1,player_2,444,267.867,723.796,409.284,293.824,60.558,stay,down,0,2
1775908789408,1423,50888.799999952316,pvp,player_1,player_2,444,268.572,728.693,410.294,293.824,60.558,stay,down,0,2
1775908789408,1424,50905.799999952316,pvp,player_1,player_2,444,269.533,733.59,411.303,293.824,60.558,stay,down,0,2
1775908789408,1425,50922.299999952316,pvp,player_1,player_2,444,270.75,738.487,412.312,293.824,60.558,stay,down,0,2
1775908789408,1426,50938.60000002384,pvp,player_1,player_2,444,272.222,743.384,413.322,293.824,60.558,stay,down,0,2
1775908789408,1427,50955.60000002384,pvp,player_1,player_2,444,273.95,748.281,414.331,293.824,60.558,stay,down,0,2
1775908789408,1428,50972.299999952316,pvp,player_1,player_2,444,275.933,753.178,415.34,293.824,60.558,stay,down,0,2
1775908789408,1429,50989.10000002384,pvp,player_1,player_2,444,278.172,758.075,416.35,293.824,60.558,stay,down,0,2
1775908789408,1430,51005.699999928474,pvp,player_1,player_2,444,280.667,762.972,417.359,293.824,60.558,stay,down,0,2
1775908789408,1431,51022.39999997616,pvp,player_1,player_2,444,283.417,767.869,418.368,293.824,60.558,stay,down,0,2
1775908789408,1432,51038.89999997616,pvp,player_1,player_2,444,286.422,772.766,419.377,293.824,60.558,stay,down,0,2
1775908789408,1433,51055.299999952316,pvp,player_1,player_2,444,289.683,777.663,420.387,293.824,60.558,stay,down,0,2
1775908789408,1434,51072,pvp,player_1,player_2,444,293.2,782.561,421.396,293.824,60.558,stay,down,0,2
1775908789408,1435,51088.89999997616,pvp,player_1,player_2,444,296.972,787.458,422.405,293.824,60.558,stay,down,0,2
1775908789408,1436,51105.699999928474,pvp,player_1,player_2,444,301,792.355,423.415,293.824,60.558,stay,down,0,2
1775908789408,1437,51122.299999952316,pvp,player_1,player_2,444,305.283,797.252,424.424,293.824,60.558,stay,down,0,2
1775908789408,1438,51138.799999952316,pvp,player_1,player_2,444,309.822,802.149,425.433,293.824,60.558,stay,down,0,2
1775908789408,1439,51155.699999928474,pvp,player_1,player_2,444,314.617,807.046,426.443,293.824,60.558,stay,down,0,2
1775908789408,1440,51172.10000002384,pvp,player_1,player_2,444,319.667,811.943,427.452,293.824,60.558,stay,down,0,2
1775908789408,1441,51189,pvp,player_1,player_2,444,324.972,816.84,428.461,293.824,60.558,stay,down,0,2
1775908789408,1442,51205.60000002384,pvp,player_1,player_2,444,330.533,821.737,429.471,293.824,60.558,stay,down,0,2
1775908789408,1443,51222.199999928474,pvp,player_1,player_2,444,336.35,826.634,430.48,293.824,60.558,stay,down,0,2
1775908789408,1444,51238.799999952316,pvp,player_1,player_2,444,342.422,831.531,431.489,293.824,60.558,stay,down,0,2
1775908789408,1445,51255.39999997616,pvp,player_1,player_2,444,348.75,836.428,432.498,293.824,60.558,stay,down,0,2
1775908789408,1446,51272.299999952316,pvp,player_1,player_2,444,355.333,841.325,433.508,293.824,60.558,stay,down,0,2
1775908789408,1447,51288.799999952316,pvp,player_1,player_2,444,362.172,846.222,434.517,293.824,60.558,stay,down,0,2
1775908789408,1448,51305.39999997616,pvp,player_1,player_2,444,369.267,851.12,435.526,293.824,60.558,stay,down,0,2
1775908789408,1449,51322.299999952316,pvp,player_1,player_2,444,376.617,856.017,436.536,293.824,60.558,stay,down,0,2
1775908789408,1450,51338.39999997616,pvp,player_1,player_2,444,384.222,860.914,437.545,293.824,60.558,stay,down,0,2
1775908789408,1451,51355.39999997616,pvp,player_1,player_2,444,391.889,865.811,438.554,293.824,60.558,stay,down,0,2
1775908789408,1452,51372.299999952316,pvp,player_1,player_2,444,399.556,870.708,439.564,293.824,60.558,stay,down,0,2
1775908789408,1453,51388.89999997616,pvp,player_1,player_2,444,407.222,875.605,440.573,293.824,60.558,stay,down,0,2
1775908789408,1454,51405.199999928474,pvp,player_1,player_2,444,414.889,880.502,441.582,293.824,60.558,stay,down,0,2
1775908789408,1455,51422.299999952316,pvp,player_1,player_2,444,422.556,885.399,442.592,293.824,60.558,stay,down,0,2
1775908789408,1456,51438.60000002384,pvp,player_1,player_2,444,430.222,890.296,443.601,293.824,60.558,stay,down,0,2
1775908789408,1457,51455.699999928474,pvp,player_1,player_2,444,437.889,895.193,444.61,293.824,60.558,stay,down,0,2
1775908789408,1458,51472,pvp,player_1,player_2,444,444,900.09,445.619,293.824,60.558,stay,stay,0,2
1775908789408,1459,51488.60000002384,pvp,player_1,player_2,444,444,904.987,446.629,293.824,60.558,stay,stay,0,2
1775908789408,1460,51505.60000002384,pvp,player_1,player_2,444,444,909.884,447.638,293.824,60.558,stay,stay,0,2
1775908789408,1461,51522.199999928474,pvp,player_1,player_2,444,444,912,448.647,-166.214,-273.446,stay,stay,0,2
1775908789408,1462,51538.60000002384,pvp,player_1,player_2,444,444,909.23,444.09,-166.214,-273.446,stay,stay,0,2
1775908789408,1463,51555.39999997616,pvp,player_1,player_2,444,444,906.46,439.533,-166.214,-273.446,stay,stay,0,2
1775908789408,1464,51572.10000002384,pvp,player_1,player_2,444,444,903.689,434.975,-166.214,-273.446,stay,up,0,2
1775908789408,1465,51588.89999997616,pvp,player_1,player_2,444,444,900.919,430.418,-166.214,-273.446,stay,up,0,2
1775908789408,1466,51605.60000002384,pvp,player_1,player_2,444,444,898.149,425.86,-166.214,-273.446,stay,up,0,2
1775908789408,1467,51622.10000002384,pvp,player_1,player_2,444,444,895.379,421.303,-166.214,-273.446,stay,up,0,2
1775908789408,1468,51638.89999997616,pvp,player_1,player_2,444,444,892.608,416.745,-166.214,-273.446,stay,up,0,2
1775908789408,1469,51655.699999928474,pvp,player_1,player_2,444,444,889.838,412.188,-166.214,-273.446,stay,up,0,2
1775908789408,1470,51672,pvp,player_1,player_2,444,444,887.068,407.63,-166.214,-273.446,stay,up,0,2
1775908789408,1471,51688.89999997616,pvp,player_1,player_2,444,444,884.298,403.073,-166.214,-273.446,stay,up,0,2
1775908789408,1472,51705.39999997616,pvp,player_1,player_2,444,444,881.527,398.516,-166.214,-273.446,stay,up,0,2
1775908789408,1473,51722.10000002384,pvp,player_1,player_2,444,444,878.757,393.958,-166.214,-273.446,stay,up,0,2
1775908789408,1474,51738.89999997616,pvp,player_1,player_2,444,444,875.987,389.401,-166.214,-273.446,stay,up,0,2
1775908789408,1475,51755.60000002384,pvp,player_1,player_2,444,444,873.217,384.843,-166.214,-273.446,stay,up,0,2
1775908789408,1476,51772.10000002384,pvp,player_1,player_2,444,444,870.446,380.286,-166.214,-273.446,stay,up,0,2
1775908789408,1477,51789.10000002384,pvp,player_1,player_2,444,444,867.676,375.728,-166.214,-273.446,stay,up,0,2
1775908789408,1478,51805.60000002384,pvp,player_1,player_2,444,444,864.906,371.171,-166.214,-273.446,stay,up,0,2
1775908789408,1479,51822,pvp,player_1,player_2,444,444,862.136,366.614,-166.214,-273.446,stay,up,0,2
1775908789408,1480,51839,pvp,player_1,player_2,444,444,859.365,362.056,-166.214,-273.446,stay,up,0,2
1775908789408,1481,51855.60000002384,pvp,player_1,player_2,444,444,856.595,357.499,-166.214,-273.446,stay,up,0,2
1775908789408,1482,51872.199999928474,pvp,player_1,player_2,444,443.744,853.825,352.941,-166.214,-273.446,stay,up,0,2
1775908789408,1483,51888.699999928474,pvp,player_1,player_2,444,443.233,851.055,348.384,-166.214,-273.446,stay,up,0,2
1775908789408,1484,51905.60000002384,pvp,player_1,player_2,444,442.467,848.284,343.826,-166.214,-273.446,stay,up,0,2
1775908789408,1485,51921.799999952316,pvp,player_1,player_2,444,441.444,845.514,339.269,-166.214,-273.446,stay,up,0,2
1775908789408,1486,51939.10000002384,pvp,player_1,player_2,444,440.167,842.744,334.712,-166.214,-273.446,stay,up,0,2
1775908789408,1487,51955.699999928474,pvp,player_1,player_2,444,438.633,839.974,330.154,-166.214,-273.446,stay,up,0,2
1775908789408,1488,51972.299999952316,pvp,player_1,player_2,444,437.294,837.204,325.597,-166.214,-273.446,stay,stay,0,2
1775908789408,1489,51988.89999997616,pvp,player_1,player_2,444,436.15,834.433,321.039,-166.214,-273.446,stay,stay,0,2
1775908789408,1490,52005.299999952316,pvp,player_1,player_2,444,435.2,831.663,316.482,-166.214,-273.446,stay,stay,0,2
1775908789408,1491,52022.199999928474,pvp,player_1,player_2,444,434.444,828.893,311.924,-166.214,-273.446,stay,stay,0,2
1775908789408,1492,52038.799999952316,pvp,player_1,player_2,444,433.883,826.123,307.367,-166.214,-273.446,stay,stay,0,2
1775908789408,1493,52055.5,pvp,player_1,player_2,444,433.517,823.352,302.809,-166.214,-273.446,stay,stay,0,2
1775908789408,1494,52072.10000002384,pvp,player_1,player_2,444,433.517,820.582,298.252,-166.214,-273.446,stay,stay,0,2
1775908789408,1495,52088.60000002384,pvp,player_1,player_2,444,433.517,817.812,293.695,-166.214,-273.446,stay,stay,0,2
1775908789408,1496,52105.39999997616,pvp,player_1,player_2,444,433.517,815.042,289.137,-166.214,-273.446,stay,stay,0,2
1775908789408,1497,52122.10000002384,pvp,player_1,player_2,444,433.517,812.271,284.58,-166.214,-273.446,stay,stay,0,2
1775908789408,1498,52138.39999997616,pvp,player_1,player_2,444,433.517,809.501,280.022,-166.214,-273.446,stay,stay,0,2
1775908789408,1499,52155.89999997616,pvp,player_1,player_2,444,433.517,806.731,275.465,-166.214,-273.446,stay,stay,0,2
1775908789408,1500,52172,pvp,player_1,player_2,444,433.517,803.961,270.907,-166.214,-273.446,stay,stay,0,2
1775908789408,1501,52188.799999952316,pvp,player_1,player_2,444,433.517,801.19,266.35,-166.214,-273.446,stay,stay,0,2
1775908789408,1502,52205.60000002384,pvp,player_1,player_2,444,433.517,798.42,261.793,-166.214,-273.446,stay,stay,0,2
1775908789408,1503,52222.299999952316,pvp,player_1,player_2,444,433.517,795.65,257.235,-166.214,-273.446,stay,stay,0,2
1775908789408,1504,52238.89999997616,pvp,player_1,player_2,444,433.517,792.88,252.678,-166.214,-273.446,stay,stay,0,2
1775908789408,1505,52255.60000002384,pvp,player_1,player_2,444,433.517,790.109,248.12,-166.214,-273.446,stay,stay,0,2
1775908789408,1506,52272.299999952316,pvp,player_1,player_2,444,433.517,787.339,243.563,-166.214,-273.446,stay,stay,0,2
1775908789408,1507,52288.89999997616,pvp,player_1,player_2,444,433.517,784.569,239.005,-166.214,-273.446,stay,stay,0,2
1775908789408,1508,52305.39999997616,pvp,player_1,player_2,444,433.517,781.799,234.448,-166.214,-273.446,stay,stay,0,2
1775908789408,1509,52322.199999928474,pvp,player_1,player_2,444,433.517,779.029,229.89,-166.214,-273.446,stay,stay,0,2
1775908789408,1510,52338.799999952316,pvp,player_1,player_2,444,433.517,776.258,225.333,-166.214,-273.446,stay,stay,0,2
1775908789408,1511,52355.5,pvp,player_1,player_2,444,433.517,773.488,220.776,-166.214,-273.446,stay,stay,0,2
1775908789408,1512,52372,pvp,player_1,player_2,444,433.517,770.718,216.218,-166.214,-273.446,stay,stay,0,2
1775908789408,1513,52388.699999928474,pvp,player_1,player_2,444,433.517,767.948,211.661,-166.214,-273.446,stay,stay,0,2
1775908789408,1514,52405.60000002384,pvp,player_1,player_2,444,433.517,765.177,207.103,-166.214,-273.446,stay,stay,0,2
1775908789408,1515,52422,pvp,player_1,player_2,444,433.517,762.407,202.546,-166.214,-273.446,stay,stay,0,2
1775908789408,1516,52438.60000002384,pvp,player_1,player_2,444,433.517,759.637,197.988,-166.214,-273.446,stay,stay,0,2
1775908789408,1517,52455.60000002384,pvp,player_1,player_2,444,433.517,756.867,193.431,-166.214,-273.446,stay,stay,0,2
1775908789408,1518,52472.299999952316,pvp,player_1,player_2,444,433.517,754.096,188.874,-166.214,-273.446,stay,stay,0,2
1775908789408,1519,52488.799999952316,pvp,player_1,player_2,444,433.517,751.326,184.316,-166.214,-273.446,stay,stay,0,2
1775908789408,1520,52505.39999997616,pvp,player_1,player_2,444,433.517,748.556,179.759,-166.214,-273.446,stay,stay,0,2
1775908789408,1521,52522.199999928474,pvp,player_1,player_2,444,433.517,745.786,175.201,-166.214,-273.446,stay,stay,0,2
1775908789408,1522,52538.699999928474,pvp,player_1,player_2,444,433.517,743.015,170.644,-166.214,-273.446,stay,stay,0,2
1775908789408,1523,52555.5,pvp,player_1,player_2,444,433.517,740.245,166.086,-166.214,-273.446,stay,stay,0,2
1775908789408,1524,52572.199999928474,pvp,player_1,player_2,444,433.517,737.475,161.529,-166.214,-273.446,stay,stay,0,2
1775908789408,1525,52588.89999997616,pvp,player_1,player_2,444,433.517,734.705,156.972,-166.214,-273.446,down,stay,0,2
1775908789408,1526,52605.5,pvp,player_1,player_2,444,433.517,731.934,152.414,-166.214,-273.446,down,stay,0,2
1775908789408,1527,52622,pvp,player_1,player_2,444,433.517,729.164,147.857,-166.214,-273.446,down,stay,0,2
1775908789408,1528,52638.60000002384,pvp,player_1,player_2,444,433.517,726.394,143.299,-166.214,-273.446,down,stay,0,2
1775908789408,1529,52655.60000002384,pvp,player_1,player_2,444,433.517,723.624,138.742,-166.214,-273.446,down,stay,0,2
1775908789408,1530,52672.299999952316,pvp,player_1,player_2,444,433.517,720.853,134.184,-166.214,-273.446,down,stay,0,2
1775908789408,1531,52688.699999928474,pvp,player_1,player_2,444,433.517,718.083,129.627,-166.214,-273.446,down,stay,0,2
1775908789408,1532,52705.60000002384,pvp,player_1,player_2,444,433.517,715.313,125.069,-166.214,-273.446,down,stay,0,2
1775908789408,1533,52721.89999997616,pvp,player_1,player_2,444,433.517,712.543,120.512,-166.214,-273.446,down,stay,0,2
1775908789408,1534,52739,pvp,player_1,player_2,444,433.517,709.773,115.955,-166.214,-273.446,down,stay,0,2
1775908789408,1535,52755.5,pvp,player_1,player_2,444,433.517,707.002,111.397,-166.214,-273.446,down,stay,0,2
1775908789408,1536,52772.199999928474,pvp,player_1,player_2,444,433.517,704.232,106.84,-166.214,-273.446,down,stay,0,2
1775908789408,1537,52788.799999952316,pvp,player_1,player_2,444,433.517,701.462,102.282,-166.214,-273.446,down,stay,0,2
1775908789408,1538,52805.60000002384,pvp,player_1,player_2,444,433.517,698.692,97.725,-166.214,-273.446,down,stay,0,2
1775908789408,1539,52822.199999928474,pvp,player_1,player_2,444,433.517,695.921,93.167,-166.214,-273.446,down,stay,0,2
1775908789408,1540,52838.799999952316,pvp,player_1,player_2,444,433.517,693.151,88.61,-166.214,-273.446,down,stay,0,2
1775908789408,1541,52855.39999997616,pvp,player_1,player_2,444,433.517,690.381,84.053,-166.214,-273.446,down,stay,0,2
1775908789408,1542,52872.299999952316,pvp,player_1,player_2,444,433.517,687.611,79.495,-166.214,-273.446,down,stay,0,2
1775908789408,1543,52888.799999952316,pvp,player_1,player_2,444,433.517,684.84,74.938,-166.214,-273.446,down,stay,0,2
1775908789408,1544,52905.699999928474,pvp,player_1,player_2,444,433.517,682.07,70.38,-166.214,-273.446,down,stay,0,2
1775908789408,1545,52922.299999952316,pvp,player_1,player_2,444,433.517,679.3,65.823,-166.214,-273.446,down,stay,0,2
1775908789408,1546,52938.60000002384,pvp,player_1,player_2,444,433.517,676.53,61.265,-166.214,-273.446,down,stay,0,2
1775908789408,1547,52955.5,pvp,player_1,player_2,444,433.517,673.759,56.708,-166.214,-273.446,stay,stay,0,2
1775908789408,1548,52972.299999952316,pvp,player_1,player_2,444,433.517,670.989,52.15,-166.214,-273.446,stay,stay,0,2
1775908789408,1549,52988.799999952316,pvp,player_1,player_2,444,433.517,668.219,47.593,-166.214,-273.446,stay,stay,0,2
1775908789408,1550,53005.699999928474,pvp,player_1,player_2,444,433.517,665.449,43.036,-166.214,-273.446,stay,stay,0,2
1775908789408,1551,53022.199999928474,pvp,player_1,player_2,444,433.517,662.678,38.478,-166.214,-273.446,stay,stay,0,2
1775908789408,1552,53039,pvp,player_1,player_2,444,433.517,659.908,33.921,-166.214,-273.446,stay,stay,0,2
1775908789408,1553,53055.299999952316,pvp,player_1,player_2,444,433.517,657.138,29.363,-166.214,-273.446,stay,stay,0,2
1775908789408,1554,53072.299999952316,pvp,player_1,player_2,444,433.517,654.368,24.806,-166.214,-273.446,stay,stay,0,2
1775908789408,1555,53088.799999952316,pvp,player_1,player_2,444,433.517,651.598,20.248,-166.214,-273.446,stay,stay,0,2
1775908789408,1556,53105.39999997616,pvp,player_1,player_2,444,433.517,648.827,15.691,-166.214,-273.446,up,stay,0,2
1775908789408,1557,53122.299999952316,pvp,player_1,player_2,444,433.517,646.057,11.134,-166.214,-273.446,up,stay,0,2
1775908789408,1558,53138.799999952316,pvp,player_1,player_2,444,433.517,643.287,10,-166.214,273.446,up,stay,0,2
1775908789408,1559,53155.60000002384,pvp,player_1,player_2,444,433.517,640.517,14.557,-166.214,273.446,up,stay,0,2
1775908789408,1560,53172.199999928474,pvp,player_1,player_2,444,433.517,637.746,19.115,-166.214,273.446,up,stay,0,2
1775908789408,1561,53188.799999952316,pvp,player_1,player_2,444,433.517,634.976,23.672,-166.214,273.446,up,stay,0,2
1775908789408,1562,53205.5,pvp,player_1,player_2,444,433.517,632.206,28.23,-166.214,273.446,up,stay,0,2
1775908789408,1563,53222.10000002384,pvp,player_1,player_2,444,433.517,629.436,32.787,-166.214,273.446,up,stay,0,2
1775908789408,1564,53238.89999997616,pvp,player_1,player_2,444,433.517,626.665,37.345,-166.214,273.446,up,stay,0,2
1775908789408,1565,53255.5,pvp,player_1,player_2,444,433.517,623.895,41.902,-166.214,273.446,up,stay,0,2
1775908789408,1566,53272.10000002384,pvp,player_1,player_2,443.9,433.517,621.125,46.459,-166.214,273.446,up,stay,0,2
1775908789408,1567,53288.60000002384,pvp,player_1,player_2,443.544,433.517,618.355,51.017,-166.214,273.446,up,stay,0,2
1775908789408,1568,53305.299999952316,pvp,player_1,player_2,442.933,433.517,615.584,55.574,-166.214,273.446,up,stay,0,2
1775908789408,1569,53322.10000002384,pvp,player_1,player_2,442.067,433.517,612.814,60.132,-166.214,273.446,up,stay,0,2
1775908789408,1570,53339,pvp,player_1,player_2,440.944,433.517,610.044,64.689,-166.214,273.446,up,stay,0,2
1775908789408,1571,53355.60000002384,pvp,player_1,player_2,439.567,433.517,607.274,69.247,-166.214,273.446,up,stay,0,2
1775908789408,1572,53372.299999952316,pvp,player_1,player_2,437.933,433.517,604.503,73.804,-166.214,273.446,up,stay,0,2
1775908789408,1573,53388.5,pvp,player_1,player_2,436.044,433.517,601.733,78.362,-166.214,273.446,up,stay,0,2
1775908789408,1574,53405.5,pvp,player_1,player_2,433.9,433.517,598.963,82.919,-166.214,273.446,up,stay,0,2
1775908789408,1575,53422.10000002384,pvp,player_1,player_2,431.5,433.517,596.193,87.476,-166.214,273.446,up,stay,0,2
1775908789408,1576,53438.39999997616,pvp,player_1,player_2,428.844,433.517,593.422,92.034,-166.214,273.446,up,stay,0,2
1775908789408,1577,53455.60000002384,pvp,player_1,player_2,425.933,433.517,590.652,96.591,-166.214,273.446,up,stay,0,2
1775908789408,1578,53472.199999928474,pvp,player_1,player_2,422.767,433.517,587.882,101.149,-166.214,273.446,up,stay,0,2
1775908789408,1579,53488.60000002384,pvp,player_1,player_2,419.344,433.517,585.112,105.706,-166.214,273.446,up,stay,0,2
1775908789408,1580,53505.199999928474,pvp,player_1,player_2,415.667,433.517,582.342,110.264,-166.214,273.446,up,stay,0,2
1775908789408,1581,53521.699999928474,pvp,player_1,player_2,411.733,433.517,579.571,114.821,-166.214,273.446,up,stay,0,2
1775908789408,1582,53538.89999997616,pvp,player_1,player_2,407.544,433.517,576.801,119.378,-166.214,273.446,up,stay,0,2
1775908789408,1583,53555.60000002384,pvp,player_1,player_2,403.55,433.517,574.031,123.936,-166.214,273.446,stay,stay,0,2
1775908789408,1584,53572.299999952316,pvp,player_1,player_2,399.75,433.517,571.261,128.493,-166.214,273.446,stay,stay,0,2
1775908789408,1585,53589,pvp,player_1,player_2,396.144,433.517,568.49,133.051,-166.214,273.446,stay,stay,0,2
1775908789408,1586,53605.699999928474,pvp,player_1,player_2,392.733,433.517,565.72,137.608,-166.214,273.446,stay,stay,0,2
1775908789408,1587,53622.199999928474,pvp,player_1,player_2,389.517,433.517,562.95,142.166,-166.214,273.446,stay,stay,0,2
1775908789408,1588,53638.60000002384,pvp,player_1,player_2,386.494,433.517,560.18,146.723,-166.214,273.446,stay,stay,0,2
1775908789408,1589,53655.199999928474,pvp,player_1,player_2,383.667,433.517,557.409,151.281,-166.214,273.446,stay,stay,0,2
1775908789408,1590,53672.10000002384,pvp,player_1,player_2,381.033,433.517,554.639,155.838,-166.214,273.446,stay,stay,0,2
1775908789408,1591,53688.799999952316,pvp,player_1,player_2,378.594,433.517,551.869,160.395,-166.214,273.446,stay,stay,0,2
1775908789408,1592,53705.60000002384,pvp,player_1,player_2,376.35,433.517,549.099,164.953,-166.214,273.446,stay,stay,0,2
1775908789408,1593,53722,pvp,player_1,player_2,373.85,433.517,546.328,169.51,-166.214,273.446,up,stay,0,2
1775908789408,1594,53738.699999928474,pvp,player_1,player_2,371.094,433.517,543.558,174.068,-166.214,273.446,up,stay,0,2
1775908789408,1595,53755.5,pvp,player_1,player_2,368.083,433.517,540.788,178.625,-166.214,273.446,up,stay,0,2
1775908789408,1596,53771.89999997616,pvp,player_1,player_2,364.817,433.517,538.018,183.183,-166.214,273.446,up,stay,0,2
1775908789408,1597,53788.799999952316,pvp,player_1,player_2,361.294,433.517,535.247,187.74,-166.214,273.446,up,stay,0,2
1775908789408,1598,53805.60000002384,pvp,player_1,player_2,357.517,433.517,532.477,192.297,-166.214,273.446,up,stay,0,2
1775908789408,1599,53821.89999997616,pvp,player_1,player_2,353.483,433.517,529.707,196.855,-166.214,273.446,up,stay,0,2
1775908789408,1600,53838.799999952316,pvp,player_1,player_2,349.194,433.517,526.937,201.412,-166.214,273.446,up,stay,0,2
1775908789408,1601,53855.60000002384,pvp,player_1,player_2,344.65,433.517,524.167,205.97,-166.214,273.446,up,stay,0,2
1775908789408,1602,53871.89999997616,pvp,player_1,player_2,339.85,433.517,521.396,210.527,-166.214,273.446,up,stay,0,2
1775908789408,1603,53888.60000002384,pvp,player_1,player_2,334.794,433.517,518.626,215.085,-166.214,273.446,up,stay,0,2
1775908789408,1604,53905.5,pvp,player_1,player_2,329.483,433.517,515.856,219.642,-166.214,273.446,up,stay,0,2
1775908789408,1605,53922,pvp,player_1,player_2,323.917,433.517,513.086,224.199,-166.214,273.446,up,stay,0,2
1775908789408,1606,53938.89999997616,pvp,player_1,player_2,318.544,433.517,510.315,228.757,-166.214,273.446,stay,stay,0,2
1775908789408,1607,53955.39999997616,pvp,player_1,player_2,313.367,433.517,507.545,233.314,-166.214,273.446,stay,stay,0,2
1775908789408,1608,53971.89999997616,pvp,player_1,player_2,308.383,433.517,504.775,237.872,-166.214,273.446,stay,stay,0,2
1775908789408,1609,53988.89999997616,pvp,player_1,player_2,303.594,433.517,502.005,242.429,-166.214,273.446,stay,stay,0,2
1775908789408,1610,54005.39999997616,pvp,player_1,player_2,299,433.517,499.234,246.987,-166.214,273.446,stay,stay,0,2
1775908789408,1611,54022.10000002384,pvp,player_1,player_2,294.6,433.517,496.464,251.544,-166.214,273.446,stay,stay,0,2
1775908789408,1612,54038.89999997616,pvp,player_1,player_2,290.394,433.517,493.694,256.102,-166.214,273.446,stay,stay,0,2
1775908789408,1613,54055.5,pvp,player_1,player_2,286.383,433.517,490.924,260.659,-166.214,273.446,stay,stay,0,2
1775908789408,1614,54072.199999928474,pvp,player_1,player_2,282.567,433.517,488.153,265.216,-166.214,273.446,stay,stay,0,2
1775908789408,1615,54088.799999952316,pvp,player_1,player_2,278.944,433.517,485.383,269.774,-166.214,273.446,stay,stay,0,2
1775908789408,1616,54105.199999928474,pvp,player_1,player_2,275.517,433.517,482.613,274.331,-166.214,273.446,stay,stay,0,2
1775908789408,1617,54122.199999928474,pvp,player_1,player_2,272.283,433.517,479.843,278.889,-166.214,273.446,stay,stay,0,2
1775908789408,1618,54138.60000002384,pvp,player_1,player_2,269.244,433.517,477.072,283.446,-166.214,273.446,stay,stay,0,2
1775908789408,1619,54155.5,pvp,player_1,player_2,266.4,433.517,474.302,288.004,-166.214,273.446,stay,stay,0,2
1775908789408,1620,54172.39999997616,pvp,player_1,player_2,263.917,433.517,471.532,292.561,-166.214,273.446,down,stay,0,2
1775908789408,1621,54188.799999952316,pvp,player_1,player_2,261.794,433.517,468.762,297.118,-166.214,273.446,down,stay,0,2
1775908789408,1622,54205.299999952316,pvp,player_1,player_2,260.033,433.517,465.991,301.676,-166.214,273.446,down,stay,0,2
1775908789408,1623,54222.299999952316,pvp,player_1,player_2,258.633,433.517,463.221,306.233,-166.214,273.446,down,stay,0,2
1775908789408,1624,54238.799999952316,pvp,player_1,player_2,257.594,433.517,460.451,310.791,-166.214,273.446,down,stay,0,2
1775908789408,1625,54255.5,pvp,player_1,player_2,256.917,433.517,457.681,315.348,-166.214,273.446,down,stay,0,2
1775908789408,1626,54272,pvp,player_1,player_2,256.6,433.517,454.911,319.906,-166.214,273.446,down,stay,0,2
1775908789408,1627,54288.699999928474,pvp,player_1,player_2,256.644,433.517,452.14,324.463,-166.214,273.446,down,stay,0,2
1775908789408,1628,54305.60000002384,pvp,player_1,player_2,256.944,433.517,449.37,329.02,-166.214,273.446,down,stay,0,2
1775908789408,1629,54322.299999952316,pvp,player_1,player_2,257.5,433.517,446.6,333.578,-166.214,273.446,down,stay,0,2
1775908789408,1630,54338.799999952316,pvp,player_1,player_2,257.861,433.517,443.83,338.135,-166.214,273.446,stay,stay,0,2
1775908789408,1631,54355.60000002384,pvp,player_1,player_2,257.861,433.517,441.059,342.693,-166.214,273.446,stay,stay,0,2
1775908789408,1632,54371.89999997616,pvp,player_1,player_2,257.861,433.517,438.289,347.25,-166.214,273.446,stay,stay,0,2
1775908789408,1633,54388.60000002384,pvp,player_1,player_2,257.861,433.517,435.519,351.808,-166.214,273.446,stay,stay,0,2
1775908789408,1634,54405.60000002384,pvp,player_1,player_2,257.861,433.517,432.749,356.365,-166.214,273.446,stay,stay,0,2
1775908789408,1635,54422.199999928474,pvp,player_1,player_2,257.861,433.517,429.978,360.923,-166.214,273.446,stay,stay,0,2
1775908789408,1636,54438.60000002384,pvp,player_1,player_2,257.861,433.517,427.208,365.48,-166.214,273.446,stay,stay,0,2
1775908789408,1637,54455.60000002384,pvp,player_1,player_2,257.861,433.517,424.438,370.037,-166.214,273.446,stay,stay,0,2
1775908789408,1638,54472.10000002384,pvp,player_1,player_2,257.861,433.517,421.668,374.595,-166.214,273.446,stay,stay,0,2
1775908789408,1639,54488.89999997616,pvp,player_1,player_2,257.861,433.517,418.897,379.152,-166.214,273.446,stay,stay,0,2
1775908789408,1640,54505.60000002384,pvp,player_1,player_2,257.861,433.517,416.127,383.71,-166.214,273.446,stay,stay,0,2
1775908789408,1641,54522,pvp,player_1,player_2,257.861,433.517,413.357,388.267,-166.214,273.446,stay,stay,0,2
1775908789408,1642,54538.60000002384,pvp,player_1,player_2,258.117,433.517,410.587,392.825,-166.214,273.446,down,stay,0,2
1775908789408,1643,54555.60000002384,pvp,player_1,player_2,258.628,433.517,407.816,397.382,-166.214,273.446,down,stay,0,2
1775908789408,1644,54572.299999952316,pvp,player_1,player_2,259.394,433.517,405.046,401.939,-166.214,273.446,down,stay,0,2
1775908789408,1645,54588.799999952316,pvp,player_1,player_2,260.417,433.517,402.276,406.497,-166.214,273.446,down,stay,0,2
1775908789408,1646,54605.299999952316,pvp,player_1,player_2,261.694,433.517,399.506,411.054,-166.214,273.446,down,stay,0,2
1775908789408,1647,54622.199999928474,pvp,player_1,player_2,263.228,433.517,396.736,415.612,-166.214,273.446,down,stay,0,2
1775908789408,1648,54638.699999928474,pvp,player_1,player_2,265.017,433.517,393.965,420.169,-166.214,273.446,down,stay,0,2
1775908789408,1649,54655.10000002384,pvp,player_1,player_2,267.061,433.517,391.195,424.727,-166.214,273.446,down,stay,0,2
1775908789408,1650,54672,pvp,player_1,player_2,269.361,433.517,388.425,429.284,-166.214,273.446,down,stay,0,2
1775908789408,1651,54688.699999928474,pvp,player_1,player_2,271.917,433.517,385.655,433.842,-166.214,273.446,down,stay,0,2
1775908789408,1652,54705.5,pvp,player_1,player_2,274.728,433.517,382.884,438.399,-166.214,273.446,down,stay,0,2
1775908789408,1653,54721.89999997616,pvp,player_1,player_2,277.794,433.517,380.114,442.956,-166.214,273.446,down,stay,0,2
1775908789408,1654,54738.89999997616,pvp,player_1,player_2,281.117,433.517,377.344,447.514,-166.214,273.446,down,stay,0,2
1775908789408,1655,54755.299999952316,pvp,player_1,player_2,284.694,433.517,374.574,452.071,-166.214,273.446,down,stay,0,2
1775908789408,1656,54772.299999952316,pvp,player_1,player_2,288.528,433.517,371.803,456.629,-166.214,273.446,down,stay,0,2
1775908789408,1657,54788.699999928474,pvp,player_1,player_2,292.617,433.517,369.033,461.186,-166.214,273.446,down,stay,0,2
1775908789408,1658,54805.60000002384,pvp,player_1,player_2,296.961,433.517,366.263,465.744,-166.214,273.446,down,stay,0,2
1775908789408,1659,54821.799999952316,pvp,player_1,player_2,301.561,433.517,363.493,470.301,-166.214,273.446,down,stay,0,2
1775908789408,1660,54838.799999952316,pvp,player_1,player_2,306.417,433.517,360.722,474.858,-166.214,273.446,down,stay,0,2
1775908789408,1661,54855.39999997616,pvp,player_1,player_2,311.528,433.517,357.952,479.416,-166.214,273.446,down,stay,0,2
1775908789408,1662,54872.199999928474,pvp,player_1,player_2,316.894,433.517,355.182,483.973,-166.214,273.446,down,stay,0,2
1775908789408,1663,54888.60000002384,pvp,player_1,player_2,322.517,433.517,352.412,488.531,-166.214,273.446,down,stay,0,2
1775908789408,1664,54905.5,pvp,player_1,player_2,328.394,433.517,349.641,493.088,-166.214,273.446,down,stay,0,2
1775908789408,1665,54922,pvp,player_1,player_2,334.528,433.517,346.871,497.646,-166.214,273.446,down,stay,0,2
1775908789408,1666,54938.799999952316,pvp,player_1,player_2,340.917,433.517,344.101,502.203,-166.214,273.446,down,stay,0,2
1775908789408,1667,54955.199999928474,pvp,player_1,player_2,347.561,433.517,341.331,506.76,-166.214,273.446,down,stay,0,2
1775908789408,1668,54971.89999997616,pvp,player_1,player_2,354.461,433.517,338.56,511.318,-166.214,273.446,down,stay,0,2
1775908789408,1669,54988.299999952316,pvp,player_1,player_2,361.167,433.517,335.79,515.875,-166.214,273.446,stay,stay,0,2
1775908789408,1670,55005.5,pvp,player_1,player_2,367.678,433.517,333.02,520.433,-166.214,273.446,stay,stay,0,2
1775908789408,1671,55022.199999928474,pvp,player_1,player_2,373.994,433.517,330.25,524.99,-166.214,273.446,stay,stay,0,2
1775908789408,1672,55038.699999928474,pvp,player_1,player_2,380.117,433.517,327.48,529.548,-166.214,273.446,stay,stay,0,2
1775908789408,1673,55055.199999928474,pvp,player_1,player_2,386.044,433.517,324.709,530,-166.214,-273.446,stay,stay,0,2
1775908789408,1674,55071.799999952316,pvp,player_1,player_2,391.778,433.517,321.939,525.443,-166.214,-273.446,stay,stay,0,2
1775908789408,1675,55088.299999952316,pvp,player_1,player_2,397.317,433.517,319.169,520.885,-166.214,-273.446,stay,stay,0,2
1775908789408,1676,55105.10000002384,pvp,player_1,player_2,402.494,433.517,316.399,516.328,-166.214,-273.446,up,stay,0,2
1775908789408,1677,55122.10000002384,pvp,player_1,player_2,407.311,433.517,313.628,511.77,-166.214,-273.446,up,stay,0,2
1775908789408,1678,55139,pvp,player_1,player_2,411.767,433.517,310.858,507.213,-166.214,-273.446,up,stay,0,2
1775908789408,1679,55155.5,pvp,player_1,player_2,415.861,433.517,308.088,502.655,-166.214,-273.446,up,stay,0,2
1775908789408,1680,55171.89999997616,pvp,player_1,player_2,419.594,433.517,305.318,498.098,-166.214,-273.446,up,stay,0,2
1775908789408,1681,55188.60000002384,pvp,player_1,player_2,422.967,433.517,302.547,493.541,-166.214,-273.446,up,stay,0,2
1775908789408,1682,55205.39999997616,pvp,player_1,player_2,425.978,433.517,299.777,488.983,-166.214,-273.446,up,stay,0,2
1775908789408,1683,55222.10000002384,pvp,player_1,player_2,428.628,433.517,297.007,484.426,-166.214,-273.446,up,stay,0,2
1775908789408,1684,55238.799999952316,pvp,player_1,player_2,430.917,433.517,294.237,479.868,-166.214,-273.446,up,stay,0,2
1775908789408,1685,55255.199999928474,pvp,player_1,player_2,432.844,433.517,291.466,475.311,-166.214,-273.446,up,stay,0,2
1775908789408,1686,55272,pvp,player_1,player_2,434.411,433.517,288.696,470.753,-166.214,-273.446,up,stay,0,2
1775908789408,1687,55288.89999997616,pvp,player_1,player_2,435.617,433.517,285.926,466.196,-166.214,-273.446,up,stay,0,2
1775908789408,1688,55305.39999997616,pvp,player_1,player_2,436.461,433.517,283.156,461.638,-166.214,-273.446,up,stay,0,2
1775908789408,1689,55322.299999952316,pvp,player_1,player_2,436.944,433.517,280.385,457.081,-166.214,-273.446,up,stay,0,2
1775908789408,1690,55339,pvp,player_1,player_2,437.067,433.517,277.615,452.524,-166.214,-273.446,up,stay,0,2
1775908789408,1691,55355.5,pvp,player_1,player_2,436.828,433.517,274.845,447.966,-166.214,-273.446,up,stay,0,2
1775908789408,1692,55372.199999928474,pvp,player_1,player_2,436.333,433.517,272.075,443.409,-166.214,-273.446,up,stay,0,2
1775908789408,1693,55388.799999952316,pvp,player_1,player_2,435.583,433.517,269.305,438.851,-166.214,-273.446,up,stay,0,2
1775908789408,1694,55405.5,pvp,player_1,player_2,434.578,433.517,266.534,434.294,-166.214,-273.446,up,stay,0,2
1775908789408,1695,55421.89999997616,pvp,player_1,player_2,433.317,433.517,263.764,429.736,-166.214,-273.446,up,stay,0,2
1775908789408,1696,55438.699999928474,pvp,player_1,player_2,431.8,433.517,260.994,425.179,-166.214,-273.446,up,stay,0,2
1775908789408,1697,55455.10000002384,pvp,player_1,player_2,430.028,433.517,258.224,420.622,-166.214,-273.446,up,stay,0,2
1775908789408,1698,55471.799999952316,pvp,player_1,player_2,428,433.517,255.453,416.064,-166.214,-273.446,up,stay,0,2
1775908789408,1699,55488.299999952316,pvp,player_1,player_2,425.717,433.517,252.683,411.507,-166.214,-273.446,up,stay,0,2
1775908789408,1700,55505.299999952316,pvp,player_1,player_2,423.178,433.517,249.913,406.949,-166.214,-273.446,up,stay,0,2
1775908789408,1701,55522,pvp,player_1,player_2,420.383,433.517,247.143,402.392,-166.214,-273.446,up,stay,0,2
1775908789408,1702,55538.699999928474,pvp,player_1,player_2,417.333,433.517,244.372,397.834,-166.214,-273.446,up,stay,0,2
1775908789408,1703,55555.39999997616,pvp,player_1,player_2,414.028,433.517,241.602,393.277,-166.214,-273.446,up,stay,0,2
1775908789408,1704,55572.10000002384,pvp,player_1,player_2,410.467,433.517,238.832,388.719,-166.214,-273.446,up,stay,0,2
1775908789408,1705,55588.5,pvp,player_1,player_2,406.65,433.517,236.062,384.162,-166.214,-273.446,up,stay,0,2
1775908789408,1706,55605.199999928474,pvp,player_1,player_2,402.578,433.517,233.291,379.605,-166.214,-273.446,up,stay,0,2
1775908789408,1707,55622.199999928474,pvp,player_1,player_2,398.25,433.517,230.521,375.047,-166.214,-273.446,up,stay,0,2
1775908789408,1708,55638.60000002384,pvp,player_1,player_2,393.667,433.517,227.751,370.49,-166.214,-273.446,up,stay,0,2
1775908789408,1709,55655.60000002384,pvp,player_1,player_2,388.828,433.517,224.981,365.932,-166.214,-273.446,up,stay,0,2
1775908789408,1710,55672.199999928474,pvp,player_1,player_2,383.733,433.517,222.21,361.375,-166.214,-273.446,up,stay,0,2
1775908789408,1711,55688.799999952316,pvp,player_1,player_2,378.383,433.517,219.44,356.817,-166.214,-273.446,up,stay,0,2
1775908789408,1712,55705.60000002384,pvp,player_1,player_2,372.778,433.517,216.67,352.26,-166.214,-273.446,up,stay,0,2
1775908789408,1713,55722.199999928474,pvp,player_1,player_2,366.917,433.517,213.9,347.703,-166.214,-273.446,up,stay,0,2
1775908789408,1714,55738.60000002384,pvp,player_1,player_2,360.8,433.517,211.129,343.145,-166.214,-273.446,up,stay,0,2
1775908789408,1715,55755.10000002384,pvp,player_1,player_2,354.428,433.517,208.359,338.588,-166.214,-273.446,up,stay,0,2
1775908789408,1716,55772,pvp,player_1,player_2,347.8,433.517,205.589,334.03,-166.214,-273.446,up,stay,0,2
1775908789408,1717,55788.699999928474,pvp,player_1,player_2,340.917,433.517,202.819,329.473,-166.214,-273.446,up,stay,0,2
1775908789408,1718,55805.299999952316,pvp,player_1,player_2,333.778,433.517,200.049,324.915,-166.214,-273.446,up,stay,0,2
1775908789408,1719,55822,pvp,player_1,player_2,326.383,433.517,197.278,320.358,-166.214,-273.446,up,stay,0,2
1775908789408,1720,55838.799999952316,pvp,player_1,player_2,318.733,433.517,194.508,315.801,-166.214,-273.446,up,stay,0,2
1775908789408,1721,55855.39999997616,pvp,player_1,player_2,311.067,433.517,191.738,311.243,-166.214,-273.446,up,stay,0,2
1775908789408,1722,55872,pvp,player_1,player_2,303.4,433.517,188.968,306.686,-166.214,-273.446,up,stay,0,2
1775908789408,1723,55888.699999928474,pvp,player_1,player_2,295.733,433.517,186.197,302.128,-166.214,-273.446,up,stay,0,2
1775908789408,1724,55905.299999952316,pvp,player_1,player_2,288.067,433.517,183.427,297.571,-166.214,-273.446,up,stay,0,2
1775908789408,1725,55922.10000002384,pvp,player_1,player_2,280.4,433.517,180.657,293.013,-166.214,-273.446,up,stay,0,2
1775908789408,1726,55938.699999928474,pvp,player_1,player_2,272.733,433.517,177.887,288.456,-166.214,-273.446,up,stay,0,2
1775908789408,1727,55955.39999997616,pvp,player_1,player_2,265.067,433.517,175.116,283.898,-166.214,-273.446,up,stay,0,2
1775908789408,1728,55972.10000002384,pvp,player_1,player_2,257.4,433.517,172.346,279.341,-166.214,-273.446,up,stay,0,2
1775908789408,1729,55988.699999928474,pvp,player_1,player_2,249.733,433.517,169.576,274.784,-166.214,-273.446,up,stay,0,2
1775908789408,1730,56005.39999997616,pvp,player_1,player_2,242.067,433.517,166.806,270.226,-166.214,-273.446,up,stay,0,2
1775908789408,1731,56022.10000002384,pvp,player_1,player_2,234.4,433.517,164.035,265.669,-166.214,-273.446,up,stay,0,2
1775908789408,1732,56038.699999928474,pvp,player_1,player_2,226.733,433.517,161.265,261.111,-166.214,-273.446,up,stay,0,2
1775908789408,1733,56055.10000002384,pvp,player_1,player_2,219.067,433.517,158.495,256.554,-166.214,-273.446,up,stay,0,2
1775908789408,1734,56071.89999997616,pvp,player_1,player_2,211.594,433.517,155.725,251.996,-166.214,-273.446,stay,stay,0,2
1775908789408,1735,56088.799999952316,pvp,player_1,player_2,204.317,433.517,152.954,247.439,-166.214,-273.446,stay,stay,0,2
1775908789408,1736,56105.39999997616,pvp,player_1,player_2,197.233,433.517,150.184,242.882,-166.214,-273.446,stay,stay,0,2
1775908789408,1737,56121.89999997616,pvp,player_1,player_2,190.344,433.517,147.414,238.324,-166.214,-273.446,stay,stay,0,2
1775908789408,1738,56138.799999952316,pvp,player_1,player_2,183.65,433.517,144.644,233.767,-166.214,-273.446,stay,stay,0,2
1775908789408,1739,56155.5,pvp,player_1,player_2,177.15,433.517,141.874,229.209,-166.214,-273.446,stay,stay,0,2
1775908789408,1740,56172,pvp,player_1,player_2,170.844,433.517,139.103,224.652,-166.214,-273.446,stay,stay,0,2
1775908789408,1741,56188.799999952316,pvp,player_1,player_2,164.733,433.517,136.333,220.094,-166.214,-273.446,stay,stay,0,2
1775908789408,1742,56205.5,pvp,player_1,player_2,158.817,433.517,133.563,215.537,-166.214,-273.446,stay,stay,0,2
1775908789408,1743,56222.10000002384,pvp,player_1,player_2,153.094,433.517,130.793,210.98,-166.214,-273.446,stay,stay,0,2
1775908789408,1744,56238.699999928474,pvp,player_1,player_2,147.567,433.517,128.022,206.422,-166.214,-273.446,stay,stay,0,2
1775908789408,1745,56255.5,pvp,player_1,player_2,142.233,433.517,125.252,201.865,-166.214,-273.446,stay,stay,0,2
1775908789408,1746,56272,pvp,player_1,player_2,137.094,433.517,122.482,197.307,-166.214,-273.446,stay,stay,0,2
1775908789408,1747,56288.699999928474,pvp,player_1,player_2,132.15,433.517,119.712,192.75,-166.214,-273.446,stay,stay,0,2
1775908789408,1748,56305.299999952316,pvp,player_1,player_2,127.4,433.517,116.941,188.192,-166.214,-273.446,stay,stay,0,2
1775908789408,1749,56322.199999928474,pvp,player_1,player_2,122.844,433.517,114.171,183.635,-166.214,-273.446,stay,stay,0,2
1775908789408,1750,56338.799999952316,pvp,player_1,player_2,118.483,433.517,111.401,179.077,-166.214,-273.446,stay,stay,0,2
1775908789408,1751,56355.299999952316,pvp,player_1,player_2,114.317,433.517,108.631,174.52,-166.214,-273.446,stay,stay,0,2
1775908789408,1752,56372.39999997616,pvp,player_1,player_2,110.344,433.517,105.86,169.963,-166.214,-273.446,stay,stay,0,2
1775908789408,1753,56388.799999952316,pvp,player_1,player_2,106.567,433.517,103.09,165.405,-166.214,-273.446,stay,stay,0,2
1775908789408,1754,56405.60000002384,pvp,player_1,player_2,102.983,433.517,100.32,160.848,-166.214,-273.446,stay,stay,0,2
1775908789408,1755,56422.199999928474,pvp,player_1,player_2,99.594,433.517,97.55,156.29,-166.214,-273.446,stay,stay,0,2
1775908789408,1756,56438.39999997616,pvp,player_1,player_2,96.4,433.517,94.779,151.733,-166.214,-273.446,stay,stay,0,2
1775908789408,1757,56455.5,pvp,player_1,player_2,93.4,433.517,92.009,147.175,-166.214,-273.446,stay,stay,0,2
1775908789408,1758,56472.10000002384,pvp,player_1,player_2,90.594,433.517,89.239,142.618,-166.214,-273.446,stay,stay,0,2
1775908789408,1759,56488.60000002384,pvp,player_1,player_2,87.983,433.517,86.469,138.061,-166.214,-273.446,stay,stay,0,2
1775908789408,1760,56505.299999952316,pvp,player_1,player_2,85.567,433.517,83.698,133.503,-166.214,-273.446,stay,stay,0,2
1775908789408,1761,56522.10000002384,pvp,player_1,player_2,83.344,433.517,80.928,128.946,-166.214,-273.446,stay,stay,0,2
1775908789408,1762,56538.799999952316,pvp,player_1,player_2,81.317,433.517,78.158,124.388,-166.214,-273.446,stay,stay,0,2
1775908789408,1763,56555.299999952316,pvp,player_1,player_2,79.483,433.517,75.388,119.831,-166.214,-273.446,stay,stay,0,2
1775908789408,1764,56572.10000002384,pvp,player_1,player_2,77.844,433.517,72.618,115.273,-166.214,-273.446,stay,stay,0,2
1775908789408,1765,56588.5,pvp,player_1,player_2,76.4,433.517,69.847,110.716,-166.214,-273.446,stay,stay,0,2
1775908789408,1766,56605.39999997616,pvp,player_1,player_2,75.15,433.517,67.077,106.158,-166.214,-273.446,stay,stay,0,2
1775908789408,1767,56621.89999997616,pvp,player_1,player_2,74.094,433.517,64.307,101.601,-166.214,-273.446,stay,stay,0,2
1775908789408,1768,56638.60000002384,pvp,player_1,player_2,73.233,433.517,61.537,97.044,-166.214,-273.446,stay,stay,0,2
1775908789408,1769,56655.299999952316,pvp,player_1,player_2,72.567,433.517,58.766,92.486,-166.214,-273.446,stay,stay,0,2
1775908789408,1770,56672.10000002384,pvp,player_1,player_2,72.094,433.517,55.996,87.929,-166.214,-273.446,stay,stay,0,2
1775908789408,1771,56688.699999928474,pvp,player_1,player_2,71.817,433.517,53.226,83.371,-166.214,-273.446,stay,stay,0,2
1775908789408,1772,56705.5,pvp,player_1,player_2,71.9,433.517,50.456,78.814,-166.214,-273.446,down,stay,0,2
1775908789408,1773,56722.10000002384,pvp,player_1,player_2,72.239,433.517,48,74.256,158.215,-300.945,down,stay,0,2
1775908789408,1774,56738.5,pvp,player_1,player_2,72.833,433.517,50.637,69.241,158.215,-300.945,down,stay,0,2
1775908789408,1775,56755.5,pvp,player_1,player_2,73.683,433.517,53.274,64.225,158.215,-300.945,down,stay,0,2
1775908789408,1776,56772.10000002384,pvp,player_1,player_2,74.789,433.517,55.911,59.209,158.215,-300.945,down,stay,0,2
1775908789408,1777,56788.89999997616,pvp,player_1,player_2,76.15,433.517,58.548,54.193,158.215,-300.945,down,stay,0,2
1775908789408,1778,56805.5,pvp,player_1,player_2,77.767,433.517,61.185,49.178,158.215,-300.945,down,stay,0,2
1775908789408,1779,56822.299999952316,pvp,player_1,player_2,79.639,433.517,63.821,44.162,158.215,-300.945,down,stay,0,2
1775908789408,1780,56838.89999997616,pvp,player_1,player_2,81.767,433.517,66.458,39.146,158.215,-300.945,down,stay,0,2
1775908789408,1781,56855.299999952316,pvp,player_1,player_2,84.15,433.517,69.095,34.13,158.215,-300.945,down,stay,0,2
1775908789408,1782,56872,pvp,player_1,player_2,86.789,433.517,71.732,29.115,158.215,-300.945,down,stay,0,2
1775908789408,1783,56888.39999997616,pvp,player_1,player_2,89.683,433.517,74.369,24.099,158.215,-300.945,down,stay,0,2
1775908789408,1784,56905.199999928474,pvp,player_1,player_2,92.833,433.517,77.006,19.083,158.215,-300.945,down,stay,0,2
1775908789408,1785,56921.60000002384,pvp,player_1,player_2,96.239,433.517,79.643,14.067,158.215,-300.945,down,stay,0,2
1775908789408,1786,56938.199999928474,pvp,player_1,player_2,99.9,433.517,82.28,10,158.215,300.945,down,stay,0,2
1775908789408,1787,56955,pvp,player_1,player_2,103.817,433.517,84.917,15.016,158.215,300.945,down,stay,0,2
1775908789408,1788,56971.60000002384,pvp,player_1,player_2,107.989,433.517,87.554,20.032,158.215,300.945,down,stay,0,2
1775908789408,1789,56988.299999952316,pvp,player_1,player_2,112.417,433.517,90.191,25.047,158.215,300.945,down,stay,0,2
1775908789408,1790,57005.299999952316,pvp,player_1,player_2,117.1,433.517,92.828,30.063,158.215,300.945,down,stay,0,2
1775908789408,1791,57022,pvp,player_1,player_2,122.039,433.517,95.464,35.079,158.215,300.945,down,stay,0,2
1775908789408,1792,57038.799999952316,pvp,player_1,player_2,127.233,433.517,98.101,40.095,158.215,300.945,down,stay,0,2
1775908789408,1793,57055.39999997616,pvp,player_1,player_2,132.683,433.517,100.738,45.11,158.215,300.945,down,stay,0,2
1775908789408,1794,57072,pvp,player_1,player_2,138.389,433.517,103.375,50.126,158.215,300.945,down,stay,0,2
1775908789408,1795,57088.799999952316,pvp,player_1,player_2,144.35,433.517,106.012,55.142,158.215,300.945,down,stay,0,2
1775908789408,1796,57105.5,pvp,player_1,player_2,150.567,433.517,108.649,60.158,158.215,300.945,down,stay,0,2
1775908789408,1797,57122.10000002384,pvp,player_1,player_2,156.589,433.517,111.286,65.173,158.215,300.945,stay,stay,0,2
1775908789408,1798,57138.799999952316,pvp,player_1,player_2,162.417,433.517,113.923,70.189,158.215,300.945,stay,stay,0,2
1775908789408,1799,57155.199999928474,pvp,player_1,player_2,168.05,433.517,116.56,75.205,158.215,300.945,stay,stay,0,2
1775908789408,1800,57172.199999928474,pvp,player_1,player_2,173.489,433.517,119.197,80.221,158.215,300.945,stay,stay,0,2
1775908789408,1801,57188.699999928474,pvp,player_1,player_2,178.733,433.517,121.834,85.236,158.215,300.945,stay,stay,0,2
1775908789408,1802,57205.199999928474,pvp,player_1,player_2,183.783,433.517,124.471,90.252,158.215,300.945,stay,stay,0,2
1775908789408,1803,57222,pvp,player_1,player_2,188.639,433.517,127.107,95.268,158.215,300.945,stay,stay,0,2
1775908789408,1804,57238.60000002384,pvp,player_1,player_2,193.3,433.517,129.744,100.284,158.215,300.945,stay,stay,0,2
1775908789408,1805,57255.5,pvp,player_1,player_2,197.767,433.517,132.381,105.299,158.215,300.945,stay,stay,0,2
1775908789408,1806,57271.89999997616,pvp,player_1,player_2,202.039,433.517,135.018,110.315,158.215,300.945,stay,stay,0,2
1775908789408,1807,57288.799999952316,pvp,player_1,player_2,206.117,433.517,137.655,115.331,158.215,300.945,stay,stay,0,2
1775908789408,1808,57305.299999952316,pvp,player_1,player_2,210,433.517,140.292,120.347,158.215,300.945,stay,stay,0,2
1775908789408,1809,57322.299999952316,pvp,player_1,player_2,213.689,433.517,142.929,125.362,158.215,300.945,stay,stay,0,2
1775908789408,1810,57338.699999928474,pvp,player_1,player_2,217.183,433.517,145.566,130.378,158.215,300.945,stay,stay,0,2
1775908789408,1811,57355.39999997616,pvp,player_1,player_2,220.483,433.517,148.203,135.394,158.215,300.945,stay,stay,0,2
1775908789408,1812,57372.199999928474,pvp,player_1,player_2,223.589,433.517,150.84,140.41,158.215,300.945,stay,stay,0,2
1775908789408,1813,57388.39999997616,pvp,player_1,player_2,226.5,433.517,153.477,145.425,158.215,300.945,stay,stay,0,2
1775908789408,1814,57404.89999997616,pvp,player_1,player_2,229.217,433.517,156.114,150.441,158.215,300.945,stay,stay,0,2
1775908789408,1815,57421.799999952316,pvp,player_1,player_2,231.739,433.517,158.75,155.457,158.215,300.945,stay,stay,0,2
1775908789408,1816,57438.299999952316,pvp,player_1,player_2,234.067,433.517,161.387,160.473,158.215,300.945,stay,stay,0,2
1775908789408,1817,57455.299999952316,pvp,player_1,player_2,236.2,433.517,164.024,165.488,158.215,300.945,stay,stay,0,2
1775908789408,1818,57472.199999928474,pvp,player_1,player_2,238.139,433.517,166.661,170.504,158.215,300.945,stay,stay,0,2
1775908789408,1819,57488.60000002384,pvp,player_1,player_2,239.883,433.517,169.298,175.52,158.215,300.945,stay,stay,0,2
1775908789408,1820,57505.199999928474,pvp,player_1,player_2,241.433,433.517,171.935,180.536,158.215,300.945,stay,stay,0,2
1775908789408,1821,57522.10000002384,pvp,player_1,player_2,242.789,433.517,174.572,185.551,158.215,300.945,stay,stay,0,2
1775908789408,1822,57538.799999952316,pvp,player_1,player_2,243.95,433.517,177.209,190.567,158.215,300.945,stay,stay,0,2
1775908789408,1823,57555.199999928474,pvp,player_1,player_2,244.917,433.517,179.846,195.583,158.215,300.945,stay,stay,0,2
1775908789408,1824,57571.89999997616,pvp,player_1,player_2,245.689,433.517,182.483,200.599,158.215,300.945,stay,stay,0,2
1775908789408,1825,57588.5,pvp,player_1,player_2,246.267,433.517,185.12,205.614,158.215,300.945,stay,stay,0,2
1775908789408,1826,57605.5,pvp,player_1,player_2,246.65,433.517,187.757,210.63,158.215,300.945,stay,stay,0,2
1775908789408,1827,57621.89999997616,pvp,player_1,player_2,246.65,433.517,190.393,215.646,158.215,300.945,stay,stay,0,2
1775908789408,1828,57638.89999997616,pvp,player_1,player_2,246.65,433.517,193.03,220.662,158.215,300.945,stay,stay,0,2
1775908789408,1829,57655.39999997616,pvp,player_1,player_2,246.65,433.517,195.667,225.677,158.215,300.945,stay,stay,0,2
1775908789408,1830,57672.10000002384,pvp,player_1,player_2,246.65,433.517,198.304,230.693,158.215,300.945,stay,stay,0,2
1775908789408,1831,57688.89999997616,pvp,player_1,player_2,246.65,433.517,200.941,235.709,158.215,300.945,stay,stay,0,2
1775908789408,1832,57705.5,pvp,player_1,player_2,246.65,433.517,203.578,240.725,158.215,300.945,stay,stay,0,2
1775908789408,1833,57722.299999952316,pvp,player_1,player_2,246.65,433.517,206.215,245.74,158.215,300.945,stay,stay,0,2
1775908789408,1834,57738.799999952316,pvp,player_1,player_2,246.65,433.517,208.852,250.756,158.215,300.945,stay,stay,0,2
1775908789408,1835,57755.299999952316,pvp,player_1,player_2,246.65,433.517,211.489,255.772,158.215,300.945,stay,stay,0,2
1775908789408,1836,57772.199999928474,pvp,player_1,player_2,246.65,433.517,214.126,260.788,158.215,300.945,stay,stay,0,2
1775908789408,1837,57788.799999952316,pvp,player_1,player_2,246.65,433.517,216.763,265.803,158.215,300.945,stay,stay,0,2
1775908789408,1838,57805.299999952316,pvp,player_1,player_2,246.65,433.517,219.4,270.819,158.215,300.945,stay,stay,0,2
1775908789408,1839,57822.199999928474,pvp,player_1,player_2,246.65,433.517,222.036,275.835,158.215,300.945,stay,stay,0,2
1775908789408,1840,57838.89999997616,pvp,player_1,player_2,246.65,433.517,224.673,280.851,158.215,300.945,stay,stay,0,2
1775908789408,1841,57855.699999928474,pvp,player_1,player_2,246.65,433.517,227.31,285.866,158.215,300.945,stay,stay,0,2
1775908789408,1842,57871.60000002384,pvp,player_1,player_2,246.65,433.517,229.947,290.882,158.215,300.945,stay,stay,0,2
1775908789408,1843,57888.60000002384,pvp,player_1,player_2,246.65,433.517,232.584,295.898,158.215,300.945,stay,stay,0,2
1775908789408,1844,57905.60000002384,pvp,player_1,player_2,246.65,433.517,235.221,300.914,158.215,300.945,stay,stay,0,2
1775908789408,1845,57921.799999952316,pvp,player_1,player_2,246.65,433.517,237.858,305.929,158.215,300.945,stay,stay,0,2
1775908789408,1846,57939,pvp,player_1,player_2,246.65,433.517,240.495,310.945,158.215,300.945,stay,stay,0,2
1775908789408,1847,57955.699999928474,pvp,player_1,player_2,246.65,433.517,243.132,315.961,158.215,300.945,stay,stay,0,2
1775908789408,1848,57972.299999952316,pvp,player_1,player_2,246.65,433.517,245.769,320.977,158.215,300.945,stay,stay,0,2
1775908789408,1849,57988.799999952316,pvp,player_1,player_2,246.65,433.517,248.406,325.992,158.215,300.945,stay,stay,0,2
1775908789408,1850,58005.299999952316,pvp,player_1,player_2,246.65,433.517,251.042,331.008,158.215,300.945,stay,stay,0,2
1775908789408,1851,58022.199999928474,pvp,player_1,player_2,246.65,433.517,253.679,336.024,158.215,300.945,stay,stay,0,2
1775908789408,1852,58038.799999952316,pvp,player_1,player_2,246.65,433.517,256.316,341.04,158.215,300.945,stay,stay,0,2
1775908789408,1853,58055.299999952316,pvp,player_1,player_2,246.65,433.517,258.953,346.056,158.215,300.945,stay,stay,0,2
1775908789408,1854,58071.699999928474,pvp,player_1,player_2,246.65,433.517,261.59,351.071,158.215,300.945,stay,stay,0,2
1775908789408,1855,58088.5,pvp,player_1,player_2,246.65,433.517,264.227,356.087,158.215,300.945,stay,stay,0,2
1775908789408,1856,58105.299999952316,pvp,player_1,player_2,246.65,433.517,266.864,361.103,158.215,300.945,stay,stay,0,2
1775908789408,1857,58121.89999997616,pvp,player_1,player_2,246.65,433.517,269.501,366.119,158.215,300.945,stay,stay,0,2
1775908789408,1858,58138.5,pvp,player_1,player_2,246.65,433.517,272.138,371.134,158.215,300.945,stay,stay,0,2
1775908789408,1859,58155.60000002384,pvp,player_1,player_2,246.65,433.517,274.775,376.15,158.215,300.945,stay,stay,0,2
1775908789408,1860,58172.10000002384,pvp,player_1,player_2,246.65,433.517,277.412,381.166,158.215,300.945,stay,stay,0,2
1775908789408,1861,58188.89999997616,pvp,player_1,player_2,246.65,433.517,280.049,386.182,158.215,300.945,stay,stay,0,2
1775908789408,1862,58205.199999928474,pvp,player_1,player_2,246.65,433.517,282.685,391.197,158.215,300.945,stay,stay,0,2
1775908789408,1863,58222.199999928474,pvp,player_1,player_2,246.65,433.517,285.322,396.213,158.215,300.945,stay,stay,0,2
1775908789408,1864,58238.5,pvp,player_1,player_2,246.65,433.517,287.959,401.229,158.215,300.945,stay,stay,0,2
1775908789408,1865,58255.5,pvp,player_1,player_2,246.65,433.517,290.596,406.245,158.215,300.945,stay,stay,0,2
1775908789408,1866,58272,pvp,player_1,player_2,246.65,433.517,293.233,411.26,158.215,300.945,stay,stay,0,2
1775908789408,1867,58288.60000002384,pvp,player_1,player_2,246.65,433.517,295.87,416.276,158.215,300.945,stay,stay,0,2
1775908789408,1868,58305.5,pvp,player_1,player_2,246.65,433.517,298.507,421.292,158.215,300.945,stay,stay,0,2
1775908789408,1869,58322.199999928474,pvp,player_1,player_2,246.65,433.517,301.144,426.308,158.215,300.945,stay,stay,0,2
1775908789408,1870,58338.799999952316,pvp,player_1,player_2,246.65,433.517,303.781,431.323,158.215,300.945,stay,stay,0,2
1775908789408,1871,58355.39999997616,pvp,player_1,player_2,246.65,433.517,306.418,436.339,158.215,300.945,stay,stay,0,2
1775908789408,1872,58372,pvp,player_1,player_2,246.65,433.517,309.055,441.355,158.215,300.945,stay,stay,0,2
1775908789408,1873,58388.699999928474,pvp,player_1,player_2,246.65,433.517,311.692,446.371,158.215,300.945,stay,stay,0,2
1775908789408,1874,58405.699999928474,pvp,player_1,player_2,246.65,433.517,314.328,451.386,158.215,300.945,stay,stay,0,2
1775908789408,1875,58422,pvp,player_1,player_2,246.65,433.517,316.965,456.402,158.215,300.945,stay,stay,0,2
1775908789408,1876,58438.5,pvp,player_1,player_2,246.65,433.517,319.602,461.418,158.215,300.945,stay,stay,0,2
1775908789408,1877,58455.5,pvp,player_1,player_2,246.65,433.517,322.239,466.434,158.215,300.945,stay,stay,0,2
1775908789408,1878,58472.10000002384,pvp,player_1,player_2,246.65,433.517,324.876,471.449,158.215,300.945,stay,stay,0,2
1775908789408,1879,58488.699999928474,pvp,player_1,player_2,246.65,433.517,327.513,476.465,158.215,300.945,stay,stay,0,2
1775908789408,1880,58505.39999997616,pvp,player_1,player_2,246.65,433.517,330.15,481.481,158.215,300.945,stay,stay,0,2
1775908789408,1881,58522.199999928474,pvp,player_1,player_2,246.65,433.517,332.787,486.497,158.215,300.945,stay,stay,0,2
1775908789408,1882,58538.5,pvp,player_1,player_2,246.65,433.517,335.424,491.512,158.215,300.945,stay,stay,0,2
1775908789408,1883,58555.5,pvp,player_1,player_2,246.65,433.517,338.061,496.528,158.215,300.945,stay,stay,0,2
1775908789408,1884,58571.799999952316,pvp,player_1,player_2,246.65,433.517,340.698,501.544,158.215,300.945,stay,stay,0,2
1775908789408,1885,58588.699999928474,pvp,player_1,player_2,246.65,433.517,343.335,506.56,158.215,300.945,stay,stay,0,2
1775908789408,1886,58605.39999997616,pvp,player_1,player_2,246.65,433.517,345.971,511.575,158.215,300.945,stay,stay,0,2
1775908789408,1887,58621.89999997616,pvp,player_1,player_2,246.65,433.517,348.608,516.591,158.215,300.945,stay,stay,0,2
1775908789408,1888,58638.60000002384,pvp,player_1,player_2,246.394,433.517,351.245,521.607,158.215,300.945,up,stay,0,2
1775908789408,1889,58655.10000002384,pvp,player_1,player_2,245.883,433.517,353.882,526.623,158.215,300.945,up,stay,0,2
1775908789408,1890,58671.799999952316,pvp,player_1,player_2,245.117,433.517,356.519,530,158.215,-300.945,up,stay,0,2
1775908789408,1891,58688.60000002384,pvp,player_1,player_2,244.094,433.517,359.156,524.984,158.215,-300.945,up,stay,0,2
1775908789408,1892,58705.39999997616,pvp,player_1,player_2,242.817,433.517,361.793,519.968,158.215,-300.945,up,stay,0,2
1775908789408,1893,58722.199999928474,pvp,player_1,player_2,241.283,433.517,364.43,514.953,158.215,-300.945,up,stay,0,2
1775908789408,1894,58738.699999928474,pvp,player_1,player_2,239.494,433.517,367.067,509.937,158.215,-300.945,up,stay,0,2
1775908789408,1895,58755.39999997616,pvp,player_1,player_2,237.45,433.517,369.704,504.921,158.215,-300.945,up,stay,0,2
1775908789408,1896,58771.89999997616,pvp,player_1,player_2,235.15,433.517,372.341,499.905,158.215,-300.945,up,stay,0,2
1775908789408,1897,58788.60000002384,pvp,player_1,player_2,232.594,433.517,374.978,494.89,158.215,-300.945,up,stay,0,2
1775908789408,1898,58805,pvp,player_1,player_2,229.783,433.517,377.614,489.874,158.215,-300.945,up,stay,0,2
1775908789408,1899,58822,pvp,player_1,player_2,226.717,433.517,380.251,484.858,158.215,-300.945,up,stay,0,2
1775908789408,1900,58838.799999952316,pvp,player_1,player_2,223.394,433.517,382.888,479.842,158.215,-300.945,up,stay,0,2
1775908789408,1901,58855.299999952316,pvp,player_1,player_2,219.817,433.517,385.525,474.827,158.215,-300.945,up,stay,0,2
1775908789408,1902,58872,pvp,player_1,player_2,216.433,433.517,388.162,469.811,158.215,-300.945,stay,stay,0,2
1775908789408,1903,58888.5,pvp,player_1,player_2,213.244,433.517,390.799,464.795,158.215,-300.945,stay,stay,0,2
1775908789408,1904,58905.10000002384,pvp,player_1,player_2,210.25,433.517,393.436,459.779,158.215,-300.945,stay,stay,0,2
1775908789408,1905,58921.799999952316,pvp,player_1,player_2,207.45,433.261,396.073,454.764,158.215,-300.945,stay,up,0,2
1775908789408,1906,58938.5,pvp,player_1,player_2,204.844,432.75,398.71,449.748,158.215,-300.945,stay,up,0,2
1775908789408,1907,58955.39999997616,pvp,player_1,player_2,202.433,431.983,401.347,444.732,158.215,-300.945,stay,up,0,2
1775908789408,1908,58971.699999928474,pvp,player_1,player_2,200.217,430.961,403.984,439.716,158.215,-300.945,stay,up,0,2
1775908789408,1909,58988.5,pvp,player_1,player_2,198.194,429.683,406.621,434.701,158.215,-300.945,stay,up,0,2
1775908789408,1910,59005.5,pvp,player_1,player_2,196.367,428.15,409.257,429.685,158.215,-300.945,stay,up,0,2
1775908789408,1911,59021.89999997616,pvp,player_1,player_2,194.733,426.361,411.894,424.669,158.215,-300.945,stay,up,0,2
1775908789408,1912,59038.699999928474,pvp,player_1,player_2,193.294,424.317,414.531,419.653,158.215,-300.945,stay,up,0,2
1775908789408,1913,59054.89999997616,pvp,player_1,player_2,192.05,422.017,417.168,414.638,158.215,-300.945,stay,up,0,2
1775908789408,1914,59072,pvp,player_1,player_2,191,419.461,419.805,409.622,158.215,-300.945,stay,up,0,2
1775908789408,1915,59088.5,pvp,player_1,player_2,190.144,416.65,422.442,404.606,158.215,-300.945,stay,up,0,2
1775908789408,1916,59105.299999952316,pvp,player_1,player_2,189.483,413.583,425.079,399.59,158.215,-300.945,stay,up,0,2
1775908789408,1917,59122.199999928474,pvp,player_1,player_2,189.017,410.261,427.716,394.575,158.215,-300.945,stay,up,0,2
1775908789408,1918,59138.799999952316,pvp,player_1,player_2,188.744,406.683,430.353,389.559,158.215,-300.945,stay,up,0,2
1775908789408,1919,59155.5,pvp,player_1,player_2,188.744,402.85,432.99,384.543,158.215,-300.945,stay,up,0,2
1775908789408,1920,59172,pvp,player_1,player_2,188.744,398.761,435.627,379.527,158.215,-300.945,stay,up,0,2
1775908789408,1921,59188.699999928474,pvp,player_1,player_2,188.744,394.417,438.263,374.512,158.215,-300.945,stay,up,0,2
1775908789408,1922,59205.10000002384,pvp,player_1,player_2,188.744,389.817,440.9,369.496,158.215,-300.945,stay,up,0,2
1775908789408,1923,59221.89999997616,pvp,player_1,player_2,188.744,384.961,443.537,364.48,158.215,-300.945,stay,up,0,2
1775908789408,1924,59238.60000002384,pvp,player_1,player_2,188.744,379.85,446.174,359.464,158.215,-300.945,stay,up,0,2
1775908789408,1925,59255.39999997616,pvp,player_1,player_2,188.744,374.483,448.811,354.449,158.215,-300.945,stay,up,0,2
1775908789408,1926,59271.60000002384,pvp,player_1,player_2,188.744,368.861,451.448,349.433,158.215,-300.945,stay,up,0,2
1775908789408,1927,59288.5,pvp,player_1,player_2,188.744,362.983,454.085,344.417,158.215,-300.945,stay,up,0,2
1775908789408,1928,59305.299999952316,pvp,player_1,player_2,188.744,356.85,456.722,339.401,158.215,-300.945,stay,up,0,2
1775908789408,1929,59322.10000002384,pvp,player_1,player_2,188.744,350.461,459.359,334.386,158.215,-300.945,stay,up,0,2
1775908789408,1930,59338.699999928474,pvp,player_1,player_2,188.744,343.817,461.996,329.37,158.215,-300.945,stay,up,0,2
1775908789408,1931,59355.299999952316,pvp,player_1,player_2,188.744,336.917,464.633,324.354,158.215,-300.945,stay,up,0,2
1775908789408,1932,59372,pvp,player_1,player_2,188.744,329.761,467.27,319.338,158.215,-300.945,stay,up,0,2
1775908789408,1933,59388.60000002384,pvp,player_1,player_2,188.744,322.35,469.906,314.323,158.215,-300.945,stay,up,0,2
1775908789408,1934,59405.39999997616,pvp,player_1,player_2,188.744,314.683,472.543,309.307,158.215,-300.945,stay,up,0,2
1775908789408,1935,59422.10000002384,pvp,player_1,player_2,188.744,307.017,475.18,304.291,158.215,-300.945,stay,up,0,2
1775908789408,1936,59438.5,pvp,player_1,player_2,188.744,299.35,477.817,299.275,158.215,-300.945,stay,up,0,2
1775908789408,1937,59455.5,pvp,player_1,player_2,188.744,291.683,480.454,294.26,158.215,-300.945,stay,up,0,2
1775908789408,1938,59472.10000002384,pvp,player_1,player_2,188.744,284.017,483.091,289.244,158.215,-300.945,stay,up,0,2
1775908789408,1939,59488.699999928474,pvp,player_1,player_2,188.744,276.35,485.728,284.228,158.215,-300.945,stay,up,0,2
1775908789408,1940,59505.5,pvp,player_1,player_2,188.744,268.683,488.365,279.212,158.215,-300.945,stay,up,0,2
1775908789408,1941,59522.10000002384,pvp,player_1,player_2,188.744,261.017,491.002,274.197,158.215,-300.945,stay,up,0,2
1775908789408,1942,59538.89999997616,pvp,player_1,player_2,188.744,253.35,493.639,269.181,158.215,-300.945,stay,up,0,2
1775908789408,1943,59555.199999928474,pvp,player_1,player_2,188.744,245.683,496.276,264.165,158.215,-300.945,stay,up,0,2
1775908789408,1944,59571.89999997616,pvp,player_1,player_2,188.744,238.017,498.913,259.149,158.215,-300.945,stay,up,0,2
1775908789408,1945,59588.5,pvp,player_1,player_2,188.744,230.35,501.549,254.134,158.215,-300.945,stay,up,0,2
1775908789408,1946,59605.39999997616,pvp,player_1,player_2,188.744,222.683,504.186,249.118,158.215,-300.945,stay,up,0,2
1775908789408,1947,59622,pvp,player_1,player_2,188.744,215.017,506.823,244.102,158.215,-300.945,stay,up,0,2
1775908789408,1948,59638.60000002384,pvp,player_1,player_2,188.744,207.35,509.46,239.086,158.215,-300.945,stay,up,0,2
1775908789408,1949,59655.299999952316,pvp,player_1,player_2,188.744,199.683,512.097,234.071,158.215,-300.945,stay,up,0,2
1775908789408,1950,59672.199999928474,pvp,player_1,player_2,188.744,192.017,514.734,229.055,158.215,-300.945,stay,up,0,2
1775908789408,1951,59688.699999928474,pvp,player_1,player_2,188.744,184.35,517.371,224.039,158.215,-300.945,stay,up,0,2
1775908789408,1952,59705.60000002384,pvp,player_1,player_2,188.744,176.683,520.008,219.023,158.215,-300.945,stay,up,0,2
1775908789408,1953,59722.10000002384,pvp,player_1,player_2,188.744,169.017,522.645,214.008,158.215,-300.945,stay,up,0,2
1775908789408,1954,59738.799999952316,pvp,player_1,player_2,188.744,161.35,525.282,208.992,158.215,-300.945,stay,up,0,2
1775908789408,1955,59755.5,pvp,player_1,player_2,188.744,153.683,527.919,203.976,158.215,-300.945,stay,up,0,2
1775908789408,1956,59772,pvp,player_1,player_2,188.744,146.017,530.556,198.96,158.215,-300.945,stay,up,0,2
1775908789408,1957,59788.60000002384,pvp,player_1,player_2,188.744,138.35,533.192,193.944,158.215,-300.945,stay,up,0,2
1775908789408,1958,59805.39999997616,pvp,player_1,player_2,188.744,130.683,535.829,188.929,158.215,-300.945,stay,up,0,2
1775908789408,1959,59822,pvp,player_1,player_2,188.744,123.017,538.466,183.913,158.215,-300.945,stay,up,0,2
1775908789408,1960,59838.5,pvp,player_1,player_2,188.744,115.35,541.103,178.897,158.215,-300.945,stay,up,0,2
1775908789408,1961,59855.299999952316,pvp,player_1,player_2,188.744,107.878,543.74,173.881,158.215,-300.945,stay,stay,0,2
1775908789408,1962,59872.10000002384,pvp,player_1,player_2,188.744,100.6,546.377,168.866,158.215,-300.945,stay,stay,0,2
1775908789408,1963,59888.5,pvp,player_1,player_2,188.744,93.517,549.014,163.85,158.215,-300.945,stay,stay,0,2
1775908789408,1964,59905.299999952316,pvp,player_1,player_2,188.744,86.628,551.651,158.834,158.215,-300.945,stay,stay,0,2
1775908789408,1965,59922,pvp,player_1,player_2,188.744,79.933,554.288,153.818,158.215,-300.945,stay,stay,0,2
1775908789408,1966,59938.39999997616,pvp,player_1,player_2,188.744,73.433,556.925,148.803,158.215,-300.945,stay,stay,0,2
1775908789408,1967,59955.5,pvp,player_1,player_2,188.744,67.128,559.562,143.787,158.215,-300.945,stay,stay,0,2
1775908789408,1968,59972.10000002384,pvp,player_1,player_2,188.744,61.017,562.199,138.771,158.215,-300.945,stay,stay,0,2
1775908789408,1969,59988.699999928474,pvp,player_1,player_2,188.744,55.1,564.835,133.755,158.215,-300.945,stay,stay,0,2
1775908789408,1970,60005.5,pvp,player_1,player_2,188.744,49.378,567.472,128.74,158.215,-300.945,stay,stay,0,2
1775908789408,1971,60022.199999928474,pvp,player_1,player_2,188.744,43.85,570.109,123.724,158.215,-300.945,stay,stay,0,2
1775908789408,1972,60038.799999952316,pvp,player_1,player_2,188.744,38.517,572.746,118.708,158.215,-300.945,stay,stay,0,2
1775908789408,1973,60055.39999997616,pvp,player_1,player_2,188.744,33.378,575.383,113.692,158.215,-300.945,stay,stay,0,2
1775908789408,1974,60072,pvp,player_1,player_2,188.744,28.433,578.02,108.677,158.215,-300.945,stay,stay,0,2
1775908789408,1975,60088.39999997616,pvp,player_1,player_2,188.744,23.683,580.657,103.661,158.215,-300.945,stay,stay,0,2
1775908789408,1976,60105.10000002384,pvp,player_1,player_2,188.744,19.128,583.294,98.645,158.215,-300.945,stay,stay,0,2
1775908789408,1977,60122.10000002384,pvp,player_1,player_2,188.744,14.767,585.931,93.629,158.215,-300.945,stay,stay,0,2
1775908789408,1978,60138.299999952316,pvp,player_1,player_2,188.744,10.6,588.568,88.614,158.215,-300.945,stay,stay,0,2
1775908789408,1979,60155.5,pvp,player_1,player_2,188.744,6.628,591.205,83.598,158.215,-300.945,stay,stay,0,2
1775908789408,1980,60171.89999997616,pvp,player_1,player_2,188.744,2.85,593.842,78.582,158.215,-300.945,stay,stay,0,2
1775908789408,1981,60188.5,pvp,player_1,player_2,188.744,0,596.478,73.566,158.215,-300.945,stay,stay,0,2
1775908789408,1982,60205.5,pvp,player_1,player_2,188.744,0,599.115,68.551,158.215,-300.945,stay,stay,0,2
1775908789408,1983,60222,pvp,player_1,player_2,188.744,0,601.752,63.535,158.215,-300.945,stay,stay,0,2
1775908789408,1984,60238.39999997616,pvp,player_1,player_2,188.744,0,604.389,58.519,158.215,-300.945,stay,stay,0,2
1775908789408,1985,60255.10000002384,pvp,player_1,player_2,188.744,0,607.026,53.503,158.215,-300.945,stay,stay,0,2
1775908789408,1986,60271.89999997616,pvp,player_1,player_2,188.744,0,609.663,48.488,158.215,-300.945,stay,stay,0,2
1775908789408,1987,60288.699999928474,pvp,player_1,player_2,188.744,0,612.3,43.472,158.215,-300.945,stay,stay,0,2
1775908789408,1988,60305.299999952316,pvp,player_1,player_2,188.744,0,614.937,38.456,158.215,-300.945,stay,stay,0,2
1775908789408,1989,60322,pvp,player_1,player_2,188.744,0,617.574,33.44,158.215,-300.945,stay,stay,0,2
1775908789408,1990,60338.699999928474,pvp,player_1,player_2,188.744,0,620.211,28.425,158.215,-300.945,stay,stay,0,2
1775908789408,1991,60355.5,pvp,player_1,player_2,188.744,0,622.848,23.409,158.215,-300.945,stay,stay,0,2
1775908789408,1992,60372,pvp,player_1,player_2,188.744,0,625.485,18.393,158.215,-300.945,stay,stay,0,2
1775908789408,1993,60388.699999928474,pvp,player_1,player_2,188.744,0,628.121,13.377,158.215,-300.945,stay,stay,0,2
1775908789408,1994,60405.39999997616,pvp,player_1,player_2,188.744,0,630.758,10,158.215,300.945,stay,stay,0,2
1775908789408,1995,60421.799999952316,pvp,player_1,player_2,188.744,0,633.395,15.016,158.215,300.945,stay,stay,0,2
1775908789408,1996,60438.299999952316,pvp,player_1,player_2,188.744,0,636.032,20.032,158.215,300.945,stay,stay,0,2
1775908789408,1997,60455.60000002384,pvp,player_1,player_2,188.744,0,638.669,25.047,158.215,300.945,stay,stay,0,2
1775908789408,1998,60472.299999952316,pvp,player_1,player_2,188.744,0,641.306,30.063,158.215,300.945,stay,stay,0,2
1775908789408,1999,60488.60000002384,pvp,player_1,player_2,188.744,0,643.943,35.079,158.215,300.945,stay,stay,0,2
1775908789408,2000,60505.299999952316,pvp,player_1,player_2,188.744,0,646.58,40.095,158.215,300.945,stay,stay,0,2
1775908789408,2001,60522.10000002384,pvp,player_1,player_2,188.744,0,649.217,45.11,158.215,300.945,stay,stay,0,2
1775908789408,2002,60538.799999952316,pvp,player_1,player_2,188.744,0,651.854,50.126,158.215,300.945,stay,stay,0,2
1775908789408,2003,60555.299999952316,pvp,player_1,player_2,188.744,0,654.491,55.142,158.215,300.945,stay,stay,0,2
1775908789408,2004,60571.89999997616,pvp,player_1,player_2,188.744,0,657.127,60.158,158.215,300.945,stay,stay,0,2
1775908789408,2005,60588.799999952316,pvp,player_1,player_2,188.744,0,659.764,65.173,158.215,300.945,stay,stay,0,2
1775908789408,2006,60605.39999997616,pvp,player_1,player_2,188.744,0,662.401,70.189,158.215,300.945,stay,stay,0,2
1775908789408,2007,60622.10000002384,pvp,player_1,player_2,188.744,0,665.038,75.205,158.215,300.945,stay,stay,0,2
1775908789408,2008,60638.799999952316,pvp,player_1,player_2,188.744,0,667.675,80.221,158.215,300.945,stay,stay,0,2
1775908789408,2009,60655.299999952316,pvp,player_1,player_2,188.744,0,670.312,85.236,158.215,300.945,stay,stay,0,2
1775908789408,2010,60671.799999952316,pvp,player_1,player_2,188.744,0,672.949,90.252,158.215,300.945,stay,stay,0,2
1775908789408,2011,60688.799999952316,pvp,player_1,player_2,188.744,0,675.586,95.268,158.215,300.945,stay,stay,0,2
1775908789408,2012,60705.39999997616,pvp,player_1,player_2,188.744,0,678.223,100.284,158.215,300.945,stay,stay,0,2
1775908789408,2013,60721.799999952316,pvp,player_1,player_2,188.744,0,680.86,105.299,158.215,300.945,stay,stay,0,2
1775908789408,2014,60738.799999952316,pvp,player_1,player_2,188.744,0,683.497,110.315,158.215,300.945,stay,stay,0,2
1775908789408,2015,60755.5,pvp,player_1,player_2,188.744,0,686.134,115.331,158.215,300.945,stay,stay,0,2
1775908789408,2016,60772.199999928474,pvp,player_1,player_2,188.744,0,688.77,120.347,158.215,300.945,stay,stay,0,2
1775908789408,2017,60788.699999928474,pvp,player_1,player_2,188.744,0,691.407,125.362,158.215,300.945,stay,stay,0,2
1775908789408,2018,60805.5,pvp,player_1,player_2,188.744,0,694.044,130.378,158.215,300.945,stay,stay,0,2
1775908789408,2019,60822,pvp,player_1,player_2,188.744,0,696.681,135.394,158.215,300.945,stay,stay,0,2
1775908789408,2020,60838.799999952316,pvp,player_1,player_2,188.744,0,699.318,140.41,158.215,300.945,stay,stay,0,2
1775908789408,2021,60855.299999952316,pvp,player_1,player_2,188.744,0,701.955,145.425,158.215,300.945,stay,stay,0,2
1775908789408,2022,60872.199999928474,pvp,player_1,player_2,188.744,0,704.592,150.441,158.215,300.945,stay,stay,0,2
1775908789408,2023,60888.60000002384,pvp,player_1,player_2,188.744,0,707.229,155.457,158.215,300.945,stay,stay,0,2
1775908789408,2024,60905.299999952316,pvp,player_1,player_2,188.744,0,709.866,160.473,158.215,300.945,stay,stay,0,2
1775908789408,2025,60921.799999952316,pvp,player_1,player_2,188.744,0,712.503,165.488,158.215,300.945,stay,stay,0,2
1775908789408,2026,60938.89999997616,pvp,player_1,player_2,188.744,0,715.14,170.504,158.215,300.945,stay,stay,0,2
1775908789408,2027,60955.5,pvp,player_1,player_2,188.744,0,717.777,175.52,158.215,300.945,stay,stay,0,2
1775908789408,2028,60972,pvp,player_1,player_2,188.744,0,720.413,180.536,158.215,300.945,stay,stay,0,2
1775908789408,2029,60988.89999997616,pvp,player_1,player_2,188.744,0,723.05,185.551,158.215,300.945,stay,stay,0,2
1775908789408,2030,61005.39999997616,pvp,player_1,player_2,188.744,0,725.687,190.567,158.215,300.945,stay,stay,0,2
1775908789408,2031,61021.60000002384,pvp,player_1,player_2,188.744,0.256,728.324,195.583,158.215,300.945,stay,down,0,2
1775908789408,2032,61038.699999928474,pvp,player_1,player_2,188.744,0.767,730.961,200.599,158.215,300.945,stay,down,0,2
1775908789408,2033,61055.299999952316,pvp,player_1,player_2,188.744,1.533,733.598,205.614,158.215,300.945,stay,down,0,2
1775908789408,2034,61071.89999997616,pvp,player_1,player_2,188.744,2.556,736.235,210.63,158.215,300.945,stay,down,0,2
1775908789408,2035,61088.699999928474,pvp,player_1,player_2,188.744,3.833,738.872,215.646,158.215,300.945,stay,down,0,2
1775908789408,2036,61105.39999997616,pvp,player_1,player_2,188.744,5.367,741.509,220.662,158.215,300.945,stay,down,0,2
1775908789408,2037,61121.89999997616,pvp,player_1,player_2,188.744,7.156,744.146,225.677,158.215,300.945,stay,down,0,2
1775908789408,2038,61138.60000002384,pvp,player_1,player_2,188.744,9.2,746.783,230.693,158.215,300.945,stay,down,0,2
1775908789408,2039,61155.299999952316,pvp,player_1,player_2,188.744,11.5,749.42,235.709,158.215,300.945,stay,down,0,2
1775908789408,2040,61171.89999997616,pvp,player_1,player_2,188.744,14.056,752.056,240.725,158.215,300.945,stay,down,0,2
1775908789408,2041,61188.299999952316,pvp,player_1,player_2,188.744,16.867,754.693,245.74,158.215,300.945,stay,down,0,2
1775908789408,2042,61205,pvp,player_1,player_2,188.744,19.933,757.33,250.756,158.215,300.945,stay,down,0,2
1775908789408,2043,61222,pvp,player_1,player_2,188.744,23.256,759.967,255.772,158.215,300.945,stay,down,0,2
1775908789408,2044,61238.60000002384,pvp,player_1,player_2,188.744,26.833,762.604,260.788,158.215,300.945,stay,down,0,2
1775908789408,2045,61255.299999952316,pvp,player_1,player_2,188.744,30.667,765.241,265.803,158.215,300.945,stay,down,0,2
1775908789408,2046,61271.799999952316,pvp,player_1,player_2,188.744,34.756,767.878,270.819,158.215,300.945,stay,down,0,2
1775908789408,2047,61288.799999952316,pvp,player_1,player_2,188.744,39.1,770.515,275.835,158.215,300.945,stay,down,0,2
1775908789408,2048,61305,pvp,player_1,player_2,188.744,43.7,773.152,280.851,158.215,300.945,stay,down,0,2
1775908789408,2049,61321.799999952316,pvp,player_1,player_2,188.744,48.556,775.789,285.866,158.215,300.945,stay,down,0,2
1775908789408,2050,61338.60000002384,pvp,player_1,player_2,188.744,53.667,778.426,290.882,158.215,300.945,stay,down,0,2
1775908789408,2051,61355.39999997616,pvp,player_1,player_2,188.744,59.033,781.063,295.898,158.215,300.945,stay,down,0,2
1775908789408,2052,61372,pvp,player_1,player_2,188.744,64.656,783.699,300.914,158.215,300.945,stay,down,0,2
1775908789408,2053,61388.39999997616,pvp,player_1,player_2,188.744,70.533,786.336,305.929,158.215,300.945,stay,down,0,2
1775908789408,2054,61405.299999952316,pvp,player_1,player_2,188.744,76.667,788.973,310.945,158.215,300.945,stay,down,0,2
1775908789408,2055,61421.699999928474,pvp,player_1,player_2,188.744,83.056,791.61,315.961,158.215,300.945,stay,down,0,2
1775908789408,2056,61438.5,pvp,player_1,player_2,188.744,89.7,794.247,320.977,158.215,300.945,stay,down,0,2
1775908789408,2057,61455.5,pvp,player_1,player_2,188.744,96.6,796.884,325.992,158.215,300.945,stay,down,0,2
1775908789408,2058,61471.89999997616,pvp,player_1,player_2,188.744,103.756,799.521,331.008,158.215,300.945,stay,down,0,2
1775908789408,2059,61488.5,pvp,player_1,player_2,188.744,111.167,802.158,336.024,158.215,300.945,stay,down,0,2
1775908789408,2060,61505.299999952316,pvp,player_1,player_2,188.744,118.833,804.795,341.04,158.215,300.945,stay,down,0,2
1775908789408,2061,61522,pvp,player_1,player_2,188.744,126.5,807.432,346.056,158.215,300.945,stay,down,0,2
1775908789408,2062,61538.699999928474,pvp,player_1,player_2,188.744,134.167,810.069,351.071,158.215,300.945,stay,down,0,2
1775908789408,2063,61555.5,pvp,player_1,player_2,188.744,141.833,812.706,356.087,158.215,300.945,stay,down,0,2
1775908789408,2064,61572.199999928474,pvp,player_1,player_2,188.744,149.5,815.342,361.103,158.215,300.945,stay,down,0,2
1775908789408,2065,61588.89999997616,pvp,player_1,player_2,188.744,157.167,817.979,366.119,158.215,300.945,stay,down,0,2
1775908789408,2066,61605.39999997616,pvp,player_1,player_2,188.744,164.833,820.616,371.134,158.215,300.945,stay,down,0,2
1775908789408,2067,61621.699999928474,pvp,player_1,player_2,188.744,172.5,823.253,376.15,158.215,300.945,stay,down,0,2
1775908789408,2068,61638.60000002384,pvp,player_1,player_2,188.744,180.167,825.89,381.166,158.215,300.945,stay,down,0,2
1775908789408,2069,61655.39999997616,pvp,player_1,player_2,188.744,187.833,828.527,386.182,158.215,300.945,stay,down,0,2
1775908789408,2070,61671.89999997616,pvp,player_1,player_2,188.744,195.5,831.164,391.197,158.215,300.945,stay,down,0,2
1775908789408,2071,61689.10000002384,pvp,player_1,player_2,188.744,203.167,833.801,396.213,158.215,300.945,stay,down,0,2
1775908789408,2072,61705.39999997616,pvp,player_1,player_2,188.744,210.833,836.438,401.229,158.215,300.945,stay,down,0,2
1775908789408,2073,61721.89999997616,pvp,player_1,player_2,188.744,218.5,839.075,406.245,158.215,300.945,stay,down,0,2
1775908789408,2074,61738.89999997616,pvp,player_1,player_2,188.744,226.167,841.712,411.26,158.215,300.945,stay,down,0,2
1775908789408,2075,61755.299999952316,pvp,player_1,player_2,188.744,233.833,844.348,416.276,158.215,300.945,stay,down,0,2
1775908789408,2076,61772.10000002384,pvp,player_1,player_2,188.744,241.5,846.985,421.292,158.215,300.945,stay,down,0,2
1775908789408,2077,61788.699999928474,pvp,player_1,player_2,188.744,249.167,849.622,426.308,158.215,300.945,stay,down,0,2
1775908789408,2078,61805.199999928474,pvp,player_1,player_2,188.744,256.833,852.259,431.323,158.215,300.945,stay,down,0,2
1775908789408,2079,61822,pvp,player_1,player_2,188.744,264.5,854.896,436.339,158.215,300.945,stay,down,0,2
1775908789408,2080,61838.199999928474,pvp,player_1,player_2,188.744,272.167,857.533,441.355,158.215,300.945,stay,down,0,2
1775908789408,2081,61855.39999997616,pvp,player_1,player_2,188.744,279.833,860.17,446.371,158.215,300.945,stay,down,0,2
1775908789408,2082,61872,pvp,player_1,player_2,188.744,287.5,862.807,451.386,158.215,300.945,stay,down,0,2
1775908789408,2083,61888.799999952316,pvp,player_1,player_2,188.744,295.167,865.444,456.402,158.215,300.945,stay,down,0,2
1775908789408,2084,61905.299999952316,pvp,player_1,player_2,188.744,302.833,868.081,461.418,158.215,300.945,stay,down,0,2
1775908789408,2085,61921.799999952316,pvp,player_1,player_2,188.744,310.5,870.718,466.434,158.215,300.945,stay,down,0,2
1775908789408,2086,61938.799999952316,pvp,player_1,player_2,188.744,318.167,873.355,471.449,158.215,300.945,stay,down,0,2
1775908789408,2087,61955.39999997616,pvp,player_1,player_2,188.744,325.833,875.991,476.465,158.215,300.945,stay,down,0,2
1775908789408,2088,61971.799999952316,pvp,player_1,player_2,188.744,333.5,878.628,481.481,158.215,300.945,stay,down,0,2
1775908789408,2089,61988.5,pvp,player_1,player_2,188.744,341.167,881.265,486.497,158.215,300.945,stay,down,0,2
1775908789408,2090,62004.89999997616,pvp,player_1,player_2,188.744,348.833,883.902,491.512,158.215,300.945,stay,down,0,2
1775908789408,2091,62022.199999928474,pvp,player_1,player_2,188.744,356.5,886.539,496.528,158.215,300.945,stay,down,0,2
1775908789408,2092,62038.699999928474,pvp,player_1,player_2,188.744,364.167,889.176,501.544,158.215,300.945,stay,down,0,2
1775908789408,2093,62055.39999997616,pvp,player_1,player_2,188.744,371.833,891.813,506.56,158.215,300.945,stay,down,0,2
1775908789408,2094,62072,pvp,player_1,player_2,188.744,379.5,894.45,511.575,158.215,300.945,stay,down,0,2
1775908789408,2095,62088.699999928474,pvp,player_1,player_2,188.744,387.167,897.087,516.591,158.215,300.945,stay,down,0,2
1775908789408,2096,62105,pvp,player_1,player_2,188.744,394.833,899.724,521.607,158.215,300.945,stay,down,0,2
1775908789408,2097,62121.699999928474,pvp,player_1,player_2,188.744,402.5,902.361,526.623,158.215,300.945,stay,down,0,2
1775908789408,2098,62138.799999952316,pvp,player_1,player_2,188.744,410.167,904.998,530,158.215,-300.945,stay,down,0,2
1775908789408,2099,62155.10000002384,pvp,player_1,player_2,188.744,417.833,907.634,524.984,158.215,-300.945,stay,down,0,2
1775908789408,2100,62171.799999952316,pvp,player_1,player_2,188.744,425.5,910.271,519.968,158.215,-300.945,stay,down,0,2
1775908789408,2101,62188.60000002384,pvp,player_1,player_2,188.744,433.167,912,514.953,-251.196,257.877,stay,down,0,2
1775908789408,2102,62205.299999952316,pvp,player_1,player_2,188.744,440.833,907.813,519.251,-251.196,257.877,stay,down,0,2
1775908789408,2103,62222.199999928474,pvp,player_1,player_2,188.744,444,903.627,523.549,-251.196,257.877,stay,down,0,2
1775908789408,2104,62238.699999928474,pvp,player_1,player_2,188.744,444,899.44,527.847,-251.196,257.877,stay,down,0,2
1775908789408,2105,62255.299999952316,pvp,player_1,player_2,188.744,444,895.254,530,-251.196,-257.877,stay,down,0,2
1775908789408,2106,62271.799999952316,pvp,player_1,player_2,188.744,444,891.067,525.702,-251.196,-257.877,stay,down,0,2
1775908789408,2107,62288.39999997616,pvp,player_1,player_2,188.744,444,886.88,521.404,-251.196,-257.877,stay,down,0,2
1775908789408,2108,62305.39999997616,pvp,player_1,player_2,188.744,444,882.694,517.106,-251.196,-257.877,stay,down,0,2
1775908789408,2109,62322.10000002384,pvp,player_1,player_2,188.744,444,878.507,512.808,-251.196,-257.877,stay,down,0,2
1775908789408,2110,62338.39999997616,pvp,player_1,player_2,188.744,444,874.321,508.51,-251.196,-257.877,stay,down,0,2
1775908789408,2111,62355.39999997616,pvp,player_1,player_2,188.744,444,870.134,504.212,-251.196,-257.877,stay,down,0,2
1775908789408,2112,62371.89999997616,pvp,player_1,player_2,188.744,444,865.947,499.914,-251.196,-257.877,stay,down,0,2
1775908789408,2113,62388.60000002384,pvp,player_1,player_2,188.744,444,861.761,495.616,-251.196,-257.877,stay,down,0,2
1775908789408,2114,62405.199999928474,pvp,player_1,player_2,188.744,444,857.574,491.318,-251.196,-257.877,stay,down,0,2
1775908789408,2115,62422,pvp,player_1,player_2,188.744,444,853.388,487.02,-251.196,-257.877,stay,down,0,2
1775908789408,2116,62438.299999952316,pvp,player_1,player_2,188.744,444,849.201,482.722,-251.196,-257.877,stay,down,0,2
1775908789408,2117,62455.299999952316,pvp,player_1,player_2,188.744,444,845.014,478.425,-251.196,-257.877,stay,down,0,2
1775908789408,2118,62472,pvp,player_1,player_2,188.744,444,840.828,474.127,-251.196,-257.877,stay,down,0,2
1775908789408,2119,62488.799999952316,pvp,player_1,player_2,188.744,444,836.641,469.829,-251.196,-257.877,stay,down,0,2
1775908789408,2120,62505.299999952316,pvp,player_1,player_2,188.744,444,832.455,465.531,-251.196,-257.877,stay,down,0,2
1775908789408,2121,62522.199999928474,pvp,player_1,player_2,188.744,444,828.268,461.233,-251.196,-257.877,stay,down,0,2
1775908789408,2122,62538.89999997616,pvp,player_1,player_2,188.744,444,824.082,456.935,-251.196,-257.877,stay,down,0,2
1775908789408,2123,62555.39999997616,pvp,player_1,player_2,188.744,444,819.895,452.637,-251.196,-257.877,stay,down,0,2
1775908789408,2124,62572.10000002384,pvp,player_1,player_2,188.744,444,815.708,448.339,-251.196,-257.877,stay,down,0,2
1775908789408,2125,62588.5,pvp,player_1,player_2,188.744,444,811.522,444.041,-251.196,-257.877,stay,down,0,2
1775908789408,2126,62605.299999952316,pvp,player_1,player_2,188.744,444,807.335,439.743,-251.196,-257.877,stay,down,0,2
1775908789408,2127,62622,pvp,player_1,player_2,188.744,444,803.149,435.445,-251.196,-257.877,stay,down,0,2
1775908789408,2128,62638.299999952316,pvp,player_1,player_2,188.744,444,798.962,431.147,-251.196,-257.877,stay,down,0,2
1775908789408,2129,62655.199999928474,pvp,player_1,player_2,188.744,444,794.775,426.849,-251.196,-257.877,stay,down,0,2
1775908789408,2130,62671.799999952316,pvp,player_1,player_2,188.744,444,790.589,422.551,-251.196,-257.877,stay,down,0,2
1775908789408,2131,62688.299999952316,pvp,player_1,player_2,188.744,444,786.402,418.253,-251.196,-257.877,stay,down,0,2
1775908789408,2132,62705.299999952316,pvp,player_1,player_2,188.744,444,782.216,413.955,-251.196,-257.877,stay,down,0,2
1775908789408,2133,62722.199999928474,pvp,player_1,player_2,188.744,444,778.029,409.657,-251.196,-257.877,stay,stay,0,2
1775908789408,2134,62738.60000002384,pvp,player_1,player_2,188.744,444,773.842,405.359,-251.196,-257.877,stay,stay,0,2
1775908789408,2135,62755.299999952316,pvp,player_1,player_2,188.744,444,769.656,401.061,-251.196,-257.877,stay,stay,0,2
1775908789408,2136,62771.699999928474,pvp,player_1,player_2,188.744,444,765.469,396.763,-251.196,-257.877,stay,stay,0,2
1775908789408,2137,62788.699999928474,pvp,player_1,player_2,188.744,444,761.283,392.465,-251.196,-257.877,stay,stay,0,2
1775908789408,2138,62805.39999997616,pvp,player_1,player_2,188.744,444,757.096,388.167,-251.196,-257.877,stay,stay,0,2
1775908789408,2139,62822.10000002384,pvp,player_1,player_2,188.744,444,752.909,383.87,-251.196,-257.877,stay,stay,0,2
1775908789408,2140,62838.699999928474,pvp,player_1,player_2,188.744,444,748.723,379.572,-251.196,-257.877,stay,stay,0,2
1775908789408,2141,62855.39999997616,pvp,player_1,player_2,188.744,444,744.536,375.274,-251.196,-257.877,stay,stay,0,2
1775908789408,2142,62872,pvp,player_1,player_2,188.744,444,740.35,370.976,-251.196,-257.877,stay,stay,0,2
1775908789408,2143,62888.799999952316,pvp,player_1,player_2,188.744,444,736.163,366.678,-251.196,-257.877,stay,stay,0,2
1775908789408,2144,62905.39999997616,pvp,player_1,player_2,188.744,444,731.976,362.38,-251.196,-257.877,stay,stay,0,2
1775908789408,2145,62922.10000002384,pvp,player_1,player_2,188.744,444,727.79,358.082,-251.196,-257.877,stay,stay,0,2
1775908789408,2146,62938.60000002384,pvp,player_1,player_2,188.744,444,723.603,353.784,-251.196,-257.877,stay,stay,0,2
1775908789408,2147,62955.299999952316,pvp,player_1,player_2,188.744,444,719.417,349.486,-251.196,-257.877,stay,stay,0,2
1775908789408,2148,62971.89999997616,pvp,player_1,player_2,189,444,715.23,345.188,-251.196,-257.877,down,stay,0,2
1775908789408,2149,62988.39999997616,pvp,player_1,player_2,189.511,444,711.043,340.89,-251.196,-257.877,down,stay,0,2
1775908789408,2150,63005.10000002384,pvp,player_1,player_2,190.278,444,706.857,336.592,-251.196,-257.877,down,stay,0,2
1775908789408,2151,63021.60000002384,pvp,player_1,player_2,191.3,444,702.67,332.294,-251.196,-257.877,down,stay,0,2
1775908789408,2152,63038.299999952316,pvp,player_1,player_2,192.578,444,698.484,327.996,-251.196,-257.877,down,stay,0,2
1775908789408,2153,63055.299999952316,pvp,player_1,player_2,194.111,444,694.297,323.698,-251.196,-257.877,down,stay,0,2
1775908789408,2154,63072,pvp,player_1,player_2,195.9,444,690.11,319.4,-251.196,-257.877,down,stay,0,2
1775908789408,2155,63088.60000002384,pvp,player_1,player_2,197.944,444,685.924,315.102,-251.196,-257.877,down,stay,0,2
1775908789408,2156,63105.199999928474,pvp,player_1,player_2,200.244,444,681.737,310.804,-251.196,-257.877,down,stay,0,2
1775908789408,2157,63121.799999952316,pvp,player_1,player_2,202.8,444,677.551,306.506,-251.196,-257.877,down,stay,0,2
1775908789408,2158,63138.799999952316,pvp,player_1,player_2,205.611,444,673.364,302.208,-251.196,-257.877,down,stay,0,2
1775908789408,2159,63155.39999997616,pvp,player_1,player_2,208.678,444,669.177,297.91,-251.196,-257.877,down,stay,0,2
1775908789408,2160,63172,pvp,player_1,player_2,212,444,664.991,293.612,-251.196,-257.877,down,stay,0,2
1775908789408,2161,63188.5,pvp,player_1,player_2,215.578,444,660.804,289.314,-251.196,-257.877,down,stay,0,2
1775908789408,2162,63205.199999928474,pvp,player_1,player_2,219.411,444,656.618,285.017,-251.196,-257.877,down,stay,0,2
1775908789408,2163,63221.89999997616,pvp,player_1,player_2,223.5,444,652.431,280.719,-251.196,-257.877,down,stay,0,2
1775908789408,2164,63238.60000002384,pvp,player_1,player_2,227.844,444,648.245,276.421,-251.196,-257.877,down,stay,0,2
1775908789408,2165,63255.10000002384,pvp,player_1,player_2,232.444,444,644.058,272.123,-251.196,-257.877,down,stay,0,2
1775908789408,2166,63271.89999997616,pvp,player_1,player_2,237.3,444,639.871,267.825,-251.196,-257.877,down,stay,0,2
1775908789408,2167,63288.199999928474,pvp,player_1,player_2,242.411,444,635.685,263.527,-251.196,-257.877,down,stay,0,2
1775908789408,2168,63305.10000002384,pvp,player_1,player_2,247.778,444,631.498,259.229,-251.196,-257.877,down,stay,0,2
1775908789408,2169,63322,pvp,player_1,player_2,253.4,444,627.312,254.931,-251.196,-257.877,down,stay,0,2
1775908789408,2170,63338.60000002384,pvp,player_1,player_2,259.278,444,623.125,250.633,-251.196,-257.877,down,stay,0,2
1775908789408,2171,63355.199999928474,pvp,player_1,player_2,265.411,444,618.938,246.335,-251.196,-257.877,down,stay,0,2
1775908789408,2172,63371.799999952316,pvp,player_1,player_2,271.8,444,614.752,242.037,-251.196,-257.877,down,stay,0,2
1775908789408,2173,63388.60000002384,pvp,player_1,player_2,278.444,444,610.565,237.739,-251.196,-257.877,down,stay,0,2
1775908789408,2174,63405,pvp,player_1,player_2,285.344,444,606.379,233.441,-251.196,-257.877,down,stay,0,2
1775908789408,2175,63422.10000002384,pvp,player_1,player_2,292.5,444,602.192,229.143,-251.196,-257.877,down,stay,0,2
1775908789408,2176,63438.299999952316,pvp,player_1,player_2,299.911,444,598.005,224.845,-251.196,-257.877,down,stay,0,2
1775908789408,2177,63455.299999952316,pvp,player_1,player_2,307.578,444,593.819,220.547,-251.196,-257.877,down,stay,0,2
1775908789408,2178,63472,pvp,player_1,player_2,315.244,444,589.632,216.249,-251.196,-257.877,down,stay,0,2
1775908789408,2179,63488.699999928474,pvp,player_1,player_2,322.911,444,585.446,211.951,-251.196,-257.877,down,stay,0,2
1775908789408,2180,63505.10000002384,pvp,player_1,player_2,330.383,444,581.259,207.653,-251.196,-257.877,stay,stay,0,2
1775908789408,2181,63521.89999997616,pvp,player_1,player_2,337.661,444,577.072,203.355,-251.196,-257.877,stay,stay,0,2
1775908789408,2182,63538.799999952316,pvp,player_1,player_2,344.744,444,572.886,199.057,-251.196,-257.877,stay,stay,0,2
1775908789408,2183,63555.5,pvp,player_1,player_2,351.633,444,568.699,194.759,-251.196,-257.877,stay,stay,0,2
1775908789408,2184,63572,pvp,player_1,player_2,358.328,444,564.513,190.461,-251.196,-257.877,stay,stay,0,2
1775908789408,2185,63588.699999928474,pvp,player_1,player_2,364.828,444,560.326,186.164,-251.196,-257.877,stay,stay,0,2
1775908789408,2186,63605.39999997616,pvp,player_1,player_2,371.133,444,556.139,181.866,-251.196,-257.877,stay,stay,0,2
1775908789408,2187,63621.89999997616,pvp,player_1,player_2,377.078,444,551.953,177.568,-251.196,-257.877,up,stay,0,2
1775908789408,2188,63638.799999952316,pvp,player_1,player_2,382.661,444,547.766,173.27,-251.196,-257.877,up,stay,0,2
1775908789408,2189,63655.199999928474,pvp,player_1,player_2,387.883,444,543.58,168.972,-251.196,-257.877,up,stay,0,2
1775908789408,2190,63671.699999928474,pvp,player_1,player_2,392.744,444,539.393,164.674,-251.196,-257.877,up,stay,0,2
1775908789408,2191,63688.39999997616,pvp,player_1,player_2,397.244,444,535.206,160.376,-251.196,-257.877,up,stay,0,2
1775908789408,2192,63705.39999997616,pvp,player_1,player_2,401.383,444,531.02,156.078,-251.196,-257.877,up,stay,0,2
1775908789408,2193,63721.699999928474,pvp,player_1,player_2,405.161,444,526.833,151.78,-251.196,-257.877,up,stay,0,2
1775908789408,2194,63738.60000002384,pvp,player_1,player_2,408.578,444,522.647,147.482,-251.196,-257.877,up,stay,0,2
1775908789408,2195,63755.299999952316,pvp,player_1,player_2,411.633,444,518.46,143.184,-251.196,-257.877,up,stay,0,2
1775908789408,2196,63771.89999997616,pvp,player_1,player_2,414.328,444,514.273,138.886,-251.196,-257.877,up,stay,0,2
1775908789408,2197,63788.39999997616,pvp,player_1,player_2,416.661,444,510.087,134.588,-251.196,-257.877,up,stay,0,2
1775908789408,2198,63805.199999928474,pvp,player_1,player_2,418.633,444,505.9,130.29,-251.196,-257.877,up,stay,0,2
1775908789408,2199,63821.89999997616,pvp,player_1,player_2,420.244,444,501.714,125.992,-251.196,-257.877,up,stay,0,2
1775908789408,2200,63838.60000002384,pvp,player_1,player_2,421.494,444,497.527,121.694,-251.196,-257.877,up,stay,0,2
1775908789408,2201,63855.199999928474,pvp,player_1,player_2,422.383,444,493.341,117.396,-251.196,-257.877,up,stay,0,2
1775908789408,2202,63871.89999997616,pvp,player_1,player_2,422.911,444,489.154,113.098,-251.196,-257.877,up,stay,0,2
1775908789408,2203,63888.5,pvp,player_1,player_2,423.078,444,484.967,108.8,-251.196,-257.877,up,stay,0,2
1775908789408,2204,63905.39999997616,pvp,player_1,player_2,422.883,444,480.781,104.502,-251.196,-257.877,up,stay,0,2
1775908789408,2205,63921.799999952316,pvp,player_1,player_2,422.433,444,476.594,100.204,-251.196,-257.877,up,stay,0,2
1775908789408,2206,63938.299999952316,pvp,player_1,player_2,421.728,444,472.408,95.906,-251.196,-257.877,up,stay,0,2
1775908789408,2207,63955.199999928474,pvp,player_1,player_2,420.767,444,468.221,91.609,-251.196,-257.877,up,stay,0,2
1775908789408,2208,63972.10000002384,pvp,player_1,player_2,419.55,444,464.034,87.311,-251.196,-257.877,up,stay,0,2
1775908789408,2209,63988.699999928474,pvp,player_1,player_2,418.078,444,459.848,83.013,-251.196,-257.877,up,stay,0,2
1775908789408,2210,64005.39999997616,pvp,player_1,player_2,416.35,444,455.661,78.715,-251.196,-257.877,up,stay,0,2
1775908789408,2211,64022.10000002384,pvp,player_1,player_2,414.367,444,451.475,74.417,-251.196,-257.877,up,stay,0,2
1775908789408,2212,64038.60000002384,pvp,player_1,player_2,412.128,444,447.288,70.119,-251.196,-257.877,up,stay,0,2
1775908789408,2213,64055.199999928474,pvp,player_1,player_2,409.633,444,443.101,65.821,-251.196,-257.877,up,stay,0,2
1775908789408,2214,64071.699999928474,pvp,player_1,player_2,406.883,444,438.915,61.523,-251.196,-257.877,up,stay,0,2
1775908789408,2215,64088.699999928474,pvp,player_1,player_2,403.878,444,434.728,57.225,-251.196,-257.877,up,stay,0,2
1775908789408,2216,64105.39999997616,pvp,player_1,player_2,400.617,444,430.542,52.927,-251.196,-257.877,up,stay,0,2
1775908789408,2217,64121.60000002384,pvp,player_1,player_2,397.1,444,426.355,48.629,-251.196,-257.877,up,stay,0,2
1775908789408,2218,64138.60000002384,pvp,player_1,player_2,393.328,444,422.168,44.331,-251.196,-257.877,up,stay,0,2
1775908789408,2219,64155.299999952316,pvp,player_1,player_2,389.3,444,417.982,40.033,-251.196,-257.877,up,stay,0,2
1775908789408,2220,64171.699999928474,pvp,player_1,player_2,385.017,444,413.795,35.735,-251.196,-257.877,up,stay,0,2
1775908789408,2221,64188.10000002384,pvp,player_1,player_2,380.478,444,409.609,31.437,-251.196,-257.877,up,stay,0,2
1775908789408,2222,64205.299999952316,pvp,player_1,player_2,375.683,444,405.422,27.139,-251.196,-257.877,up,stay,0,2
1775908789408,2223,64221.799999952316,pvp,player_1,player_2,370.633,444,401.235,22.841,-251.196,-257.877,up,stay,0,2
1775908789408,2224,64238.5,pvp,player_1,player_2,365.328,444,397.049,18.543,-251.196,-257.877,up,stay,0,2
1775908789408,2225,64255.199999928474,pvp,player_1,player_2,359.767,444,392.862,14.245,-251.196,-257.877,up,stay,0,2
1775908789408,2226,64271.799999952316,pvp,player_1,player_2,353.95,444,388.676,10,-251.196,257.877,up,stay,0,2
1775908789408,2227,64288.699999928474,pvp,player_1,player_2,347.878,444,384.489,14.298,-251.196,257.877,up,stay,0,2
1775908789408,2228,64305.199999928474,pvp,player_1,player_2,341.55,444,380.302,18.596,-251.196,257.877,up,stay,0,2
1775908789408,2229,64322.199999928474,pvp,player_1,player_2,334.967,444,376.116,22.894,-251.196,257.877,up,stay,0,2
1775908789408,2230,64338.699999928474,pvp,player_1,player_2,328.128,444,371.929,27.192,-251.196,257.877,up,stay,0,2
1775908789408,2231,64354.799999952316,pvp,player_1,player_2,321.033,444,367.743,31.49,-251.196,257.877,up,stay,0,2
1775908789408,2232,64371.799999952316,pvp,player_1,player_2,313.683,444,363.556,35.788,-251.196,257.877,up,stay,0,2
1775908789408,2233,64388.39999997616,pvp,player_1,player_2,306.078,444,359.369,40.086,-251.196,257.877,up,stay,0,2
1775908789408,2234,64405.39999997616,pvp,player_1,player_2,298.411,444,355.183,44.384,-251.196,257.877,up,stay,0,2
1775908789408,2235,64421.89999997616,pvp,player_1,player_2,290.744,444,350.996,48.682,-251.196,257.877,up,stay,0,2
1775908789408,2236,64438.199999928474,pvp,player_1,player_2,283.078,444,346.81,52.98,-251.196,257.877,up,stay,0,2
1775908789408,2237,64455.699999928474,pvp,player_1,player_2,275.411,444,342.623,57.278,-251.196,257.877,up,stay,0,2
1775908789408,2238,64472,pvp,player_1,player_2,267.744,444,338.437,61.575,-251.196,257.877,up,stay,0,2
1775908789408,2239,64488.299999952316,pvp,player_1,player_2,260.078,444,334.25,65.873,-251.196,257.877,up,stay,0,2
1775908789408,2240,64505.299999952316,pvp,player_1,player_2,252.411,444,330.063,70.171,-251.196,257.877,up,stay,0,2
1775908789408,2241,64522,pvp,player_1,player_2,244.939,444,325.877,74.469,-251.196,257.877,stay,stay,0,2
1775908789408,2242,64538.5,pvp,player_1,player_2,237.661,444,321.69,78.767,-251.196,257.877,stay,stay,0,2
1775908789408,2243,64555.199999928474,pvp,player_1,player_2,230.578,444,317.504,83.065,-251.196,257.877,stay,stay,0,2
1775908789408,2244,64571.799999952316,pvp,player_1,player_2,223.689,444,313.317,87.363,-251.196,257.877,stay,stay,0,2
1775908789408,2245,64588.5,pvp,player_1,player_2,216.994,444,309.13,91.661,-251.196,257.877,stay,stay,0,2
1775908789408,2246,64605.299999952316,pvp,player_1,player_2,210.494,444,304.944,95.959,-251.196,257.877,stay,stay,0,2
1775908789408,2247,64621.699999928474,pvp,player_1,player_2,204.189,444,300.757,100.257,-251.196,257.877,stay,stay,0,2
1775908789408,2248,64638.699999928474,pvp,player_1,player_2,198.078,444,296.571,104.555,-251.196,257.877,stay,stay,0,2
1775908789408,2249,64655.10000002384,pvp,player_1,player_2,192.161,444,292.384,108.853,-251.196,257.877,stay,stay,0,2
1775908789408,2250,64671.89999997616,pvp,player_1,player_2,186.439,444,288.197,113.151,-251.196,257.877,stay,stay,0,2
1775908789408,2251,64688.699999928474,pvp,player_1,player_2,180.911,444,284.011,117.449,-251.196,257.877,stay,stay,0,2
1775908789408,2252,64705.10000002384,pvp,player_1,player_2,175.578,444,279.824,121.747,-251.196,257.877,stay,stay,0,2
1775908789408,2253,64721.699999928474,pvp,player_1,player_2,170.439,444,275.638,126.045,-251.196,257.877,stay,stay,0,2
1775908789408,2254,64738.5,pvp,player_1,player_2,165.661,444,271.451,130.343,-251.196,257.877,down,stay,0,2
1775908789408,2255,64755.39999997616,pvp,player_1,player_2,161.244,444,267.264,134.641,-251.196,257.877,down,stay,0,2
1775908789408,2256,64771.799999952316,pvp,player_1,player_2,157.189,444,263.078,138.939,-251.196,257.877,down,stay,0,2
1775908789408,2257,64788.60000002384,pvp,player_1,player_2,153.494,444,258.891,143.237,-251.196,257.877,down,stay,0,2
1775908789408,2258,64805.199999928474,pvp,player_1,player_2,150.161,444,254.705,147.535,-251.196,257.877,down,stay,0,2
1775908789408,2259,64822,pvp,player_1,player_2,147.189,444,250.518,151.833,-251.196,257.877,down,stay,0,2
1775908789408,2260,64838.5,pvp,player_1,player_2,144.578,444,246.331,156.13,-251.196,257.877,down,stay,0,2
1775908789408,2261,64855.5,pvp,player_1,player_2,142.328,444,242.145,160.428,-251.196,257.877,down,stay,0,2
1775908789408,2262,64872,pvp,player_1,player_2,140.439,444,237.958,164.726,-251.196,257.877,down,stay,0,2
1775908789408,2263,64888.60000002384,pvp,player_1,player_2,138.911,444,233.772,169.024,-251.196,257.877,down,stay,0,2
1775908789408,2264,64905.199999928474,pvp,player_1,player_2,137.744,444,229.585,173.322,-251.196,257.877,down,stay,0,2
1775908789408,2265,64922,pvp,player_1,player_2,136.939,444,225.398,177.62,-251.196,257.877,down,stay,0,2
1775908789408,2266,64938.39999997616,pvp,player_1,player_2,136.494,444,221.212,181.918,-251.196,257.877,down,stay,0,2
1775908789408,2267,64955.199999928474,pvp,player_1,player_2,136.411,444,217.025,186.216,-251.196,257.877,down,stay,0,2
1775908789408,2268,64971.799999952316,pvp,player_1,player_2,136.689,444,212.839,190.514,-251.196,257.877,down,stay,0,2
1775908789408,2269,64988.5,pvp,player_1,player_2,137.222,444,208.652,194.812,-251.196,257.877,down,stay,0,2
1775908789408,2270,65005,pvp,player_1,player_2,138.011,444,204.465,199.11,-251.196,257.877,down,stay,0,2
1775908789408,2271,65021.699999928474,pvp,player_1,player_2,139.056,444,200.279,203.408,-251.196,257.877,down,stay,0,2
1775908789408,2272,65038.199999928474,pvp,player_1,player_2,140.356,444,196.092,207.706,-251.196,257.877,down,stay,0,2
1775908789408,2273,65055.10000002384,pvp,player_1,player_2,141.911,444,191.906,212.004,-251.196,257.877,down,stay,0,2
1775908789408,2274,65072.10000002384,pvp,player_1,player_2,143.722,444,187.719,216.302,-251.196,257.877,down,stay,0,2
1775908789408,2275,65088.699999928474,pvp,player_1,player_2,145.789,444,183.532,220.6,-251.196,257.877,down,stay,0,2
1775908789408,2276,65105.199999928474,pvp,player_1,player_2,147.661,444,179.346,224.898,-251.196,257.877,stay,stay,0,2
1775908789408,2277,65121.89999997616,pvp,player_1,player_2,149.339,444,175.159,229.196,-251.196,257.877,stay,stay,0,2
1775908789408,2278,65138.5,pvp,player_1,player_2,150.822,444,170.973,233.494,-251.196,257.877,stay,stay,0,2
1775908789408,2279,65155.199999928474,pvp,player_1,player_2,152.111,444,166.786,237.792,-251.196,257.877,stay,stay,0,2
1775908789408,2280,65171.60000002384,pvp,player_1,player_2,153.206,444,162.6,242.09,-251.196,257.877,stay,stay,0,2
1775908789408,2281,65188.699999928474,pvp,player_1,player_2,154.106,444,158.413,246.388,-251.196,257.877,stay,stay,0,2
1775908789408,2282,65205.299999952316,pvp,player_1,player_2,154.811,444,154.226,250.686,-251.196,257.877,stay,stay,0,2
1775908789408,2283,65222.10000002384,pvp,player_1,player_2,155.772,444,150.04,254.983,-251.196,257.877,down,stay,0,2
1775908789408,2284,65238.699999928474,pvp,player_1,player_2,156.989,444,145.853,259.281,-251.196,257.877,down,stay,0,2
1775908789408,2285,65255.299999952316,pvp,player_1,player_2,158.461,444,141.667,263.579,-251.196,257.877,down,stay,0,2
1775908789408,2286,65271.699999928474,pvp,player_1,player_2,160.189,444,137.48,267.877,-251.196,257.877,down,stay,0,2
1775908789408,2287,65288.60000002384,pvp,player_1,player_2,162.172,444,133.293,272.175,-251.196,257.877,down,stay,0,2
1775908789408,2288,65305.10000002384,pvp,player_1,player_2,164.411,444,129.107,276.473,-251.196,257.877,down,stay,0,2
1775908789408,2289,65321.89999997616,pvp,player_1,player_2,166.906,444,124.92,280.771,-251.196,257.877,down,stay,0,2
1775908789408,2290,65338.799999952316,pvp,player_1,player_2,169.656,444,120.734,285.069,-251.196,257.877,down,stay,0,2
1775908789408,2291,65355.199999928474,pvp,player_1,player_2,172.661,444,116.547,289.367,-251.196,257.877,down,stay,0,2
1775908789408,2292,65371.799999952316,pvp,player_1,player_2,175.922,444,112.36,293.665,-251.196,257.877,down,stay,0,2
1775908789408,2293,65388.299999952316,pvp,player_1,player_2,179.439,444,108.174,297.963,-251.196,257.877,down,stay,0,2
1775908789408,2294,65405,pvp,player_1,player_2,183.211,444,103.987,302.261,-251.196,257.877,down,stay,0,2
1775908789408,2295,65421.89999997616,pvp,player_1,player_2,187.239,444,99.801,306.559,-251.196,257.877,down,stay,0,2
1775908789408,2296,65438.5,pvp,player_1,player_2,191.522,444,95.614,310.857,-251.196,257.877,down,stay,0,2
1775908789408,2297,65454.89999997616,pvp,player_1,player_2,196.061,444,91.427,315.155,-251.196,257.877,down,stay,0,2
1775908789408,2298,65471.60000002384,pvp,player_1,player_2,200.856,444,87.241,319.453,-251.196,257.877,down,stay,0,2
1775908789408,2299,65488.199999928474,pvp,player_1,player_2,205.906,444,83.054,323.751,-251.196,257.877,down,stay,0,2
1775908789408,2300,65505.299999952316,pvp,player_1,player_2,211.211,444,78.868,328.049,-251.196,257.877,down,stay,0,2
1775908789408,2301,65521.799999952316,pvp,player_1,player_2,216.772,444,74.681,332.347,-251.196,257.877,down,stay,0,2
1775908789408,2302,65538.5,pvp,player_1,player_2,222.589,444,70.494,336.645,-251.196,257.877,down,stay,0,2
1775908789408,2303,65555.39999997616,pvp,player_1,player_2,228.661,444,66.308,340.943,-251.196,257.877,down,stay,0,2
1775908789408,2304,65572,pvp,player_1,player_2,234.989,444,62.121,345.241,-251.196,257.877,down,stay,0,2
1775908789408,2305,65588.19999992847,pvp,player_1,player_2,241.572,444,57.935,349.539,-251.196,257.877,down,stay,0,2
1775908789408,2306,65605.29999995232,pvp,player_1,player_2,248.411,444,53.748,353.836,-251.196,257.877,down,stay,0,2
1775908789408,2307,65621.89999997616,pvp,player_1,player_2,255.506,444,49.561,358.134,-251.196,257.877,down,stay,0,2
1775908789408,2308,65638.60000002384,pvp,player_1,player_2,262.856,444,48,362.432,160.595,344.397,down,stay,0,2
1775908789408,2309,65655.19999992847,pvp,player_1,player_2,270.461,444,50.677,368.172,160.595,344.397,down,stay,0,2
1775908789408,2310,65672,pvp,player_1,player_2,278.128,444,53.353,373.912,160.595,344.397,down,stay,0,2
1775908789408,2311,65688.60000002384,pvp,player_1,player_2,285.794,444,56.03,379.652,160.595,344.397,down,stay,0,2
1775908789408,2312,65705.10000002384,pvp,player_1,player_2,293.461,444,58.706,385.392,160.595,344.397,down,stay,0,2
1775908789408,2313,65721.89999997616,pvp,player_1,player_2,301.128,444,61.383,391.132,160.595,344.397,down,stay,0,2
1775908789408,2314,65738.5,pvp,player_1,player_2,308.794,444,64.059,396.872,160.595,344.397,down,stay,0,2
1775908789408,2315,65755.39999997616,pvp,player_1,player_2,316.461,444,66.736,402.612,160.595,344.397,down,stay,0,2
1775908789408,2316,65772,pvp,player_1,player_2,324.128,444,69.413,408.352,160.595,344.397,down,stay,0,2
1775908789408,2317,65788.29999995232,pvp,player_1,player_2,331.794,444,72.089,414.092,160.595,344.397,down,stay,0,2
1775908789408,2318,65805.29999995232,pvp,player_1,player_2,339.461,444,74.766,419.832,160.595,344.397,down,stay,0,2
1775908789408,2319,65821.79999995232,pvp,player_1,player_2,347.128,444,77.442,425.572,160.595,344.397,down,stay,0,2
1775908789408,2320,65838.69999992847,pvp,player_1,player_2,354.794,444,80.119,431.312,160.595,344.397,down,stay,0,2
1775908789408,2321,65855,pvp,player_1,player_2,362.461,444,82.796,437.052,160.595,344.397,down,stay,0,2
1775908789408,2322,65871.79999995232,pvp,player_1,player_2,370.128,444,85.472,442.792,160.595,344.397,down,stay,0,2
1775908789408,2323,65888.60000002384,pvp,player_1,player_2,377.794,444,88.149,448.532,160.595,344.397,down,stay,0,2
1775908789408,2324,65905.19999992847,pvp,player_1,player_2,385.461,444,90.825,454.272,160.595,344.397,down,stay,0,2
1775908789408,2325,65922,pvp,player_1,player_2,393.128,444,93.502,460.012,160.595,344.397,down,stay,0,2
1775908789408,2326,65938.69999992847,pvp,player_1,player_2,400.794,444,96.178,465.751,160.595,344.397,down,stay,0,2
1775908789408,2327,65955.5,pvp,player_1,player_2,408.461,444,98.855,471.491,160.595,344.397,down,stay,0,2
1775908789408,2328,65971.69999992847,pvp,player_1,player_2,416.128,444,101.532,477.231,160.595,344.397,down,stay,0,2
1775908789408,2329,65988.69999992847,pvp,player_1,player_2,423.794,444,104.208,482.971,160.595,344.397,down,stay,0,2
1775908789408,2330,66004.89999997616,pvp,player_1,player_2,431.461,444,106.885,488.711,160.595,344.397,down,stay,0,2
1775908789408,2331,66021.5,pvp,player_1,player_2,439.128,444,109.561,494.451,160.595,344.397,down,stay,0,2
1775908789408,2332,66038.5,pvp,player_1,player_2,444,444,112.238,500.191,160.595,344.397,down,stay,0,2
1775908789408,2333,66055.19999992847,pvp,player_1,player_2,444,444,114.915,505.931,160.595,344.397,down,stay,0,2
1775908789408,2334,66072.10000002384,pvp,player_1,player_2,444,444,117.591,511.671,160.595,344.397,down,stay,0,2
1775908789408,2335,66088.5,pvp,player_1,player_2,444,444,120.268,517.411,160.595,344.397,down,stay,0,2
1775908789408,2336,66105.19999992847,pvp,player_1,player_2,444,444,122.944,523.151,160.595,344.397,down,stay,0,2
1775908789408,2337,66121.79999995232,pvp,player_1,player_2,444,444,125.621,528.891,160.595,344.397,down,stay,0,2
1775908789408,2338,66138.79999995232,pvp,player_1,player_2,444,444,128.297,530,160.595,-344.397,down,stay,0,2
1775908789408,2339,66155.10000002384,pvp,player_1,player_2,444,444,130.974,524.26,160.595,-344.397,stay,stay,0,2
1775908789408,2340,66171.79999995232,pvp,player_1,player_2,444,444,133.651,518.52,160.595,-344.397,stay,stay,0,2
1775908789408,2341,66188.29999995232,pvp,player_1,player_2,444,444,136.327,512.78,160.595,-344.397,stay,stay,0,2
1775908789408,2342,66205.29999995232,pvp,player_1,player_2,444,444,139.004,507.04,160.595,-344.397,stay,stay,0,2
1775908789408,2343,66221.79999995232,pvp,player_1,player_2,444,444,141.68,501.3,160.595,-344.397,stay,stay,0,2
1775908789408,2344,66238.60000002384,pvp,player_1,player_2,444,444,144.357,495.56,160.595,-344.397,stay,stay,0,2
1775908789408,2345,66255.39999997616,pvp,player_1,player_2,444,444,147.034,489.82,160.595,-344.397,stay,stay,0,2
1775908789408,2346,66272,pvp,player_1,player_2,444,444,149.71,484.08,160.595,-344.397,stay,stay,0,2
1775908789408,2347,66288.69999992847,pvp,player_1,player_2,444,444,152.387,478.34,160.595,-344.397,stay,stay,0,2
1775908789408,2348,66305.10000002384,pvp,player_1,player_2,444,444,155.063,472.601,160.595,-344.397,stay,stay,0,2
1775908789408,2349,66321.89999997616,pvp,player_1,player_2,444,444,157.74,466.861,160.595,-344.397,stay,stay,0,2
1775908789408,2350,66338.29999995232,pvp,player_1,player_2,444,444,160.416,461.121,160.595,-344.397,stay,stay,0,2
1775908789408,2351,66355.29999995232,pvp,player_1,player_2,444,444,163.093,455.381,160.595,-344.397,stay,stay,0,2
1775908789408,2352,66371.89999997616,pvp,player_1,player_2,444,444,165.77,449.641,160.595,-344.397,stay,stay,0,2
1775908789408,2353,66388.69999992847,pvp,player_1,player_2,444,444,168.446,443.901,160.595,-344.397,stay,stay,0,2
1775908789408,2354,66405.19999992847,pvp,player_1,player_2,444,444,171.123,438.161,160.595,-344.397,stay,stay,0,2
1775908789408,2355,66421.69999992847,pvp,player_1,player_2,444,444,173.799,432.421,160.595,-344.397,stay,stay,0,2
1775908789408,2356,66438.29999995232,pvp,player_1,player_2,444,444,176.476,426.681,160.595,-344.397,stay,stay,0,2
1775908789408,2357,66454.89999997616,pvp,player_1,player_2,444,444,179.153,420.941,160.595,-344.397,stay,stay,0,2
1775908789408,2358,66472,pvp,player_1,player_2,444,444,181.829,415.201,160.595,-344.397,stay,stay,0,2
1775908789408,2359,66488.29999995232,pvp,player_1,player_2,444,444,184.506,409.461,160.595,-344.397,stay,stay,0,2
1775908789408,2360,66505.29999995232,pvp,player_1,player_2,444,444,187.182,403.721,160.595,-344.397,stay,stay,0,2
1775908789408,2361,66521.89999997616,pvp,player_1,player_2,444,444,189.859,397.981,160.595,-344.397,stay,stay,0,2
1775908789408,2362,66538.5,pvp,player_1,player_2,444,444,192.535,392.241,160.595,-344.397,stay,stay,0,2
1775908789408,2363,66554.89999997616,pvp,player_1,player_2,444,444,195.212,386.501,160.595,-344.397,stay,stay,0,2
1775908789408,2364,66571.79999995232,pvp,player_1,player_2,444,444,197.889,380.761,160.595,-344.397,stay,stay,0,2
1775908789408,2365,66588.60000002384,pvp,player_1,player_2,444,444,200.565,375.021,160.595,-344.397,stay,stay,0,2
1775908789408,2366,66605,pvp,player_1,player_2,444,444,203.242,369.281,160.595,-344.397,stay,stay,0,2
1775908789408,2367,66621.79999995232,pvp,player_1,player_2,444,444,205.918,363.541,160.595,-344.397,stay,stay,0,2
1775908789408,2368,66638.5,pvp,player_1,player_2,444,444,208.595,357.802,160.595,-344.397,stay,stay,0,2
1775908789408,2369,66655.29999995232,pvp,player_1,player_2,444,444,211.272,352.062,160.595,-344.397,stay,stay,0,2
1775908789408,2370,66671.79999995232,pvp,player_1,player_2,444,444,213.948,346.322,160.595,-344.397,stay,stay,0,2
1775908789408,2371,66688.5,pvp,player_1,player_2,444,444,216.625,340.582,160.595,-344.397,stay,stay,0,2
1775908789408,2372,66705.39999997616,pvp,player_1,player_2,444,444,219.301,334.842,160.595,-344.397,stay,stay,0,2
1775908789408,2373,66721.5,pvp,player_1,player_2,444,444,221.978,329.102,160.595,-344.397,stay,stay,0,2
1775908789408,2374,66738.39999997616,pvp,player_1,player_2,444,443.744,224.654,323.362,160.595,-344.397,stay,up,0,2
1775908789408,2375,66755,pvp,player_1,player_2,444,443.233,227.331,317.622,160.595,-344.397,stay,up,0,2
1775908789408,2376,66771.89999997616,pvp,player_1,player_2,444,442.467,230.008,311.882,160.595,-344.397,stay,up,0,2
1775908789408,2377,66788.60000002384,pvp,player_1,player_2,444,441.444,232.684,306.142,160.595,-344.397,stay,up,0,2
1775908789408,2378,66805,pvp,player_1,player_2,444,440.167,235.361,300.402,160.595,-344.397,stay,up,0,2
1775908789408,2379,66821.60000002384,pvp,player_1,player_2,444,438.633,238.037,294.662,160.595,-344.397,stay,up,0,2
1775908789408,2380,66838.69999992847,pvp,player_1,player_2,444,436.844,240.714,288.922,160.595,-344.397,stay,up,0,2
1775908789408,2381,66855.29999995232,pvp,player_1,player_2,444,434.8,243.391,283.182,160.595,-344.397,stay,up,0,2
1775908789408,2382,66871.79999995232,pvp,player_1,player_2,444,432.5,246.067,277.442,160.595,-344.397,stay,up,0,2
1775908789408,2383,66888.39999997616,pvp,player_1,player_2,444,429.944,248.744,271.702,160.595,-344.397,stay,up,0,2
1775908789408,2384,66905.10000002384,pvp,player_1,player_2,444,427.133,251.42,265.962,160.595,-344.397,stay,up,0,2
1775908789408,2385,66921.5,pvp,player_1,player_2,444,424.067,254.097,260.222,160.595,-344.397,stay,up,0,2
1775908789408,2386,66938.5,pvp,player_1,player_2,444,420.744,256.773,254.482,160.595,-344.397,stay,up,0,2
1775908789408,2387,66955.39999997616,pvp,player_1,player_2,444,417.167,259.45,248.742,160.595,-344.397,stay,up,0,2
1775908789408,2388,66971.89999997616,pvp,player_1,player_2,444,413.333,262.127,243.003,160.595,-344.397,stay,up,0,2
1775908789408,2389,66988.60000002384,pvp,player_1,player_2,444,409.244,264.803,237.263,160.595,-344.397,stay,up,0,2
1775908789408,2390,67005.19999992847,pvp,player_1,player_2,444,404.9,267.48,231.523,160.595,-344.397,stay,up,0,2
1775908789408,2391,67021.5,pvp,player_1,player_2,444,400.3,270.156,225.783,160.595,-344.397,stay,up,0,2
1775908789408,2392,67038.5,pvp,player_1,player_2,444,395.444,272.833,220.043,160.595,-344.397,stay,up,0,2
1775908789408,2393,67055.29999995232,pvp,player_1,player_2,444,390.333,275.509,214.303,160.595,-344.397,stay,up,0,2
1775908789408,2394,67071.39999997616,pvp,player_1,player_2,444,384.967,278.186,208.563,160.595,-344.397,stay,up,0,2
1775908789408,2395,67088.19999992847,pvp,player_1,player_2,444,379.344,280.863,202.823,160.595,-344.397,stay,up,0,2
1775908789408,2396,67105.10000002384,pvp,player_1,player_2,444,373.467,283.539,197.083,160.595,-344.397,stay,up,0,2
1775908789408,2397,67121.69999992847,pvp,player_1,player_2,444,367.333,286.216,191.343,160.595,-344.397,stay,up,0,2
1775908789408,2398,67138.39999997616,pvp,player_1,player_2,444,360.944,288.892,185.603,160.595,-344.397,stay,up,0,2
1775908789408,2399,67154.79999995232,pvp,player_1,player_2,444,354.3,291.569,179.863,160.595,-344.397,stay,up,0,2
1775908789408,2400,67171.89999997616,pvp,player_1,player_2,444,347.4,294.246,174.123,160.595,-344.397,stay,up,0,2
1775908789408,2401,67188.29999995232,pvp,player_1,player_2,444,340.244,296.922,168.383,160.595,-344.397,stay,up,0,2
1775908789408,2402,67205.39999997616,pvp,player_1,player_2,444,332.833,299.599,162.643,160.595,-344.397,stay,up,0,2
1775908789408,2403,67221.69999992847,pvp,player_1,player_2,444,325.167,302.275,156.903,160.595,-344.397,stay,up,0,2
1775908789408,2404,67238.69999992847,pvp,player_1,player_2,444,317.5,304.952,151.163,160.595,-344.397,stay,up,0,2
1775908789408,2405,67255.19999992847,pvp,player_1,player_2,444,309.833,307.628,145.423,160.595,-344.397,stay,up,0,2
1775908789408,2406,67272.10000002384,pvp,player_1,player_2,444,302.167,310.305,139.683,160.595,-344.397,stay,up,0,2
1775908789408,2407,67288.60000002384,pvp,player_1,player_2,444,294.5,312.982,133.943,160.595,-344.397,stay,up,0,2
1775908789408,2408,67305.29999995232,pvp,player_1,player_2,444,286.833,315.658,128.204,160.595,-344.397,stay,up,0,2
1775908789408,2409,67321.79999995232,pvp,player_1,player_2,444,279.167,318.335,122.464,160.595,-344.397,stay,up,0,2
1775908789408,2410,67338.5,pvp,player_1,player_2,444,271.5,321.011,116.724,160.595,-344.397,stay,up,0,2
1775908789408,2411,67355.19999992847,pvp,player_1,player_2,444,263.833,323.688,110.984,160.595,-344.397,stay,up,0,2
1775908789408,2412,67372,pvp,player_1,player_2,444,256.167,326.365,105.244,160.595,-344.397,stay,up,0,2
1775908789408,2413,67388.5,pvp,player_1,player_2,444,248.5,329.041,99.504,160.595,-344.397,stay,up,0,2
1775908789408,2414,67404.89999997616,pvp,player_1,player_2,444,240.833,331.718,93.764,160.595,-344.397,stay,up,0,2
1775908789408,2415,67421.5,pvp,player_1,player_2,444,233.167,334.394,88.024,160.595,-344.397,stay,up,0,2
1775908789408,2416,67438.19999992847,pvp,player_1,player_2,444,225.5,337.071,82.284,160.595,-344.397,stay,up,0,2
1775908789408,2417,67455.19999992847,pvp,player_1,player_2,444,217.833,339.747,76.544,160.595,-344.397,stay,up,0,2
1775908789408,2418,67471.5,pvp,player_1,player_2,444,210.167,342.424,70.804,160.595,-344.397,stay,up,0,2
1775908789408,2419,67488.69999992847,pvp,player_1,player_2,444,202.5,345.101,65.064,160.595,-344.397,stay,up,0,2
1775908789408,2420,67505.19999992847,pvp,player_1,player_2,444,194.833,347.777,59.324,160.595,-344.397,stay,up,0,2
1775908789408,2421,67521.89999997616,pvp,player_1,player_2,444,187.167,350.454,53.584,160.595,-344.397,stay,up,0,2
1775908789408,2422,67538.60000002384,pvp,player_1,player_2,444,179.5,353.13,47.844,160.595,-344.397,stay,up,0,2
1775908789408,2423,67555.29999995232,pvp,player_1,player_2,444,171.833,355.807,42.104,160.595,-344.397,stay,up,0,2
1775908789408,2424,67571.89999997616,pvp,player_1,player_2,444,164.167,358.484,36.364,160.595,-344.397,stay,up,0,2
1775908789408,2425,67588.60000002384,pvp,player_1,player_2,444,156.5,361.16,30.624,160.595,-344.397,stay,up,0,2
1775908789408,2426,67605.19999992847,pvp,player_1,player_2,444,148.833,363.837,24.884,160.595,-344.397,stay,up,0,2
1775908789408,2427,67621.79999995232,pvp,player_1,player_2,444,141.167,366.513,19.145,160.595,-344.397,stay,up,0,2
1775908789408,2428,67638.5,pvp,player_1,player_2,444,133.5,369.19,13.405,160.595,-344.397,stay,up,0,2
1775908789408,2429,67655.10000002384,pvp,player_1,player_2,444,125.833,371.866,10,160.595,344.397,stay,up,0,2
1775908789408,2430,67672.10000002384,pvp,player_1,player_2,444,118.167,374.543,15.74,160.595,344.397,stay,up,0,2
1775908789408,2431,67688.39999997616,pvp,player_1,player_2,444,110.5,377.22,21.48,160.595,344.397,stay,up,0,2
1775908789408,2432,67705.19999992847,pvp,player_1,player_2,444,102.833,379.896,27.22,160.595,344.397,stay,up,0,2
1775908789408,2433,67721.79999995232,pvp,player_1,player_2,444,95.167,382.573,32.96,160.595,344.397,stay,up,0,2
1775908789408,2434,67738.60000002384,pvp,player_1,player_2,444,87.5,385.249,38.7,160.595,344.397,stay,up,0,2
1775908789408,2435,67755.29999995232,pvp,player_1,player_2,444,79.833,387.926,44.44,160.595,344.397,stay,up,0,2
1775908789408,2436,67771.79999995232,pvp,player_1,player_2,444,72.167,390.603,50.18,160.595,344.397,stay,up,0,2
1775908789408,2437,67788.29999995232,pvp,player_1,player_2,444,64.5,393.279,55.92,160.595,344.397,stay,up,0,2
1775908789408,2438,67805.19999992847,pvp,player_1,player_2,444,56.833,395.956,61.66,160.595,344.397,stay,up,0,2
1775908789408,2439,67821.79999995232,pvp,player_1,player_2,444,49.167,398.632,67.399,160.595,344.397,stay,up,0,2
1775908789408,2440,67838.39999997616,pvp,player_1,player_2,444,41.5,401.309,73.139,160.595,344.397,stay,up,0,2
1775908789408,2441,67855.29999995232,pvp,player_1,player_2,444,33.833,403.985,78.879,160.595,344.397,stay,up,0,2
1775908789408,2442,67872,pvp,player_1,player_2,444,26.167,406.662,84.619,160.595,344.397,stay,up,0,2
1775908789408,2443,67888.69999992847,pvp,player_1,player_2,444,18.5,409.339,90.359,160.595,344.397,stay,up,0,2
1775908789408,2444,67905.19999992847,pvp,player_1,player_2,444,10.833,412.015,96.099,160.595,344.397,stay,up,0,2
1775908789408,2445,67922,pvp,player_1,player_2,444,3.167,414.692,101.839,160.595,344.397,stay,up,0,2
1775908789408,2446,67938.5,pvp,player_1,player_2,444,0,417.368,107.579,160.595,344.397,stay,stay,0,2
1775908789408,2447,67955.10000002384,pvp,player_1,player_2,444,0,420.045,113.319,160.595,344.397,stay,stay,0,2
1775908789408,2448,67972,pvp,player_1,player_2,444,0,422.722,119.059,160.595,344.397,stay,stay,0,2
1775908789408,2449,67988.60000002384,pvp,player_1,player_2,444,0,425.398,124.799,160.595,344.397,stay,stay,0,2
1775908789408,2450,68005.29999995232,pvp,player_1,player_2,444,0,428.075,130.539,160.595,344.397,stay,stay,0,2
1775908789408,2451,68022,pvp,player_1,player_2,444,0,430.751,136.279,160.595,344.397,stay,stay,0,2
1775908789408,2452,68038.39999997616,pvp,player_1,player_2,444,0,433.428,142.019,160.595,344.397,stay,stay,0,2
1775908789408,2453,68055.10000002384,pvp,player_1,player_2,444,0,436.104,147.759,160.595,344.397,stay,stay,0,2
1775908789408,2454,68071.79999995232,pvp,player_1,player_2,444,0,438.781,153.499,160.595,344.397,stay,stay,0,2
1775908789408,2455,68088.60000002384,pvp,player_1,player_2,444,0,441.458,159.239,160.595,344.397,stay,stay,0,2
1775908789408,2456,68105.10000002384,pvp,player_1,player_2,444,0,444.134,164.979,160.595,344.397,stay,stay,0,2
1775908789408,2457,68122,pvp,player_1,player_2,444,0,446.811,170.719,160.595,344.397,stay,stay,0,2
1775908789408,2458,68138.60000002384,pvp,player_1,player_2,444,0,449.487,176.459,160.595,344.397,stay,stay,0,2
1775908789408,2459,68155.19999992847,pvp,player_1,player_2,444,0,452.164,182.198,160.595,344.397,stay,down,0,2
1775908789408,2460,68171.60000002384,pvp,player_1,player_2,444,0,454.841,187.938,160.595,344.397,stay,down,0,2
1775908789408,2461,68188.60000002384,pvp,player_1,player_2,444,0,457.517,193.678,160.595,344.397,stay,down,0,2
1775908789408,2462,68205.10000002384,pvp,player_1,player_2,444,0,460.194,199.418,160.595,344.397,stay,down,0,2
1775908789408,2463,68221.60000002384,pvp,player_1,player_2,444,0,462.87,205.158,160.595,344.397,stay,down,0,2
1775908789408,2464,68238.29999995232,pvp,player_1,player_2,444,0,465.547,210.898,160.595,344.397,stay,down,0,2
1775908789408,2465,68255.29999995232,pvp,player_1,player_2,444,0,468.223,216.638,160.595,344.397,stay,down,0,2
1775908789408,2466,68271.60000002384,pvp,player_1,player_2,444,0,470.9,222.378,160.595,344.397,stay,down,0,2
1775908789408,2467,68288.5,pvp,player_1,player_2,444,0,473.577,228.118,160.595,344.397,stay,down,0,2
1775908789408,2468,68304.69999992847,pvp,player_1,player_2,444,0,476.253,233.858,160.595,344.397,stay,down,0,2
1775908789408,2469,68321.29999995232,pvp,player_1,player_2,444,0,478.93,239.598,160.595,344.397,stay,down,0,2
1775908789408,2470,68338.19999992847,pvp,player_1,player_2,444,0,481.606,245.338,160.595,344.397,stay,down,0,2
1775908789408,2471,68355.10000002384,pvp,player_1,player_2,444,0,484.283,251.078,160.595,344.397,stay,down,0,2
1775908789408,2472,68371.69999992847,pvp,player_1,player_2,444,0,486.96,256.818,160.595,344.397,stay,down,0,2
1775908789408,2473,68388.60000002384,pvp,player_1,player_2,444,0.278,489.636,262.558,160.595,344.397,stay,down,0,2
1775908789408,2474,68405.19999992847,pvp,player_1,player_2,444,0.811,492.313,268.298,160.595,344.397,stay,down,0,2
1775908789408,2475,68422,pvp,player_1,player_2,444,1.6,494.989,274.038,160.595,344.397,stay,down,0,2
1775908789408,2476,68438.19999992847,pvp,player_1,player_2,444,2.644,497.666,279.778,160.595,344.397,stay,down,0,2
1775908789408,2477,68454.79999995232,pvp,player_1,player_2,444,3.944,500.342,285.518,160.595,344.397,stay,down,0,2
1775908789408,2478,68471.69999992847,pvp,player_1,player_2,444,5.5,503.019,291.258,160.595,344.397,stay,down,0,2
1775908789408,2479,68488.60000002384,pvp,player_1,player_2,444,7.311,505.696,296.997,160.595,344.397,stay,down,0,2
1775908789408,2480,68505.19999992847,pvp,player_1,player_2,444,9.378,508.372,302.737,160.595,344.397,stay,down,0,2
1775908789408,2481,68521.89999997616,pvp,player_1,player_2,444,11.7,511.049,308.477,160.595,344.397,stay,down,0,2
1775908789408,2482,68538.5,pvp,player_1,player_2,444,14.278,513.725,314.217,160.595,344.397,stay,down,0,2
1775908789408,2483,68555.39999997616,pvp,player_1,player_2,444,17.111,516.402,319.957,160.595,344.397,stay,down,0,2
1775908789408,2484,68572,pvp,player_1,player_2,444,20.2,519.078,325.697,160.595,344.397,stay,down,0,2
1775908789408,2485,68588.5,pvp,player_1,player_2,444,23.544,521.755,331.437,160.595,344.397,stay,down,0,2
1775908789408,2486,68605.10000002384,pvp,player_1,player_2,444,27.144,524.432,337.177,160.595,344.397,stay,down,0,2
1775908789408,2487,68621.89999997616,pvp,player_1,player_2,444,31,527.108,342.917,160.595,344.397,stay,down,0,2
1775908789408,2488,68638.39999997616,pvp,player_1,player_2,444,35.111,529.785,348.657,160.595,344.397,stay,down,0,2
1775908789408,2489,68655.29999995232,pvp,player_1,player_2,444,39.478,532.461,354.397,160.595,344.397,stay,down,0,2
1775908789408,2490,68671.60000002384,pvp,player_1,player_2,444,44.1,535.138,360.137,160.595,344.397,stay,down,0,2
1775908789408,2491,68688.60000002384,pvp,player_1,player_2,444,48.978,537.815,365.877,160.595,344.397,stay,down,0,2
1775908789408,2492,68705.29999995232,pvp,player_1,player_2,444,54.111,540.491,371.617,160.595,344.397,stay,down,0,2
1775908789408,2493,68722,pvp,player_1,player_2,444,59.5,543.168,377.357,160.595,344.397,stay,down,0,2
1775908789408,2494,68738.69999992847,pvp,player_1,player_2,444,65.144,545.844,383.097,160.595,344.397,stay,down,0,2
1775908789408,2495,68755.5,pvp,player_1,player_2,444,71.044,548.521,388.837,160.595,344.397,stay,down,0,2
1775908789408,2496,68771.89999997616,pvp,player_1,player_2,444,77.2,551.197,394.577,160.595,344.397,stay,down,0,2
1775908789408,2497,68788.69999992847,pvp,player_1,player_2,444,83.611,553.874,400.317,160.595,344.397,stay,down,0,2
1775908789408,2498,68805.29999995232,pvp,player_1,player_2,444,90.278,556.551,406.057,160.595,344.397,stay,down,0,2
1775908789408,2499,68821.89999997616,pvp,player_1,player_2,444,97.2,559.227,411.796,160.595,344.397,stay,down,0,2
1775908789408,2500,68838.19999992847,pvp,player_1,player_2,444,104.378,561.904,417.536,160.595,344.397,stay,down,0,2
1775908789408,2501,68854.89999997616,pvp,player_1,player_2,444,111.811,564.58,423.276,160.595,344.397,stay,down,0,2
1775908789408,2502,68872,pvp,player_1,player_2,444,119.478,567.257,429.016,160.595,344.397,stay,down,0,2
1775908789408,2503,68888.29999995232,pvp,player_1,player_2,444,127.144,569.934,434.756,160.595,344.397,stay,down,0,2
1775908789408,2504,68905.19999992847,pvp,player_1,player_2,444,134.811,572.61,440.496,160.595,344.397,stay,down,0,2
1775908789408,2505,68921.79999995232,pvp,player_1,player_2,444,142.478,575.287,446.236,160.595,344.397,stay,down,0,2
1775908789408,2506,68938.69999992847,pvp,player_1,player_2,444,150.144,577.963,451.976,160.595,344.397,stay,down,0,2
1775908789408,2507,68955.19999992847,pvp,player_1,player_2,444,157.811,580.64,457.716,160.595,344.397,stay,down,0,2
1775908789408,2508,68972,pvp,player_1,player_2,444,165.478,583.316,463.456,160.595,344.397,stay,down,0,2
1775908789408,2509,68988.69999992847,pvp,player_1,player_2,444,173.144,585.993,469.196,160.595,344.397,stay,down,0,2
1775908789408,2510,69005.29999995232,pvp,player_1,player_2,444,180.811,588.67,474.936,160.595,344.397,stay,down,0,2
1775908789408,2511,69022,pvp,player_1,player_2,444,188.478,591.346,480.676,160.595,344.397,stay,down,0,2
1775908789408,2512,69038.29999995232,pvp,player_1,player_2,444,195.95,594.023,486.416,160.595,344.397,stay,stay,0,2
1775908789408,2513,69055.19999992847,pvp,player_1,player_2,444,203.228,596.699,492.156,160.595,344.397,stay,stay,0,2
1775908789408,2514,69071.69999992847,pvp,player_1,player_2,444,210.311,599.376,497.896,160.595,344.397,stay,stay,0,2
1775908789408,2515,69088.5,pvp,player_1,player_2,444,217.2,602.053,503.636,160.595,344.397,stay,stay,0,2
1775908789408,2516,69105,pvp,player_1,player_2,444,223.894,604.729,509.376,160.595,344.397,stay,stay,0,2
1775908789408,2517,69121.69999992847,pvp,player_1,player_2,444,230.394,607.406,515.116,160.595,344.397,stay,stay,0,2
1775908789408,2518,69138.39999997616,pvp,player_1,player_2,444,236.7,610.082,520.855,160.595,344.397,stay,stay,0,2
1775908789408,2519,69155.19999992847,pvp,player_1,player_2,444,242.811,612.759,526.595,160.595,344.397,stay,stay,0,2
1775908789408,2520,69171.5,pvp,player_1,player_2,444,248.728,615.435,530,160.595,-344.397,stay,stay,0,2
1775908789408,2521,69188.39999997616,pvp,player_1,player_2,444,254.45,618.112,524.26,160.595,-344.397,stay,stay,0,2
1775908789408,2522,69205,pvp,player_1,player_2,444,259.978,620.789,518.52,160.595,-344.397,stay,stay,0,2
1775908789408,2523,69221.69999992847,pvp,player_1,player_2,444,265.311,623.465,512.78,160.595,-344.397,stay,stay,0,2
1775908789408,2524,69238.60000002384,pvp,player_1,player_2,444,270.45,626.142,507.04,160.595,-344.397,stay,stay,0,2
1775908789408,2525,69255.10000002384,pvp,player_1,player_2,444,275.394,628.818,501.3,160.595,-344.397,stay,stay,0,2
1775908789408,2526,69271.60000002384,pvp,player_1,player_2,444,280.144,631.495,495.56,160.595,-344.397,stay,stay,0,2
1775908789408,2527,69288.60000002384,pvp,player_1,player_2,444,284.7,634.172,489.82,160.595,-344.397,stay,stay,0,2
1775908789408,2528,69305,pvp,player_1,player_2,444,289.061,636.848,484.08,160.595,-344.397,stay,stay,0,2
1775908789408,2529,69321.79999995232,pvp,player_1,player_2,444,293.228,639.525,478.34,160.595,-344.397,stay,stay,0,2
1775908789408,2530,69338.39999997616,pvp,player_1,player_2,444,297.2,642.201,472.601,160.595,-344.397,stay,stay,0,2
1775908789408,2531,69355,pvp,player_1,player_2,444,300.978,644.878,466.861,160.595,-344.397,stay,stay,0,2
1775908789408,2532,69372,pvp,player_1,player_2,444,304.561,647.554,461.121,160.595,-344.397,stay,stay,0,2
1775908789408,2533,69388.39999997616,pvp,player_1,player_2,444,307.95,650.231,455.381,160.595,-344.397,stay,stay,0,2
1775908789408,2534,69404.89999997616,pvp,player_1,player_2,444,311.144,652.908,449.641,160.595,-344.397,stay,stay,0,2
1775908789408,2535,69421.60000002384,pvp,player_1,player_2,444,314.144,655.584,443.901,160.595,-344.397,stay,stay,0,2
1775908789408,2536,69438.5,pvp,player_1,player_2,444,316.95,658.261,438.161,160.595,-344.397,stay,stay,0,2
1775908789408,2537,69455.39999997616,pvp,player_1,player_2,444,319.561,660.937,432.421,160.595,-344.397,stay,stay,0,2
1775908789408,2538,69471.79999995232,pvp,player_1,player_2,444,321.978,663.614,426.681,160.595,-344.397,stay,stay,0,2
1775908789408,2539,69488.19999992847,pvp,player_1,player_2,444,324.2,666.291,420.941,160.595,-344.397,stay,stay,0,2
1775908789408,2540,69505.39999997616,pvp,player_1,player_2,444,326.228,668.967,415.201,160.595,-344.397,stay,stay,0,2
1775908789408,2541,69521.5,pvp,player_1,player_2,444,328.061,671.644,409.461,160.595,-344.397,stay,stay,0,2
1775908789408,2542,69538.60000002384,pvp,player_1,player_2,444,329.7,674.32,403.721,160.595,-344.397,stay,stay,0,2
1775908789408,2543,69554.79999995232,pvp,player_1,player_2,444,331.144,676.997,397.981,160.595,-344.397,stay,stay,0,2
1775908789408,2544,69571.89999997616,pvp,player_1,player_2,444,332.394,679.673,392.241,160.595,-344.397,stay,stay,0,2
1775908789408,2545,69588.29999995232,pvp,player_1,player_2,444,333.45,682.35,386.501,160.595,-344.397,stay,stay,0,2
1775908789408,2546,69605.10000002384,pvp,player_1,player_2,444,334.311,685.027,380.761,160.595,-344.397,stay,stay,0,2
1775908789408,2547,69621.69999992847,pvp,player_1,player_2,444,334.978,687.703,375.021,160.595,-344.397,stay,stay,0,2
1775908789408,2548,69638.29999995232,pvp,player_1,player_2,444,335.45,690.38,369.281,160.595,-344.397,stay,stay,0,2
1775908789408,2549,69654.89999997616,pvp,player_1,player_2,444,335.728,693.056,363.541,160.595,-344.397,stay,stay,0,2
1775908789408,2550,69671.69999992847,pvp,player_1,player_2,444,335.728,695.733,357.802,160.595,-344.397,stay,stay,0,2
1775908789408,2551,69688.19999992847,pvp,player_1,player_2,444,335.728,698.41,352.062,160.595,-344.397,stay,stay,0,2
1775908789408,2552,69705,pvp,player_1,player_2,444,335.728,701.086,346.322,160.595,-344.397,stay,stay,0,2
1775908789408,2553,69721.39999997616,pvp,player_1,player_2,444,335.728,703.763,340.582,160.595,-344.397,stay,stay,0,2
1775908789408,2554,69738.29999995232,pvp,player_1,player_2,444,335.728,706.439,334.842,160.595,-344.397,stay,stay,0,2
1775908789408,2555,69755.19999992847,pvp,player_1,player_2,444,335.728,709.116,329.102,160.595,-344.397,stay,stay,0,2
1775908789408,2556,69771.79999995232,pvp,player_1,player_2,444,335.472,711.792,323.362,160.595,-344.397,stay,up,0,2
1775908789408,2557,69788.5,pvp,player_1,player_2,444,334.961,714.469,317.622,160.595,-344.397,stay,up,0,2
1775908789408,2558,69805.10000002384,pvp,player_1,player_2,444,334.194,717.146,311.882,160.595,-344.397,stay,up,0,2
1775908789408,2559,69821.69999992847,pvp,player_1,player_2,444,333.172,719.822,306.142,160.595,-344.397,stay,up,0,2
1775908789408,2560,69838.60000002384,pvp,player_1,player_2,444,331.894,722.499,300.402,160.595,-344.397,stay,up,0,2
1775908789408,2561,69855,pvp,player_1,player_2,444,330.361,725.175,294.662,160.595,-344.397,stay,up,0,2
1775908789408,2562,69871.79999995232,pvp,player_1,player_2,444,328.572,727.852,288.922,160.595,-344.397,stay,up,0,2
1775908789408,2563,69888.19999992847,pvp,player_1,player_2,444,326.528,730.528,283.182,160.595,-344.397,stay,up,0,2
1775908789408,2564,69905,pvp,player_1,player_2,444,324.228,733.205,277.442,160.595,-344.397,stay,up,0,2
1775908789408,2565,69922,pvp,player_1,player_2,444,321.672,735.882,271.702,160.595,-344.397,stay,up,0,2
1775908789408,2566,69938.5,pvp,player_1,player_2,444,318.861,738.558,265.962,160.595,-344.397,stay,up,0,2
1775908789408,2567,69955.29999995232,pvp,player_1,player_2,444,315.794,741.235,260.222,160.595,-344.397,stay,up,0,2
1775908789408,2568,69971.89999997616,pvp,player_1,player_2,444,312.472,743.911,254.482,160.595,-344.397,stay,up,0,2
1775908789408,2569,69988.39999997616,pvp,player_1,player_2,444,308.894,746.588,248.742,160.595,-344.397,stay,up,0,2
1775908789408,2570,70005.39999997616,pvp,player_1,player_2,444,305.061,749.265,243.003,160.595,-344.397,stay,up,0,2
1775908789408,2571,70021.69999992847,pvp,player_1,player_2,444,300.972,751.941,237.263,160.595,-344.397,stay,up,0,2
1775908789408,2572,70038.10000002384,pvp,player_1,player_2,444,296.628,754.618,231.523,160.595,-344.397,stay,up,0,2
1775908789408,2573,70054.89999997616,pvp,player_1,player_2,444,292.028,757.294,225.783,160.595,-344.397,stay,up,0,2
1775908789408,2574,70071.79999995232,pvp,player_1,player_2,444,287.172,759.971,220.043,160.595,-344.397,stay,up,0,2
1775908789408,2575,70088.5,pvp,player_1,player_2,444,282.061,762.647,214.303,160.595,-344.397,stay,up,0,2
1775908789408,2576,70105.19999992847,pvp,player_1,player_2,444,276.694,765.324,208.563,160.595,-344.397,stay,up,0,2
1775908789408,2577,70121.69999992847,pvp,player_1,player_2,444,271.072,768.001,202.823,160.595,-344.397,stay,up,0,2
1775908789408,2578,70138.5,pvp,player_1,player_2,444,265.194,770.677,197.083,160.595,-344.397,stay,up,0,2
1775908789408,2579,70155.19999992847,pvp,player_1,player_2,444,259.061,773.354,191.343,160.595,-344.397,stay,up,0,2
1775908789408,2580,70172,pvp,player_1,player_2,444,252.672,776.03,185.603,160.595,-344.397,stay,up,0,2
1775908789408,2581,70188.19999992847,pvp,player_1,player_2,444,246.028,778.707,179.863,160.595,-344.397,stay,up,0,2
1775908789408,2582,70204.79999995232,pvp,player_1,player_2,444,239.128,781.384,174.123,160.595,-344.397,stay,up,0,2
1775908789408,2583,70221.89999997616,pvp,player_1,player_2,444,231.972,784.06,168.383,160.595,-344.397,stay,up,0,2
1775908789408,2584,70238,pvp,player_1,player_2,444,224.561,786.737,162.643,160.595,-344.397,stay,up,0,2
1775908789408,2585,70254.79999995232,pvp,player_1,player_2,444,216.894,789.413,156.903,160.595,-344.397,stay,up,0,2
1775908789408,2586,70271.69999992847,pvp,player_1,player_2,444,209.228,792.09,151.163,160.595,-344.397,stay,up,0,2
1775908789408,2587,70288.60000002384,pvp,player_1,player_2,444,201.561,794.766,145.423,160.595,-344.397,stay,up,0,2
1775908789408,2588,70305.19999992847,pvp,player_1,player_2,444,193.894,797.443,139.683,160.595,-344.397,stay,up,0,2
1775908789408,2589,70322.10000002384,pvp,player_1,player_2,444,186.228,800.12,133.943,160.595,-344.397,stay,up,0,2
1775908789408,2590,70338.5,pvp,player_1,player_2,444,178.561,802.796,128.204,160.595,-344.397,stay,up,0,2
1775908789408,2591,70355.29999995232,pvp,player_1,player_2,444,170.894,805.473,122.464,160.595,-344.397,stay,up,0,2
1775908789408,2592,70371.69999992847,pvp,player_1,player_2,444,163.228,808.149,116.724,160.595,-344.397,stay,up,0,2
1775908789408,2593,70388.69999992847,pvp,player_1,player_2,444,155.756,810.826,110.984,160.595,-344.397,stay,stay,0,2
1775908789408,2594,70405.29999995232,pvp,player_1,player_2,444,148.478,813.503,105.244,160.595,-344.397,stay,stay,0,2
1775908789408,2595,70421.79999995232,pvp,player_1,player_2,444,141.394,816.179,99.504,160.595,-344.397,stay,stay,0,2
1775908789408,2596,70438.39999997616,pvp,player_1,player_2,444,134.506,818.856,93.764,160.595,-344.397,stay,stay,0,2
1775908789408,2597,70455,pvp,player_1,player_2,444,127.811,821.532,88.024,160.595,-344.397,stay,stay,0,2
1775908789408,2598,70471.60000002384,pvp,player_1,player_2,444,121.311,824.209,82.284,160.595,-344.397,stay,stay,0,2
1775908789408,2599,70488.39999997616,pvp,player_1,player_2,444,115.006,826.885,76.544,160.595,-344.397,stay,stay,0,2
1775908789408,2600,70505.10000002384,pvp,player_1,player_2,444,108.894,829.562,70.804,160.595,-344.397,stay,stay,0,2
1775908789408,2601,70522,pvp,player_1,player_2,444,102.978,832.239,65.064,160.595,-344.397,stay,stay,0,2
1775908789408,2602,70538.60000002384,pvp,player_1,player_2,444,97.256,834.915,59.324,160.595,-344.397,stay,stay,0,2
1775908789408,2603,70555.19999992847,pvp,player_1,player_2,444,91.728,837.592,53.584,160.595,-344.397,stay,stay,0,2
1775908789408,2604,70571.69999992847,pvp,player_1,player_2,444,86.394,840.268,47.844,160.595,-344.397,stay,stay,0,2
1775908789408,2605,70588.19999992847,pvp,player_1,player_2,444,81.256,842.945,42.104,160.595,-344.397,stay,stay,0,2
1775908789408,2606,70604.89999997616,pvp,player_1,player_2,444,76.478,845.622,36.364,160.595,-344.397,stay,down,0,2
1775908789408,2607,70622,pvp,player_1,player_2,444,72.061,848.298,30.624,160.595,-344.397,stay,down,0,2
1775908789408,2608,70638.60000002384,pvp,player_1,player_2,444,68.006,850.975,24.884,160.595,-344.397,stay,down,0,2
1775908789408,2609,70655.10000002384,pvp,player_1,player_2,444,64.311,853.651,19.145,160.595,-344.397,stay,down,0,2
1775908789408,2610,70671.89999997616,pvp,player_1,player_2,444,60.978,856.328,13.405,160.595,-344.397,stay,down,0,2
1775908789408,2611,70688.60000002384,pvp,player_1,player_2,444,58.006,859.004,10,160.595,344.397,stay,down,0,2
1775908789408,2612,70705.10000002384,pvp,player_1,player_2,444,55.394,861.681,15.74,160.595,344.397,stay,down,0,2
1775908789408,2613,70721.79999995232,pvp,player_1,player_2,444,53.144,864.358,21.48,160.595,344.397,stay,down,0,2
1775908789408,2614,70738.39999997616,pvp,player_1,player_2,444,51.256,867.034,27.22,160.595,344.397,stay,down,0,2
1775908789408,2615,70755.39999997616,pvp,player_1,player_2,444,49.728,869.711,32.96,160.595,344.397,stay,down,0,2
1775908789408,2616,70771.79999995232,pvp,player_1,player_2,444,48.561,872.387,38.7,160.595,344.397,stay,down,0,2
1775908789408,2617,70788.39999997616,pvp,player_1,player_2,444,47.756,875.064,44.44,160.595,344.397,stay,down,0,2
1775908789408,2618,70805.29999995232,pvp,player_1,player_2,444,47.311,877.741,50.18,160.595,344.397,stay,down,0,2
1775908789408,2619,70822,pvp,player_1,player_2,444,47.228,880.417,55.92,160.595,344.397,stay,down,0,2
1775908789408,2620,70838.19999992847,pvp,player_1,player_2,444,47.506,883.094,61.66,160.595,344.397,stay,down,0,2
1775908789408,2621,70855.29999995232,pvp,player_1,player_2,444,48.039,885.77,67.399,160.595,344.397,stay,down,0,2
1775908789408,2622,70871.89999997616,pvp,player_1,player_2,444,48.828,888.447,73.139,160.595,344.397,stay,down,0,2
1775908789408,2623,70888.60000002384,pvp,player_1,player_2,444,49.872,891.123,78.879,160.595,344.397,stay,down,0,2
1775908789408,2624,70905,pvp,player_1,player_2,444,51.172,893.8,84.619,160.595,344.397,stay,down,0,2
1775908789408,2625,70921.5,pvp,player_1,player_2,444,52.728,896.477,90.359,160.595,344.397,stay,down,0,2
1775908789408,2626,70938.5,pvp,player_1,player_2,444,54.539,899.153,96.099,160.595,344.397,stay,down,0,2
1775908789408,2627,70955.10000002384,pvp,player_1,player_2,444,56.606,901.83,101.839,160.595,344.397,stay,down,0,2
1775908789408,2628,70971.89999997616,pvp,player_1,player_2,444,58.928,904.506,107.579,160.595,344.397,stay,down,0,2
1775908789408,2629,70988.5,pvp,player_1,player_2,444,61.506,907.183,113.319,160.595,344.397,stay,down,0,2
1775908789408,2630,71005.29999995232,pvp,player_1,player_2,444,64.339,909.86,119.059,160.595,344.397,stay,down,0,2
1775908789408,2631,71021.89999997616,pvp,player_1,player_2,444,67.428,912,124.799,-390.229,87.872,stay,down,0,2
1775908789408,2632,71038.5,pvp,player_1,player_2,444,70.772,905.496,126.264,-390.229,87.872,stay,down,0,2
1775908789408,2633,71055.10000002384,pvp,player_1,player_2,444,74.372,898.992,127.728,-390.229,87.872,stay,down,0,2
1775908789408,2634,71071.69999992847,pvp,player_1,player_2,444,78.228,892.489,129.193,-390.229,87.872,stay,down,0,2
1775908789408,2635,71088.39999997616,pvp,player_1,player_2,444,82.339,885.985,130.657,-390.229,87.872,stay,down,0,2
1775908789408,2636,71105,pvp,player_1,player_2,444,86.706,879.481,132.122,-390.229,87.872,stay,down,0,2
1775908789408,2637,71121.89999997616,pvp,player_1,player_2,444,91.328,872.977,133.586,-390.229,87.872,stay,down,0,2
1775908789408,2638,71138.39999997616,pvp,player_1,player_2,444,96.206,866.473,135.051,-390.229,87.872,stay,down,0,2
1775908789408,2639,71154.89999997616,pvp,player_1,player_2,444,101.339,859.969,136.515,-390.229,87.872,stay,down,0,2
1775908789408,2640,71171.79999995232,pvp,player_1,player_2,444,106.728,853.466,137.98,-390.229,87.872,stay,down,0,2
1775908789408,2641,71188.29999995232,pvp,player_1,player_2,444,112.372,846.962,139.444,-390.229,87.872,stay,down,0,2
1775908789408,2642,71204.69999992847,pvp,player_1,player_2,444,118.272,840.458,140.909,-390.229,87.872,stay,down,0,2
1775908789408,2643,71221.89999997616,pvp,player_1,player_2,444,124.428,833.954,142.373,-390.229,87.872,stay,down,0,2
1775908789408,2644,71238.60000002384,pvp,player_1,player_2,444,130.839,827.45,143.838,-390.229,87.872,stay,down,0,2
1775908789408,2645,71255.19999992847,pvp,player_1,player_2,444,137.506,820.947,145.302,-390.229,87.872,stay,down,0,2
1775908789408,2646,71271.60000002384,pvp,player_1,player_2,444,144.428,814.443,146.767,-390.229,87.872,stay,down,0,2
1775908789408,2647,71288.29999995232,pvp,player_1,player_2,444,151.606,807.939,148.231,-390.229,87.872,stay,down,0,2
1775908789408,2648,71305.39999997616,pvp,player_1,player_2,444,159.039,801.435,149.696,-390.229,87.872,stay,down,0,2
1775908789408,2649,71321.79999995232,pvp,player_1,player_2,444,166.706,794.931,151.16,-390.229,87.872,stay,down,0,2
1775908789408,2650,71338.5,pvp,player_1,player_2,444,174.372,788.428,152.625,-390.229,87.872,stay,down,0,2
1775908789408,2651,71355.10000002384,pvp,player_1,player_2,444,182.039,781.924,154.09,-390.229,87.872,stay,down,0,2
1775908789408,2652,71371.89999997616,pvp,player_1,player_2,444,189.706,775.42,155.554,-390.229,87.872,stay,down,0,2
1775908789408,2653,71388.39999997616,pvp,player_1,player_2,444,197.372,768.916,157.019,-390.229,87.872,stay,down,0,2
1775908789408,2654,71405.10000002384,pvp,player_1,player_2,444,205.039,762.412,158.483,-390.229,87.872,stay,down,0,2
1775908789408,2655,71421.69999992847,pvp,player_1,player_2,444,212.706,755.908,159.948,-390.229,87.872,stay,down,0,2
1775908789408,2656,71438.10000002384,pvp,player_1,player_2,444,220.372,749.405,161.412,-390.229,87.872,stay,down,0,2
1775908789408,2657,71455.29999995232,pvp,player_1,player_2,444,228.039,742.901,162.877,-390.229,87.872,stay,down,0,2
1775908789408,2658,71471.89999997616,pvp,player_1,player_2,444,235.706,736.397,164.341,-390.229,87.872,stay,down,0,2
1775908789408,2659,71488.29999995232,pvp,player_1,player_2,444,243.372,729.893,165.806,-390.229,87.872,stay,down,0,2
1775908789408,2660,71505.19999992847,pvp,player_1,player_2,444,251.039,723.389,167.27,-390.229,87.872,stay,down,0,2
1775908789408,2661,71521.89999997616,pvp,player_1,player_2,444,258.511,716.886,168.735,-390.229,87.872,stay,stay,0,2
1775908789408,2662,71538.29999995232,pvp,player_1,player_2,444,265.789,710.382,170.199,-390.229,87.872,stay,stay,0,2
1775908789408,2663,71555.19999992847,pvp,player_1,player_2,444,272.872,703.878,171.664,-390.229,87.872,stay,stay,0,2
1775908789408,2664,71571.79999995232,pvp,player_1,player_2,444,279.761,697.374,173.128,-390.229,87.872,stay,stay,0,2
1775908789408,2665,71588.60000002384,pvp,player_1,player_2,444,286.456,690.87,174.593,-390.229,87.872,stay,stay,0,2
1775908789408,2666,71605.5,pvp,player_1,player_2,444,292.956,684.366,176.057,-390.229,87.872,stay,stay,0,2
1775908789408,2667,71622.39999997616,pvp,player_1,player_2,444,299.261,677.863,177.522,-390.229,87.872,stay,stay,0,2
1775908789408,2668,71638.89999997616,pvp,player_1,player_2,444,305.372,671.359,178.986,-390.229,87.872,stay,stay,0,2
1775908789408,2669,71655.19999992847,pvp,player_1,player_2,444,311.289,664.855,180.451,-390.229,87.872,stay,stay,0,2
1775908789408,2670,71672.5,pvp,player_1,player_2,444,317.011,658.351,181.916,-390.229,87.872,stay,stay,0,2
1775908789408,2671,71689.39999997616,pvp,player_1,player_2,444,322.539,651.847,183.38,-390.229,87.872,stay,stay,0,2
1775908789408,2672,71705.5,pvp,player_1,player_2,444,327.872,645.344,184.845,-390.229,87.872,stay,stay,0,2
1775908789408,2673,71722,pvp,player_1,player_2,444,333.011,638.84,186.309,-390.229,87.872,stay,stay,0,2
1775908789408,2674,71738.89999997616,pvp,player_1,player_2,444,337.956,632.336,187.774,-390.229,87.872,stay,stay,0,2
1775908789408,2675,71755.29999995232,pvp,player_1,player_2,444,342.706,625.832,189.238,-390.229,87.872,stay,stay,0,2
1775908789408,2676,71772,pvp,player_1,player_2,444,347.261,619.328,190.703,-390.229,87.872,stay,stay,0,2
1775908789408,2677,71788.89999997616,pvp,player_1,player_2,444,351.622,612.825,192.167,-390.229,87.872,stay,stay,0,2
1775908789408,2678,71805.69999992847,pvp,player_1,player_2,444,355.789,606.321,193.632,-390.229,87.872,stay,stay,0,2
1775908789408,2679,71822,pvp,player_1,player_2,444,359.761,599.817,195.096,-390.229,87.872,stay,stay,0,2
1775908789408,2680,71839,pvp,player_1,player_2,444,363.539,593.313,196.561,-390.229,87.872,stay,stay,0,2
1775908789408,2681,71855.69999992847,pvp,player_1,player_2,444,367.122,586.809,198.025,-390.229,87.872,stay,stay,0,2
1775908789408,2682,71872.29999995232,pvp,player_1,player_2,444,370.511,580.305,199.49,-390.229,87.872,stay,stay,0,2
1775908789408,2683,71889.10000002384,pvp,player_1,player_2,444,373.706,573.802,200.954,-390.229,87.872,stay,stay,0,2
1775908789408,2684,71905,pvp,player_1,player_2,444,376.706,567.298,202.419,-390.229,87.872,stay,stay,0,2
1775908789408,2685,71921.60000002384,pvp,player_1,player_2,444,379.511,560.794,203.883,-390.229,87.872,stay,stay,0,2
1775908789408,2686,71938.60000002384,pvp,player_1,player_2,444,382.122,554.29,205.348,-390.229,87.872,stay,stay,0,2
1775908789408,2687,71955.19999992847,pvp,player_1,player_2,444,384.539,547.786,206.812,-390.229,87.872,stay,stay,0,2
1775908789408,2688,71972.29999995232,pvp,player_1,player_2,444,386.761,541.283,208.277,-390.229,87.872,stay,stay,0,2
1775908789408,2689,71989,pvp,player_1,player_2,444,388.789,534.779,209.742,-390.229,87.872,stay,stay,0,2
1775908789408,2690,72005.10000002384,pvp,player_1,player_2,444,390.622,528.275,211.206,-390.229,87.872,stay,stay,0,2
1775908789408,2691,72022.10000002384,pvp,player_1,player_2,443.744,392.261,521.771,212.671,-390.229,87.872,up,stay,0,2
1775908789408,2692,72039.10000002384,pvp,player_1,player_2,443.233,393.706,515.267,214.135,-390.229,87.872,up,stay,0,2
1775908789408,2693,72055.60000002384,pvp,player_1,player_2,442.467,394.956,508.763,215.6,-390.229,87.872,up,stay,0,2
1775908789408,2694,72072.39999997616,pvp,player_1,player_2,441.444,396.011,502.26,217.064,-390.229,87.872,up,stay,0,2
1775908789408,2695,72088.89999997616,pvp,player_1,player_2,440.167,396.872,495.756,218.529,-390.229,87.872,up,stay,0,2
1775908789408,2696,72105.79999995232,pvp,player_1,player_2,438.633,397.539,489.252,219.993,-390.229,87.872,up,stay,0,2
1775908789408,2697,72122.39999997616,pvp,player_1,player_2,436.844,398.011,482.748,221.458,-390.229,87.872,up,stay,0,2
1775908789408,2698,72139.10000002384,pvp,player_1,player_2,434.8,398.289,476.244,222.922,-390.229,87.872,up,stay,0,2
1775908789408,2699,72155,pvp,player_1,player_2,432.5,398.289,469.741,224.387,-390.229,87.872,up,stay,0,2
1775908789408,2700,72171.89999997616,pvp,player_1,player_2,429.944,398.289,463.237,225.851,-390.229,87.872,up,stay,0,2
1775908789408,2701,72188.39999997616,pvp,player_1,player_2,427.133,398.289,456.733,227.316,-390.229,87.872,up,stay,0,2
1775908789408,2702,72204.89999997616,pvp,player_1,player_2,424.067,398.289,450.229,228.78,-390.229,87.872,up,stay,0,2
1775908789408,2703,72221.60000002384,pvp,player_1,player_2,420.744,398.289,443.725,230.245,-390.229,87.872,up,stay,0,2
1775908789408,2704,72238.29999995232,pvp,player_1,player_2,417.167,398.289,437.222,231.709,-390.229,87.872,up,stay,0,2
1775908789408,2705,72255,pvp,player_1,player_2,413.333,398.289,430.718,233.174,-390.229,87.872,up,stay,0,2
1775908789408,2706,72271.5,pvp,player_1,player_2,409.244,398.289,424.214,234.638,-390.229,87.872,up,stay,0,2
1775908789408,2707,72288.39999997616,pvp,player_1,player_2,404.9,398.289,417.71,236.103,-390.229,87.872,up,stay,0,2
1775908789408,2708,72304.89999997616,pvp,player_1,player_2,400.3,398.289,411.206,237.568,-390.229,87.872,up,stay,0,2
1775908789408,2709,72321.39999997616,pvp,player_1,player_2,395.444,398.289,404.702,239.032,-390.229,87.872,up,stay,0,2
1775908789408,2710,72338.19999992847,pvp,player_1,player_2,390.333,398.289,398.199,240.497,-390.229,87.872,up,stay,0,2
1775908789408,2711,72355,pvp,player_1,player_2,384.967,398.289,391.695,241.961,-390.229,87.872,up,stay,0,2
1775908789408,2712,72371.5,pvp,player_1,player_2,379.344,398.289,385.191,243.426,-390.229,87.872,up,stay,0,2
1775908789408,2713,72388.10000002384,pvp,player_1,player_2,373.467,398.289,378.687,244.89,-390.229,87.872,up,stay,0,2
1775908789408,2714,72405,pvp,player_1,player_2,367.333,398.289,372.183,246.355,-390.229,87.872,up,stay,0,2
1775908789408,2715,72421.69999992847,pvp,player_1,player_2,360.944,398.289,365.68,247.819,-390.229,87.872,up,stay,0,2
1775908789408,2716,72438,pvp,player_1,player_2,354.3,398.289,359.176,249.284,-390.229,87.872,up,stay,0,2
1775908789408,2717,72455,pvp,player_1,player_2,347.4,398.289,352.672,250.748,-390.229,87.872,up,stay,0,2
1775908789408,2718,72471.60000002384,pvp,player_1,player_2,340.244,398.289,346.168,252.213,-390.229,87.872,up,stay,0,2
1775908789408,2719,72488.19999992847,pvp,player_1,player_2,332.833,398.289,339.664,253.677,-390.229,87.872,up,stay,0,2
1775908789408,2720,72505,pvp,player_1,player_2,325.167,398.289,333.16,255.142,-390.229,87.872,up,stay,0,2
1775908789408,2721,72521.5,pvp,player_1,player_2,317.5,398.289,326.657,256.606,-390.229,87.872,up,stay,0,2
1775908789408,2722,72538,pvp,player_1,player_2,309.833,398.289,320.153,258.071,-390.229,87.872,up,stay,0,2
1775908789408,2723,72554.79999995232,pvp,player_1,player_2,302.361,398.289,313.649,259.535,-390.229,87.872,stay,stay,0,2
1775908789408,2724,72571.69999992847,pvp,player_1,player_2,295.083,398.289,307.145,261,-390.229,87.872,stay,stay,0,2
1775908789408,2725,72588.39999997616,pvp,player_1,player_2,288,398.289,300.641,262.464,-390.229,87.872,stay,stay,0,2
1775908789408,2726,72604.79999995232,pvp,player_1,player_2,281.111,398.289,294.138,263.929,-390.229,87.872,stay,stay,0,2
1775908789408,2727,72621.39999997616,pvp,player_1,player_2,274.417,398.289,287.634,265.394,-390.229,87.872,stay,stay,0,2
1775908789408,2728,72638.29999995232,pvp,player_1,player_2,267.917,398.289,281.13,266.858,-390.229,87.872,stay,stay,0,2
1775908789408,2729,72654.69999992847,pvp,player_1,player_2,261.611,398.289,274.626,268.323,-390.229,87.872,stay,stay,0,2
1775908789408,2730,72671.29999995232,pvp,player_1,player_2,255.5,398.289,268.122,269.787,-390.229,87.872,stay,stay,0,2
1775908789408,2731,72688.29999995232,pvp,player_1,player_2,249.583,398.289,261.619,271.252,-390.229,87.872,stay,stay,0,2
1775908789408,2732,72705,pvp,player_1,player_2,243.861,398.289,255.115,272.716,-390.229,87.872,stay,stay,0,2
1775908789408,2733,72721.69999992847,pvp,player_1,player_2,238.333,398.289,248.611,274.181,-390.229,87.872,stay,stay,0,2
1775908789408,2734,72738.10000002384,pvp,player_1,player_2,233,398.289,242.107,275.645,-390.229,87.872,stay,stay,0,2
1775908789408,2735,72754.89999997616,pvp,player_1,player_2,227.861,398.289,235.603,277.11,-390.229,87.872,stay,stay,0,2
1775908789408,2736,72771.39999997616,pvp,player_1,player_2,222.917,398.289,229.099,278.574,-390.229,87.872,stay,stay,0,2
1775908789408,2737,72788.19999992847,pvp,player_1,player_2,218.167,398.289,222.596,280.039,-390.229,87.872,stay,stay,0,2
1775908789408,2738,72804.79999995232,pvp,player_1,player_2,213.611,398.289,216.092,281.503,-390.229,87.872,stay,stay,0,2
1775908789408,2739,72821.5,pvp,player_1,player_2,209.25,398.289,209.588,282.968,-390.229,87.872,stay,stay,0,2
1775908789408,2740,72838.29999995232,pvp,player_1,player_2,205.083,398.289,203.084,284.432,-390.229,87.872,stay,stay,0,2
1775908789408,2741,72854.89999997616,pvp,player_1,player_2,201.111,398.289,196.58,285.897,-390.229,87.872,stay,stay,0,2
1775908789408,2742,72871.39999997616,pvp,player_1,player_2,197.333,398.289,190.077,287.361,-390.229,87.872,stay,stay,0,2
1775908789408,2743,72888.29999995232,pvp,player_1,player_2,193.75,398.289,183.573,288.826,-390.229,87.872,stay,stay,0,2
1775908789408,2744,72905,pvp,player_1,player_2,190.361,398.289,177.069,290.29,-390.229,87.872,stay,stay,0,2
1775908789408,2745,72921.5,pvp,player_1,player_2,187.167,398.289,170.565,291.755,-390.229,87.872,stay,stay,0,2
1775908789408,2746,72938,pvp,player_1,player_2,184.167,398.289,164.061,293.22,-390.229,87.872,stay,stay,0,2
1775908789408,2747,72954.89999997616,pvp,player_1,player_2,181.361,398.289,157.557,294.684,-390.229,87.872,stay,stay,0,2
1775908789408,2748,72971.5,pvp,player_1,player_2,178.75,398.289,151.054,296.149,-390.229,87.872,stay,stay,0,2
1775908789408,2749,72988.39999997616,pvp,player_1,player_2,176.5,398.289,144.55,297.613,-390.229,87.872,down,stay,0,2
1775908789408,2750,73004.89999997616,pvp,player_1,player_2,174.611,398.289,138.046,299.078,-390.229,87.872,down,stay,0,2
1775908789408,2751,73021.5,pvp,player_1,player_2,173.083,398.289,131.542,300.542,-390.229,87.872,down,stay,0,2
1775908789408,2752,73038,pvp,player_1,player_2,171.917,398.289,125.038,302.007,-390.229,87.872,down,stay,0,2
1775908789408,2753,73055.10000002384,pvp,player_1,player_2,171.111,398.289,118.535,303.471,-390.229,87.872,down,stay,0,2
1775908789408,2754,73071.39999997616,pvp,player_1,player_2,170.667,398.289,112.031,304.936,-390.229,87.872,down,stay,0,2
1775908789408,2755,73088.19999992847,pvp,player_1,player_2,170.583,398.289,105.527,306.4,-390.229,87.872,down,stay,0,2
1775908789408,2756,73104.79999995232,pvp,player_1,player_2,170.861,398.289,99.023,307.865,-390.229,87.872,down,stay,0,2
1775908789408,2757,73121.69999992847,pvp,player_1,player_2,171.394,398.289,92.519,309.329,-390.229,87.872,down,stay,0,2
1775908789408,2758,73138.10000002384,pvp,player_1,player_2,172.183,398.289,86.016,310.794,-390.229,87.872,down,stay,0,2
1775908789408,2759,73154.69999992847,pvp,player_1,player_2,173.228,398.289,79.512,312.258,-390.229,87.872,down,stay,0,2
1775908789408,2760,73171.79999995232,pvp,player_1,player_2,174.528,398.289,73.008,313.723,-390.229,87.872,down,stay,0,2
1775908789408,2761,73188.29999995232,pvp,player_1,player_2,176.083,398.289,66.504,315.187,-390.229,87.872,down,stay,0,2
1775908789408,2762,73204.79999995232,pvp,player_1,player_2,177.894,398.289,60,316.652,-390.229,87.872,down,stay,0,2
1775908789408,2763,73221.19999992847,pvp,player_1,player_2,179.961,398.289,53.496,318.116,-390.229,87.872,down,stay,0,2
1775908789408,2764,73238.19999992847,pvp,player_1,player_2,182.283,398.289,46.993,319.581,-390.229,87.872,down,stay,0,2
1775908789408,2765,73255.19999992847,pvp,player_1,player_2,184.861,398.289,40.489,321.046,-390.229,87.872,down,stay,0,2
1775908789408,2766,73271.69999992847,pvp,player_1,player_2,187.694,398.289,33.985,322.51,-390.229,87.872,down,stay,0,2
1775908789408,2767,73288.29999995232,pvp,player_1,player_2,190.783,398.289,27.481,323.975,-390.229,87.872,down,stay,0,2
1775908789408,2768,73304.89999997616,pvp,player_1,player_2,194.128,398.289,20.977,325.439,-390.229,87.872,down,stay,0,2
1775908789408,2769,73321.69999992847,pvp,player_1,player_2,197.728,398.289,14.474,326.904,-390.229,87.872,down,stay,0,2
1775908789408,2770,73338.5,pvp,player_1,player_2,201.583,398.289,7.97,328.368,-390.229,87.872,down,stay,0,2
1775908789408,2771,73354.79999995232,pvp,player_1,player_2,205.694,398.289,1.466,329.833,-390.229,87.872,down,stay,0,2
1775908789408,2772,73371.29999995232,pvp,player_1,player_2,210.061,398.289,-5.038,331.297,-390.229,87.872,down,stay,0,2
1775908789408,2773,73388.10000002384,pvp,player_1,player_2,214.683,398.289,480,270,-280,0,down,stay,0,3
1775908789408,2774,73405.10000002384,pvp,player_1,player_2,219.561,398.289,475.333,270,-280,0,down,stay,0,3
1775908789408,2775,73421.5,pvp,player_1,player_2,224.694,398.289,470.667,270,-280,0,down,stay,0,3
1775908789408,2776,73437.89999997616,pvp,player_1,player_2,230.083,398.289,466,270,-280,0,down,stay,0,3
1775908789408,2777,73454.69999992847,pvp,player_1,player_2,235.728,398.289,461.333,270,-280,0,down,stay,0,3
1775908789408,2778,73471.5,pvp,player_1,player_2,241.628,398.289,456.667,270,-280,0,down,stay,0,3
1775908789408,2779,73488.10000002384,pvp,player_1,player_2,247.783,398.289,452,270,-280,0,down,stay,0,3
1775908789408,2780,73505.10000002384,pvp,player_1,player_2,254.194,398.289,447.333,270,-280,0,down,stay,0,3
1775908789408,2781,73521.39999997616,pvp,player_1,player_2,260.861,398.289,442.667,270,-280,0,down,stay,0,3
1775908789408,2782,73538,pvp,player_1,player_2,267.783,398.289,438,270,-280,0,down,stay,0,3
1775908789408,2783,73554.89999997616,pvp,player_1,player_2,274.961,398.289,433.333,270,-280,0,down,stay,0,3
1775908789408,2784,73571.29999995232,pvp,player_1,player_2,282.394,398.289,428.667,270,-280,0,down,stay,0,3
1775908789408,2785,73588.19999992847,pvp,player_1,player_2,290.061,398.289,424,270,-280,0,down,stay,0,3
1775908789408,2786,73604.79999995232,pvp,player_1,player_2,297.728,398.289,419.333,270,-280,0,down,stay,0,3
1775908789408,2787,73621.60000002384,pvp,player_1,player_2,305.394,398.289,414.667,270,-280,0,down,stay,0,3
1775908789408,2788,73638.10000002384,pvp,player_1,player_2,313.061,398.289,410,270,-280,0,down,stay,0,3
1775908789408,2789,73654.89999997616,pvp,player_1,player_2,320.728,398.289,405.333,270,-280,0,down,stay,0,3
1775908789408,2790,73671.69999992847,pvp,player_1,player_2,328.394,398.289,400.667,270,-280,0,down,stay,0,3
1775908789408,2791,73688.10000002384,pvp,player_1,player_2,336.061,398.289,396,270,-280,0,down,stay,0,3
1775908789408,2792,73705.10000002384,pvp,player_1,player_2,343.728,398.289,391.333,270,-280,0,down,stay,0,3
1775908789408,2793,73721.5,pvp,player_1,player_2,351.394,398.289,386.667,270,-280,0,down,stay,0,3
1775908789408,2794,73737.89999997616,pvp,player_1,player_2,359.061,398.289,382,270,-280,0,down,stay,0,3
1775908789408,2795,73754.69999992847,pvp,player_1,player_2,366.728,398.289,377.333,270,-280,0,down,stay,0,3
1775908789408,2796,73771.60000002384,pvp,player_1,player_2,374.394,398.289,372.667,270,-280,0,down,stay,0,3
1775908789408,2797,73788.10000002384,pvp,player_1,player_2,382.061,398.289,368,270,-280,0,down,stay,0,3
1775908789408,2798,73804.89999997616,pvp,player_1,player_2,389.728,398.289,363.333,270,-280,0,down,stay,0,3
1775908789408,2799,73821.60000002384,pvp,player_1,player_2,397.394,398.289,358.667,270,-280,0,down,stay,0,3
1775908789408,2800,73838.19999992847,pvp,player_1,player_2,405.061,398.289,354,270,-280,0,down,stay,0,3
1775908789408,2801,73855,pvp,player_1,player_2,412.728,398.289,349.333,270,-280,0,down,stay,0,3
1775908789408,2802,73871.5,pvp,player_1,player_2,420.394,398.289,344.667,270,-280,0,down,stay,0,3
1775908789408,2803,73888.10000002384,pvp,player_1,player_2,428.061,398.289,340,270,-280,0,down,stay,0,3
1775908789408,2804,73905,pvp,player_1,player_2,435.728,398.289,335.333,270,-280,0,down,stay,0,3
1775908789408,2805,73921.39999997616,pvp,player_1,player_2,443.394,398.289,330.667,270,-280,0,down,stay,0,3
1775908789408,2806,73938.29999995232,pvp,player_1,player_2,444,398.289,326,270,-280,0,stay,stay,0,3
1775908789408,2807,73955.19999992847,pvp,player_1,player_2,444,398.289,321.333,270,-280,0,stay,stay,0,3
1775908789408,2808,73971.39999997616,pvp,player_1,player_2,444,398.289,316.667,270,-280,0,stay,stay,0,3
1775908789408,2809,73988.19999992847,pvp,player_1,player_2,444,398.289,312,270,-280,0,stay,stay,0,3
1775908789408,2810,74005,pvp,player_1,player_2,444,398.289,307.333,270,-280,0,stay,stay,0,3
1775908789408,2811,74021.60000002384,pvp,player_1,player_2,444,398.289,302.667,270,-280,0,stay,stay,0,3
1775908789408,2812,74038.10000002384,pvp,player_1,player_2,444,398.289,298,270,-280,0,up,stay,0,3
1775908789408,2813,74054.89999997616,pvp,player_1,player_2,444,398.289,293.333,270,-280,0,up,stay,0,3
1775908789408,2814,74071.5,pvp,player_1,player_2,444,398.289,288.667,270,-280,0,up,stay,0,3
1775908789408,2815,74088.29999995232,pvp,player_1,player_2,444,398.289,284,270,-280,0,up,stay,0,3
1775908789408,2816,74104.79999995232,pvp,player_1,player_2,444,398.289,279.333,270,-280,0,up,stay,0,3
1775908789408,2817,74121.60000002384,pvp,player_1,player_2,444,398.289,274.667,270,-280,0,up,stay,0,3
1775908789408,2818,74138.10000002384,pvp,player_1,player_2,444,398.289,270,270,-280,0,up,stay,0,3
1775908789408,2819,74154.89999997616,pvp,player_1,player_2,444,398.289,265.333,270,-280,0,up,stay,0,3
1775908789408,2820,74171.69999992847,pvp,player_1,player_2,444,398.289,260.667,270,-280,0,up,stay,0,3
1775908789408,2821,74188.39999997616,pvp,player_1,player_2,444,398.289,256,270,-280,0,up,stay,0,3
1775908789408,2822,74204.89999997616,pvp,player_1,player_2,444,398.289,251.333,270,-280,0,up,stay,0,3
1775908789408,2823,74221.5,pvp,player_1,player_2,444,398.289,246.667,270,-280,0,up,stay,0,3
1775908789408,2824,74238,pvp,player_1,player_2,444,398.289,242,270,-280,0,up,stay,0,3
1775908789408,2825,74254.89999997616,pvp,player_1,player_2,444,398.289,237.333,270,-280,0,up,stay,0,3
1775908789408,2826,74271.60000002384,pvp,player_1,player_2,444,398.289,232.667,270,-280,0,up,stay,0,3
1775908789408,2827,74288.19999992847,pvp,player_1,player_2,444,398.289,228,270,-280,0,up,stay,0,3
1775908789408,2828,74304.79999995232,pvp,player_1,player_2,444,398.289,223.333,270,-280,0,up,stay,0,3
1775908789408,2829,74321.69999992847,pvp,player_1,player_2,444,398.289,218.667,270,-280,0,up,stay,0,3
1775908789408,2830,74338.19999992847,pvp,player_1,player_2,443.744,398.289,214,270,-280,0,up,stay,0,3
1775908789408,2831,74354.89999997616,pvp,player_1,player_2,443.233,398.289,209.333,270,-280,0,up,stay,0,3
1775908789408,2832,74371.39999997616,pvp,player_1,player_2,442.467,398.289,204.667,270,-280,0,up,stay,0,3
1775908789408,2833,74388.29999995232,pvp,player_1,player_2,441.444,398.289,200,270,-280,0,up,stay,0,3
1775908789408,2834,74404.69999992847,pvp,player_1,player_2,440.167,398.289,195.333,270,-280,0,up,stay,0,3
1775908789408,2835,74421.29999995232,pvp,player_1,player_2,438.633,398.289,190.667,270,-280,0,up,stay,0,3
1775908789408,2836,74438.29999995232,pvp,player_1,player_2,436.844,398.289,186,270,-280,0,up,stay,0,3
1775908789408,2837,74454.79999995232,pvp,player_1,player_2,434.8,398.289,181.333,270,-280,0,up,stay,0,3
1775908789408,2838,74471.60000002384,pvp,player_1,player_2,432.5,398.289,176.667,270,-280,0,up,stay,0,3
1775908789408,2839,74488.29999995232,pvp,player_1,player_2,429.944,398.289,172,270,-280,0,up,stay,0,3
1775908789408,2840,74505.10000002384,pvp,player_1,player_2,427.133,398.289,167.333,270,-280,0,up,stay,0,3
1775908789408,2841,74521.5,pvp,player_1,player_2,424.067,398.289,162.667,270,-280,0,up,stay,0,3
1775908789408,2842,74538.10000002384,pvp,player_1,player_2,420.744,398.289,158,270,-280,0,up,stay,0,3
1775908789408,2843,74554.79999995232,pvp,player_1,player_2,417.167,398.289,153.333,270,-280,0,up,stay,0,3
1775908789408,2844,74571.69999992847,pvp,player_1,player_2,413.333,398.289,148.667,270,-280,0,up,stay,0,3
1775908789408,2845,74588.29999995232,pvp,player_1,player_2,409.244,398.289,144,270,-280,0,up,stay,0,3
1775908789408,2846,74604.89999997616,pvp,player_1,player_2,404.9,398.289,139.333,270,-280,0,up,stay,0,3
1775908789408,2847,74621.19999992847,pvp,player_1,player_2,400.3,398.289,134.667,270,-280,0,up,stay,0,3
1775908789408,2848,74638.29999995232,pvp,player_1,player_2,395.444,398.289,130,270,-280,0,up,stay,0,3
1775908789408,2849,74654.89999997616,pvp,player_1,player_2,390.333,398.289,125.333,270,-280,0,up,stay,0,3
1775908789408,2850,74671.29999995232,pvp,player_1,player_2,384.967,398.289,120.667,270,-280,0,up,stay,0,3
1775908789408,2851,74688.39999997616,pvp,player_1,player_2,379.344,398.289,116,270,-280,0,up,stay,0,3
1775908789408,2852,74704.69999992847,pvp,player_1,player_2,373.467,398.289,111.333,270,-280,0,up,stay,0,3
1775908789408,2853,74721.39999997616,pvp,player_1,player_2,367.333,398.289,106.667,270,-280,0,up,stay,0,3
1775908789408,2854,74737.89999997616,pvp,player_1,player_2,360.944,398.289,102,270,-280,0,up,stay,0,3
1775908789408,2855,74754.79999995232,pvp,player_1,player_2,354.3,398.289,97.333,270,-280,0,up,stay,0,3
1775908789408,2856,74771.29999995232,pvp,player_1,player_2,347.4,398.289,92.667,270,-280,0,up,stay,0,3
1775908789408,2857,74788,pvp,player_1,player_2,340.244,398.289,88,270,-280,0,up,stay,0,3
1775908789408,2858,74804.89999997616,pvp,player_1,player_2,332.833,398.289,83.333,270,-280,0,up,stay,0,3
1775908789408,2859,74821.5,pvp,player_1,player_2,325.167,398.289,78.667,270,-280,0,up,stay,0,3
1775908789408,2860,74838,pvp,player_1,player_2,317.5,398.289,74,270,-280,0,up,stay,0,3
1775908789408,2861,74854.89999997616,pvp,player_1,player_2,309.833,398.289,69.333,270,-280,0,up,stay,0,3
1775908789408,2862,74871.60000002384,pvp,player_1,player_2,302.167,398.289,64.667,270,-280,0,up,stay,0,3
1775908789408,2863,74888.19999992847,pvp,player_1,player_2,294.5,398.289,60,270,-280,0,up,stay,0,3
1775908789408,2864,74905,pvp,player_1,player_2,286.833,398.289,55.333,270,-280,0,up,stay,0,3
1775908789408,2865,74921.69999992847,pvp,player_1,player_2,279.167,398.289,50.667,270,-280,0,up,stay,0,3
1775908789408,2866,74938.29999995232,pvp,player_1,player_2,271.5,398.289,48,270,126.785,-271.892,up,stay,0,3
1775908789408,2867,74954.69999992847,pvp,player_1,player_2,263.833,398.289,50.113,265.468,126.785,-271.892,up,stay,0,3
1775908789408,2868,74971.19999992847,pvp,player_1,player_2,256.167,398.289,52.226,260.937,126.785,-271.892,up,stay,0,3
1775908789408,2869,74988.19999992847,pvp,player_1,player_2,248.5,398.289,54.339,256.405,126.785,-271.892,up,stay,0,3
1775908789408,2870,75004.60000002384,pvp,player_1,player_2,240.833,398.289,56.452,251.874,126.785,-271.892,up,stay,0,3
1775908789408,2871,75021.60000002384,pvp,player_1,player_2,233.167,398.289,58.565,247.342,126.785,-271.892,up,stay,0,3
1775908789408,2872,75038.19999992847,pvp,player_1,player_2,225.5,398.289,60.679,242.811,126.785,-271.892,up,stay,0,3
1775908789408,2873,75055,pvp,player_1,player_2,217.833,398.289,62.792,238.279,126.785,-271.892,up,stay,0,3
1775908789408,2874,75071.60000002384,pvp,player_1,player_2,210.167,398.289,64.905,233.748,126.785,-271.892,up,stay,0,3
1775908789408,2875,75088.19999992847,pvp,player_1,player_2,202.5,398.289,67.018,229.216,126.785,-271.892,up,stay,0,3
1775908789408,2876,75105,pvp,player_1,player_2,194.833,398.289,69.131,224.685,126.785,-271.892,up,stay,0,3
1775908789408,2877,75121.39999997616,pvp,player_1,player_2,187.167,398.289,71.244,220.153,126.785,-271.892,up,stay,0,3
1775908789408,2878,75138.19999992847,pvp,player_1,player_2,179.5,398.289,73.357,215.622,126.785,-271.892,up,stay,0,3
1775908789408,2879,75155,pvp,player_1,player_2,171.833,398.289,75.47,211.09,126.785,-271.892,up,stay,0,3
1775908789408,2880,75171.60000002384,pvp,player_1,player_2,164.167,398.289,77.583,206.558,126.785,-271.892,up,stay,0,3
1775908789408,2881,75188.19999992847,pvp,player_1,player_2,156.5,398.289,79.696,202.027,126.785,-271.892,up,stay,0,3
1775908789408,2882,75204.79999995232,pvp,player_1,player_2,148.833,398.289,81.809,197.495,126.785,-271.892,up,stay,0,3
1775908789408,2883,75221.5,pvp,player_1,player_2,141.167,398.289,83.923,192.964,126.785,-271.892,up,stay,0,3
1775908789408,2884,75238.5,pvp,player_1,player_2,133.5,398.289,86.036,188.432,126.785,-271.892,up,stay,0,3
1775908789408,2885,75254.89999997616,pvp,player_1,player_2,125.833,398.289,88.149,183.901,126.785,-271.892,up,stay,0,3
1775908789408,2886,75271.60000002384,pvp,player_1,player_2,118.167,398.289,90.262,179.369,126.785,-271.892,up,stay,0,3
1775908789408,2887,75288.29999995232,pvp,player_1,player_2,110.694,398.289,92.375,174.838,126.785,-271.892,stay,stay,0,3
1775908789408,2888,75305,pvp,player_1,player_2,103.417,398.289,94.488,170.306,126.785,-271.892,stay,stay,0,3
1775908789408,2889,75321.29999995232,pvp,player_1,player_2,96.333,398.289,96.601,165.775,126.785,-271.892,stay,stay,0,3
1775908789408,2890,75338.29999995232,pvp,player_1,player_2,89.444,398.289,98.714,161.243,126.785,-271.892,stay,stay,0,3
1775908789408,2891,75355.29999995232,pvp,player_1,player_2,82.75,398.289,100.827,156.712,126.785,-271.892,stay,stay,0,3
1775908789408,2892,75371.60000002384,pvp,player_1,player_2,76.25,398.289,102.94,152.18,126.785,-271.892,stay,stay,0,3
1775908789408,2893,75388.10000002384,pvp,player_1,player_2,69.944,398.289,105.053,147.648,126.785,-271.892,stay,stay,0,3
1775908789408,2894,75404.89999997616,pvp,player_1,player_2,63.833,398.289,107.167,143.117,126.785,-271.892,stay,stay,0,3
1775908789408,2895,75421.79999995232,pvp,player_1,player_2,57.917,398.289,109.28,138.585,126.785,-271.892,stay,stay,0,3
1775908789408,2896,75437.89999997616,pvp,player_1,player_2,52.194,398.289,111.393,134.054,126.785,-271.892,stay,stay,0,3
1775908789408,2897,75454.79999995232,pvp,player_1,player_2,46.667,398.289,113.506,129.522,126.785,-271.892,stay,stay,0,3
1775908789408,2898,75471.69999992847,pvp,player_1,player_2,41.333,398.289,115.619,124.991,126.785,-271.892,stay,stay,0,3
1775908789408,2899,75488.29999995232,pvp,player_1,player_2,36.194,398.289,117.732,120.459,126.785,-271.892,stay,stay,0,3
1775908789408,2900,75505,pvp,player_1,player_2,31.25,398.289,119.845,115.928,126.785,-271.892,stay,stay,0,3
1775908789408,2901,75521.89999997616,pvp,player_1,player_2,26.5,398.289,121.958,111.396,126.785,-271.892,stay,stay,0,3
1775908789408,2902,75538.39999997616,pvp,player_1,player_2,21.944,398.289,124.071,106.865,126.785,-271.892,stay,stay,0,3
1775908789408,2903,75555.19999992847,pvp,player_1,player_2,17.583,398.289,126.184,102.333,126.785,-271.892,stay,stay,0,3
1775908789408,2904,75571.89999997616,pvp,player_1,player_2,13.417,398.289,128.297,97.802,126.785,-271.892,stay,stay,0,3
1775908789408,2905,75588.19999992847,pvp,player_1,player_2,9.444,398.289,130.411,93.27,126.785,-271.892,stay,stay,0,3
1775908789408,2906,75605.10000002384,pvp,player_1,player_2,5.667,398.289,132.524,88.738,126.785,-271.892,stay,stay,0,3
1775908789408,2907,75621.69999992847,pvp,player_1,player_2,2.083,398.289,134.637,84.207,126.785,-271.892,stay,stay,0,3
1775908789408,2908,75638.29999995232,pvp,player_1,player_2,0,398.289,136.75,79.675,126.785,-271.892,stay,stay,0,3
1775908789408,2909,75654.79999995232,pvp,player_1,player_2,0,398.289,138.863,75.144,126.785,-271.892,stay,stay,0,3
1775908789408,2910,75671.39999997616,pvp,player_1,player_2,0,398.289,140.976,70.612,126.785,-271.892,stay,stay,0,3
1775908789408,2911,75688.29999995232,pvp,player_1,player_2,0,398.289,143.089,66.081,126.785,-271.892,stay,stay,0,3
1775908789408,2912,75705.19999992847,pvp,player_1,player_2,0,398.289,145.202,61.549,126.785,-271.892,stay,stay,0,3
1775908789408,2913,75721.69999992847,pvp,player_1,player_2,0,398.289,147.315,57.018,126.785,-271.892,stay,stay,0,3
1775908789408,2914,75738.5,pvp,player_1,player_2,0,398.289,149.428,52.486,126.785,-271.892,stay,stay,0,3
1775908789408,2915,75755.29999995232,pvp,player_1,player_2,0,398.289,151.541,47.955,126.785,-271.892,stay,stay,0,3
1775908789408,2916,75771.60000002384,pvp,player_1,player_2,0,398.289,153.655,43.423,126.785,-271.892,stay,stay,0,3
1775908789408,2917,75788.5,pvp,player_1,player_2,0,398.289,155.768,38.892,126.785,-271.892,stay,stay,0,3
1775908789408,2918,75805.19999992847,pvp,player_1,player_2,0,398.289,157.881,34.36,126.785,-271.892,stay,stay,0,3
1775908789408,2919,75821.69999992847,pvp,player_1,player_2,0,398.289,159.994,29.828,126.785,-271.892,stay,stay,0,3
1775908789408,2920,75838.10000002384,pvp,player_1,player_2,0,398.289,162.107,25.297,126.785,-271.892,stay,stay,0,3
1775908789408,2921,75855.10000002384,pvp,player_1,player_2,0,398.289,164.22,20.765,126.785,-271.892,stay,stay,0,3
1775908789408,2922,75871.5,pvp,player_1,player_2,0,398.289,166.333,16.234,126.785,-271.892,stay,stay,0,3
1775908789408,2923,75888.29999995232,pvp,player_1,player_2,0,398.289,168.446,11.702,126.785,-271.892,stay,stay,0,3
1775908789408,2924,75905.10000002384,pvp,player_1,player_2,0,398.289,170.559,10,126.785,271.892,stay,stay,0,3
1775908789408,2925,75921.60000002384,pvp,player_1,player_2,0,398.289,172.672,14.532,126.785,271.892,stay,stay,0,3
1775908789408,2926,75938.39999997616,pvp,player_1,player_2,0,398.289,174.785,19.063,126.785,271.892,stay,stay,0,3
1775908789408,2927,75955.10000002384,pvp,player_1,player_2,0,398.289,176.899,23.595,126.785,271.892,stay,stay,0,3
1775908789408,2928,75971.79999995232,pvp,player_1,player_2,0,398.289,179.012,28.126,126.785,271.892,stay,stay,0,3
1775908789408,2929,75988.5,pvp,player_1,player_2,0,398.289,181.125,32.658,126.785,271.892,stay,stay,0,3
1775908789408,2930,76005,pvp,player_1,player_2,0,398.289,183.238,37.189,126.785,271.892,stay,stay,0,3
1775908789408,2931,76022.10000002384,pvp,player_1,player_2,0,398.289,185.351,41.721,126.785,271.892,stay,stay,0,3
1775908789408,2932,76038.5,pvp,player_1,player_2,0,398.289,187.464,46.252,126.785,271.892,stay,stay,0,3
1775908789408,2933,76054.89999997616,pvp,player_1,player_2,0,398.289,189.577,50.784,126.785,271.892,stay,stay,0,3
1775908789408,2934,76071.69999992847,pvp,player_1,player_2,0,398.289,191.69,55.315,126.785,271.892,stay,stay,0,3
1775908789408,2935,76088.39999997616,pvp,player_1,player_2,0,398.289,193.803,59.847,126.785,271.892,stay,stay,0,3
1775908789408,2936,76105,pvp,player_1,player_2,0,398.289,195.916,64.378,126.785,271.892,stay,stay,0,3
1775908789408,2937,76121.60000002384,pvp,player_1,player_2,0,398.289,198.029,68.91,126.785,271.892,stay,stay,0,3
1775908789408,2938,76138.29999995232,pvp,player_1,player_2,0,398.289,200.143,73.442,126.785,271.892,stay,stay,0,3
1775908789408,2939,76154.79999995232,pvp,player_1,player_2,0,398.289,202.256,77.973,126.785,271.892,stay,stay,0,3
1775908789408,2940,76171.60000002384,pvp,player_1,player_2,0,398.289,204.369,82.505,126.785,271.892,stay,stay,0,3
1775908789408,2941,76187.89999997616,pvp,player_1,player_2,0,398.289,206.482,87.036,126.785,271.892,stay,stay,0,3
1775908789408,2942,76204.60000002384,pvp,player_1,player_2,0,398.289,208.595,91.568,126.785,271.892,stay,stay,0,3
1775908789408,2943,76221.89999997616,pvp,player_1,player_2,0,398.289,210.708,96.099,126.785,271.892,stay,stay,0,3
1775908789408,2944,76238.39999997616,pvp,player_1,player_2,0,398.289,212.821,100.631,126.785,271.892,stay,stay,0,3
1775908789408,2945,76254.79999995232,pvp,player_1,player_2,0,398.289,214.934,105.162,126.785,271.892,stay,stay,0,3
1775908789408,2946,76271.60000002384,pvp,player_1,player_2,0,398.289,217.047,109.694,126.785,271.892,stay,stay,0,3
1775908789408,2947,76288.29999995232,pvp,player_1,player_2,0,398.289,219.16,114.225,126.785,271.892,stay,stay,0,3
1775908789408,2948,76304.89999997616,pvp,player_1,player_2,0,398.289,221.273,118.757,126.785,271.892,stay,stay,0,3
1775908789408,2949,76321.60000002384,pvp,player_1,player_2,0,398.289,223.387,123.288,126.785,271.892,stay,stay,0,3
1775908789408,2950,76338.29999995232,pvp,player_1,player_2,0,398.289,225.5,127.82,126.785,271.892,stay,stay,0,3
1775908789408,2951,76355.10000002384,pvp,player_1,player_2,0,398.289,227.613,132.352,126.785,271.892,stay,stay,0,3
1775908789408,2952,76371.89999997616,pvp,player_1,player_2,0,398.289,229.726,136.883,126.785,271.892,stay,stay,0,3
1775908789408,2953,76388.39999997616,pvp,player_1,player_2,0,398.289,231.839,141.415,126.785,271.892,stay,stay,0,3
1775908789408,2954,76404.89999997616,pvp,player_1,player_2,0,398.289,233.952,145.946,126.785,271.892,stay,stay,0,3
1775908789408,2955,76421.5,pvp,player_1,player_2,0,398.289,236.065,150.478,126.785,271.892,stay,stay,0,3
1775908789408,2956,76438.10000002384,pvp,player_1,player_2,0,398.289,238.178,155.009,126.785,271.892,stay,stay,0,3
1775908789408,2957,76455.19999992847,pvp,player_1,player_2,0,398.289,240.291,159.541,126.785,271.892,stay,stay,0,3
1775908789408,2958,76471.5,pvp,player_1,player_2,0,398.289,242.404,164.072,126.785,271.892,stay,stay,0,3
1775908789408,2959,76488.29999995232,pvp,player_1,player_2,0,398.289,244.517,168.604,126.785,271.892,stay,stay,0,3
1775908789408,2960,76504.89999997616,pvp,player_1,player_2,0,398.289,246.631,173.135,126.785,271.892,stay,stay,0,3
1775908789408,2961,76521.69999992847,pvp,player_1,player_2,0,398.289,248.744,177.667,126.785,271.892,stay,stay,0,3
1775908789408,2962,76538.39999997616,pvp,player_1,player_2,0,398.289,250.857,182.198,126.785,271.892,stay,stay,0,3
1775908789408,2963,76554.89999997616,pvp,player_1,player_2,0,398.289,252.97,186.73,126.785,271.892,stay,stay,0,3
1775908789408,2964,76571.39999997616,pvp,player_1,player_2,0,398.289,255.083,191.262,126.785,271.892,stay,stay,0,3
1775908789408,2965,76588.29999995232,pvp,player_1,player_2,0,398.289,257.196,195.793,126.785,271.892,stay,stay,0,3
1775908789408,2966,76605,pvp,player_1,player_2,0,398.289,259.309,200.325,126.785,271.892,stay,stay,0,3
1775908789408,2967,76621.60000002384,pvp,player_1,player_2,0,398.289,261.422,204.856,126.785,271.892,stay,stay,0,3
1775908789408,2968,76638.29999995232,pvp,player_1,player_2,0,398.289,263.535,209.388,126.785,271.892,stay,stay,0,3
1775908789408,2969,76655.10000002384,pvp,player_1,player_2,0,398.289,265.648,213.919,126.785,271.892,stay,stay,0,3
1775908789408,2970,76671.60000002384,pvp,player_1,player_2,0,398.289,267.761,218.451,126.785,271.892,stay,stay,0,3
1775908789408,2971,76688.29999995232,pvp,player_1,player_2,0,398.289,269.875,222.982,126.785,271.892,stay,stay,0,3
1775908789408,2972,76705,pvp,player_1,player_2,0,398.289,271.988,227.514,126.785,271.892,stay,stay,0,3
1775908789408,2973,76721.60000002384,pvp,player_1,player_2,0,398.289,274.101,232.045,126.785,271.892,stay,stay,0,3
1775908789408,2974,76738.29999995232,pvp,player_1,player_2,0,398.289,276.214,236.577,126.785,271.892,stay,stay,0,3
1775908789408,2975,76755,pvp,player_1,player_2,0,398.289,278.327,241.108,126.785,271.892,stay,stay,0,3
1775908789408,2976,76772,pvp,player_1,player_2,0,398.289,280.44,245.64,126.785,271.892,stay,stay,0,3
1775908789408,2977,76788.29999995232,pvp,player_1,player_2,0,398.289,282.553,250.172,126.785,271.892,stay,stay,0,3
1775908789408,2978,76804.89999997616,pvp,player_1,player_2,0,398.289,284.666,254.703,126.785,271.892,stay,stay,0,3
1775908789408,2979,76821.5,pvp,player_1,player_2,0,398.289,286.779,259.235,126.785,271.892,stay,stay,0,3
1775908789408,2980,76838.39999997616,pvp,player_1,player_2,0,398.289,288.892,263.766,126.785,271.892,stay,stay,0,3
1775908789408,2981,76855.10000002384,pvp,player_1,player_2,0,398.289,291.006,268.298,126.785,271.892,stay,stay,0,3
1775908789408,2982,76871.79999995232,pvp,player_1,player_2,0,398.289,293.119,272.829,126.785,271.892,stay,stay,0,3
1775908789408,2983,76888.5,pvp,player_1,player_2,0,398.033,295.232,277.361,126.785,271.892,stay,up,0,3
1775908789408,2984,76905.10000002384,pvp,player_1,player_2,0,397.522,297.345,281.892,126.785,271.892,stay,up,0,3
1775908789408,2985,76921.60000002384,pvp,player_1,player_2,0,396.756,299.458,286.424,126.785,271.892,stay,up,0,3
1775908789408,2986,76938.5,pvp,player_1,player_2,0,395.733,301.571,290.955,126.785,271.892,stay,up,0,3
1775908789408,2987,76955.29999995232,pvp,player_1,player_2,0,394.456,303.684,295.487,126.785,271.892,stay,up,0,3
1775908789408,2988,76971.89999997616,pvp,player_1,player_2,0,392.922,305.797,300.018,126.785,271.892,stay,up,0,3
1775908789408,2989,76988.39999997616,pvp,player_1,player_2,0,391.133,307.91,304.55,126.785,271.892,stay,up,0,3
1775908789408,2990,77005.19999992847,pvp,player_1,player_2,0,389.089,310.023,309.082,126.785,271.892,stay,up,0,3
1775908789408,2991,77021.69999992847,pvp,player_1,player_2,0,386.789,312.136,313.613,126.785,271.892,stay,up,0,3
1775908789408,2992,77038.5,pvp,player_1,player_2,0,384.233,314.25,318.145,126.785,271.892,stay,up,0,3
1775908789408,2993,77055,pvp,player_1,player_2,0,381.422,316.363,322.676,126.785,271.892,stay,up,0,3
1775908789408,2994,77071.5,pvp,player_1,player_2,0,378.356,318.476,327.208,126.785,271.892,stay,up,0,3
1775908789408,2995,77088.39999997616,pvp,player_1,player_2,0,375.033,320.589,331.739,126.785,271.892,stay,up,0,3
1775908789408,2996,77105.10000002384,pvp,player_1,player_2,0,371.456,322.702,336.271,126.785,271.892,stay,up,0,3
1775908789408,2997,77121.60000002384,pvp,player_1,player_2,0,367.622,324.815,340.802,126.785,271.892,stay,up,0,3
1775908789408,2998,77138.19999992847,pvp,player_1,player_2,0,363.533,326.928,345.334,126.785,271.892,stay,up,0,3
1775908789408,2999,77155,pvp,player_1,player_2,0,359.189,329.041,349.865,126.785,271.892,stay,up,0,3
1775908789408,3000,77171.69999992847,pvp,player_1,player_2,0,354.589,331.154,354.397,126.785,271.892,stay,up,0,3
1775908789408,3001,77188.10000002384,pvp,player_1,player_2,0,349.733,333.267,358.928,126.785,271.892,stay,up,0,3
1775908789408,3002,77204.79999995232,pvp,player_1,player_2,0,344.622,335.38,363.46,126.785,271.892,stay,up,0,3
1775908789408,3003,77221.69999992847,pvp,player_1,player_2,0,339.256,337.494,367.992,126.785,271.892,stay,up,0,3
1775908789408,3004,77238.29999995232,pvp,player_1,player_2,0,333.633,339.607,372.523,126.785,271.892,stay,up,0,3
1775908789408,3005,77255.10000002384,pvp,player_1,player_2,0,327.756,341.72,377.055,126.785,271.892,stay,up,0,3
1775908789408,3006,77271.5,pvp,player_1,player_2,0,321.622,343.833,381.586,126.785,271.892,stay,up,0,3
1775908789408,3007,77288.39999997616,pvp,player_1,player_2,0,315.233,345.946,386.118,126.785,271.892,stay,up,0,3
1775908789408,3008,77305.10000002384,pvp,player_1,player_2,0,308.589,348.059,390.649,126.785,271.892,stay,up,0,3
1775908789408,3009,77321.79999995232,pvp,player_1,player_2,0,301.689,350.172,395.181,126.785,271.892,stay,up,0,3
1775908789408,3010,77338.29999995232,pvp,player_1,player_2,0,294.533,352.285,399.712,126.785,271.892,stay,up,0,3
1775908789408,3011,77355.29999995232,pvp,player_1,player_2,0,287.122,354.398,404.244,126.785,271.892,stay,up,0,3
1775908789408,3012,77371.5,pvp,player_1,player_2,0,279.456,356.511,408.775,126.785,271.892,stay,up,0,3
1775908789408,3013,77388.29999995232,pvp,player_1,player_2,0,271.789,358.624,413.307,126.785,271.892,stay,up,0,3
1775908789408,3014,77405.10000002384,pvp,player_1,player_2,0,264.122,360.738,417.839,126.785,271.892,stay,up,0,3
1775908789408,3015,77421.39999997616,pvp,player_1,player_2,0,256.456,362.851,422.37,126.785,271.892,stay,up,0,3
1775908789408,3016,77437.89999997616,pvp,player_1,player_2,0,248.789,364.964,426.902,126.785,271.892,stay,up,0,3
1775908789408,3017,77455.10000002384,pvp,player_1,player_2,0,241.122,367.077,431.433,126.785,271.892,stay,up,0,3
1775908789408,3018,77471.60000002384,pvp,player_1,player_2,0,233.456,369.19,435.965,126.785,271.892,stay,up,0,3
1775908789408,3019,77488.5,pvp,player_1,player_2,0,225.789,371.303,440.496,126.785,271.892,stay,up,0,3
1775908789408,3020,77505.10000002384,pvp,player_1,player_2,0,218.122,373.416,445.028,126.785,271.892,stay,up,0,3
1775908789408,3021,77521.79999995232,pvp,player_1,player_2,0,210.456,375.529,449.559,126.785,271.892,stay,up,0,3
1775908789408,3022,77538.5,pvp,player_1,player_2,0,202.789,377.642,454.091,126.785,271.892,stay,up,0,3
1775908789408,3023,77554.89999997616,pvp,player_1,player_2,0,195.122,379.755,458.622,126.785,271.892,stay,up,0,3
1775908789408,3024,77571.69999992847,pvp,player_1,player_2,0,187.456,381.868,463.154,126.785,271.892,stay,up,0,3
1775908789408,3025,77588.39999997616,pvp,player_1,player_2,0,179.789,383.982,467.685,126.785,271.892,stay,up,0,3
1775908789408,3026,77605.10000002384,pvp,player_1,player_2,0,172.122,386.095,472.217,126.785,271.892,stay,up,0,3
1775908789408,3027,77621.69999992847,pvp,player_1,player_2,0,164.456,388.208,476.749,126.785,271.892,stay,up,0,3
1775908789408,3028,77638.19999992847,pvp,player_1,player_2,0,156.789,390.321,481.28,126.785,271.892,stay,up,0,3
1775908789408,3029,77654.89999997616,pvp,player_1,player_2,0,149.122,392.434,485.812,126.785,271.892,stay,up,0,3
1775908789408,3030,77671.79999995232,pvp,player_1,player_2,0,141.456,394.547,490.343,126.785,271.892,stay,up,0,3
1775908789408,3031,77688.5,pvp,player_1,player_2,0,133.789,396.66,494.875,126.785,271.892,stay,up,0,3
1775908789408,3032,77705,pvp,player_1,player_2,0,126.122,398.773,499.406,126.785,271.892,stay,up,0,3
1775908789408,3033,77721.69999992847,pvp,player_1,player_2,0,118.456,400.886,503.938,126.785,271.892,stay,up,0,3
1775908789408,3034,77738.5,pvp,player_1,player_2,0,110.789,402.999,508.469,126.785,271.892,stay,up,0,3
1775908789408,3035,77755.29999995232,pvp,player_1,player_2,0,103.122,405.112,513.001,126.785,271.892,stay,up,0,3
1775908789408,3036,77771.60000002384,pvp,player_1,player_2,0,95.456,407.226,517.532,126.785,271.892,stay,up,0,3
1775908789408,3037,77788.39999997616,pvp,player_1,player_2,0,87.789,409.339,522.064,126.785,271.892,stay,up,0,3
1775908789408,3038,77805.19999992847,pvp,player_1,player_2,0,80.122,411.452,526.595,126.785,271.892,stay,up,0,3
1775908789408,3039,77821.60000002384,pvp,player_1,player_2,0,72.456,413.565,530,126.785,-271.892,stay,up,0,3
1775908789408,3040,77838.39999997616,pvp,player_1,player_2,0,64.789,415.678,525.468,126.785,-271.892,stay,up,0,3
1775908789408,3041,77854.79999995232,pvp,player_1,player_2,0,57.122,417.791,520.937,126.785,-271.892,stay,up,0,3
1775908789408,3042,77871.69999992847,pvp,player_1,player_2,0,49.65,419.904,516.405,126.785,-271.892,stay,stay,0,3
1775908789408,3043,77888.5,pvp,player_1,player_2,0,42.372,422.017,511.874,126.785,-271.892,stay,stay,0,3
1775908789408,3044,77905.10000002384,pvp,player_1,player_2,0,35.289,424.13,507.342,126.785,-271.892,stay,stay,0,3
1775908789408,3045,77921.19999992847,pvp,player_1,player_2,0,28.4,426.243,502.811,126.785,-271.892,stay,stay,0,3
1775908789408,3046,77938.29999995232,pvp,player_1,player_2,0,21.706,428.356,498.279,126.785,-271.892,stay,stay,0,3
1775908789408,3047,77955.19999992847,pvp,player_1,player_2,0,15.206,430.47,493.748,126.785,-271.892,stay,stay,0,3
1775908789408,3048,77971.79999995232,pvp,player_1,player_2,0,8.9,432.583,489.216,126.785,-271.892,stay,stay,0,3
1775908789408,3049,77988.19999992847,pvp,player_1,player_2,0,2.789,434.696,484.685,126.785,-271.892,stay,stay,0,3
1775908789408,3050,78005.10000002384,pvp,player_1,player_2,0,0,436.809,480.153,126.785,-271.892,stay,stay,0,3
1775908789408,3051,78021.69999992847,pvp,player_1,player_2,0,0,438.922,475.622,126.785,-271.892,stay,stay,0,3
1775908789408,3052,78038.39999997616,pvp,player_1,player_2,0,0,441.035,471.09,126.785,-271.892,stay,stay,0,3
1775908789408,3053,78054.79999995232,pvp,player_1,player_2,0,0,443.148,466.558,126.785,-271.892,stay,stay,0,3
1775908789408,3054,78071.79999995232,pvp,player_1,player_2,0,0,445.261,462.027,126.785,-271.892,stay,down,0,3
1775908789408,3055,78088.19999992847,pvp,player_1,player_2,0,0,447.374,457.495,126.785,-271.892,stay,down,0,3
1775908789408,3056,78105.10000002384,pvp,player_1,player_2,0,0,449.487,452.964,126.785,-271.892,stay,down,0,3
1775908789408,3057,78121.79999995232,pvp,player_1,player_2,0,0,451.6,448.432,126.785,-271.892,stay,down,0,3
1775908789408,3058,78138.5,pvp,player_1,player_2,0,0,453.714,443.901,126.785,-271.892,stay,down,0,3
1775908789408,3059,78155,pvp,player_1,player_2,0,0,455.827,439.369,126.785,-271.892,stay,down,0,3
1775908789408,3060,78171.89999997616,pvp,player_1,player_2,0,0,457.94,434.838,126.785,-271.892,stay,down,0,3
1775908789408,3061,78188.10000002384,pvp,player_1,player_2,0,0,460.053,430.306,126.785,-271.892,stay,down,0,3
1775908789408,3062,78204.79999995232,pvp,player_1,player_2,0,0,462.166,425.775,126.785,-271.892,stay,down,0,3
1775908789408,3063,78221.29999995232,pvp,player_1,player_2,0,0,464.279,421.243,126.785,-271.892,stay,down,0,3
1775908789408,3064,78238,pvp,player_1,player_2,0,0,466.392,416.712,126.785,-271.892,stay,down,0,3
1775908789408,3065,78255.10000002384,pvp,player_1,player_2,0,0,468.505,412.18,126.785,-271.892,stay,down,0,3
1775908789408,3066,78271.5,pvp,player_1,player_2,0,0,470.618,407.648,126.785,-271.892,stay,down,0,3
1775908789408,3067,78288.29999995232,pvp,player_1,player_2,0,0,472.731,403.117,126.785,-271.892,stay,down,0,3
1775908789408,3068,78304.89999997616,pvp,player_1,player_2,0,0.083,474.844,398.585,126.785,-271.892,stay,down,0,3
1775908789408,3069,78321.60000002384,pvp,player_1,player_2,0,0.422,476.958,394.054,126.785,-271.892,stay,down,0,3
1775908789408,3070,78338.29999995232,pvp,player_1,player_2,0,1.017,479.071,389.522,126.785,-271.892,stay,down,0,3
1775908789408,3071,78355,pvp,player_1,player_2,0,1.867,481.184,384.991,126.785,-271.892,stay,down,0,3
1775908789408,3072,78371.5,pvp,player_1,player_2,0,2.972,483.297,380.459,126.785,-271.892,stay,down,0,3
1775908789408,3073,78388.5,pvp,player_1,player_2,0,4.333,485.41,375.928,126.785,-271.892,stay,down,0,3
1775908789408,3074,78405.10000002384,pvp,player_1,player_2,0,5.95,487.523,371.396,126.785,-271.892,stay,down,0,3
1775908789408,3075,78421.39999997616,pvp,player_1,player_2,0,7.822,489.636,366.865,126.785,-271.892,stay,down,0,3
1775908789408,3076,78438.10000002384,pvp,player_1,player_2,0,9.95,491.749,362.333,126.785,-271.892,stay,down,0,3
1775908789408,3077,78455.10000002384,pvp,player_1,player_2,0,12.333,493.862,357.802,126.785,-271.892,stay,down,0,3
1775908789408,3078,78471.79999995232,pvp,player_1,player_2,0,14.972,495.975,353.27,126.785,-271.892,stay,down,0,3
1775908789408,3079,78488.29999995232,pvp,player_1,player_2,0,17.867,498.088,348.738,126.785,-271.892,stay,down,0,3
1775908789408,3080,78504.79999995232,pvp,player_1,player_2,0,21.017,500.202,344.207,126.785,-271.892,stay,down,0,3
1775908789408,3081,78521.60000002384,pvp,player_1,player_2,0,24.422,502.315,339.675,126.785,-271.892,stay,down,0,3
1775908789408,3082,78538.29999995232,pvp,player_1,player_2,0,28.083,504.428,335.144,126.785,-271.892,stay,down,0,3
1775908789408,3083,78554.89999997616,pvp,player_1,player_2,0,32,506.541,330.612,126.785,-271.892,stay,down,0,3
1775908789408,3084,78571.79999995232,pvp,player_1,player_2,0,36.172,508.654,326.081,126.785,-271.892,stay,down,0,3
1775908789408,3085,78588.29999995232,pvp,player_1,player_2,0,40.6,510.767,321.549,126.785,-271.892,stay,down,0,3
1775908789408,3086,78605.19999992847,pvp,player_1,player_2,0,45.283,512.88,317.018,126.785,-271.892,stay,down,0,3
1775908789408,3087,78621.79999995232,pvp,player_1,player_2,0,50.222,514.993,312.486,126.785,-271.892,stay,down,0,3
1775908789408,3088,78638.29999995232,pvp,player_1,player_2,0,55.417,517.106,307.955,126.785,-271.892,stay,down,0,3
1775908789408,3089,78655,pvp,player_1,player_2,0,60.867,519.219,303.423,126.785,-271.892,stay,down,0,3
1775908789408,3090,78671.69999992847,pvp,player_1,player_2,0,66.572,521.332,298.892,126.785,-271.892,stay,down,0,3
1775908789408,3091,78688.39999997616,pvp,player_1,player_2,0,72.533,523.446,294.36,126.785,-271.892,stay,down,0,3
1775908789408,3092,78705,pvp,player_1,player_2,0,78.75,525.559,289.828,126.785,-271.892,stay,down,0,3
1775908789408,3093,78721.60000002384,pvp,player_1,player_2,0,85.222,527.672,285.297,126.785,-271.892,stay,down,0,3
1775908789408,3094,78738,pvp,player_1,player_2,0,91.95,529.785,280.765,126.785,-271.892,stay,down,0,3
1775908789408,3095,78755.19999992847,pvp,player_1,player_2,0,98.933,531.898,276.234,126.785,-271.892,stay,down,0,3
1775908789408,3096,78771.60000002384,pvp,player_1,player_2,0,106.172,534.011,271.702,126.785,-271.892,stay,down,0,3
1775908789408,3097,78788.29999995232,pvp,player_1,player_2,0,113.667,536.124,267.171,126.785,-271.892,stay,down,0,3
1775908789408,3098,78804.79999995232,pvp,player_1,player_2,0,121.333,538.237,262.639,126.785,-271.892,stay,down,0,3
1775908789408,3099,78821.79999995232,pvp,player_1,player_2,0,129,540.35,258.108,126.785,-271.892,stay,down,0,3
1775908789408,3100,78838.39999997616,pvp,player_1,player_2,0,136.667,542.463,253.576,126.785,-271.892,stay,down,0,3
1775908789408,3101,78855,pvp,player_1,player_2,0,144.333,544.576,249.045,126.785,-271.892,stay,down,0,3
1775908789408,3102,78871.29999995232,pvp,player_1,player_2,0,152,546.69,244.513,126.785,-271.892,stay,down,0,3
1775908789408,3103,78888.10000002384,pvp,player_1,player_2,0,159.667,548.803,239.982,126.785,-271.892,stay,down,0,3
1775908789408,3104,78905.10000002384,pvp,player_1,player_2,0,167.333,550.916,235.45,126.785,-271.892,stay,down,0,3
1775908789408,3105,78921.60000002384,pvp,player_1,player_2,0,175,553.029,230.918,126.785,-271.892,stay,down,0,3
1775908789408,3106,78938.5,pvp,player_1,player_2,0,182.472,555.142,226.387,126.785,-271.892,stay,stay,0,3
1775908789408,3107,78954.89999997616,pvp,player_1,player_2,0,189.75,557.255,221.855,126.785,-271.892,stay,stay,0,3
1775908789408,3108,78971.69999992847,pvp,player_1,player_2,0,196.833,559.368,217.324,126.785,-271.892,stay,stay,0,3
1775908789408,3109,78988.10000002384,pvp,player_1,player_2,0,203.722,561.481,212.792,126.785,-271.892,stay,stay,0,3
1775908789408,3110,79005,pvp,player_1,player_2,0,210.417,563.594,208.261,126.785,-271.892,stay,stay,0,3
1775908789408,3111,79021.60000002384,pvp,player_1,player_2,0,216.917,565.707,203.729,126.785,-271.892,stay,stay,0,3
1775908789408,3112,79038.39999997616,pvp,player_1,player_2,0,223.222,567.82,199.198,126.785,-271.892,stay,stay,0,3
1775908789408,3113,79054.79999995232,pvp,player_1,player_2,0,229.333,569.934,194.666,126.785,-271.892,stay,stay,0,3
1775908789408,3114,79071.5,pvp,player_1,player_2,0,235.25,572.047,190.135,126.785,-271.892,stay,stay,0,3
1775908789408,3115,79088.5,pvp,player_1,player_2,0,240.806,574.16,185.603,126.785,-271.892,stay,up,0,3
1775908789408,3116,79105.10000002384,pvp,player_1,player_2,0,246,576.273,181.072,126.785,-271.892,stay,up,0,3
1775908789408,3117,79121.60000002384,pvp,player_1,player_2,0,250.833,578.386,176.54,126.785,-271.892,stay,up,0,3
1775908789408,3118,79138.29999995232,pvp,player_1,player_2,0,255.306,580.499,172.008,126.785,-271.892,stay,up,0,3
1775908789408,3119,79154.69999992847,pvp,player_1,player_2,0,259.417,582.612,167.477,126.785,-271.892,stay,up,0,3
1775908789408,3120,79171.79999995232,pvp,player_1,player_2,0,263.167,584.725,162.945,126.785,-271.892,stay,up,0,3
1775908789408,3121,79188.19999992847,pvp,player_1,player_2,0,266.556,586.838,158.414,126.785,-271.892,stay,up,0,3
1775908789408,3122,79204.69999992847,pvp,player_1,player_2,0,269.583,588.951,153.882,126.785,-271.892,stay,up,0,3
1775908789408,3123,79221.60000002384,pvp,player_1,player_2,0,272.25,591.064,149.351,126.785,-271.892,stay,up,0,3
1775908789408,3124,79238.39999997616,pvp,player_1,player_2,0,274.556,593.178,144.819,126.785,-271.892,stay,up,0,3
1775908789408,3125,79254.79999995232,pvp,player_1,player_2,0,276.5,595.291,140.288,126.785,-271.892,stay,up,0,3
1775908789408,3126,79271.19999992847,pvp,player_1,player_2,0,278.083,597.404,135.756,126.785,-271.892,stay,up,0,3
1775908789408,3127,79288,pvp,player_1,player_2,0,279.306,599.517,131.225,126.785,-271.892,stay,up,0,3
1775908789408,3128,79305.10000002384,pvp,player_1,player_2,0,280.167,601.63,126.693,126.785,-271.892,stay,up,0,3
1775908789408,3129,79321.69999992847,pvp,player_1,player_2,0,280.667,603.743,122.161,126.785,-271.892,stay,up,0,3
1775908789408,3130,79338.10000002384,pvp,player_1,player_2,0,280.806,605.856,117.63,126.785,-271.892,stay,up,0,3
1775908789408,3131,79354.89999997616,pvp,player_1,player_2,0,280.583,607.969,113.098,126.785,-271.892,stay,up,0,3
1775908789408,3132,79371.79999995232,pvp,player_1,player_2,0,280.106,610.082,108.567,126.785,-271.892,stay,up,0,3
1775908789408,3133,79388.10000002384,pvp,player_1,player_2,0,279.372,612.195,104.035,126.785,-271.892,stay,up,0,3
1775908789408,3134,79405.10000002384,pvp,player_1,player_2,0,278.383,614.308,99.504,126.785,-271.892,stay,up,0,3
1775908789408,3135,79421.5,pvp,player_1,player_2,0,277.139,616.422,94.972,126.785,-271.892,stay,up,0,3
1775908789408,3136,79438.19999992847,pvp,player_1,player_2,0,275.639,618.535,90.441,126.785,-271.892,stay,up,0,3
1775908789408,3137,79455.10000002384,pvp,player_1,player_2,0,273.883,620.648,85.909,126.785,-271.892,stay,up,0,3
1775908789408,3138,79471.79999995232,pvp,player_1,player_2,0,271.872,622.761,81.378,126.785,-271.892,stay,up,0,3
1775908789408,3139,79488.29999995232,pvp,player_1,player_2,0,269.606,624.874,76.846,126.785,-271.892,stay,up,0,3
1775908789408,3140,79505,pvp,player_1,player_2,0,267.083,626.987,72.315,126.785,-271.892,stay,up,0,3
1775908789408,3141,79521.60000002384,pvp,player_1,player_2,0,264.306,629.1,67.783,126.785,-271.892,stay,up,0,3
1775908789408,3142,79538.10000002384,pvp,player_1,player_2,0,261.272,631.213,63.251,126.785,-271.892,stay,up,0,3
1775908789408,3143,79555,pvp,player_1,player_2,0,257.983,633.326,58.72,126.785,-271.892,stay,up,0,3
1775908789408,3144,79571.89999997616,pvp,player_1,player_2,0,254.439,635.439,54.188,126.785,-271.892,stay,up,0,3
1775908789408,3145,79588.29999995232,pvp,player_1,player_2,0,250.639,637.552,49.657,126.785,-271.892,stay,up,0,3
1775908789408,3146,79605,pvp,player_1,player_2,0,246.583,639.666,45.125,126.785,-271.892,stay,up,0,3
1775908789408,3147,79621.39999997616,pvp,player_1,player_2,0,242.272,641.779,40.594,126.785,-271.892,stay,up,0,3
1775908789408,3148,79638.10000002384,pvp,player_1,player_2,0,237.706,643.892,36.062,126.785,-271.892,stay,up,0,3
1775908789408,3149,79655,pvp,player_1,player_2,0,232.883,646.005,31.531,126.785,-271.892,stay,up,0,3
1775908789408,3150,79671.79999995232,pvp,player_1,player_2,0,227.806,648.118,26.999,126.785,-271.892,stay,up,0,3
1775908789408,3151,79688.10000002384,pvp,player_1,player_2,0,222.472,650.231,22.468,126.785,-271.892,stay,up,0,3
1775908789408,3152,79705.10000002384,pvp,player_1,player_2,0,216.883,652.344,17.936,126.785,-271.892,stay,up,0,3
1775908789408,3153,79721.5,pvp,player_1,player_2,0,211.039,654.457,13.405,126.785,-271.892,stay,up,0,3
1775908789408,3154,79738.19999992847,pvp,player_1,player_2,0,204.939,656.57,10,126.785,271.892,stay,up,0,3
1775908789408,3155,79755,pvp,player_1,player_2,0,198.583,658.683,14.532,126.785,271.892,stay,up,0,3
1775908789408,3156,79771.79999995232,pvp,player_1,player_2,0,191.972,660.796,19.063,126.785,271.892,stay,up,0,3
1775908789408,3157,79788.29999995232,pvp,player_1,player_2,0,185.106,662.91,23.595,126.785,271.892,stay,up,0,3
1775908789408,3158,79804.89999997616,pvp,player_1,player_2,0,177.983,665.023,28.126,126.785,271.892,stay,up,0,3
1775908789408,3159,79821.69999992847,pvp,player_1,player_2,0,170.606,667.136,32.658,126.785,271.892,stay,up,0,3
1775908789408,3160,79838.29999995232,pvp,player_1,player_2,0,162.972,669.249,37.189,126.785,271.892,stay,up,0,3
1775908789408,3161,79855.10000002384,pvp,player_1,player_2,0,155.306,671.362,41.721,126.785,271.892,stay,up,0,3
1775908789408,3162,79871.19999992847,pvp,player_1,player_2,0,147.639,673.475,46.252,126.785,271.892,stay,up,0,3
1775908789408,3163,79888.39999997616,pvp,player_1,player_2,0,139.972,675.588,50.784,126.785,271.892,stay,up,0,3
1775908789408,3164,79904.79999995232,pvp,player_1,player_2,0,132.306,677.701,55.315,126.785,271.892,stay,up,0,3
1775908789408,3165,79921.69999992847,pvp,player_1,player_2,0,124.639,679.814,59.847,126.785,271.892,stay,up,0,3
1775908789408,3166,79938.19999992847,pvp,player_1,player_2,0,116.972,681.927,64.378,126.785,271.892,stay,up,0,3
1775908789408,3167,79955,pvp,player_1,player_2,0,109.306,684.04,68.91,126.785,271.892,stay,up,0,3
1775908789408,3168,79971.5,pvp,player_1,player_2,0,101.639,686.154,73.442,126.785,271.892,stay,up,0,3
1775908789408,3169,79988.19999992847,pvp,player_1,player_2,0,93.972,688.267,77.973,126.785,271.892,stay,up,0,3
1775908789408,3170,80005,pvp,player_1,player_2,0,86.5,690.38,82.505,126.785,271.892,stay,stay,0,3
1775908789408,3171,80021.29999995232,pvp,player_1,player_2,0,79.222,692.493,87.036,126.785,271.892,stay,stay,0,3
1775908789408,3172,80038.29999995232,pvp,player_1,player_2,0,72.139,694.606,91.568,126.785,271.892,stay,stay,0,3
1775908789408,3173,80054.89999997616,pvp,player_1,player_2,0,65.25,696.719,96.099,126.785,271.892,stay,stay,0,3
1775908789408,3174,80071.69999992847,pvp,player_1,player_2,0,58.556,698.832,100.631,126.785,271.892,stay,stay,0,3
1775908789408,3175,80088.5,pvp,player_1,player_2,0,52.056,700.945,105.162,126.785,271.892,stay,stay,0,3
1775908789408,3176,80105.10000002384,pvp,player_1,player_2,0,45.75,703.058,109.694,126.785,271.892,stay,stay,0,3
1775908789408,3177,80121.69999992847,pvp,player_1,player_2,0,39.639,705.171,114.225,126.785,271.892,stay,stay,0,3
1775908789408,3178,80138.39999997616,pvp,player_1,player_2,0,33.722,707.284,118.757,126.785,271.892,stay,stay,0,3
1775908789408,3179,80154.79999995232,pvp,player_1,player_2,0,28,709.398,123.288,126.785,271.892,stay,stay,0,3
1775908789408,3180,80171.5,pvp,player_1,player_2,0,22.472,711.511,127.82,126.785,271.892,stay,stay,0,3
1775908789408,3181,80188.10000002384,pvp,player_1,player_2,0,17.139,713.624,132.352,126.785,271.892,stay,stay,0,3
1775908789408,3182,80205.19999992847,pvp,player_1,player_2,0,12.167,715.737,136.883,126.785,271.892,stay,down,0,3
1775908789408,3183,80221.39999997616,pvp,player_1,player_2,0,7.556,717.85,141.415,126.785,271.892,stay,down,0,3
1775908789408,3184,80238.29999995232,pvp,player_1,player_2,0,3.306,719.963,145.946,126.785,271.892,stay,down,0,3
1775908789408,3185,80254.79999995232,pvp,player_1,player_2,0,0,722.076,150.478,126.785,271.892,stay,down,0,3
1775908789408,3186,80271.69999992847,pvp,player_1,player_2,0,0,724.189,155.009,126.785,271.892,stay,down,0,3
1775908789408,3187,80288.10000002384,pvp,player_1,player_2,0,0,726.302,159.541,126.785,271.892,stay,down,0,3
1775908789408,3188,80305.10000002384,pvp,player_1,player_2,0,0,728.415,164.072,126.785,271.892,stay,down,0,3
1775908789408,3189,80321.5,pvp,player_1,player_2,0,0,730.528,168.604,126.785,271.892,stay,down,0,3
1775908789408,3190,80338.29999995232,pvp,player_1,player_2,0,0,732.642,173.135,126.785,271.892,stay,down,0,3
1775908789408,3191,80355,pvp,player_1,player_2,0,0,734.755,177.667,126.785,271.892,stay,down,0,3
1775908789408,3192,80371.60000002384,pvp,player_1,player_2,0,0,736.868,182.198,126.785,271.892,stay,down,0,3
1775908789408,3193,80388.10000002384,pvp,player_1,player_2,0,0,738.981,186.73,126.785,271.892,stay,down,0,3
1775908789408,3194,80405.10000002384,pvp,player_1,player_2,0,0,741.094,191.262,126.785,271.892,stay,down,0,3
1775908789408,3195,80421.5,pvp,player_1,player_2,0,0,743.207,195.793,126.785,271.892,stay,down,0,3
1775908789408,3196,80438,pvp,player_1,player_2,0,0.083,745.32,200.325,126.785,271.892,stay,down,0,3
1775908789408,3197,80454.69999992847,pvp,player_1,player_2,0,0.422,747.433,204.856,126.785,271.892,stay,down,0,3
1775908789408,3198,80471.69999992847,pvp,player_1,player_2,0,1.017,749.546,209.388,126.785,271.892,stay,down,0,3
1775908789408,3199,80488.10000002384,pvp,player_1,player_2,0,1.867,751.659,213.919,126.785,271.892,stay,down,0,3
1775908789408,3200,80505,pvp,player_1,player_2,0,2.972,753.772,218.451,126.785,271.892,stay,down,0,3
1775908789408,3201,80521.69999992847,pvp,player_1,player_2,0,4.333,755.886,222.982,126.785,271.892,stay,down,0,3
1775908789408,3202,80538.39999997616,pvp,player_1,player_2,0,5.95,757.999,227.514,126.785,271.892,stay,down,0,3
1775908789408,3203,80554.89999997616,pvp,player_1,player_2,0,7.822,760.112,232.045,126.785,271.892,stay,down,0,3
1775908789408,3204,80571.39999997616,pvp,player_1,player_2,0,9.95,762.225,236.577,126.785,271.892,stay,down,0,3
1775908789408,3205,80588.10000002384,pvp,player_1,player_2,0,12.333,764.338,241.108,126.785,271.892,stay,down,0,3
1775908789408,3206,80605.19999992847,pvp,player_1,player_2,0,14.972,766.451,245.64,126.785,271.892,stay,down,0,3
1775908789408,3207,80621.69999992847,pvp,player_1,player_2,0,17.867,768.564,250.172,126.785,271.892,stay,down,0,3
1775908789408,3208,80638.10000002384,pvp,player_1,player_2,0,21.017,770.677,254.703,126.785,271.892,stay,down,0,3
1775908789408,3209,80654.89999997616,pvp,player_1,player_2,0,24.422,772.79,259.235,126.785,271.892,stay,down,0,3
1775908789408,3210,80671.29999995232,pvp,player_1,player_2,0,28.083,774.903,263.766,126.785,271.892,stay,down,0,3
1775908789408,3211,80688.19999992847,pvp,player_1,player_2,0,32,777.017,268.298,126.785,271.892,stay,down,0,3
1775908789408,3212,80704.89999997616,pvp,player_1,player_2,0,36.172,779.13,272.829,126.785,271.892,stay,down,0,3
1775908789408,3213,80721.29999995232,pvp,player_1,player_2,0,40.6,781.243,277.361,126.785,271.892,stay,down,0,3
1775908789408,3214,80738.10000002384,pvp,player_1,player_2,0,45.283,783.356,281.892,126.785,271.892,stay,down,0,3
1775908789408,3215,80754.89999997616,pvp,player_1,player_2,0,50.222,785.469,286.424,126.785,271.892,stay,down,0,3
1775908789408,3216,80771.89999997616,pvp,player_1,player_2,0,55.417,787.582,290.955,126.785,271.892,stay,down,0,3
1775908789408,3217,80788.29999995232,pvp,player_1,player_2,0,60.867,789.695,295.487,126.785,271.892,stay,down,0,3
1775908789408,3218,80805,pvp,player_1,player_2,0,66.572,791.808,300.018,126.785,271.892,stay,down,0,3
1775908789408,3219,80821.60000002384,pvp,player_1,player_2,0,72.533,793.921,304.55,126.785,271.892,stay,down,0,3
1775908789408,3220,80838.5,pvp,player_1,player_2,0,78.75,796.034,309.082,126.785,271.892,stay,down,0,3
1775908789408,3221,80855,pvp,player_1,player_2,0,85.222,798.147,313.613,126.785,271.892,stay,down,0,3
1775908789408,3222,80871.79999995232,pvp,player_1,player_2,0,91.95,800.261,318.145,126.785,271.892,stay,down,0,3
1775908789408,3223,80888.5,pvp,player_1,player_2,0,98.933,802.374,322.676,126.785,271.892,stay,down,0,3
1775908789408,3224,80904.89999997616,pvp,player_1,player_2,0,106.172,804.487,327.208,126.785,271.892,stay,down,0,3
1775908789408,3225,80921.69999992847,pvp,player_1,player_2,0,113.667,806.6,331.739,126.785,271.892,stay,down,0,3
1775908789408,3226,80938.39999997616,pvp,player_1,player_2,0,121.333,808.713,336.271,126.785,271.892,stay,down,0,3
1775908789408,3227,80954.89999997616,pvp,player_1,player_2,0,129,810.826,340.802,126.785,271.892,stay,down,0,3
1775908789408,3228,80971.5,pvp,player_1,player_2,0,136.667,812.939,345.334,126.785,271.892,stay,down,0,3
1775908789408,3229,80988.10000002384,pvp,player_1,player_2,0,144.333,815.052,349.865,126.785,271.892,stay,down,0,3
1775908789408,3230,81005.29999995232,pvp,player_1,player_2,0,152,817.165,354.397,126.785,271.892,stay,down,0,3
1775908789408,3231,81021.60000002384,pvp,player_1,player_2,0,159.667,819.278,358.928,126.785,271.892,stay,down,0,3
1775908789408,3232,81038.19999992847,pvp,player_1,player_2,0,167.333,821.391,363.46,126.785,271.892,stay,down,0,3
1775908789408,3233,81055,pvp,player_1,player_2,0,175,823.505,367.992,126.785,271.892,stay,down,0,3
1775908789408,3234,81071.39999997616,pvp,player_1,player_2,0,182.667,825.618,372.523,126.785,271.892,stay,down,0,3
1775908789408,3235,81087.89999997616,pvp,player_1,player_2,0,190.333,827.731,377.055,126.785,271.892,stay,down,0,3
1775908789408,3236,81105.10000002384,pvp,player_1,player_2,0,198,829.844,381.586,126.785,271.892,stay,down,0,3
1775908789408,3237,81121.89999997616,pvp,player_1,player_2,0,205.667,831.957,386.118,126.785,271.892,stay,down,0,3
1775908789408,3238,81138,pvp,player_1,player_2,0,213.333,834.07,390.649,126.785,271.892,stay,down,0,3
1775908789408,3239,81154.79999995232,pvp,player_1,player_2,0,221,836.183,395.181,126.785,271.892,stay,down,0,3
1775908789408,3240,81171.79999995232,pvp,player_1,player_2,0,228.667,838.296,399.712,126.785,271.892,stay,down,0,3
1775908789408,3241,81188.5,pvp,player_1,player_2,0,236.333,840.409,404.244,126.785,271.892,stay,down,0,3
1775908789408,3242,81205.10000002384,pvp,player_1,player_2,0,244,842.522,408.775,126.785,271.892,stay,down,0,3
1775908789408,3243,81221.5,pvp,player_1,player_2,0,251.472,844.635,413.307,126.785,271.892,stay,stay,0,3
1775908789408,3244,81238.29999995232,pvp,player_1,player_2,0,258.75,846.749,417.839,126.785,271.892,stay,stay,0,3
1775908789408,3245,81254.79999995232,pvp,player_1,player_2,0,265.833,848.862,422.37,126.785,271.892,stay,stay,0,3
1775908789408,3246,81271.69999992847,pvp,player_1,player_2,0,272.722,850.975,426.902,126.785,271.892,stay,stay,0,3
1775908789408,3247,81288.39999997616,pvp,player_1,player_2,0,279.417,853.088,431.433,126.785,271.892,stay,stay,0,3
1775908789408,3248,81305.19999992847,pvp,player_1,player_2,0,285.917,855.201,435.965,126.785,271.892,stay,stay,0,3
1775908789408,3249,81321.5,pvp,player_1,player_2,0,292.056,857.314,440.496,126.785,271.892,stay,up,0,3
1775908789408,3250,81338.39999997616,pvp,player_1,player_2,0,297.833,859.427,445.028,126.785,271.892,stay,up,0,3
1775908789408,3251,81355.10000002384,pvp,player_1,player_2,0,303.25,861.54,449.559,126.785,271.892,stay,up,0,3
1775908789408,3252,81371.69999992847,pvp,player_1,player_2,0,308.306,863.653,454.091,126.785,271.892,stay,up,0,3
1775908789408,3253,81388.19999992847,pvp,player_1,player_2,0,313,865.766,458.622,126.785,271.892,stay,up,0,3
1775908789408,3254,81405,pvp,player_1,player_2,0,317.333,867.879,463.154,126.785,271.892,stay,up,0,3
1775908789408,3255,81421.79999995232,pvp,player_1,player_2,0,321.306,869.993,467.685,126.785,271.892,stay,up,0,3
1775908789408,3256,81438.19999992847,pvp,player_1,player_2,0,324.917,872.106,472.217,126.785,271.892,stay,up,0,3
1775908789408,3257,81455,pvp,player_1,player_2,0,328.167,874.219,476.749,126.785,271.892,stay,up,0,3
1775908789408,3258,81471.60000002384,pvp,player_1,player_2,0,331.056,876.332,481.28,126.785,271.892,stay,up,0,3
1775908789408,3259,81488.29999995232,pvp,player_1,player_2,0,333.583,878.445,485.812,126.785,271.892,stay,up,0,3
1775908789408,3260,81505,pvp,player_1,player_2,0,335.75,880.558,490.343,126.785,271.892,stay,up,0,3
1775908789408,3261,81521.5,pvp,player_1,player_2,0,337.556,882.671,494.875,126.785,271.892,stay,up,0,3
1775908789408,3262,81538.29999995232,pvp,player_1,player_2,0,339,884.784,499.406,126.785,271.892,stay,up,0,3
1775908789408,3263,81554.79999995232,pvp,player_1,player_2,0,340.083,886.897,503.938,126.785,271.892,stay,up,0,3
1775908789408,3264,81571.60000002384,pvp,player_1,player_2,0,340.806,889.01,508.469,126.785,271.892,stay,up,0,3
1775908789408,3265,81588.10000002384,pvp,player_1,player_2,0,341.167,891.123,513.001,126.785,271.892,stay,up,0,3
1775908789408,3266,81604.89999997616,pvp,player_1,player_2,0,341.167,893.237,517.532,126.785,271.892,stay,up,0,3
1775908789408,3267,81621.29999995232,pvp,player_1,player_2,0,340.911,895.35,522.064,126.785,271.892,stay,up,0,3
1775908789408,3268,81638.29999995232,pvp,player_1,player_2,0,340.911,897.463,526.595,126.785,271.892,stay,stay,0,3
1775908789408,3269,81655,pvp,player_1,player_2,0,340.911,899.576,530,126.785,-271.892,stay,stay,0,3
1775908789408,3270,81671.69999992847,pvp,player_1,player_2,0,340.656,901.689,525.468,126.785,-271.892,stay,up,0,3
1775908789408,3271,81688.10000002384,pvp,player_1,player_2,0,340.144,903.802,520.937,126.785,-271.892,stay,up,0,3
1775908789408,3272,81704.69999992847,pvp,player_1,player_2,0,339.378,905.915,516.405,126.785,-271.892,stay,up,0,3
1775908789408,3273,81721.60000002384,pvp,player_1,player_2,0,338.356,908.028,511.874,126.785,-271.892,stay,up,0,3
1775908789408,3274,81738,pvp,player_1,player_2,0,337.078,910.141,507.342,126.785,-271.892,stay,up,0,3
1775908789408,3275,81754.5,pvp,player_1,player_2,0,335.544,912.254,502.811,126.785,-271.892,stay,up,0,3
1775908789408,3276,81771.29999995232,pvp,player_1,player_2,0,333.756,914.367,498.279,126.785,-271.892,stay,up,0,3
1775908789408,3277,81788,pvp,player_1,player_2,0,331.711,916.481,493.748,126.785,-271.892,stay,up,0,3
1775908789408,3278,81804.69999992847,pvp,player_1,player_2,0,329.411,918.594,489.216,126.785,-271.892,stay,up,0,3
1775908789408,3279,81821.19999992847,pvp,player_1,player_2,0,326.856,920.707,484.685,126.785,-271.892,stay,up,0,3
1775908789408,3280,81838,pvp,player_1,player_2,0,324.044,922.82,480.153,126.785,-271.892,stay,up,0,3
1775908789408,3281,81854.69999992847,pvp,player_1,player_2,0,320.978,924.933,475.622,126.785,-271.892,stay,up,0,3
1775908789408,3282,81871.39999997616,pvp,player_1,player_2,0,317.656,927.046,471.09,126.785,-271.892,stay,up,0,3
1775908789408,3283,81888,pvp,player_1,player_2,0,314.078,929.159,466.558,126.785,-271.892,stay,up,0,3
1775908789408,3284,81904.39999997616,pvp,player_1,player_2,0,310.244,931.272,462.027,126.785,-271.892,stay,up,0,3
1775908789408,3285,81921.19999992847,pvp,player_1,player_2,0,306.156,933.385,457.495,126.785,-271.892,stay,up,0,3
1775908789408,3286,81938,pvp,player_1,player_2,0,302.261,935.498,452.964,126.785,-271.892,stay,stay,0,3
1775908789408,3287,81954.79999995232,pvp,player_1,player_2,0,298.561,937.611,448.432,126.785,-271.892,stay,stay,0,3
1775908789408,3288,81971.5,pvp,player_1,player_2,0,295.056,939.725,443.901,126.785,-271.892,stay,stay,0,3
1775908789408,3289,81988.19999992847,pvp,player_1,player_2,0,291.744,941.838,439.369,126.785,-271.892,stay,stay,0,3
1775908789408,3290,82004.69999992847,pvp,player_1,player_2,0,288.628,943.951,434.838,126.785,-271.892,stay,stay,0,3
1775908789408,3291,82021.29999995232,pvp,player_1,player_2,0,285.872,946.064,430.306,126.785,-271.892,stay,down,0,3
1775908789408,3292,82038,pvp,player_1,player_2,0,283.478,948.177,425.775,126.785,-271.892,stay,down,0,3
1775908789408,3293,82054.69999992847,pvp,player_1,player_2,0,281.444,950.29,421.243,126.785,-271.892,stay,down,0,3
1775908789408,3294,82071.19999992847,pvp,player_1,player_2,0,279.772,952.403,416.712,126.785,-271.892,stay,down,0,3
1775908789408,3295,82088,pvp,player_1,player_2,0,278.461,954.516,412.18,126.785,-271.892,stay,down,0,3
1775908789408,3296,82104.89999997616,pvp,player_1,player_2,0,277.511,956.629,407.648,126.785,-271.892,stay,down,0,3
1775908789408,3297,82121.10000002384,pvp,player_1,player_2,0,276.922,958.742,403.117,126.785,-271.892,stay,down,0,3
1775908789408,3298,82138,pvp,player_1,player_2,0,276.694,960.855,398.585,126.785,-271.892,stay,down,0,3
1775908789408,3299,82154.60000002384,pvp,player_1,player_2,0,276.828,962.969,394.054,126.785,-271.892,stay,down,0,3
1775908789408,3300,82171.19999992847,pvp,player_1,player_2,0,277.217,965.082,389.522,126.785,-271.892,stay,down,0,3
1775908789408,3301,82188,pvp,player_1,player_2,0,277.861,967.195,384.991,126.785,-271.892,stay,down,0,3
1775908789408,3302,82204.79999995232,pvp,player_1,player_2,0,278.761,969.308,380.459,126.785,-271.892,stay,down,0,3
1775908789408,3303,82221.60000002384,pvp,player_1,player_2,0,279.917,480,270,280,0,stay,down,1,3
1775908789408,3304,82238.39999997616,pvp,player_1,player_2,0,281.328,484.667,270,280,0,stay,down,1,3
1775908789408,3305,82255.10000002384,pvp,player_1,player_2,0,282.994,489.333,270,280,0,stay,down,1,3
1775908789408,3306,82271.5,pvp,player_1,player_2,0,284.917,494,270,280,0,stay,down,1,3
1775908789408,3307,82288,pvp,player_1,player_2,0,287.094,498.667,270,280,0,stay,down,1,3
1775908789408,3308,82304.5,pvp,player_1,player_2,0,289.528,503.333,270,280,0,stay,down,1,3
1775908789408,3309,82321.19999992847,pvp,player_1,player_2,0,291.767,508,270,280,0,stay,stay,1,3
1775908789408,3310,82337.89999997616,pvp,player_1,player_2,0,293.811,512.667,270,280,0,stay,stay,1,3
1775908789408,3311,82354.69999992847,pvp,player_1,player_2,0,295.661,517.333,270,280,0,stay,stay,1,3
1775908789408,3312,82371.60000002384,pvp,player_1,player_2,0,297.317,522,270,280,0,stay,stay,1,3
1775908789408,3313,82388.10000002384,pvp,player_1,player_2,0,298.778,526.667,270,280,0,stay,stay,1,3
1775908789408,3314,82404.89999997616,pvp,player_1,player_2,0,300.044,531.333,270,280,0,stay,stay,1,3
1775908789408,3315,82421.5,pvp,player_1,player_2,0,301.117,536,270,280,0,stay,stay,1,3
1775908789408,3316,82438,pvp,player_1,player_2,0,301.994,540.667,270,280,0,stay,stay,1,3
1775908789408,3317,82454.79999995232,pvp,player_1,player_2,0,302.678,545.333,270,280,0,stay,stay,1,3
1775908789408,3318,82471.5,pvp,player_1,player_2,0,303.167,550,270,280,0,stay,stay,1,3
1775908789408,3319,82488.29999995232,pvp,player_1,player_2,0,303.461,554.667,270,280,0,stay,stay,1,3
1775908789408,3320,82505.10000002384,pvp,player_1,player_2,0,303.461,559.333,270,280,0,stay,stay,1,3
1775908789408,3321,82521.79999995232,pvp,player_1,player_2,0,303.461,564,270,280,0,stay,stay,1,3
1775908789408,3322,82538.19999992847,pvp,player_1,player_2,0,303.461,568.667,270,280,0,stay,stay,1,3
1775908789408,3323,82554.79999995232,pvp,player_1,player_2,0,303.461,573.333,270,280,0,stay,stay,1,3
1775908789408,3324,82571.69999992847,pvp,player_1,player_2,0,303.461,578,270,280,0,stay,stay,1,3
1775908789408,3325,82588.29999995232,pvp,player_1,player_2,0,303.461,582.667,270,280,0,stay,stay,1,3
1775908789408,3326,82605,pvp,player_1,player_2,0,303.461,587.333,270,280,0,stay,stay,1,3
1775908789408,3327,82621.60000002384,pvp,player_1,player_2,0,303.461,592,270,280,0,stay,stay,1,3
1775908789408,3328,82638.29999995232,pvp,player_1,player_2,0,303.461,596.667,270,280,0,stay,stay,1,3
1775908789408,3329,82655.10000002384,pvp,player_1,player_2,0,303.461,601.333,270,280,0,stay,stay,1,3
1775908789408,3330,82671.60000002384,pvp,player_1,player_2,0,303.461,606,270,280,0,stay,stay,1,3
1775908789408,3331,82688.29999995232,pvp,player_1,player_2,0,303.461,610.667,270,280,0,stay,stay,1,3
1775908789408,3332,82704.89999997616,pvp,player_1,player_2,0,303.461,615.333,270,280,0,stay,stay,1,3
1775908789408,3333,82721.5,pvp,player_1,player_2,0,303.461,620,270,280,0,stay,stay,1,3
1775908789408,3334,82738.39999997616,pvp,player_1,player_2,0,303.461,624.667,270,280,0,stay,stay,1,3
1775908789408,3335,82755.10000002384,pvp,player_1,player_2,0,303.461,629.333,270,280,0,stay,stay,1,3
1775908789408,3336,82771.79999995232,pvp,player_1,player_2,0,303.461,634,270,280,0,stay,stay,1,3
1775908789408,3337,82788.19999992847,pvp,player_1,player_2,0,303.461,638.667,270,280,0,stay,stay,1,3
1775908789408,3338,82804.60000002384,pvp,player_1,player_2,0,303.461,643.333,270,280,0,stay,stay,1,3
1775908789408,3339,82821.10000002384,pvp,player_1,player_2,0,303.461,648,270,280,0,stay,stay,1,3
1775908789408,3340,82838.10000002384,pvp,player_1,player_2,0,303.461,652.667,270,280,0,stay,stay,1,3
1775908789408,3341,82854.5,pvp,player_1,player_2,0,303.461,657.333,270,280,0,stay,stay,1,3
1775908789408,3342,82871.5,pvp,player_1,player_2,0,303.461,662,270,280,0,stay,stay,1,3
1775908789408,3343,82888.29999995232,pvp,player_1,player_2,0,303.461,666.667,270,280,0,stay,stay,1,3
1775908789408,3344,82904.79999995232,pvp,player_1,player_2,0,303.461,671.333,270,280,0,stay,stay,1,3
1775908789408,3345,82921.5,pvp,player_1,player_2,0,303.461,676,270,280,0,stay,stay,1,3
1775908789408,3346,82938.39999997616,pvp,player_1,player_2,0,303.461,680.667,270,280,0,stay,stay,1,3
1775908789408,3347,82955.10000002384,pvp,player_1,player_2,0,303.206,685.333,270,280,0,stay,up,1,3
1775908789408,3348,82971.69999992847,pvp,player_1,player_2,0,302.694,690,270,280,0,stay,up,1,3
1775908789408,3349,82988.39999997616,pvp,player_1,player_2,0,301.928,694.667,270,280,0,stay,up,1,3
1775908789408,3350,83005,pvp,player_1,player_2,0,300.906,699.333,270,280,0,stay,up,1,3
1775908789408,3351,83021.29999995232,pvp,player_1,player_2,0,299.628,704,270,280,0,stay,up,1,3
1775908789408,3352,83038.29999995232,pvp,player_1,player_2,0,298.094,708.667,270,280,0,stay,up,1,3
1775908789408,3353,83054.79999995232,pvp,player_1,player_2,0,296.306,713.333,270,280,0,stay,up,1,3
1775908789408,3354,83071.69999992847,pvp,player_1,player_2,0,294.261,718,270,280,0,stay,up,1,3
1775908789408,3355,83088.19999992847,pvp,player_1,player_2,0,291.961,722.667,270,280,0,stay,up,1,3
1775908789408,3356,83105,pvp,player_1,player_2,0,289.406,727.333,270,280,0,stay,up,1,3
1775908789408,3357,83121.69999992847,pvp,player_1,player_2,0,286.594,732,270,280,0,stay,up,1,3
1775908789408,3358,83138.39999997616,pvp,player_1,player_2,0,283.528,736.667,270,280,0,stay,up,1,3
1775908789408,3359,83154.60000002384,pvp,player_1,player_2,0,280.206,741.333,270,280,0,stay,up,1,3
1775908789408,3360,83171.69999992847,pvp,player_1,player_2,0,276.628,746,270,280,0,stay,up,1,3
1775908789408,3361,83188.29999995232,pvp,player_1,player_2,0,272.794,750.667,270,280,0,stay,up,1,3
1775908789408,3362,83204.79999995232,pvp,player_1,player_2,0,268.706,755.333,270,280,0,stay,up,1,3
1775908789408,3363,83221.60000002384,pvp,player_1,player_2,0,264.361,760,270,280,0,stay,up,1,3
1775908789408,3364,83238.19999992847,pvp,player_1,player_2,0,259.761,764.667,270,280,0,stay,up,1,3
1775908789408,3365,83254.60000002384,pvp,player_1,player_2,0,254.906,769.333,270,280,0,stay,up,1,3
1775908789408,3366,83271.10000002384,pvp,player_1,player_2,0,249.794,774,270,280,0,stay,up,1,3
1775908789408,3367,83287.79999995232,pvp,player_1,player_2,0,244.428,778.667,270,280,0,stay,up,1,3
1775908789408,3368,83304.69999992847,pvp,player_1,player_2,0,238.806,783.333,270,280,0,stay,up,1,3
1775908789408,3369,83321.19999992847,pvp,player_1,player_2,0,232.928,788,270,280,0,stay,up,1,3
1775908789408,3370,83338.10000002384,pvp,player_1,player_2,0,226.794,792.667,270,280,0,stay,up,1,3
1775908789408,3371,83354.79999995232,pvp,player_1,player_2,0,220.406,797.333,270,280,0,stay,up,1,3
1775908789408,3372,83371.19999992847,pvp,player_1,player_2,0,213.761,802,270,280,0,stay,up,1,3
1775908789408,3373,83387.89999997616,pvp,player_1,player_2,0,206.861,806.667,270,280,0,stay,up,1,3
1775908789408,3374,83404.69999992847,pvp,player_1,player_2,0,199.706,811.333,270,280,0,stay,up,1,3
1775908789408,3375,83421.39999997616,pvp,player_1,player_2,0,192.294,816,270,280,0,stay,up,1,3
1775908789408,3376,83437.89999997616,pvp,player_1,player_2,0,184.628,820.667,270,280,0,stay,up,1,3
1775908789408,3377,83454.5,pvp,player_1,player_2,0,176.961,825.333,270,280,0,stay,up,1,3
1775908789408,3378,83471.39999997616,pvp,player_1,player_2,0,169.294,830,270,280,0,stay,up,1,3
1775908789408,3379,83488,pvp,player_1,player_2,0,161.822,834.667,270,280,0,stay,stay,1,3
1775908789408,3380,83504.39999997616,pvp,player_1,player_2,0,154.544,839.333,270,280,0,stay,stay,1,3
1775908789408,3381,83521.39999997616,pvp,player_1,player_2,0,147.461,844,270,280,0,stay,stay,1,3
1775908789408,3382,83538.39999997616,pvp,player_1,player_2,0,140.572,848.667,270,280,0,stay,stay,1,3
1775908789408,3383,83555.19999992847,pvp,player_1,player_2,0,133.878,853.333,270,280,0,stay,stay,1,3
1775908789408,3384,83571.89999997616,pvp,player_1,player_2,0,127.378,858,270,280,0,stay,stay,1,3
1775908789408,3385,83588.39999997616,pvp,player_1,player_2,0,121.239,862.667,270,280,0,stay,down,1,3
1775908789408,3386,83604.79999995232,pvp,player_1,player_2,0,115.461,867.333,270,280,0,stay,down,1,3
1775908789408,3387,83621.60000002384,pvp,player_1,player_2,0,110.044,872,270,280,0,stay,down,1,3
1775908789408,3388,83638.29999995232,pvp,player_1,player_2,0,104.989,876.667,270,280,0,stay,down,1,3
1775908789408,3389,83655,pvp,player_1,player_2,0,100.294,881.333,270,280,0,stay,down,1,3
1775908789408,3390,83671.69999992847,pvp,player_1,player_2,0,95.961,886,270,280,0,stay,down,1,3
1775908789408,3391,83688.29999995232,pvp,player_1,player_2,0,91.989,890.667,270,280,0,stay,down,1,3
1775908789408,3392,83704.69999992847,pvp,player_1,player_2,0,88.378,895.333,270,280,0,stay,down,1,3
1775908789408,3393,83721.5,pvp,player_1,player_2,0,85.128,900,270,280,0,stay,down,1,3
1775908789408,3394,83738.10000002384,pvp,player_1,player_2,0,82.239,904.667,270,280,0,stay,down,1,3
1775908789408,3395,83755,pvp,player_1,player_2,0,79.711,909.333,270,280,0,stay,down,1,3
1775908789408,3396,83771.79999995232,pvp,player_1,player_2,0,77.544,914,270,280,0,stay,down,1,3
1775908789408,3397,83788.39999997616,pvp,player_1,player_2,0,75.739,918.667,270,280,0,stay,down,1,3
1775908789408,3398,83805,pvp,player_1,player_2,0,74.294,923.333,270,280,0,stay,down,1,3
1775908789408,3399,83821.5,pvp,player_1,player_2,0,73.211,928,270,280,0,stay,down,1,3
1775908789408,3400,83838.29999995232,pvp,player_1,player_2,0,72.489,932.667,270,280,0,stay,down,1,3
1775908789408,3401,83854.79999995232,pvp,player_1,player_2,0,72.128,937.333,270,280,0,stay,down,1,3
1775908789408,3402,83871.69999992847,pvp,player_1,player_2,0,72.128,942,270,280,0,stay,down,1,3
1775908789408,3403,83888.10000002384,pvp,player_1,player_2,0,72.383,946.667,270,280,0,stay,down,1,3
1775908789408,3404,83904.89999997616,pvp,player_1,player_2,0,72.894,951.333,270,280,0,stay,down,1,3
1775908789408,3405,83921.39999997616,pvp,player_1,player_2,0,73.661,956,270,280,0,stay,down,1,3
1775908789408,3406,83937.79999995232,pvp,player_1,player_2,0,74.683,960.667,270,280,0,stay,down,1,3
1775908789408,3407,83954.69999992847,pvp,player_1,player_2,0,75.961,965.333,270,280,0,stay,down,1,3
1775908789408,3408,83971.5,pvp,player_1,player_2,0,77.494,970,270,280,0,stay,down,1,3
1775908789408,3409,83988.29999995232,pvp,player_1,player_2,0,79.283,480,270,280,0,stay,down,2,3
1775908789408,3410,84005.10000002384,pvp,player_1,player_2,0,81.328,484.667,270,280,0,stay,down,2,3
1775908789408,3411,84021.60000002384,pvp,player_1,player_2,0,83.628,489.333,270,280,0,stay,down,2,3
1775908789408,3412,84038.39999997616,pvp,player_1,player_2,0,86.183,494,270,280,0,stay,down,2,3
1775908789408,3413,84055,pvp,player_1,player_2,0,88.994,498.667,270,280,0,stay,down,2,3
1775908789408,3414,84071.60000002384,pvp,player_1,player_2,0,92.061,503.333,270,280,0,stay,down,2,3
1775908789408,3415,84088.19999992847,pvp,player_1,player_2,0,95.383,508,270,280,0,stay,down,2,3
1775908789408,3416,84104.79999995232,pvp,player_1,player_2,0,98.961,512.667,270,280,0,stay,down,2,3
1775908789408,3417,84121.29999995232,pvp,player_1,player_2,0,102.794,517.333,270,280,0,stay,down,2,3
1775908789408,3418,84138.5,pvp,player_1,player_2,0,106.883,522,270,280,0,stay,down,2,3
1775908789408,3419,84155.10000002384,pvp,player_1,player_2,0,111.228,526.667,270,280,0,stay,down,2,3
1775908789408,3420,84171.60000002384,pvp,player_1,player_2,0,115.378,531.333,270,280,0,stay,stay,2,3
1775908789408,3421,84188.29999995232,pvp,player_1,player_2,0,119.333,536,270,280,0,stay,stay,2,3
1775908789408,3422,84204.69999992847,pvp,player_1,player_2,0,123.094,540.667,270,280,0,stay,stay,2,3
1775908789408,3423,84221.5,pvp,player_1,player_2,0,126.661,545.333,270,280,0,stay,stay,2,3
1775908789408,3424,84238.10000002384,pvp,player_1,player_2,0,130.033,550,270,280,0,stay,stay,2,3
1775908789408,3425,84254.89999997616,pvp,player_1,player_2,0,133.211,554.667,270,280,0,stay,stay,2,3
1775908789408,3426,84271.60000002384,pvp,player_1,player_2,0,136.194,559.333,270,280,0,stay,stay,2,3
1775908789408,3427,84288.19999992847,pvp,player_1,player_2,0,138.983,564,270,280,0,stay,stay,2,3
1775908789408,3428,84305,pvp,player_1,player_2,0,141.578,568.667,270,280,0,stay,stay,2,3
1775908789408,3429,84321.5,pvp,player_1,player_2,0,143.978,573.333,270,280,0,stay,stay,2,3
1775908789408,3430,84338.10000002384,pvp,player_1,player_2,0,146.183,578,270,280,0,stay,stay,2,3
1775908789408,3431,84355.10000002384,pvp,player_1,player_2,0,148.194,582.667,270,280,0,stay,stay,2,3
1775908789408,3432,84371.39999997616,pvp,player_1,player_2,0,150.011,587.333,270,280,0,stay,stay,2,3
1775908789408,3433,84388.39999997616,pvp,player_1,player_2,0,151.633,592,270,280,0,stay,stay,2,3
1775908789408,3434,84405,pvp,player_1,player_2,0,153.061,596.667,270,280,0,stay,stay,2,3
1775908789408,3435,84421.5,pvp,player_1,player_2,0,154.294,601.333,270,280,0,stay,stay,2,3
1775908789408,3436,84437.89999997616,pvp,player_1,player_2,0,155.333,606,270,280,0,stay,stay,2,3
1775908789408,3437,84455,pvp,player_1,player_2,0,156.178,610.667,270,280,0,stay,stay,2,3
1775908789408,3438,84471.60000002384,pvp,player_1,player_2,0,156.828,615.333,270,280,0,stay,stay,2,3
1775908789408,3439,84488,pvp,player_1,player_2,0,157.283,620,270,280,0,stay,stay,2,3
1775908789408,3440,84504.79999995232,pvp,player_1,player_2,0,157.544,624.667,270,280,0,stay,stay,2,3
1775908789408,3441,84521.29999995232,pvp,player_1,player_2,0,157.544,629.333,270,280,0,stay,stay,2,3
1775908789408,3442,84538,pvp,player_1,player_2,0,157.544,634,270,280,0,stay,stay,2,3
1775908789408,3443,84554.69999992847,pvp,player_1,player_2,0,157.544,638.667,270,280,0,stay,stay,2,3
1775908789408,3444,84571.5,pvp,player_1,player_2,0,157.544,643.333,270,280,0,stay,stay,2,3
1775908789408,3445,84588.29999995232,pvp,player_1,player_2,0,157.544,648,270,280,0,stay,stay,2,3
1775908789408,3446,84604.69999992847,pvp,player_1,player_2,0,157.544,652.667,270,280,0,stay,stay,2,3
1775908789408,3447,84621.69999992847,pvp,player_1,player_2,0,157.544,657.333,270,280,0,stay,stay,2,3
1775908789408,3448,84638.5,pvp,player_1,player_2,0,157.544,662,270,280,0,stay,stay,2,3
1775908789408,3449,84654.89999997616,pvp,player_1,player_2,0,157.544,666.667,270,280,0,stay,stay,2,3
1775908789408,3450,84671.39999997616,pvp,player_1,player_2,0,157.544,671.333,270,280,0,stay,stay,2,3
1775908789408,3451,84688.39999997616,pvp,player_1,player_2,0,157.544,676,270,280,0,stay,stay,2,3
1775908789408,3452,84705,pvp,player_1,player_2,0,157.544,680.667,270,280,0,stay,stay,2,3
1775908789408,3453,84721.60000002384,pvp,player_1,player_2,0,157.544,685.333,270,280,0,stay,stay,2,3
1775908789408,3454,84738.19999992847,pvp,player_1,player_2,0,157.544,690,270,280,0,stay,stay,2,3
1775908789408,3455,84754.79999995232,pvp,player_1,player_2,0,157.544,694.667,270,280,0,stay,stay,2,3
1775908789408,3456,84771.5,pvp,player_1,player_2,0,157.544,699.333,270,280,0,stay,stay,2,3
1775908789408,3457,84788.39999997616,pvp,player_1,player_2,0,157.544,704,270,280,0,stay,stay,2,3
1775908789408,3458,84805,pvp,player_1,player_2,0,157.544,708.667,270,280,0,stay,stay,2,3
1775908789408,3459,84821.5,pvp,player_1,player_2,0,157.544,713.333,270,280,0,stay,stay,2,3
1775908789408,3460,84838.19999992847,pvp,player_1,player_2,0,157.544,718,270,280,0,stay,stay,2,3
1775908789408,3461,84854.79999995232,pvp,player_1,player_2,0,157.544,722.667,270,280,0,stay,stay,2,3
1775908789408,3462,84871.39999997616,pvp,player_1,player_2,0,157.544,727.333,270,280,0,stay,stay,2,3
1775908789408,3463,84888.19999992847,pvp,player_1,player_2,0,157.544,732,270,280,0,stay,stay,2,3
1775908789408,3464,84905,pvp,player_1,player_2,0,157.544,736.667,270,280,0,stay,stay,2,3
1775908789408,3465,84921.39999997616,pvp,player_1,player_2,0,157.544,741.333,270,280,0,stay,stay,2,3
1775908789408,3466,84938.29999995232,pvp,player_1,player_2,0,157.544,746,270,280,0,stay,stay,2,3
1775908789408,3467,84954.69999992847,pvp,player_1,player_2,0,157.544,750.667,270,280,0,stay,stay,2,3
1775908789408,3468,84971.29999995232,pvp,player_1,player_2,0,157.544,755.333,270,280,0,stay,stay,2,3
1775908789408,3469,84987.89999997616,pvp,player_1,player_2,0,157.544,760,270,280,0,stay,stay,2,3
1775908789408,3470,85004.89999997616,pvp,player_1,player_2,0,157.544,764.667,270,280,0,stay,stay,2,3
1775908789408,3471,85021.89999997616,pvp,player_1,player_2,0,157.544,769.333,270,280,0,stay,stay,2,3
1775908789408,3472,85038,pvp,player_1,player_2,0,157.544,774,270,280,0,stay,stay,2,3
1775908789408,3473,85054.69999992847,pvp,player_1,player_2,0,157.544,778.667,270,280,0,stay,stay,2,3
1775908789408,3474,85071.69999992847,pvp,player_1,player_2,0,157.544,783.333,270,280,0,stay,stay,2,3
1775908789408,3475,85087.89999997616,pvp,player_1,player_2,0,157.544,788,270,280,0,stay,stay,2,3
1775908789408,3476,85104.79999995232,pvp,player_1,player_2,0,157.544,792.667,270,280,0,stay,stay,2,3
1775908789408,3477,85121.5,pvp,player_1,player_2,0,157.544,797.333,270,280,0,stay,stay,2,3
1775908789408,3478,85138,pvp,player_1,player_2,0,157.544,802,270,280,0,stay,stay,2,3
1775908789408,3479,85154.89999997616,pvp,player_1,player_2,0,157.544,806.667,270,280,0,stay,stay,2,3
1775908789408,3480,85171.39999997616,pvp,player_1,player_2,0,157.544,811.333,270,280,0,stay,stay,2,3
1775908789408,3481,85188.19999992847,pvp,player_1,player_2,0,157.544,816,270,280,0,stay,stay,2,3
1775908789408,3482,85204.79999995232,pvp,player_1,player_2,0,157.544,820.667,270,280,0,stay,stay,2,3
1775908789408,3483,85221.5,pvp,player_1,player_2,0,157.544,825.333,270,280,0,stay,stay,2,3
1775908789408,3484,85237.79999995232,pvp,player_1,player_2,0,157.544,830,270,280,0,stay,stay,2,3
1775908789408,3485,85254.69999992847,pvp,player_1,player_2,0,157.544,834.667,270,280,0,stay,stay,2,3
1775908789408,3486,85271.5,pvp,player_1,player_2,0,157.544,839.333,270,280,0,stay,stay,2,3
1775908789408,3487,85287.79999995232,pvp,player_1,player_2,0,157.544,844,270,280,0,stay,stay,2,3
1775908789408,3488,85304.5,pvp,player_1,player_2,0,157.544,848.667,270,280,0,stay,stay,2,3
1775908789408,3489,85321.10000002384,pvp,player_1,player_2,0,157.544,853.333,270,280,0,stay,stay,2,3
1775908789408,3490,85337.89999997616,pvp,player_1,player_2,0,157.544,858,270,280,0,stay,stay,2,3
1775908789408,3491,85354.5,pvp,player_1,player_2,0,157.544,862.667,270,280,0,stay,stay,2,3
1775908789408,3492,85371.19999992847,pvp,player_1,player_2,0,157.544,867.333,270,280,0,stay,stay,2,3
1775908789408,3493,85388.39999997616,pvp,player_1,player_2,0,157.544,872,270,280,0,stay,stay,2,3
1775908789408,3494,85404.60000002384,pvp,player_1,player_2,0,157.544,876.667,270,280,0,stay,stay,2,3
1775908789408,3495,85421.39999997616,pvp,player_1,player_2,0,157.544,881.333,270,280,0,stay,stay,2,3
1775908789408,3496,85437.89999997616,pvp,player_1,player_2,0,157.544,886,270,280,0,stay,stay,2,3
1775908789408,3497,85454.89999997616,pvp,player_1,player_2,0,157.544,890.667,270,280,0,stay,stay,2,3
1775908789408,3498,85471.5,pvp,player_1,player_2,0,157.544,895.333,270,280,0,stay,stay,2,3
1775908789408,3499,85488.39999997616,pvp,player_1,player_2,0,157.544,900,270,280,0,stay,stay,2,3
1775908789408,3500,85504.79999995232,pvp,player_1,player_2,0,157.544,904.667,270,280,0,stay,stay,2,3
1775908789408,3501,85522,pvp,player_1,player_2,0,157.544,909.333,270,280,0,stay,stay,2,3
1775908789408,3502,85538.39999997616,pvp,player_1,player_2,0,157.544,914,270,280,0,stay,stay,2,3
1775908789408,3503,85555,pvp,player_1,player_2,0,157.544,918.667,270,280,0,stay,stay,2,3
1775908789408,3504,85572.19999992847,pvp,player_1,player_2,0,157.544,923.333,270,280,0,stay,stay,2,3
1775908789408,3505,85588.10000002384,pvp,player_1,player_2,0,157.544,928,270,280,0,stay,stay,2,3
1775908789408,3506,85604.79999995232,pvp,player_1,player_2,0,157.544,932.667,270,280,0,stay,stay,2,3
1775908789408,3507,85621.39999997616,pvp,player_1,player_2,0,157.544,937.333,270,280,0,stay,stay,2,3
1775908789408,3508,85638.19999992847,pvp,player_1,player_2,0,157.544,942,270,280,0,stay,stay,2,3
1775908789408,3509,85654.89999997616,pvp,player_1,player_2,0,157.544,946.667,270,280,0,stay,stay,2,3
1775908789408,3510,85671.39999997616,pvp,player_1,player_2,0,157.544,951.333,270,280,0,stay,stay,2,3
1775908789408,3511,85688,pvp,player_1,player_2,0,157.544,956,270,280,0,stay,stay,2,3
1775908789408,3512,85705.5,pvp,player_1,player_2,0,157.544,960.667,270,280,0,stay,stay,2,3
1775908789408,3513,85721.60000002384,pvp,player_1,player_2,0,157.544,965.333,270,280,0,stay,stay,2,3
1775908789408,3514,85738.10000002384,pvp,player_1,player_2,0,157.544,970,270,280,0,stay,stay,2,3
1775908789408,3515,85755.39999997616,pvp,player_1,player_2,0,157.544,480,270,280,0,stay,stay,3,3
1775908789408,3516,85771.29999995232,pvp,player_1,player_2,0,157.544,484.667,270,280,0,stay,stay,3,3
1775908789408,3517,85787.89999997616,pvp,player_1,player_2,0,157.544,489.333,270,280,0,stay,stay,3,3
1775908789408,3518,85804.69999992847,pvp,player_1,player_2,0,157.544,494,270,280,0,stay,stay,3,3
1775908789408,3519,85821.39999997616,pvp,player_1,player_2,0,157.544,498.667,270,280,0,stay,stay,3,3
1775908789408,3520,85838.19999992847,pvp,player_1,player_2,0,157.544,503.333,270,280,0,stay,stay,3,3
1775908789408,3521,85854.79999995232,pvp,player_1,player_2,0,157.544,508,270,280,0,stay,stay,3,3
1775908789408,3522,85871.39999997616,pvp,player_1,player_2,0,157.544,512.667,270,280,0,stay,stay,3,3
1775908789408,3523,85888.69999992847,pvp,player_1,player_2,0,157.544,517.333,270,280,0,stay,stay,3,3
1775908789408,3524,85905.10000002384,pvp,player_1,player_2,0,157.544,522,270,280,0,stay,stay,3,3
1775908789408,3525,85921.89999997616,pvp,player_1,player_2,0,157.544,526.667,270,280,0,stay,stay,3,3
1775908789408,3526,85938.60000002384,pvp,player_1,player_2,0,157.544,531.333,270,280,0,stay,stay,3,3
1775908789408,3527,85955,pvp,player_1,player_2,0,157.544,536,270,280,0,stay,stay,3,3
1775908789408,3528,85971.5,pvp,player_1,player_2,0,157.544,540.667,270,280,0,stay,stay,3,3
1775908789408,3529,85988.29999995232,pvp,player_1,player_2,0,157.544,545.333,270,280,0,stay,stay,3,3
1775908789408,3530,86004.89999997616,pvp,player_1,player_2,0,157.544,550,270,280,0,stay,stay,3,3
1775908789408,3531,86021.19999992847,pvp,player_1,player_2,0,157.544,554.667,270,280,0,stay,stay,3,3
1775908789408,3532,86038.10000002384,pvp,player_1,player_2,0,157.544,559.333,270,280,0,stay,stay,3,3
1775908789408,3533,86055,pvp,player_1,player_2,0,157.544,564,270,280,0,stay,stay,3,3
1775908789408,3534,86071.60000002384,pvp,player_1,player_2,0,157.544,568.667,270,280,0,stay,stay,3,3
1775908789408,3535,86088.19999992847,pvp,player_1,player_2,0,157.544,573.333,270,280,0,stay,stay,3,3
1775908789408,3536,86105,pvp,player_1,player_2,0,157.544,578,270,280,0,stay,stay,3,3
1775908789408,3537,86122,pvp,player_1,player_2,0,157.544,582.667,270,280,0,stay,stay,3,3
1775908789408,3538,86138.10000002384,pvp,player_1,player_2,0,157.544,587.333,270,280,0,stay,stay,3,3
1775908789408,3539,86154.60000002384,pvp,player_1,player_2,0,157.544,592,270,280,0,stay,stay,3,3
1775908789408,3540,86171.39999997616,pvp,player_1,player_2,0,157.544,596.667,270,280,0,stay,stay,3,3
1775908789408,3541,86188.10000002384,pvp,player_1,player_2,0,157.544,601.333,270,280,0,stay,stay,3,3
1775908789408,3542,86204.89999997616,pvp,player_1,player_2,0,157.544,606,270,280,0,stay,stay,3,3
1775908789408,3543,86221.89999997616,pvp,player_1,player_2,0,157.544,610.667,270,280,0,stay,stay,3,3
1775908789408,3544,86238.10000002384,pvp,player_1,player_2,0,157.544,615.333,270,280,0,stay,stay,3,3
1775908789408,3545,86255.19999992847,pvp,player_1,player_2,0,157.544,620,270,280,0,stay,stay,3,3
1775908789408,3546,86271.5,pvp,player_1,player_2,0,157.544,624.667,270,280,0,stay,stay,3,3
1775908789408,3547,86288.39999997616,pvp,player_1,player_2,0,157.544,629.333,270,280,0,stay,stay,3,3
1775908789408,3548,86305,pvp,player_1,player_2,0,157.544,634,270,280,0,stay,stay,3,3
1775908789408,3549,86321.69999992847,pvp,player_1,player_2,0,157.544,638.667,270,280,0,stay,stay,3,3
1775908789408,3550,86338.10000002384,pvp,player_1,player_2,0,157.544,643.333,270,280,0,stay,stay,3,3
1775908789408,3551,86354.79999995232,pvp,player_1,player_2,0,157.544,648,270,280,0,stay,stay,3,3
1775908789408,3552,86371.60000002384,pvp,player_1,player_2,0,157.544,652.667,270,280,0,stay,stay,3,3
1775908789408,3553,86388.29999995232,pvp,player_1,player_2,0,157.544,657.333,270,280,0,stay,stay,3,3
1775908789408,3554,86405.10000002384,pvp,player_1,player_2,0,157.544,662,270,280,0,stay,stay,3,3
1775908789408,3555,86421.60000002384,pvp,player_1,player_2,0,157.544,666.667,270,280,0,stay,stay,3,3
1775908789408,3556,86437.89999997616,pvp,player_1,player_2,0,157.544,671.333,270,280,0,stay,stay,3,3
1775908789408,3557,86454.69999992847,pvp,player_1,player_2,0,157.544,676,270,280,0,stay,stay,3,3
1775908789408,3558,86471.39999997616,pvp,player_1,player_2,0,157.544,680.667,270,280,0,stay,stay,3,3
1775908789408,3559,86488.29999995232,pvp,player_1,player_2,0,157.544,685.333,270,280,0,stay,stay,3,3
1775908789408,3560,86504.79999995232,pvp,player_1,player_2,0,157.544,690,270,280,0,stay,stay,3,3
1775908789408,3561,86521.60000002384,pvp,player_1,player_2,0,157.544,694.667,270,280,0,stay,stay,3,3
1775908789408,3562,86538.29999995232,pvp,player_1,player_2,0,157.544,699.333,270,280,0,stay,stay,3,3
1775908789408,3563,86554.89999997616,pvp,player_1,player_2,0,157.544,704,270,280,0,stay,stay,3,3
1775908789408,3564,86571.29999995232,pvp,player_1,player_2,0,157.544,708.667,270,280,0,stay,stay,3,3
1775908789408,3565,86587.89999997616,pvp,player_1,player_2,0,157.544,713.333,270,280,0,stay,stay,3,3
1775908789408,3566,86604.60000002384,pvp,player_1,player_2,0,157.544,718,270,280,0,stay,stay,3,3
1775908789408,3567,86621.29999995232,pvp,player_1,player_2,0,157.544,722.667,270,280,0,stay,stay,3,3