match_id,frame_idx,timestamp_ms,mode,player_left_id,player_right_id,left_paddle_y,right_paddle_y,ball_x,ball_y,ball_vx,ball_vy,label_action_left,label_action_right,score_left,score_right
1775924143883,0,69620.10000002384,pvp,player_1,player_2,222,222,484.667,270,280,0,stay,stay,0,0
1775924143883,1,69636.20000004768,pvp,player_1,player_2,222,222,489.333,270,280,0,stay,stay,0,0
1775924143883,2,69652.60000002384,pvp,player_1,player_2,222,222,494,270,280,0,stay,stay,0,0
1775924143883,3,69669.70000004768,pvp,player_1,player_2,222,222,498.667,270,280,0,stay,stay,0,0
1775924143883,4,69686.10000002384,pvp,player_1,player_2,222,222,503.333,270,280,0,stay,stay,0,0
1775924143883,5,69703,pvp,player_1,player_2,222,222,508,270,280,0,stay,stay,0,0
1775924143883,6,69719.80000007153,pvp,player_1,player_2,222,222,512.667,270,280,0,stay,stay,0,0
1775924143883,7,69736.20000004768,pvp,player_1,player_2,222,222,517.333,270,280,0,stay,stay,0,0
1775924143883,8,69753.20000004768,pvp,player_1,player_2,222,222,522,270,280,0,stay,stay,0,0
1775924143883,9,69770.60000002384,pvp,player_1,player_2,222,222,526.667,270,280,0,stay,stay,0,0
1775924143883,10,69786.20000004768,pvp,player_1,player_2,222,222,531.333,270,280,0,stay,stay,0,0
1775924143883,11,69803.10000002384,pvp,player_1,player_2,222,222,536,270,280,0,stay,stay,0,0
1775924143883,12,69820.10000002384,pvp,player_1,player_2,222,222,540.667,270,280,0,stay,stay,0,0
1775924143883,13,69837.10000002384,pvp,player_1,player_2,222,222,545.333,270,280,0,stay,stay,0,0
1775924143883,14,69837.20000004768,pvp,player_1,player_2,222,222,550,270,280,0,stay,stay,0,0
1775924143883,15,69870.5,pvp,player_1,player_2,222,222,554.667,270,280,0,stay,stay,0,0
1775924143883,16,69870.5,pvp,player_1,player_2,222,222,559.333,270,280,0,stay,stay,0,0
1775924143883,17,69887.20000004768,pvp,player_1,player_2,222,222,564,270,280,0,stay,stay,0,0
1775924143883,18,69903.70000004768,pvp,player_1,player_2,222,222,568.667,270,280,0,stay,stay,0,0
1775924143883,19,69920.20000004768,pvp,player_1,player_2,222,222,573.333,270,280,0,stay,stay,0,0
1775924143883,20,69953.20000004768,pvp,player_1,player_2,222,222,578,270,280,0,stay,stay,0,0
1775924143883,21,69969.70000004768,pvp,player_1,player_2,222,222,582.667,270,280,0,stay,stay,0,0
1775924143883,22,69986.60000002384,pvp,player_1,player_2,222,222,587.333,270,280,0,stay,stay,0,0
1775924143883,23,70003.5,pvp,player_1,player_2,222,222,592,270,280,0,stay,stay,0,0
1775924143883,24,70003.5,pvp,player_1,player_2,222,222,596.667,270,280,0,stay,stay,0,0
1775924143883,25,70036.70000004768,pvp,player_1,player_2,222,222,601.333,270,280,0,stay,stay,0,0
1775924143883,26,70053.39999997616,pvp,player_1,player_2,222,222,606,270,280,0,stay,stay,0,0
1775924143883,27,70070.30000007153,pvp,player_1,player_2,222,222,610.667,270,280,0,stay,stay,0,0
1775924143883,28,70070.30000007153,pvp,player_1,player_2,222,222,615.333,270,280,0,stay,stay,0,0
1775924143883,29,70103.70000004768,pvp,player_1,player_2,222,222,620,270,280,0,stay,stay,0,0
1775924143883,30,70103.80000007153,pvp,player_1,player_2,222,222,624.667,270,280,0,stay,stay,0,0
1775924143883,31,70137.20000004768,pvp,player_1,player_2,222,222,629.333,270,280,0,stay,stay,0,0
1775924143883,32,70137.20000004768,pvp,player_1,player_2,222,222,634,270,280,0,stay,stay,0,0
1775924143883,33,70154,pvp,player_1,player_2,222,222,638.667,270,280,0,stay,stay,0,0
1775924143883,34,70170.30000007153,pvp,player_1,player_2,222,222,643.333,270,280,0,stay,stay,0,0
1775924143883,35,70187,pvp,player_1,player_2,222,222,648,270,280,0,stay,stay,0,0
1775924143883,36,70203.70000004768,pvp,player_1,player_2,222,222,652.667,270,280,0,stay,stay,0,0
1775924143883,37,70220.39999997616,pvp,player_1,player_2,222,222,657.333,270,280,0,stay,stay,0,0
1775924143883,38,70253.20000004768,pvp,player_1,player_2,222,222,662,270,280,0,stay,stay,0,0
1775924143883,39,70270.10000002384,pvp,player_1,player_2,222,222,666.667,270,280,0,stay,stay,0,0
1775924143883,40,70287,pvp,player_1,player_2,222,222,671.333,270,280,0,stay,stay,0,0
1775924143883,41,70287,pvp,player_1,player_2,222,222,676,270,280,0,stay,stay,0,0
1775924143883,42,70320,pvp,player_1,player_2,222,222,680.667,270,280,0,stay,stay,0,0
1775924143883,43,70337,pvp,player_1,player_2,222,222,685.333,270,280,0,stay,stay,0,0
1775924143883,44,70353.39999997616,pvp,player_1,player_2,222,222,690,270,280,0,stay,stay,0,0
1775924143883,45,70369.89999997616,pvp,player_1,player_2,222,222,694.667,270,280,0,stay,stay,0,0
1775924143883,46,70386.39999997616,pvp,player_1,player_2,222,222,699.333,270,280,0,stay,stay,0,0
1775924143883,47,70402.80000007153,pvp,player_1,player_2,222,222,704,270,280,0,stay,stay,0,0
1775924143883,48,70419.39999997616,pvp,player_1,player_2,222,222,708.667,270,280,0,stay,stay,0,0
1775924143883,49,70436.20000004768,pvp,player_1,player_2,222,222,713.333,270,280,0,stay,stay,0,0
1775924143883,50,70453.10000002384,pvp,player_1,player_2,222,222,718,270,280,0,stay,stay,0,0
1775924143883,51,70469.60000002384,pvp,player_1,player_2,222,222,722.667,270,280,0,stay,stay,0,0
1775924143883,52,70486.20000004768,pvp,player_1,player_2,222,222,727.333,270,280,0,stay,stay,0,0
1775924143883,53,70502.89999997616,pvp,player_1,player_2,222,222,732,270,280,0,stay,stay,0,0
1775924143883,54,70519.80000007153,pvp,player_1,player_2,222,222,736.667,270,280,0,stay,stay,0,0
1775924143883,55,70536.10000002384,pvp,player_1,player_2,222,222,741.333,270,280,0,stay,stay,0,0
1775924143883,56,70552.89999997616,pvp,player_1,player_2,222,222,746,270,280,0,stay,stay,0,0
1775924143883,57,70569.70000004768,pvp,player_1,player_2,222,222,750.667,270,280,0,stay,stay,0,0
1775924143883,58,70586.30000007153,pvp,player_1,player_2,222,222,755.333,270,280,0,stay,stay,0,0
1775924143883,59,70603.5,pvp,player_1,player_2,222,222,760,270,280,0,stay,stay,0,0
1775924143883,60,70619.5,pvp,player_1,player_2,222,222,764.667,270,280,0,stay,stay,0,0
1775924143883,61,70636.5,pvp,player_1,player_2,222,222,769.333,270,280,0,stay,stay,0,0
1775924143883,62,70653.89999997616,pvp,player_1,player_2,222,222,774,270,280,0,stay,stay,0,0
1775924143883,63,70654,pvp,player_1,player_2,222,222,778.667,270,280,0,stay,stay,0,0
1775924143883,64,70687,pvp,player_1,player_2,222,222,783.333,270,280,0,stay,stay,0,0
1775924143883,65,70702.89999997616,pvp,player_1,player_2,222,222,788,270,280,0,stay,stay,0,0
1775924143883,66,70719.70000004768,pvp,player_1,player_2,222,222,792.667,270,280,0,stay,stay,0,0
1775924143883,67,70736.60000002384,pvp,player_1,player_2,222,222,797.333,270,280,0,stay,stay,0,0
1775924143883,68,70753.5,pvp,player_1,player_2,222,222,802,270,280,0,stay,stay,0,0
1775924143883,69,70770.10000002384,pvp,player_1,player_2,222,222,806.667,270,280,0,stay,stay,0,0
1775924143883,70,70787.10000002384,pvp,player_1,player_2,222,222,811.333,270,280,0,stay,stay,0,0
1775924143883,71,70803.10000002384,pvp,player_1,player_2,222,222,816,270,280,0,stay,stay,0,0
1775924143883,72,70819.80000007153,pvp,player_1,player_2,222,222,820.667,270,280,0,stay,stay,0,0
1775924143883,73,70836.89999997616,pvp,player_1,player_2,222,222,825.333,270,280,0,stay,stay,0,0
1775924143883,74,70836.89999997616,pvp,player_1,player_2,222,222,830,270,280,0,stay,stay,0,0
1775924143883,75,70870.20000004768,pvp,player_1,player_2,222,222,834.667,270,280,0,stay,stay,0,0
1775924143883,76,70870.20000004768,pvp,player_1,player_2,222,222,839.333,270,280,0,stay,stay,0,0
1775924143883,77,70903.80000007153,pvp,player_1,player_2,222,222,844,270,280,0,stay,stay,0,0
1775924143883,78,70903.80000007153,pvp,player_1,player_2,222,222,848.667,270,280,0,stay,stay,0,0
1775924143883,79,70936.89999997616,pvp,player_1,player_2,222,222,853.333,270,280,0,stay,stay,0,0
1775924143883,80,70953.70000004768,pvp,player_1,player_2,222,222,858,270,280,0,stay,stay,0,0
1775924143883,81,70953.89999997616,pvp,player_1,player_2,222,222,862.667,270,280,0,stay,stay,0,0
1775924143883,82,70986.80000007153,pvp,player_1,player_2,222,222,867.333,270,280,0,stay,stay,0,0
1775924143883,83,71003.60000002384,pvp,player_1,player_2,222,222,872,270,280,0,stay,stay,0,0
1775924143883,84,71020.20000004768,pvp,player_1,player_2,222,222,876.667,270,280,0,stay,stay,0,0
1775924143883,85,71036.89999997616,pvp,player_1,player_2,222,222,881.333,270,280,0,stay,stay,0,0
1775924143883,86,71053.70000004768,pvp,player_1,player_2,222,222,886,270,280,0,stay,stay,0,0
1775924143883,87,71069.89999997616,pvp,player_1,player_2,222,222,890.667,270,280,0,stay,stay,0,0
1775924143883,88,71087,pvp,player_1,player_2,222,222,895.333,270,280,0,stay,stay,0,0
1775924143883,89,71103.5,pvp,player_1,player_2,222,222,900,270,280,0,stay,stay,0,0
1775924143883,90,71120.60000002384,pvp,player_1,player_2,222,222,904.667,270,280,0,stay,stay,0,0
1775924143883,91,71120.70000004768,pvp,player_1,player_2,222,222,909.333,270,280,0,stay,stay,0,0
1775924143883,92,71137.60000002384,pvp,player_1,player_2,222,222,912,270,-300,0,stay,stay,0,0
1775924143883,93,71170.70000004768,pvp,player_1,player_2,222,221.744,907,270,-300,0,stay,up,0,0
1775924143883,94,71170.70000004768,pvp,player_1,player_2,222,221.233,902,270,-300,0,stay,up,0,0
1775924143883,95,71187,pvp,player_1,player_2,222,220.467,897,270,-300,0,stay,up,0,0
1775924143883,96,71219.89999997616,pvp,player_1,player_2,222,219.444,892,270,-300,0,stay,up,0,0
1775924143883,97,71236.70000004768,pvp,player_1,player_2,222,218.167,887,270,-300,0,stay,up,0,0
1775924143883,98,71253.20000004768,pvp,player_1,player_2,222,216.633,882,270,-300,0,stay,up,0,0
1775924143883,99,71270.30000007153,pvp,player_1,player_2,222,214.844,877,270,-300,0,stay,up,0,0
1775924143883,100,71270.39999997616,pvp,player_1,player_2,222,212.8,872,270,-300,0,stay,up,0,0
1775924143883,101,71287,pvp,player_1,player_2,222,210.5,867,270,-300,0,stay,up,0,0
1775924143883,102,71303.89999997616,pvp,player_1,player_2,222,207.944,862,270,-300,0,stay,up,0,0
1775924143883,103,71320.39999997616,pvp,player_1,player_2,222,205.133,857,270,-300,0,stay,up,0,0
1775924143883,104,71353.5,pvp,player_1,player_2,222,202.067,852,270,-300,0,stay,up,0,0
1775924143883,105,71353.60000002384,pvp,player_1,player_2,222,198.744,847,270,-300,0,stay,up,0,0
1775924143883,106,71370.10000002384,pvp,player_1,player_2,222,195.167,842,270,-300,0,stay,up,0,0
1775924143883,107,71403.60000002384,pvp,player_1,player_2,222,191.333,837,270,-300,0,stay,up,0,0
1775924143883,108,71403.60000002384,pvp,player_1,player_2,222,187.244,832,270,-300,0,stay,up,0,0
1775924143883,109,71436.89999997616,pvp,player_1,player_2,222,182.9,827,270,-300,0,stay,up,0,0
1775924143883,110,71453.20000004768,pvp,player_1,player_2,222,178.3,822,270,-300,0,stay,up,0,0
1775924143883,111,71470,pvp,player_1,player_2,222,173.444,817,270,-300,0,stay,up,0,0
1775924143883,112,71486.60000002384,pvp,player_1,player_2,222,168.333,812,270,-300,0,stay,up,0,0
1775924143883,113,71503.10000002384,pvp,player_1,player_2,222,162.967,807,270,-300,0,stay,up,0,0
1775924143883,114,71519.70000004768,pvp,player_1,player_2,222,157.344,802,270,-300,0,stay,up,0,0
1775924143883,115,71537,pvp,player_1,player_2,222,151.467,797,270,-300,0,stay,up,0,0
1775924143883,116,71537,pvp,player_1,player_2,222,145.333,792,270,-300,0,stay,up,0,0
1775924143883,117,71553.70000004768,pvp,player_1,player_2,222,138.944,787,270,-300,0,stay,up,0,0
1775924143883,118,71587.10000002384,pvp,player_1,player_2,222,132.3,782,270,-300,0,stay,up,0,0
1775924143883,119,71587.20000004768,pvp,player_1,player_2,222,125.4,777,270,-300,0,stay,up,0,0
1775924143883,120,71620.30000007153,pvp,player_1,player_2,222,118.694,772,270,-300,0,stay,stay,0,0
1775924143883,121,71620.39999997616,pvp,player_1,player_2,222,112.183,767,270,-300,0,stay,stay,0,0
1775924143883,122,71652.80000007153,pvp,player_1,player_2,222,105.867,762,270,-300,0,stay,stay,0,0
1775924143883,123,71670.39999997616,pvp,player_1,player_2,222,99.744,757,270,-300,0,stay,stay,0,0
1775924143883,124,71670.5,pvp,player_1,player_2,222,93.817,752,270,-300,0,stay,stay,0,0
1775924143883,125,71703.30000007153,pvp,player_1,player_2,222,88.083,747,270,-300,0,stay,stay,0,0
1775924143883,126,71719.5,pvp,player_1,player_2,222,82.544,742,270,-300,0,stay,stay,0,0
1775924143883,127,71737.10000002384,pvp,player_1,player_2,222,77.2,737,270,-300,0,stay,stay,0,0
1775924143883,128,71737.10000002384,pvp,player_1,player_2,222,72.05,732,270,-300,0,stay,stay,0,0
1775924143883,129,71753.39999997616,pvp,player_1,player_2,222,67.094,727,270,-300,0,stay,stay,0,0
1775924143883,130,71786.89999997616,pvp,player_1,player_2,222,62.333,722,270,-300,0,stay,stay,0,0
1775924143883,131,71803.60000002384,pvp,player_1,player_2,222,57.767,717,270,-300,0,stay,stay,0,0
1775924143883,132,71803.70000004768,pvp,player_1,player_2,222,53.394,712,270,-300,0,stay,stay,0,0
1775924143883,133,71837,pvp,player_1,player_2,222,49.217,707,270,-300,0,stay,stay,0,0
1775924143883,134,71853.20000004768,pvp,player_1,player_2,222,45.233,702,270,-300,0,stay,stay,0,0
1775924143883,135,71870.10000002384,pvp,player_1,player_2,222,41.444,697,270,-300,0,stay,stay,0,0
1775924143883,136,71887.20000004768,pvp,player_1,player_2,222,37.85,692,270,-300,0,stay,stay,0,0
1775924143883,137,71903.80000007153,pvp,player_1,player_2,222,34.45,687,270,-300,0,stay,stay,0,0
1775924143883,138,71903.80000007153,pvp,player_1,player_2,222,31.244,682,270,-300,0,stay,stay,0,0
1775924143883,139,71936.80000007153,pvp,player_1,player_2,222,28.233,677,270,-300,0,stay,stay,0,0
1775924143883,140,71953.39999997616,pvp,player_1,player_2,222,25.417,672,270,-300,0,stay,stay,0,0
1775924143883,141,71970.39999997616,pvp,player_1,player_2,222,22.794,667,270,-300,0,stay,stay,0,0
1775924143883,142,71970.39999997616,pvp,player_1,player_2,222,20.367,662,270,-300,0,stay,stay,0,0
1775924143883,143,72003.10000002384,pvp,player_1,player_2,222,18.133,657,270,-300,0,stay,stay,0,0
1775924143883,144,72019.5,pvp,player_1,player_2,222,16.094,652,270,-300,0,stay,stay,0,0
1775924143883,145,72036.39999997616,pvp,player_1,player_2,222,14.25,647,270,-300,0,stay,stay,0,0
1775924143883,146,72052.80000007153,pvp,player_1,player_2,222,12.6,642,270,-300,0,stay,stay,0,0
1775924143883,147,72069.60000002384,pvp,player_1,player_2,222,11.144,637,270,-300,0,stay,stay,0,0
1775924143883,148,72086.30000007153,pvp,player_1,player_2,222,9.883,632,270,-300,0,stay,stay,0,0
1775924143883,149,72102.89999997616,pvp,player_1,player_2,222,8.817,627,270,-300,0,stay,stay,0,0
1775924143883,150,72120,pvp,player_1,player_2,222,7.944,622,270,-300,0,stay,stay,0,0
1775924143883,151,72136.70000004768,pvp,player_1,player_2,222,7.267,617,270,-300,0,stay,stay,0,0
1775924143883,152,72153.70000004768,pvp,player_1,player_2,222,6.783,612,270,-300,0,stay,stay,0,0
1775924143883,153,72153.70000004768,pvp,player_1,player_2,222,6.494,607,270,-300,0,stay,stay,0,0
1775924143883,154,72186.5,pvp,player_1,player_2,222,6.494,602,270,-300,0,stay,stay,0,0
1775924143883,155,72203.20000004768,pvp,player_1,player_2,222.256,6.494,597,270,-300,0,down,stay,0,0
1775924143883,156,72220.10000002384,pvp,player_1,player_2,222.767,6.494,592,270,-300,0,down,stay,0,0
1775924143883,157,72220.10000002384,pvp,player_1,player_2,223.533,6.494,587,270,-300,0,down,stay,0,0
1775924143883,158,72236.89999997616,pvp,player_1,player_2,224.556,6.494,582,270,-300,0,down,stay,0,0
1775924143883,159,72270,pvp,player_1,player_2,225.833,6.494,577,270,-300,0,down,stay,0,0
1775924143883,160,72286.89999997616,pvp,player_1,player_2,227.367,6.494,572,270,-300,0,down,stay,0,0
1775924143883,161,72303,pvp,player_1,player_2,229.156,6.494,567,270,-300,0,down,stay,0,0
1775924143883,162,72319.70000004768,pvp,player_1,player_2,231.2,6.494,562,270,-300,0,down,stay,0,0
1775924143883,163,72336.70000004768,pvp,player_1,player_2,233.5,6.494,557,270,-300,0,down,stay,0,0
1775924143883,164,72353.70000004768,pvp,player_1,player_2,236.056,6.494,552,270,-300,0,down,stay,0,0
1775924143883,165,72353.80000007153,pvp,player_1,player_2,238.867,6.494,547,270,-300,0,down,stay,0,0
1775924143883,166,72387,pvp,player_1,player_2,241.933,6.494,542,270,-300,0,down,stay,0,0
1775924143883,167,72387.10000002384,pvp,player_1,player_2,245.256,6.494,537,270,-300,0,down,stay,0,0
1775924143883,168,72403.70000004768,pvp,player_1,player_2,248.833,6.494,532,270,-300,0,down,stay,0,0
1775924143883,169,72436.80000007153,pvp,player_1,player_2,252.667,6.494,527,270,-300,0,down,stay,0,0
1775924143883,170,72436.89999997616,pvp,player_1,player_2,256.756,6.494,522,270,-300,0,down,stay,0,0
1775924143883,171,72470.30000007153,pvp,player_1,player_2,260.65,6.494,517,270,-300,0,stay,stay,0,0
1775924143883,172,72487,pvp,player_1,player_2,264.35,6.494,512,270,-300,0,stay,stay,0,0
1775924143883,173,72503.70000004768,pvp,player_1,player_2,267.856,6.494,507,270,-300,0,stay,stay,0,0
1775924143883,174,72503.70000004768,pvp,player_1,player_2,271.167,6.494,502,270,-300,0,stay,stay,0,0
1775924143883,175,72536.70000004768,pvp,player_1,player_2,274.283,6.494,497,270,-300,0,stay,stay,0,0
1775924143883,176,72553.70000004768,pvp,player_1,player_2,277.206,6.494,492,270,-300,0,stay,stay,0,0
1775924143883,177,72553.70000004768,pvp,player_1,player_2,279.933,6.494,487,270,-300,0,stay,stay,0,0
1775924143883,178,72570.20000004768,pvp,player_1,player_2,282.467,6.494,482,270,-300,0,stay,stay,0,0
1775924143883,179,72587.10000002384,pvp,player_1,player_2,284.806,6.494,477,270,-300,0,stay,stay,0,0
1775924143883,180,72620.39999997616,pvp,player_1,player_2,286.95,6.494,472,270,-300,0,stay,stay,0,0
1775924143883,181,72620.39999997616,pvp,player_1,player_2,288.9,6.494,467,270,-300,0,stay,stay,0,0
1775924143883,182,72652.89999997616,pvp,player_1,player_2,290.656,6.494,462,270,-300,0,stay,stay,0,0
1775924143883,183,72669.89999997616,pvp,player_1,player_2,292.217,6.494,457,270,-300,0,stay,stay,0,0
1775924143883,184,72686.89999997616,pvp,player_1,player_2,293.583,6.494,452,270,-300,0,stay,stay,0,0
1775924143883,185,72686.89999997616,pvp,player_1,player_2,294.756,6.494,447,270,-300,0,stay,stay,0,0
1775924143883,186,72720.20000004768,pvp,player_1,player_2,295.733,6.494,442,270,-300,0,stay,stay,0,0
1775924143883,187,72720.30000007153,pvp,player_1,player_2,296.517,6.494,437,270,-300,0,stay,stay,0,0
1775924143883,188,72753.5,pvp,player_1,player_2,297.106,6.494,432,270,-300,0,stay,stay,0,0
1775924143883,189,72770.20000004768,pvp,player_1,player_2,297.5,6.494,427,270,-300,0,stay,stay,0,0
1775924143883,190,72786.89999997616,pvp,player_1,player_2,297.7,6.494,422,270,-300,0,stay,stay,0,0
1775924143883,191,72803.39999997616,pvp,player_1,player_2,297.7,6.494,417,270,-300,0,stay,stay,0,0
1775924143883,192,72820.39999997616,pvp,player_1,player_2,297.7,6.494,412,270,-300,0,stay,stay,0,0
1775924143883,193,72820.5,pvp,player_1,player_2,297.7,6.494,407,270,-300,0,stay,stay,0,0
1775924143883,194,72853.10000002384,pvp,player_1,player_2,297.7,6.494,402,270,-300,0,stay,stay,0,0
1775924143883,195,72870.39999997616,pvp,player_1,player_2,297.7,6.494,397,270,-300,0,stay,stay,0,0
1775924143883,196,72886.5,pvp,player_1,player_2,297.7,6.494,392,270,-300,0,stay,stay,0,0
1775924143883,197,72903.30000007153,pvp,player_1,player_2,297.7,6.494,387,270,-300,0,stay,stay,0,0
1775924143883,198,72919.80000007153,pvp,player_1,player_2,297.7,6.494,382,270,-300,0,stay,stay,0,0
1775924143883,199,72936.30000007153,pvp,player_1,player_2,297.7,6.494,377,270,-300,0,stay,stay,0,0
1775924143883,200,72952.80000007153,pvp,player_1,player_2,297.7,6.494,372,270,-300,0,stay,stay,0,0
1775924143883,201,72969.60000002384,pvp,player_1,player_2,297.7,6.494,367,270,-300,0,stay,stay,0,0
1775924143883,202,72987,pvp,player_1,player_2,297.7,6.494,362,270,-300,0,stay,stay,0,0
1775924143883,203,73003.70000004768,pvp,player_1,player_2,297.7,6.494,357,270,-300,0,stay,stay,0,0
1775924143883,204,73003.70000004768,pvp,player_1,player_2,297.7,6.494,352,270,-300,0,stay,stay,0,0
1775924143883,205,73020.20000004768,pvp,player_1,player_2,297.7,6.494,347,270,-300,0,stay,stay,0,0
1775924143883,206,73037,pvp,player_1,player_2,297.7,6.494,342,270,-300,0,stay,stay,0,0
1775924143883,207,73069.60000002384,pvp,player_1,player_2,297.7,6.494,337,270,-300,0,stay,stay,0,0
1775924143883,208,73086.39999997616,pvp,player_1,player_2,297.7,6.494,332,270,-300,0,stay,stay,0,0
1775924143883,209,73102.89999997616,pvp,player_1,player_2,297.7,6.494,327,270,-300,0,stay,stay,0,0
1775924143883,210,73120,pvp,player_1,player_2,297.7,6.494,322,270,-300,0,stay,stay,0,0
1775924143883,211,73120.10000002384,pvp,player_1,player_2,297.7,6.494,317,270,-300,0,stay,stay,0,0
1775924143883,212,73153.60000002384,pvp,player_1,player_2,297.7,6.494,312,270,-300,0,stay,stay,0,0
1775924143883,213,73170.30000007153,pvp,player_1,player_2,297.7,6.494,307,270,-300,0,stay,stay,0,0
1775924143883,214,73170.30000007153,pvp,player_1,player_2,297.7,6.494,302,270,-300,0,stay,stay,0,0
1775924143883,215,73203.60000002384,pvp,player_1,player_2,297.7,6.494,297,270,-300,0,stay,stay,0,0
1775924143883,216,73220.30000007153,pvp,player_1,player_2,297.7,6.494,292,270,-300,0,stay,stay,0,0
1775924143883,217,73236.60000002384,pvp,player_1,player_2,297.7,6.494,287,270,-300,0,stay,stay,0,0
1775924143883,218,73253.39999997616,pvp,player_1,player_2,297.444,6.494,282,270,-300,0,up,stay,0,0
1775924143883,219,73270.30000007153,pvp,player_1,player_2,296.933,6.494,277,270,-300,0,up,stay,0,0
1775924143883,220,73270.30000007153,pvp,player_1,player_2,296.167,6.494,272,270,-300,0,up,stay,0,0
1775924143883,221,73287.20000004768,pvp,player_1,player_2,295.144,6.494,267,270,-300,0,up,stay,0,0
1775924143883,222,73320.10000002384,pvp,player_1,player_2,293.867,6.494,262,270,-300,0,up,stay,0,0
1775924143883,223,73336.80000007153,pvp,player_1,player_2,292.333,6.494,257,270,-300,0,up,stay,0,0
1775924143883,224,73353.60000002384,pvp,player_1,player_2,290.544,6.494,252,270,-300,0,up,stay,0,0
1775924143883,225,73353.70000004768,pvp,player_1,player_2,288.5,6.494,247,270,-300,0,up,stay,0,0
1775924143883,226,73386.60000002384,pvp,player_1,player_2,286.2,6.494,242,270,-300,0,up,stay,0,0
1775924143883,227,73403.70000004768,pvp,player_1,player_2,283.644,6.494,237,270,-300,0,up,stay,0,0
1775924143883,228,73403.80000007153,pvp,player_1,player_2,280.833,6.494,232,270,-300,0,up,stay,0,0
1775924143883,229,73436.60000002384,pvp,player_1,player_2,277.767,6.494,227,270,-300,0,up,stay,0,0
1775924143883,230,73453.20000004768,pvp,player_1,player_2,274.444,6.494,222,270,-300,0,up,stay,0,0
1775924143883,231,73470,pvp,player_1,player_2,270.867,6.494,217,270,-300,0,up,stay,0,0
1775924143883,232,73486.89999997616,pvp,player_1,player_2,267.033,6.494,212,270,-300,0,up,stay,0,0
1775924143883,233,73503.5,pvp,player_1,player_2,262.944,6.494,207,270,-300,0,up,stay,0,0
1775924143883,234,73520.30000007153,pvp,player_1,player_2,258.6,6.494,202,270,-300,0,up,stay,0,0
1775924143883,235,73520.39999997616,pvp,player_1,player_2,254,6.494,197,270,-300,0,up,stay,0,0
1775924143883,236,73553.5,pvp,player_1,player_2,249.144,6.494,192,270,-300,0,up,stay,0,0
1775924143883,237,73570.39999997616,pvp,player_1,player_2,244.033,6.494,187,270,-300,0,up,stay,0,0
1775924143883,238,73570.39999997616,pvp,player_1,player_2,238.667,6.494,182,270,-300,0,up,stay,0,0
1775924143883,239,73587.10000002384,pvp,player_1,player_2,233.494,6.494,177,270,-300,0,stay,stay,0,0
1775924143883,240,73620.39999997616,pvp,player_1,player_2,228.517,6.494,172,270,-300,0,stay,stay,0,0
1775924143883,241,73620.39999997616,pvp,player_1,player_2,223.733,6.494,167,270,-300,0,stay,stay,0,0
1775924143883,242,73637.10000002384,pvp,player_1,player_2,219.144,6.494,162,270,-300,0,stay,stay,0,0
1775924143883,243,73670.20000004768,pvp,player_1,player_2,214.75,6.494,157,270,-300,0,stay,stay,0,0
1775924143883,244,73686.30000007153,pvp,player_1,player_2,210.55,6.494,152,270,-300,0,stay,stay,0,0
1775924143883,245,73703.20000004768,pvp,player_1,player_2,206.544,6.494,147,270,-300,0,stay,stay,0,0
1775924143883,246,73720.30000007153,pvp,player_1,player_2,202.733,6.494,142,270,-300,0,stay,stay,0,0
1775924143883,247,73720.30000007153,pvp,player_1,player_2,199.117,6.494,137,270,-300,0,stay,stay,0,0
1775924143883,248,73753.30000007153,pvp,player_1,player_2,195.694,6.494,132,270,-300,0,stay,stay,0,0
1775924143883,249,73770.20000004768,pvp,player_1,player_2,192.467,6.494,127,270,-300,0,stay,stay,0,0
1775924143883,250,73787,pvp,player_1,player_2,189.433,6.494,122,270,-300,0,stay,stay,0,0
1775924143883,251,73787,pvp,player_1,player_2,186.594,6.494,117,270,-300,0,stay,stay,0,0
1775924143883,252,73820.30000007153,pvp,player_1,player_2,183.95,6.494,112,270,-300,0,stay,stay,0,0
1775924143883,253,73837.10000002384,pvp,player_1,player_2,181.5,6.494,107,270,-300,0,stay,stay,0,0
1775924143883,254,73837.20000004768,pvp,player_1,player_2,179.244,6.494,102,270,-300,0,stay,stay,0,0
1775924143883,255,73870.5,pvp,player_1,player_2,177.35,6.494,97,270,-300,0,down,stay,0,0
1775924143883,256,73870.5,pvp,player_1,player_2,175.817,6.494,92,270,-300,0,down,stay,0,0
1775924143883,257,73903.70000004768,pvp,player_1,player_2,174.644,6.494,87,270,-300,0,down,stay,0,0
1775924143883,258,73903.70000004768,pvp,player_1,player_2,173.833,6.494,82,270,-300,0,down,stay,0,0
1775924143883,259,73920.5,pvp,player_1,player_2,173.383,6.494,77,270,-300,0,down,stay,0,0
1775924143883,260,73953.30000007153,pvp,player_1,player_2,173.294,6.494,72,270,-300,0,down,stay,0,0
1775924143883,261,73970.20000004768,pvp,player_1,player_2,173.567,6.494,67,270,-300,0,down,stay,0,0
1775924143883,262,73970.20000004768,pvp,player_1,player_2,174.094,6.494,62,270,-300,0,down,stay,0,0
1775924143883,263,74003.5,pvp,player_1,player_2,174.878,6.494,57,270,-300,0,down,stay,0,0
1775924143883,264,74020.20000004768,pvp,player_1,player_2,175.917,6.494,52,270,-300,0,down,stay,0,0
1775924143883,265,74020.30000007153,pvp,player_1,player_2,177.211,6.494,48,270,156.838,278.93,down,stay,0,0
1775924143883,266,74036.80000007153,pvp,player_1,player_2,178.761,6.494,50.614,274.649,156.838,278.93,down,stay,0,0
1775924143883,267,74070.20000004768,pvp,player_1,player_2,180.567,6.494,53.228,279.298,156.838,278.93,down,stay,0,0
1775924143883,268,74086.70000004768,pvp,player_1,player_2,182.628,6.494,55.842,283.946,156.838,278.93,down,stay,0,0
1775924143883,269,74103.30000007153,pvp,player_1,player_2,184.944,6.494,58.456,288.595,156.838,278.93,down,stay,0,0
1775924143883,270,74120.20000004768,pvp,player_1,player_2,187.517,6.494,61.07,293.244,156.838,278.93,down,stay,0,0
1775924143883,271,74120.30000007153,pvp,player_1,player_2,190.344,6.494,63.684,297.893,156.838,278.93,down,stay,0,0
1775924143883,272,74136.89999997616,pvp,player_1,player_2,193.428,6.494,66.298,302.542,156.838,278.93,down,stay,0,0
1775924143883,273,74169.60000002384,pvp,player_1,player_2,196.767,6.494,68.912,307.191,156.838,278.93,down,stay,0,0
1775924143883,274,74186.80000007153,pvp,player_1,player_2,200.361,6.494,71.526,311.839,156.838,278.93,down,stay,0,0
1775924143883,275,74203.39999997616,pvp,player_1,player_2,204.211,6.494,74.14,316.488,156.838,278.93,down,stay,0,0
1775924143883,276,74220.20000004768,pvp,player_1,player_2,208.317,6.494,76.754,321.137,156.838,278.93,down,stay,0,0
1775924143883,277,74220.30000007153,pvp,player_1,player_2,212.678,6.494,79.368,325.786,156.838,278.93,down,stay,0,0
1775924143883,278,74253.60000002384,pvp,player_1,player_2,217.294,6.494,81.982,330.435,156.838,278.93,down,stay,0,0
1775924143883,279,74270.10000002384,pvp,player_1,player_2,222.167,6.494,84.596,335.084,156.838,278.93,down,stay,0,0
1775924143883,280,74286.89999997616,pvp,player_1,player_2,227.294,6.494,87.209,339.732,156.838,278.93,down,stay,0,0
1775924143883,281,74303.70000004768,pvp,player_1,player_2,232.678,6.494,89.823,344.381,156.838,278.93,down,stay,0,0
1775924143883,282,74303.80000007153,pvp,player_1,player_2,238.317,6.494,92.437,349.03,156.838,278.93,down,stay,0,0
1775924143883,283,74336.89999997616,pvp,player_1,player_2,244.211,6.494,95.051,353.679,156.838,278.93,down,stay,0,0
1775924143883,284,74336.89999997616,pvp,player_1,player_2,250.361,6.494,97.665,358.328,156.838,278.93,down,stay,0,0
1775924143883,285,74353.70000004768,pvp,player_1,player_2,256.767,6.494,100.279,362.977,156.838,278.93,down,stay,0,0
1775924143883,286,74386.30000007153,pvp,player_1,player_2,263.428,6.494,102.893,367.625,156.838,278.93,down,stay,0,0
1775924143883,287,74403.30000007153,pvp,player_1,player_2,270.344,6.494,105.507,372.274,156.838,278.93,down,stay,0,0
1775924143883,288,74420.20000004768,pvp,player_1,player_2,277.517,6.494,108.121,376.923,156.838,278.93,down,stay,0,0
1775924143883,289,74436.80000007153,pvp,player_1,player_2,284.944,6.494,110.735,381.572,156.838,278.93,down,stay,0,0
1775924143883,290,74437,pvp,player_1,player_2,292.611,6.494,113.349,386.221,156.838,278.93,down,stay,0,0
1775924143883,291,74470.10000002384,pvp,player_1,player_2,300.278,6.494,115.963,390.87,156.838,278.93,down,stay,0,0
1775924143883,292,74486.80000007153,pvp,player_1,player_2,307.944,6.494,118.577,395.518,156.838,278.93,down,stay,0,0
1775924143883,293,74503.60000002384,pvp,player_1,player_2,315.611,6.494,121.191,400.167,156.838,278.93,down,stay,0,0
1775924143883,294,74503.70000004768,pvp,player_1,player_2,323.278,6.494,123.805,404.816,156.838,278.93,down,stay,0,0
1775924143883,295,74536.80000007153,pvp,player_1,player_2,330.944,6.494,126.419,409.465,156.838,278.93,down,stay,0,0
1775924143883,296,74553.60000002384,pvp,player_1,player_2,338.611,6.494,129.033,414.114,156.838,278.93,down,stay,0,0
1775924143883,297,74553.60000002384,pvp,player_1,player_2,346.278,6.494,131.647,418.763,156.838,278.93,down,stay,0,0
1775924143883,298,74586.89999997616,pvp,player_1,player_2,353.75,6.494,134.261,423.411,156.838,278.93,stay,stay,0,0
1775924143883,299,74603.60000002384,pvp,player_1,player_2,361.028,6.494,136.875,428.06,156.838,278.93,stay,stay,0,0
1775924143883,300,74603.60000002384,pvp,player_1,player_2,368.111,6.494,139.489,432.709,156.838,278.93,stay,stay,0,0
1775924143883,301,74636.80000007153,pvp,player_1,player_2,375,6.494,142.103,437.358,156.838,278.93,stay,stay,0,0
1775924143883,302,74653.10000002384,pvp,player_1,player_2,381.694,6.494,144.717,442.007,156.838,278.93,stay,stay,0,0
1775924143883,303,74669.39999997616,pvp,player_1,player_2,388.194,6.494,147.331,446.656,156.838,278.93,stay,stay,0,0
1775924143883,304,74686.20000004768,pvp,player_1,player_2,394.5,6.494,149.945,451.304,156.838,278.93,stay,stay,0,0
1775924143883,305,74702.80000007153,pvp,player_1,player_2,400.611,6.494,152.559,455.953,156.838,278.93,stay,stay,0,0
1775924143883,306,74719.39999997616,pvp,player_1,player_2,406.528,6.494,155.173,460.602,156.838,278.93,stay,stay,0,0
1775924143883,307,74737.10000002384,pvp,player_1,player_2,412.25,6.494,157.787,465.251,156.838,278.93,stay,stay,0,0
1775924143883,308,74753.60000002384,pvp,player_1,player_2,417.778,6.494,160.401,469.9,156.838,278.93,stay,stay,0,0
1775924143883,309,74769.70000004768,pvp,player_1,player_2,423.111,6.494,163.015,474.549,156.838,278.93,stay,stay,0,0
1775924143883,310,74786.60000002384,pvp,player_1,player_2,428.25,6.494,165.628,479.197,156.838,278.93,stay,stay,0,0
1775924143883,311,74803.70000004768,pvp,player_1,player_2,433.194,6.494,168.242,483.846,156.838,278.93,stay,stay,0,0
1775924143883,312,74803.80000007153,pvp,player_1,player_2,437.944,6.494,170.856,488.495,156.838,278.93,stay,stay,0,0
1775924143883,313,74820.39999997616,pvp,player_1,player_2,442.5,6.494,173.47,493.144,156.838,278.93,stay,stay,0,0
1775924143883,314,74853.70000004768,pvp,player_1,player_2,444,6.494,176.084,497.793,156.838,278.93,stay,stay,0,0
1775924143883,315,74853.70000004768,pvp,player_1,player_2,444,6.494,178.698,502.442,156.838,278.93,stay,stay,0,0
1775924143883,316,74886.39999997616,pvp,player_1,player_2,444,6.494,181.312,507.09,156.838,278.93,stay,stay,0,0
1775924143883,317,74903,pvp,player_1,player_2,444,6.494,183.926,511.739,156.838,278.93,stay,stay,0,0
1775924143883,318,74920.30000007153,pvp,player_1,player_2,444,6.494,186.54,516.388,156.838,278.93,stay,stay,0,0
1775924143883,319,74920.30000007153,pvp,player_1,player_2,444,6.494,189.154,521.037,156.838,278.93,stay,stay,0,0
1775924143883,320,74953.5,pvp,player_1,player_2,444,6.494,191.768,525.686,156.838,278.93,stay,stay,0,0
1775924143883,321,74970.30000007153,pvp,player_1,player_2,444,6.494,194.382,530,156.838,-278.93,stay,stay,0,0
1775924143883,322,74986.89999997616,pvp,player_1,player_2,444,6.494,196.996,525.351,156.838,-278.93,stay,stay,0,0
1775924143883,323,74987,pvp,player_1,player_2,444,6.494,199.61,520.702,156.838,-278.93,stay,stay,0,0
1775924143883,324,75003.60000002384,pvp,player_1,player_2,444,6.494,202.224,516.054,156.838,-278.93,stay,stay,0,0
1775924143883,325,75020.60000002384,pvp,player_1,player_2,444,6.494,204.838,511.405,156.838,-278.93,stay,stay,0,0
1775924143883,326,75037.10000002384,pvp,player_1,player_2,444,6.494,207.452,506.756,156.838,-278.93,stay,stay,0,0
1775924143883,327,75070.30000007153,pvp,player_1,player_2,444,6.494,210.066,502.107,156.838,-278.93,stay,stay,0,0
1775924143883,328,75086.60000002384,pvp,player_1,player_2,444,6.494,212.68,497.458,156.838,-278.93,stay,stay,0,0
1775924143883,329,75103.39999997616,pvp,player_1,player_2,444,6.494,215.294,492.809,156.838,-278.93,stay,stay,0,0
1775924143883,330,75103.5,pvp,player_1,player_2,444,6.494,217.908,488.161,156.838,-278.93,stay,stay,0,0
1775924143883,331,75136.39999997616,pvp,player_1,player_2,444,6.494,220.522,483.512,156.838,-278.93,up,stay,0,0
1775924143883,332,75153.30000007153,pvp,player_1,player_2,444,6.494,223.136,478.863,156.838,-278.93,up,stay,0,0
1775924143883,333,75170.10000002384,pvp,player_1,player_2,444,6.494,225.75,474.214,156.838,-278.93,up,stay,0,0
1775924143883,334,75186.89999997616,pvp,player_1,player_2,443.806,6.494,228.364,469.565,156.838,-278.93,up,stay,0,0
1775924143883,335,75203.60000002384,pvp,player_1,player_2,443.356,6.494,230.978,464.916,156.838,-278.93,up,stay,0,0
1775924143883,336,75203.70000004768,pvp,player_1,player_2,442.65,6.494,233.592,460.268,156.838,-278.93,up,stay,0,0
1775924143883,337,75220.30000007153,pvp,player_1,player_2,441.689,6.494,236.206,455.619,156.838,-278.93,up,stay,0,0
1775924143883,338,75253.80000007153,pvp,player_1,player_2,440.472,6.494,238.82,450.97,156.838,-278.93,up,stay,0,0
1775924143883,339,75253.80000007153,pvp,player_1,player_2,439,6.494,241.433,446.321,156.838,-278.93,up,stay,0,0
1775924143883,340,75286.20000004768,pvp,player_1,player_2,437.272,6.494,244.047,441.672,156.838,-278.93,up,stay,0,0
1775924143883,341,75302.5,pvp,player_1,player_2,435.289,6.494,246.661,437.023,156.838,-278.93,up,stay,0,0
1775924143883,342,75319.30000007153,pvp,player_1,player_2,433.05,6.494,249.275,432.375,156.838,-278.93,up,stay,0,0
1775924143883,343,75335.89999997616,pvp,player_1,player_2,430.556,6.494,251.889,427.726,156.838,-278.93,up,stay,0,0
1775924143883,344,75352.60000002384,pvp,player_1,player_2,427.806,6.494,254.503,423.077,156.838,-278.93,up,stay,0,0
1775924143883,345,75369.20000004768,pvp,player_1,player_2,424.8,6.494,257.117,418.428,156.838,-278.93,up,stay,0,0
1775924143883,346,75386,pvp,player_1,player_2,421.539,6.494,259.731,413.779,156.838,-278.93,up,stay,0,0
1775924143883,347,75403.10000002384,pvp,player_1,player_2,418.022,6.494,262.345,409.13,156.838,-278.93,up,stay,0,0
1775924143883,348,75419.80000007153,pvp,player_1,player_2,414.25,6.494,264.959,404.482,156.838,-278.93,up,stay,0,0
1775924143883,349,75436.5,pvp,player_1,player_2,410.222,6.494,267.573,399.833,156.838,-278.93,up,stay,0,0
1775924143883,350,75453.30000007153,pvp,player_1,player_2,406.389,6.494,270.187,395.184,156.838,-278.93,stay,stay,0,0
1775924143883,351,75470.10000002384,pvp,player_1,player_2,402.75,6.494,272.801,390.535,156.838,-278.93,stay,stay,0,0
1775924143883,352,75486.80000007153,pvp,player_1,player_2,399.306,6.494,275.415,385.886,156.838,-278.93,stay,stay,0,0
1775924143883,353,75503.60000002384,pvp,player_1,player_2,396.056,6.494,278.029,381.237,156.838,-278.93,stay,stay,0,0
1775924143883,354,75503.80000007153,pvp,player_1,player_2,393,6.494,280.643,376.589,156.838,-278.93,stay,stay,0,0
1775924143883,355,75536.89999997616,pvp,player_1,player_2,390.139,6.494,283.257,371.94,156.838,-278.93,stay,stay,0,0
1775924143883,356,75553.60000002384,pvp,player_1,player_2,387.472,6.494,285.871,367.291,156.838,-278.93,stay,stay,0,0
1775924143883,357,75570.20000004768,pvp,player_1,player_2,385,6.494,288.485,362.642,156.838,-278.93,stay,stay,0,0
1775924143883,358,75586.89999997616,pvp,player_1,player_2,382.722,6.494,291.099,357.993,156.838,-278.93,stay,stay,0,0
1775924143883,359,75603.60000002384,pvp,player_1,player_2,380.639,6.494,293.713,353.344,156.838,-278.93,stay,stay,0,0
1775924143883,360,75603.60000002384,pvp,player_1,player_2,378.75,6.494,296.327,348.696,156.838,-278.93,stay,stay,0,0
1775924143883,361,75636.80000007153,pvp,player_1,player_2,377.056,6.494,298.941,344.047,156.838,-278.93,stay,stay,0,0
1775924143883,362,75653.5,pvp,player_1,player_2,375.556,6.494,301.555,339.398,156.838,-278.93,stay,stay,0,0
1775924143883,363,75653.5,pvp,player_1,player_2,374.25,6.494,304.169,334.749,156.838,-278.93,stay,stay,0,0
1775924143883,364,75686.70000004768,pvp,player_1,player_2,373.139,6.494,306.783,330.1,156.838,-278.93,stay,stay,0,0
1775924143883,365,75703,pvp,player_1,player_2,372.222,6.494,309.397,325.451,156.838,-278.93,stay,stay,0,0
1775924143883,366,75719.5,pvp,player_1,player_2,371.5,6.494,312.011,320.803,156.838,-278.93,stay,stay,0,0
1775924143883,367,75736.20000004768,pvp,player_1,player_2,370.972,6.494,314.625,316.154,156.838,-278.93,stay,stay,0,0
1775924143883,368,75752.70000004768,pvp,player_1,player_2,370.639,6.494,317.239,311.505,156.838,-278.93,stay,stay,0,0
1775924143883,369,75770.10000002384,pvp,player_1,player_2,370.639,6.494,319.852,306.856,156.838,-278.93,stay,stay,0,0
1775924143883,370,75786.80000007153,pvp,player_1,player_2,370.639,6.494,322.466,302.207,156.838,-278.93,stay,stay,0,0
1775924143883,371,75803.5,pvp,player_1,player_2,370.639,6.494,325.08,297.558,156.838,-278.93,stay,stay,0,0
1775924143883,372,75820.10000002384,pvp,player_1,player_2,370.639,6.494,327.694,292.91,156.838,-278.93,stay,stay,0,0
1775924143883,373,75837.10000002384,pvp,player_1,player_2,370.639,6.494,330.308,288.261,156.838,-278.93,stay,stay,0,0
1775924143883,374,75837.10000002384,pvp,player_1,player_2,370.639,6.494,332.922,283.612,156.838,-278.93,stay,stay,0,0
1775924143883,375,75870.30000007153,pvp,player_1,player_2,370.639,6.494,335.536,278.963,156.838,-278.93,stay,stay,0,0
1775924143883,376,75886.60000002384,pvp,player_1,player_2,370.639,6.494,338.15,274.314,156.838,-278.93,stay,stay,0,0
1775924143883,377,75903.39999997616,pvp,player_1,player_2,370.639,6.494,340.764,269.665,156.838,-278.93,stay,stay,0,0
1775924143883,378,75919.60000002384,pvp,player_1,player_2,370.639,6.494,343.378,265.017,156.838,-278.93,stay,stay,0,0
1775924143883,379,75936.70000004768,pvp,player_1,player_2,370.639,6.494,345.992,260.368,156.838,-278.93,stay,stay,0,0
1775924143883,380,75953.89999997616,pvp,player_1,player_2,370.639,6.494,348.606,255.719,156.838,-278.93,stay,stay,0,0
1775924143883,381,75970.20000004768,pvp,player_1,player_2,370.639,6.494,351.22,251.07,156.838,-278.93,stay,stay,0,0
1775924143883,382,75986.80000007153,pvp,player_1,player_2,370.639,6.494,353.834,246.421,156.838,-278.93,stay,stay,0,0
1775924143883,383,76003.60000002384,pvp,player_1,player_2,370.639,6.494,356.448,241.773,156.838,-278.93,stay,stay,0,0
1775924143883,384,76003.70000004768,pvp,player_1,player_2,370.639,6.494,359.062,237.124,156.838,-278.93,stay,stay,0,0
1775924143883,385,76036.80000007153,pvp,player_1,player_2,370.639,6.494,361.676,232.475,156.838,-278.93,stay,stay,0,0
1775924143883,386,76053.60000002384,pvp,player_1,player_2,370.639,6.494,364.29,227.826,156.838,-278.93,stay,stay,0,0
1775924143883,387,76070.5,pvp,player_1,player_2,370.639,6.494,366.904,223.177,156.838,-278.93,stay,stay,0,0
1775924143883,388,76087,pvp,player_1,player_2,370.639,6.494,369.518,218.528,156.838,-278.93,stay,stay,0,0
1775924143883,389,76103.39999997616,pvp,player_1,player_2,370.639,6.494,372.132,213.88,156.838,-278.93,stay,stay,0,0
1775924143883,390,76119.80000007153,pvp,player_1,player_2,370.639,6.494,374.746,209.231,156.838,-278.93,stay,stay,0,0
1775924143883,391,76137.10000002384,pvp,player_1,player_2,370.639,6.494,377.36,204.582,156.838,-278.93,stay,stay,0,0
1775924143883,392,76153.5,pvp,player_1,player_2,370.639,6.494,379.974,199.933,156.838,-278.93,stay,stay,0,0
1775924143883,393,76169.70000004768,pvp,player_1,player_2,370.639,6.494,382.588,195.284,156.838,-278.93,stay,stay,0,0
1775924143883,394,76186.20000004768,pvp,player_1,player_2,370.639,6.494,385.202,190.635,156.838,-278.93,stay,stay,0,0
1775924143883,395,76202.80000007153,pvp,player_1,player_2,370.639,6.494,387.816,185.987,156.838,-278.93,stay,stay,0,0
1775924143883,396,76219.60000002384,pvp,player_1,player_2,370.639,6.494,390.43,181.338,156.838,-278.93,stay,stay,0,0
1775924143883,397,76236.20000004768,pvp,player_1,player_2,370.639,6.494,393.044,176.689,156.838,-278.93,stay,stay,0,0
1775924143883,398,76253.39999997616,pvp,player_1,player_2,370.639,6.494,395.657,172.04,156.838,-278.93,stay,stay,0,0
1775924143883,399,76270.10000002384,pvp,player_1,player_2,370.639,6.494,398.271,167.391,156.838,-278.93,stay,stay,0,0
1775924143883,400,76287,pvp,player_1,player_2,370.639,6.494,400.885,162.742,156.838,-278.93,stay,stay,0,0
1775924143883,401,76287.10000002384,pvp,player_1,player_2,370.639,6.494,403.499,158.094,156.838,-278.93,stay,stay,0,0
1775924143883,402,76320.10000002384,pvp,player_1,player_2,370.639,6.494,406.113,153.445,156.838,-278.93,stay,stay,0,0
1775924143883,403,76336.39999997616,pvp,player_1,player_2,370.639,6.494,408.727,148.796,156.838,-278.93,stay,stay,0,0
1775924143883,404,76353.60000002384,pvp,player_1,player_2,370.639,6.494,411.341,144.147,156.838,-278.93,stay,stay,0,0
1775924143883,405,76353.60000002384,pvp,player_1,player_2,370.639,6.494,413.955,139.498,156.838,-278.93,stay,stay,0,0
1775924143883,406,76386.89999997616,pvp,player_1,player_2,370.639,6.494,416.569,134.849,156.838,-278.93,stay,stay,0,0
1775924143883,407,76403.5,pvp,player_1,player_2,370.639,6.494,419.183,130.201,156.838,-278.93,stay,stay,0,0
1775924143883,408,76420.20000004768,pvp,player_1,player_2,370.639,6.494,421.797,125.552,156.838,-278.93,stay,stay,0,0
1775924143883,409,76436.5,pvp,player_1,player_2,370.639,6.494,424.411,120.903,156.838,-278.93,stay,stay,0,0
1775924143883,410,76452.80000007153,pvp,player_1,player_2,370.639,6.494,427.025,116.254,156.838,-278.93,stay,stay,0,0
1775924143883,411,76469.70000004768,pvp,player_1,player_2,370.639,6.494,429.639,111.605,156.838,-278.93,stay,stay,0,0
1775924143883,412,76486.89999997616,pvp,player_1,player_2,370.639,6.494,432.253,106.956,156.838,-278.93,stay,stay,0,0
1775924143883,413,76503.5,pvp,player_1,player_2,370.639,6.494,434.867,102.308,156.838,-278.93,stay,stay,0,0
1775924143883,414,76520.5,pvp,player_1,player_2,370.639,6.494,437.481,97.659,156.838,-278.93,stay,stay,0,0
1775924143883,415,76536.89999997616,pvp,player_1,player_2,370.639,6.494,440.095,93.01,156.838,-278.93,stay,stay,0,0
1775924143883,416,76553.70000004768,pvp,player_1,player_2,370.639,6.494,442.709,88.361,156.838,-278.93,stay,stay,0,0
1775924143883,417,76553.80000007153,pvp,player_1,player_2,370.639,6.494,445.323,83.712,156.838,-278.93,stay,stay,0,0
1775924143883,418,76586.39999997616,pvp,player_1,player_2,370.639,6.494,447.937,79.063,156.838,-278.93,stay,stay,0,0
1775924143883,419,76603.60000002384,pvp,player_1,player_2,370.639,6.494,450.551,74.415,156.838,-278.93,stay,stay,0,0
1775924143883,420,76620,pvp,player_1,player_2,370.639,6.494,453.165,69.766,156.838,-278.93,stay,stay,0,0
1775924143883,421,76636.89999997616,pvp,player_1,player_2,370.639,6.494,455.779,65.117,156.838,-278.93,stay,stay,0,0
1775924143883,422,76653.60000002384,pvp,player_1,player_2,370.639,6.494,458.393,60.468,156.838,-278.93,stay,stay,0,0
1775924143883,423,76653.60000002384,pvp,player_1,player_2,370.639,6.494,461.007,55.819,156.838,-278.93,stay,stay,0,0
1775924143883,424,76686.89999997616,pvp,player_1,player_2,370.639,6.494,463.621,51.17,156.838,-278.93,stay,stay,0,0
1775924143883,425,76703.39999997616,pvp,player_1,player_2,370.639,6.494,466.235,46.522,156.838,-278.93,stay,stay,0,0
1775924143883,426,76720,pvp,player_1,player_2,370.639,6.494,468.849,41.873,156.838,-278.93,stay,stay,0,0
1775924143883,427,76736.89999997616,pvp,player_1,player_2,370.639,6.494,471.463,37.224,156.838,-278.93,stay,stay,0,0
1775924143883,428,76753.80000007153,pvp,player_1,player_2,370.639,6.494,474.076,32.575,156.838,-278.93,stay,stay,0,0
1775924143883,429,76753.80000007153,pvp,player_1,player_2,370.639,6.494,476.69,27.926,156.838,-278.93,stay,stay,0,0
1775924143883,430,76786.5,pvp,player_1,player_2,370.639,6.494,479.304,23.277,156.838,-278.93,stay,stay,0,0
1775924143883,431,76803.10000002384,pvp,player_1,player_2,370.639,6.494,481.918,18.629,156.838,-278.93,stay,stay,0,0
1775924143883,432,76820,pvp,player_1,player_2,370.639,6.494,484.532,13.98,156.838,-278.93,stay,stay,0,0
1775924143883,433,76836.89999997616,pvp,player_1,player_2,370.639,6.494,487.146,10,156.838,278.93,stay,stay,0,0
1775924143883,434,76836.89999997616,pvp,player_1,player_2,370.639,6.494,489.76,14.649,156.838,278.93,stay,stay,0,0
1775924143883,435,76870,pvp,player_1,player_2,370.639,6.75,492.374,19.298,156.838,278.93,stay,down,0,0
1775924143883,436,76886.80000007153,pvp,player_1,player_2,370.639,7.261,494.988,23.946,156.838,278.93,stay,down,0,0
1775924143883,437,76903.5,pvp,player_1,player_2,370.639,8.028,497.602,28.595,156.838,278.93,stay,down,0,0
1775924143883,438,76920.10000002384,pvp,player_1,player_2,370.639,9.05,500.216,33.244,156.838,278.93,stay,down,0,0
1775924143883,439,76936.80000007153,pvp,player_1,player_2,370.639,10.328,502.83,37.893,156.838,278.93,stay,down,0,0
1775924143883,440,76953.39999997616,pvp,player_1,player_2,370.639,11.861,505.444,42.542,156.838,278.93,stay,down,0,0
1775924143883,441,76969.60000002384,pvp,player_1,player_2,370.639,13.65,508.058,47.191,156.838,278.93,stay,down,0,0
1775924143883,442,76986.89999997616,pvp,player_1,player_2,370.639,15.694,510.672,51.839,156.838,278.93,stay,down,0,0
1775924143883,443,77003.60000002384,pvp,player_1,player_2,370.639,17.994,513.286,56.488,156.838,278.93,stay,down,0,0
1775924143883,444,77020.5,pvp,player_1,player_2,370.639,20.55,515.9,61.137,156.838,278.93,stay,down,0,0
1775924143883,445,77020.60000002384,pvp,player_1,player_2,370.639,23.361,518.514,65.786,156.838,278.93,stay,down,0,0
1775924143883,446,77053.10000002384,pvp,player_1,player_2,370.639,26.428,521.128,70.435,156.838,278.93,stay,down,0,0
1775924143883,447,77070.10000002384,pvp,player_1,player_2,370.639,29.75,523.742,75.084,156.838,278.93,stay,down,0,0
1775924143883,448,77086.5,pvp,player_1,player_2,370.639,33.328,526.356,79.732,156.838,278.93,stay,down,0,0
1775924143883,449,77103.5,pvp,player_1,player_2,370.639,37.161,528.97,84.381,156.838,278.93,stay,down,0,0
1775924143883,450,77103.60000002384,pvp,player_1,player_2,370.639,41.25,531.584,89.03,156.838,278.93,stay,down,0,0
1775924143883,451,77136.5,pvp,player_1,player_2,370.639,45.594,534.198,93.679,156.838,278.93,stay,down,0,0
1775924143883,452,77153.60000002384,pvp,player_1,player_2,370.639,50.194,536.812,98.328,156.838,278.93,stay,down,0,0
1775924143883,453,77170.20000004768,pvp,player_1,player_2,370.639,55.05,539.426,102.977,156.838,278.93,stay,down,0,0
1775924143883,454,77186.30000007153,pvp,player_1,player_2,370.639,60.161,542.04,107.625,156.838,278.93,stay,down,0,0
1775924143883,455,77202.80000007153,pvp,player_1,player_2,370.639,65.528,544.654,112.274,156.838,278.93,stay,down,0,0
1775924143883,456,77219.89999997616,pvp,player_1,player_2,370.639,71.15,547.268,116.923,156.838,278.93,stay,down,0,0
1775924143883,457,77237,pvp,player_1,player_2,370.639,77.028,549.881,121.572,156.838,278.93,stay,down,0,0
1775924143883,458,77253.60000002384,pvp,player_1,player_2,370.639,83.161,552.495,126.221,156.838,278.93,stay,down,0,0
1775924143883,459,77253.70000004768,pvp,player_1,player_2,370.639,89.55,555.109,130.87,156.838,278.93,stay,down,0,0
1775924143883,460,77270.30000007153,pvp,player_1,player_2,370.639,96.194,557.723,135.518,156.838,278.93,stay,down,0,0
1775924143883,461,77303.5,pvp,player_1,player_2,370.639,103.094,560.337,140.167,156.838,278.93,stay,down,0,0
1775924143883,462,77319.80000007153,pvp,player_1,player_2,370.639,110.25,562.951,144.816,156.838,278.93,stay,down,0,0
1775924143883,463,77336.89999997616,pvp,player_1,player_2,370.639,117.661,565.565,149.465,156.838,278.93,stay,down,0,0
1775924143883,464,77353.60000002384,pvp,player_1,player_2,370.639,125.328,568.179,154.114,156.838,278.93,stay,down,0,0
1775924143883,465,77370.20000004768,pvp,player_1,player_2,370.639,132.994,570.793,158.763,156.838,278.93,stay,down,0,0
1775924143883,466,77386.80000007153,pvp,player_1,player_2,370.639,140.661,573.407,163.411,156.838,278.93,stay,down,0,0
1775924143883,467,77403.70000004768,pvp,player_1,player_2,370.639,148.328,576.021,168.06,156.838,278.93,stay,down,0,0
1775924143883,468,77420.20000004768,pvp,player_1,player_2,370.639,155.994,578.635,172.709,156.838,278.93,stay,down,0,0
1775924143883,469,77420.20000004768,pvp,player_1,player_2,370.639,163.661,581.249,177.358,156.838,278.93,stay,down,0,0
1775924143883,470,77453.20000004768,pvp,player_1,player_2,370.639,171.328,583.863,182.007,156.838,278.93,stay,down,0,0
1775924143883,471,77469.60000002384,pvp,player_1,player_2,370.639,178.994,586.477,186.656,156.838,278.93,stay,down,0,0
1775924143883,472,77487,pvp,player_1,player_2,370.639,186.661,589.091,191.304,156.838,278.93,stay,down,0,0
1775924143883,473,77503.5,pvp,player_1,player_2,370.639,194.328,591.705,195.953,156.838,278.93,stay,down,0,0
1775924143883,474,77520.10000002384,pvp,player_1,player_2,370.639,201.994,594.319,200.602,156.838,278.93,stay,down,0,0
1775924143883,475,77537.30000007153,pvp,player_1,player_2,370.639,209.661,596.933,205.251,156.838,278.93,stay,down,0,0
1775924143883,476,77537.39999997616,pvp,player_1,player_2,370.639,217.328,599.547,209.9,156.838,278.93,stay,down,0,0
1775924143883,477,77569.39999997616,pvp,player_1,player_2,370.639,224.994,602.161,214.549,156.838,278.93,stay,down,0,0
1775924143883,478,77586.20000004768,pvp,player_1,player_2,370.639,232.661,604.775,219.197,156.838,278.93,stay,down,0,0
1775924143883,479,77602.70000004768,pvp,player_1,player_2,370.639,240.328,607.389,223.846,156.838,278.93,stay,down,0,0
1775924143883,480,77620.20000004768,pvp,player_1,player_2,370.639,247.994,610.003,228.495,156.838,278.93,stay,down,0,0
1775924143883,481,77636.80000007153,pvp,player_1,player_2,370.639,255.661,612.617,233.144,156.838,278.93,stay,down,0,0
1775924143883,482,77653.60000002384,pvp,player_1,player_2,370.639,263.328,615.231,237.793,156.838,278.93,stay,down,0,0
1775924143883,483,77653.70000004768,pvp,player_1,player_2,370.639,270.994,617.845,242.442,156.838,278.93,stay,down,0,0
1775924143883,484,77687,pvp,player_1,player_2,370.639,278.661,620.459,247.09,156.838,278.93,stay,down,0,0
1775924143883,485,77687.10000002384,pvp,player_1,player_2,370.639,286.328,623.073,251.739,156.838,278.93,stay,down,0,0
1775924143883,486,77720,pvp,player_1,player_2,370.639,293.994,625.687,256.388,156.838,278.93,stay,down,0,0
1775924143883,487,77736.80000007153,pvp,player_1,player_2,370.639,301.661,628.3,261.037,156.838,278.93,stay,down,0,0
1775924143883,488,77752.89999997616,pvp,player_1,player_2,370.639,309.328,630.914,265.686,156.838,278.93,stay,down,0,0
1775924143883,489,77770,pvp,player_1,player_2,370.639,316.994,633.528,270.335,156.838,278.93,stay,down,0,0
1775924143883,490,77786.5,pvp,player_1,player_2,370.639,324.661,636.142,274.983,156.838,278.93,stay,down,0,0
1775924143883,491,77803.30000007153,pvp,player_1,player_2,370.639,332.328,638.756,279.632,156.838,278.93,stay,down,0,0
1775924143883,492,77820.30000007153,pvp,player_1,player_2,370.639,339.994,641.37,284.281,156.838,278.93,stay,down,0,0
1775924143883,493,77836.80000007153,pvp,player_1,player_2,370.639,347.661,643.984,288.93,156.838,278.93,stay,down,0,0
1775924143883,494,77853.39999997616,pvp,player_1,player_2,370.639,355.133,646.598,293.579,156.838,278.93,stay,stay,0,0
1775924143883,495,77869.89999997616,pvp,player_1,player_2,370.639,362.411,649.212,298.227,156.838,278.93,stay,stay,0,0
1775924143883,496,77886.80000007153,pvp,player_1,player_2,370.639,369.494,651.826,302.876,156.838,278.93,stay,stay,0,0
1775924143883,497,77903.5,pvp,player_1,player_2,370.639,376.383,654.44,307.525,156.838,278.93,stay,stay,0,0
1775924143883,498,77920.30000007153,pvp,player_1,player_2,370.639,383.078,657.054,312.174,156.838,278.93,stay,stay,0,0
1775924143883,499,77920.39999997616,pvp,player_1,player_2,370.639,389.578,659.668,316.823,156.838,278.93,stay,stay,0,0
1775924143883,500,77953.5,pvp,player_1,player_2,370.639,395.883,662.282,321.472,156.838,278.93,stay,stay,0,0
1775924143883,501,77970.20000004768,pvp,player_1,player_2,370.639,401.994,664.896,326.12,156.838,278.93,stay,stay,0,0
1775924143883,502,77970.20000004768,pvp,player_1,player_2,370.639,407.911,667.51,330.769,156.838,278.93,stay,stay,0,0
1775924143883,503,78003,pvp,player_1,player_2,370.639,413.633,670.124,335.418,156.838,278.93,stay,stay,0,0
1775924143883,504,78019.60000002384,pvp,player_1,player_2,370.639,419.161,672.738,340.067,156.838,278.93,stay,stay,0,0
1775924143883,505,78036.89999997616,pvp,player_1,player_2,370.639,424.494,675.352,344.716,156.838,278.93,stay,stay,0,0
1775924143883,506,78053.30000007153,pvp,player_1,player_2,370.639,429.633,677.966,349.365,156.838,278.93,stay,stay,0,0
1775924143883,507,78070.20000004768,pvp,player_1,player_2,370.639,434.578,680.58,354.013,156.838,278.93,stay,stay,0,0
1775924143883,508,78087,pvp,player_1,player_2,370.639,439.328,683.194,358.662,156.838,278.93,stay,stay,0,0
1775924143883,509,78103.60000002384,pvp,player_1,player_2,370.639,443.883,685.808,363.311,156.838,278.93,stay,stay,0,0
1775924143883,510,78104,pvp,player_1,player_2,370.639,444,688.422,367.96,156.838,278.93,stay,stay,0,0
1775924143883,511,78136.89999997616,pvp,player_1,player_2,370.639,444,691.036,372.609,156.838,278.93,stay,stay,0,0
1775924143883,512,78153.5,pvp,player_1,player_2,370.639,444,693.65,377.258,156.838,278.93,stay,stay,0,0
1775924143883,513,78170.10000002384,pvp,player_1,player_2,370.639,444,696.264,381.906,156.838,278.93,stay,stay,0,0
1775924143883,514,78186.5,pvp,player_1,player_2,370.639,444,698.878,386.555,156.838,278.93,stay,stay,0,0
1775924143883,515,78203.39999997616,pvp,player_1,player_2,370.639,444,701.492,391.204,156.838,278.93,stay,stay,0,0
1775924143883,516,78220.30000007153,pvp,player_1,player_2,370.639,444,704.105,395.853,156.838,278.93,stay,stay,0,0
1775924143883,517,78236.39999997616,pvp,player_1,player_2,370.639,444,706.719,400.502,156.838,278.93,stay,stay,0,0
1775924143883,518,78253.10000002384,pvp,player_1,player_2,370.639,444,709.333,405.151,156.838,278.93,stay,stay,0,0
1775924143883,519,78270.39999997616,pvp,player_1,player_2,370.639,444,711.947,409.799,156.838,278.93,stay,stay,0,0
1775924143883,520,78286.20000004768,pvp,player_1,player_2,370.639,444,714.561,414.448,156.838,278.93,stay,stay,0,0
1775924143883,521,78302.80000007153,pvp,player_1,player_2,370.639,444,717.175,419.097,156.838,278.93,stay,stay,0,0
1775924143883,522,78319.10000002384,pvp,player_1,player_2,370.639,444,719.789,423.746,156.838,278.93,stay,stay,0,0
1775924143883,523,78336,pvp,player_1,player_2,370.639,444,722.403,428.395,156.838,278.93,stay,stay,0,0
1775924143883,524,78352.80000007153,pvp,player_1,player_2,370.639,444,725.017,433.044,156.838,278.93,stay,stay,0,0
1775924143883,525,78369.5,pvp,player_1,player_2,370.639,444,727.631,437.692,156.838,278.93,stay,stay,0,0
1775924143883,526,78386.20000004768,pvp,player_1,player_2,370.639,444,730.245,442.341,156.838,278.93,stay,stay,0,0
1775924143883,527,78402.70000004768,pvp,player_1,player_2,370.639,444,732.859,446.99,156.838,278.93,stay,stay,0,0
1775924143883,528,78419.5,pvp,player_1,player_2,370.639,444,735.473,451.639,156.838,278.93,stay,stay,0,0
1775924143883,529,78436.20000004768,pvp,player_1,player_2,370.639,444,738.087,456.288,156.838,278.93,stay,stay,0,0
1775924143883,530,78452.80000007153,pvp,player_1,player_2,370.639,444,740.701,460.937,156.838,278.93,stay,stay,0,0
1775924143883,531,78469.20000004768,pvp,player_1,player_2,370.639,444,743.315,465.585,156.838,278.93,stay,stay,0,0
1775924143883,532,78486.10000002384,pvp,player_1,player_2,370.639,444,745.929,470.234,156.838,278.93,stay,stay,0,0
1775924143883,533,78502.80000007153,pvp,player_1,player_2,370.639,444,748.543,474.883,156.838,278.93,stay,stay,0,0
1775924143883,534,78520.10000002384,pvp,player_1,player_2,370.639,444,751.157,479.532,156.838,278.93,stay,stay,0,0
1775924143883,535,78536.80000007153,pvp,player_1,player_2,370.639,444,753.771,484.181,156.838,278.93,stay,stay,0,0
1775924143883,536,78553.39999997616,pvp,player_1,player_2,370.639,444,756.385,488.83,156.838,278.93,stay,stay,0,0
1775924143883,537,78570,pvp,player_1,player_2,370.639,444,758.999,493.478,156.838,278.93,stay,stay,0,0
1775924143883,538,78586.20000004768,pvp,player_1,player_2,370.639,444,761.613,498.127,156.838,278.93,stay,stay,0,0
1775924143883,539,78602.89999997616,pvp,player_1,player_2,370.639,444,764.227,502.776,156.838,278.93,stay,stay,0,0
1775924143883,540,78620,pvp,player_1,player_2,370.639,444,766.841,507.425,156.838,278.93,stay,stay,0,0
1775924143883,541,78637.10000002384,pvp,player_1,player_2,370.639,444,769.455,512.074,156.838,278.93,stay,stay,0,0
1775924143883,542,78637.20000004768,pvp,player_1,player_2,370.639,444,772.069,516.723,156.838,278.93,stay,stay,0,0
1775924143883,543,78670,pvp,player_1,player_2,370.639,444,774.683,521.371,156.838,278.93,stay,stay,0,0
1775924143883,544,78686.89999997616,pvp,player_1,player_2,370.639,444,777.297,526.02,156.838,278.93,stay,stay,0,0
1775924143883,545,78703.39999997616,pvp,player_1,player_2,370.639,443.744,779.91,530,156.838,-278.93,stay,up,0,0
1775924143883,546,78720,pvp,player_1,player_2,370.639,443.233,782.524,525.351,156.838,-278.93,stay,up,0,0
1775924143883,547,78736.80000007153,pvp,player_1,player_2,370.639,442.467,785.138,520.702,156.838,-278.93,stay,up,0,0
1775924143883,548,78752.89999997616,pvp,player_1,player_2,370.639,441.444,787.752,516.054,156.838,-278.93,stay,up,0,0
1775924143883,549,78769.60000002384,pvp,player_1,player_2,370.639,440.167,790.366,511.405,156.838,-278.93,stay,up,0,0
1775924143883,550,78786.70000004768,pvp,player_1,player_2,370.639,438.633,792.98,506.756,156.838,-278.93,stay,up,0,0
1775924143883,551,78803.10000002384,pvp,player_1,player_2,370.639,436.844,795.594,502.107,156.838,-278.93,stay,up,0,0
1775924143883,552,78820.10000002384,pvp,player_1,player_2,370.639,434.8,798.208,497.458,156.838,-278.93,stay,up,0,0
1775924143883,553,78836.80000007153,pvp,player_1,player_2,370.639,432.5,800.822,492.809,156.838,-278.93,stay,up,0,0
1775924143883,554,78852.89999997616,pvp,player_1,player_2,370.639,429.944,803.436,488.161,156.838,-278.93,stay,up,0,0
1775924143883,555,78870.20000004768,pvp,player_1,player_2,370.639,427.133,806.05,483.512,156.838,-278.93,stay,up,0,0
1775924143883,556,78886.89999997616,pvp,player_1,player_2,370.639,424.067,808.664,478.863,156.838,-278.93,stay,up,0,0
1775924143883,557,78903.5,pvp,player_1,player_2,370.639,420.744,811.278,474.214,156.838,-278.93,stay,up,0,0
1775924143883,558,78920.20000004768,pvp,player_1,player_2,370.639,417.167,813.892,469.565,156.838,-278.93,stay,up,0,0
1775924143883,559,78936.80000007153,pvp,player_1,player_2,370.639,413.333,816.506,464.916,156.838,-278.93,stay,up,0,0
1775924143883,560,78953.60000002384,pvp,player_1,player_2,370.639,409.244,819.12,460.268,156.838,-278.93,stay,up,0,0
1775924143883,561,78953.60000002384,pvp,player_1,player_2,370.639,404.9,821.734,455.619,156.838,-278.93,stay,up,0,0
1775924143883,562,78986.80000007153,pvp,player_1,player_2,370.639,400.3,824.348,450.97,156.838,-278.93,stay,up,0,0
1775924143883,563,79003,pvp,player_1,player_2,370.639,395.444,826.962,446.321,156.838,-278.93,stay,up,0,0
1775924143883,564,79019.60000002384,pvp,player_1,player_2,370.639,390.333,829.576,441.672,156.838,-278.93,stay,up,0,0
1775924143883,565,79036.89999997616,pvp,player_1,player_2,370.639,384.967,832.19,437.023,156.838,-278.93,stay,up,0,0
1775924143883,566,79053.39999997616,pvp,player_1,player_2,370.639,379.344,834.804,432.375,156.838,-278.93,stay,up,0,0
1775924143883,567,79069.70000004768,pvp,player_1,player_2,370.639,373.467,837.418,427.726,156.838,-278.93,stay,up,0,0
1775924143883,568,79086.10000002384,pvp,player_1,player_2,370.639,367.783,840.032,423.077,156.838,-278.93,stay,stay,0,0
1775924143883,569,79103.5,pvp,player_1,player_2,370.639,362.294,842.646,418.428,156.838,-278.93,stay,stay,0,0
1775924143883,570,79120.10000002384,pvp,player_1,player_2,370.639,357,845.26,413.779,156.838,-278.93,stay,stay,0,0
1775924143883,571,79136.80000007153,pvp,player_1,player_2,370.639,351.9,847.874,409.13,156.838,-278.93,stay,stay,0,0
1775924143883,572,79153.5,pvp,player_1,player_2,370.639,346.994,850.488,404.482,156.838,-278.93,stay,stay,0,0
1775924143883,573,79170.30000007153,pvp,player_1,player_2,370.639,342.283,853.102,399.833,156.838,-278.93,stay,stay,0,0
1775924143883,574,79170.39999997616,pvp,player_1,player_2,370.639,337.767,855.716,395.184,156.838,-278.93,stay,stay,0,0
1775924143883,575,79202.70000004768,pvp,player_1,player_2,370.639,333.444,858.329,390.535,156.838,-278.93,stay,stay,0,0
1775924143883,576,79219.20000004768,pvp,player_1,player_2,370.639,329.317,860.943,385.886,156.838,-278.93,stay,stay,0,0
1775924143883,577,79235.89999997616,pvp,player_1,player_2,370.639,325.383,863.557,381.237,156.838,-278.93,stay,stay,0,0
1775924143883,578,79253,pvp,player_1,player_2,370.639,321.194,866.171,376.589,156.838,-278.93,stay,up,0,0
1775924143883,579,79269.30000007153,pvp,player_1,player_2,370.639,316.75,868.785,371.94,156.838,-278.93,stay,up,0,0
1775924143883,580,79286.10000002384,pvp,player_1,player_2,370.639,312.05,871.399,367.291,156.838,-278.93,stay,up,0,0
1775924143883,581,79303.20000004768,pvp,player_1,player_2,370.639,307.094,874.013,362.642,156.838,-278.93,stay,up,0,0
1775924143883,582,79320.10000002384,pvp,player_1,player_2,370.639,301.883,876.627,357.993,156.838,-278.93,stay,up,0,0
1775924143883,583,79336.89999997616,pvp,player_1,player_2,370.639,296.417,879.241,353.344,156.838,-278.93,stay,up,0,0
1775924143883,584,79353.60000002384,pvp,player_1,player_2,370.639,290.694,881.855,348.696,156.838,-278.93,stay,up,0,0
1775924143883,585,79353.60000002384,pvp,player_1,player_2,370.639,284.717,884.469,344.047,156.838,-278.93,stay,up,0,0
1775924143883,586,79386.89999997616,pvp,player_1,player_2,370.639,278.483,887.083,339.398,156.838,-278.93,stay,up,0,0
1775924143883,587,79403.39999997616,pvp,player_1,player_2,370.639,271.994,889.697,334.749,156.838,-278.93,stay,up,0,0
1775924143883,588,79420.30000007153,pvp,player_1,player_2,370.639,265.25,892.311,330.1,156.838,-278.93,stay,up,0,0
1775924143883,589,79420.30000007153,pvp,player_1,player_2,370.639,258.25,894.925,325.451,156.838,-278.93,stay,up,0,0
1775924143883,590,79453.60000002384,pvp,player_1,player_2,370.639,250.994,897.539,320.803,156.838,-278.93,stay,up,0,0
1775924143883,591,79453.60000002384,pvp,player_1,player_2,370.639,243.483,900.153,316.154,156.838,-278.93,stay,up,0,0
1775924143883,592,79470.20000004768,pvp,player_1,player_2,370.639,235.817,902.767,311.505,156.838,-278.93,stay,up,0,0
1775924143883,593,79503.30000007153,pvp,player_1,player_2,370.639,228.15,905.381,306.856,156.838,-278.93,stay,up,0,0
1775924143883,594,79519.70000004768,pvp,player_1,player_2,370.639,220.483,907.995,302.207,156.838,-278.93,stay,up,0,0
1775924143883,595,79536.39999997616,pvp,player_1,player_2,370.639,212.817,910.609,297.558,156.838,-278.93,stay,up,0,0
1775924143883,596,79553.10000002384,pvp,player_1,player_2,370.639,205.344,912,292.91,-201.868,273.586,stay,stay,0,0
1775924143883,597,79570.20000004768,pvp,player_1,player_2,370.639,198.067,908.636,297.469,-201.868,273.586,stay,stay,0,0
1775924143883,598,79586.5,pvp,player_1,player_2,370.639,190.983,905.271,302.029,-201.868,273.586,stay,stay,0,0
1775924143883,599,79603.39999997616,pvp,player_1,player_2,370.639,184.094,901.907,306.589,-201.868,273.586,stay,stay,0,0
1775924143883,600,79620.10000002384,pvp,player_1,player_2,370.639,177.4,898.542,311.149,-201.868,273.586,stay,stay,0,0
1775924143883,601,79636.39999997616,pvp,player_1,player_2,370.639,170.9,895.178,315.708,-201.868,273.586,stay,stay,0,0
1775924143883,602,79653.30000007153,pvp,player_1,player_2,370.639,164.594,891.813,320.268,-201.868,273.586,stay,stay,0,0
1775924143883,603,79670.20000004768,pvp,player_1,player_2,370.639,158.483,888.449,324.828,-201.868,273.586,stay,stay,0,0
1775924143883,604,79686.89999997616,pvp,player_1,player_2,370.639,152.567,885.084,329.388,-201.868,273.586,stay,stay,0,0
1775924143883,605,79703.39999997616,pvp,player_1,player_2,370.639,146.844,881.72,333.948,-201.868,273.586,stay,stay,0,0
1775924143883,606,79719.89999997616,pvp,player_1,player_2,370.639,141.317,878.355,338.507,-201.868,273.586,stay,stay,0,0
1775924143883,607,79736.60000002384,pvp,player_1,player_2,370.639,135.983,874.991,343.067,-201.868,273.586,stay,stay,0,0
1775924143883,608,79753.5,pvp,player_1,player_2,370.639,130.844,871.626,347.627,-201.868,273.586,stay,stay,0,0
1775924143883,609,79769.70000004768,pvp,player_1,player_2,370.639,125.9,868.262,352.187,-201.868,273.586,stay,stay,0,0
1775924143883,610,79786.30000007153,pvp,player_1,player_2,370.639,121.15,864.897,356.746,-201.868,273.586,stay,stay,0,0
1775924143883,611,79803,pvp,player_1,player_2,370.639,116.594,861.533,361.306,-201.868,273.586,stay,stay,0,0
1775924143883,612,79819.60000002384,pvp,player_1,player_2,370.639,112.233,858.169,365.866,-201.868,273.586,stay,stay,0,0
1775924143883,613,79836.70000004768,pvp,player_1,player_2,370.639,108.067,854.804,370.426,-201.868,273.586,stay,stay,0,0
1775924143883,614,79852.89999997616,pvp,player_1,player_2,370.639,104.094,851.44,374.985,-201.868,273.586,stay,stay,0,0
1775924143883,615,79870.30000007153,pvp,player_1,player_2,370.639,100.317,848.075,379.545,-201.868,273.586,stay,stay,0,0
1775924143883,616,79886.89999997616,pvp,player_1,player_2,370.639,96.733,844.711,384.105,-201.868,273.586,stay,stay,0,0
1775924143883,617,79903.30000007153,pvp,player_1,player_2,370.639,93.344,841.346,388.665,-201.868,273.586,stay,stay,0,0
1775924143883,618,79920.30000007153,pvp,player_1,player_2,370.639,90.15,837.982,393.224,-201.868,273.586,stay,stay,0,0
1775924143883,619,79936.89999997616,pvp,player_1,player_2,370.639,87.15,834.617,397.784,-201.868,273.586,stay,stay,0,0
1775924143883,620,79953.39999997616,pvp,player_1,player_2,370.639,84.344,831.253,402.344,-201.868,273.586,stay,stay,0,0
1775924143883,621,79969.80000007153,pvp,player_1,player_2,370.639,81.733,827.888,406.904,-201.868,273.586,stay,stay,0,0
1775924143883,622,79986.30000007153,pvp,player_1,player_2,370.639,79.317,824.524,411.464,-201.868,273.586,stay,stay,0,0
1775924143883,623,80002.89999997616,pvp,player_1,player_2,370.639,77.094,821.159,416.023,-201.868,273.586,stay,stay,0,0
1775924143883,624,80020.20000004768,pvp,player_1,player_2,370.639,75.067,817.795,420.583,-201.868,273.586,stay,stay,0,0
1775924143883,625,80036.70000004768,pvp,player_1,player_2,370.639,73.233,814.43,425.143,-201.868,273.586,stay,stay,0,0
1775924143883,626,80053.39999997616,pvp,player_1,player_2,370.639,71.594,811.066,429.703,-201.868,273.586,stay,stay,0,0
1775924143883,627,80070.10000002384,pvp,player_1,player_2,370.639,70.15,807.701,434.262,-201.868,273.586,stay,stay,0,0
1775924143883,628,80086.70000004768,pvp,player_1,player_2,370.639,68.9,804.337,438.822,-201.868,273.586,stay,stay,0,0
1775924143883,629,80103.20000004768,pvp,player_1,player_2,370.639,67.844,800.973,443.382,-201.868,273.586,stay,stay,0,0
1775924143883,630,80120.20000004768,pvp,player_1,player_2,370.639,66.983,797.608,447.942,-201.868,273.586,stay,stay,0,0
1775924143883,631,80136.80000007153,pvp,player_1,player_2,370.639,66.317,794.244,452.501,-201.868,273.586,stay,stay,0,0
1775924143883,632,80153.60000002384,pvp,player_1,player_2,370.639,65.844,790.879,457.061,-201.868,273.586,stay,stay,0,0
1775924143883,633,80169.60000002384,pvp,player_1,player_2,370.639,65.567,787.515,461.621,-201.868,273.586,stay,stay,0,0
1775924143883,634,80186.60000002384,pvp,player_1,player_2,370.639,65.567,784.15,466.181,-201.868,273.586,stay,stay,0,0
1775924143883,635,80203.5,pvp,player_1,player_2,370.639,65.567,780.786,470.741,-201.868,273.586,stay,stay,0,0
1775924143883,636,80220,pvp,player_1,player_2,370.639,65.567,777.421,475.3,-201.868,273.586,stay,stay,0,0
1775924143883,637,80236.80000007153,pvp,player_1,player_2,370.639,65.567,774.057,479.86,-201.868,273.586,stay,stay,0,0
1775924143883,638,80253,pvp,player_1,player_2,370.639,65.567,770.692,484.42,-201.868,273.586,stay,stay,0,0
1775924143883,639,80270.10000002384,pvp,player_1,player_2,370.639,65.567,767.328,488.98,-201.868,273.586,stay,stay,0,0
1775924143883,640,80286.60000002384,pvp,player_1,player_2,370.639,65.567,763.963,493.539,-201.868,273.586,stay,stay,0,0
1775924143883,641,80303.5,pvp,player_1,player_2,370.639,65.567,760.599,498.099,-201.868,273.586,stay,stay,0,0
1775924143883,642,80319.89999997616,pvp,player_1,player_2,370.639,65.567,757.234,502.659,-201.868,273.586,stay,stay,0,0
1775924143883,643,80336.89999997616,pvp,player_1,player_2,370.639,65.567,753.87,507.219,-201.868,273.586,stay,stay,0,0
1775924143883,644,80353.20000004768,pvp,player_1,player_2,370.639,65.567,750.506,511.778,-201.868,273.586,stay,stay,0,0
1775924143883,645,80370.20000004768,pvp,player_1,player_2,370.639,65.567,747.141,516.338,-201.868,273.586,stay,stay,0,0
1775924143883,646,80386.5,pvp,player_1,player_2,370.639,65.567,743.777,520.898,-201.868,273.586,stay,stay,0,0
1775924143883,647,80403.5,pvp,player_1,player_2,370.639,65.567,740.412,525.458,-201.868,273.586,stay,stay,0,0
1775924143883,648,80420.10000002384,pvp,player_1,player_2,370.639,65.567,737.048,530,-201.868,-273.586,stay,stay,0,0
1775924143883,649,80436.60000002384,pvp,player_1,player_2,370.639,65.567,733.683,525.44,-201.868,-273.586,stay,stay,0,0
1775924143883,650,80452.70000004768,pvp,player_1,player_2,370.639,65.567,730.319,520.88,-201.868,-273.586,stay,stay,0,0
1775924143883,651,80469.80000007153,pvp,player_1,player_2,370.639,65.567,726.954,516.321,-201.868,-273.586,stay,stay,0,0
1775924143883,652,80486.80000007153,pvp,player_1,player_2,370.639,65.567,723.59,511.761,-201.868,-273.586,stay,stay,0,0
1775924143883,653,80503.20000004768,pvp,player_1,player_2,370.639,65.567,720.225,507.201,-201.868,-273.586,stay,stay,0,0
1775924143883,654,80520.10000002384,pvp,player_1,player_2,370.639,65.567,716.861,502.641,-201.868,-273.586,stay,stay,0,0
1775924143883,655,80536.80000007153,pvp,player_1,player_2,370.639,65.567,713.496,498.082,-201.868,-273.586,stay,stay,0,0
1775924143883,656,80553.5,pvp,player_1,player_2,370.639,65.567,710.132,493.522,-201.868,-273.586,stay,stay,0,0
1775924143883,657,80570.20000004768,pvp,player_1,player_2,370.639,65.567,706.767,488.962,-201.868,-273.586,stay,stay,0,0
1775924143883,658,80586.70000004768,pvp,player_1,player_2,370.639,65.567,703.403,484.402,-201.868,-273.586,stay,stay,0,0
1775924143883,659,80603.60000002384,pvp,player_1,player_2,370.639,65.567,700.038,479.843,-201.868,-273.586,stay,stay,0,0
1775924143883,660,80620.20000004768,pvp,player_1,player_2,370.639,65.567,696.674,475.283,-201.868,-273.586,stay,stay,0,0
1775924143883,661,80636.80000007153,pvp,player_1,player_2,370.639,65.567,693.31,470.723,-201.868,-273.586,stay,stay,0,0
1775924143883,662,80653.5,pvp,player_1,player_2,370.639,65.567,689.945,466.163,-201.868,-273.586,stay,stay,0,0
1775924143883,663,80670.20000004768,pvp,player_1,player_2,370.639,65.567,686.581,461.604,-201.868,-273.586,stay,stay,0,0
1775924143883,664,80686.89999997616,pvp,player_1,player_2,370.639,65.567,683.216,457.044,-201.868,-273.586,stay,stay,0,0
1775924143883,665,80687,pvp,player_1,player_2,370.639,65.567,679.852,452.484,-201.868,-273.586,stay,stay,0,0
1775924143883,666,80719.30000007153,pvp,player_1,player_2,370.639,65.567,676.487,447.924,-201.868,-273.586,stay,stay,0,0
1775924143883,667,80736.39999997616,pvp,player_1,player_2,370.639,65.567,673.123,443.364,-201.868,-273.586,stay,stay,0,0
1775924143883,668,80753.30000007153,pvp,player_1,player_2,370.639,65.567,669.758,438.805,-201.868,-273.586,stay,stay,0,0
1775924143883,669,80770,pvp,player_1,player_2,370.639,65.567,666.394,434.245,-201.868,-273.586,stay,stay,0,0
1775924143883,670,80786.89999997616,pvp,player_1,player_2,370.639,65.567,663.029,429.685,-201.868,-273.586,stay,stay,0,0
1775924143883,671,80803.39999997616,pvp,player_1,player_2,370.639,65.567,659.665,425.125,-201.868,-273.586,stay,stay,0,0
1775924143883,672,80820.10000002384,pvp,player_1,player_2,370.639,65.567,656.3,420.566,-201.868,-273.586,stay,stay,0,0
1775924143883,673,80836.80000007153,pvp,player_1,player_2,370.639,65.567,652.936,416.006,-201.868,-273.586,stay,stay,0,0
1775924143883,674,80853.39999997616,pvp,player_1,player_2,370.639,65.567,649.571,411.446,-201.868,-273.586,stay,stay,0,0
1775924143883,675,80869.5,pvp,player_1,player_2,370.639,65.567,646.207,406.886,-201.868,-273.586,stay,stay,0,0
1775924143883,676,80886,pvp,player_1,player_2,370.639,65.567,642.843,402.327,-201.868,-273.586,stay,stay,0,0
1775924143883,677,80902.89999997616,pvp,player_1,player_2,370.639,65.567,639.478,397.767,-201.868,-273.586,stay,stay,0,0
1775924143883,678,80919.30000007153,pvp,player_1,player_2,370.639,65.567,636.114,393.207,-201.868,-273.586,stay,stay,0,0
1775924143883,679,80936.20000004768,pvp,player_1,player_2,370.639,65.567,632.749,388.647,-201.868,-273.586,stay,stay,0,0
1775924143883,680,80952.39999997616,pvp,player_1,player_2,370.639,65.567,629.385,384.087,-201.868,-273.586,stay,stay,0,0
1775924143883,681,80969.30000007153,pvp,player_1,player_2,370.639,65.567,626.02,379.528,-201.868,-273.586,stay,stay,0,0
1775924143883,682,80987.20000004768,pvp,player_1,player_2,370.639,65.567,622.656,374.968,-201.868,-273.586,stay,stay,0,0
1775924143883,683,81002.70000004768,pvp,player_1,player_2,370.639,65.567,619.291,370.408,-201.868,-273.586,stay,stay,0,0
1775924143883,684,81019.30000007153,pvp,player_1,player_2,370.639,65.567,615.927,365.848,-201.868,-273.586,stay,stay,0,0
1775924143883,685,81036,pvp,player_1,player_2,370.639,65.567,612.562,361.289,-201.868,-273.586,stay,stay,0,0
1775924143883,686,81052.89999997616,pvp,player_1,player_2,370.639,65.567,609.198,356.729,-201.868,-273.586,stay,stay,0,0
1775924143883,687,81069.39999997616,pvp,player_1,player_2,370.639,65.567,605.833,352.169,-201.868,-273.586,stay,stay,0,0
1775924143883,688,81086.10000002384,pvp,player_1,player_2,370.639,65.567,602.469,347.609,-201.868,-273.586,stay,stay,0,0
1775924143883,689,81102.70000004768,pvp,player_1,player_2,370.639,65.567,599.104,343.05,-201.868,-273.586,stay,stay,0,0
1775924143883,690,81119.5,pvp,player_1,player_2,370.639,65.567,595.74,338.49,-201.868,-273.586,stay,stay,0,0
1775924143883,691,81136.10000002384,pvp,player_1,player_2,370.639,65.567,592.375,333.93,-201.868,-273.586,stay,stay,0,0
1775924143883,692,81152.70000004768,pvp,player_1,player_2,370.639,65.567,589.011,329.37,-201.868,-273.586,stay,stay,0,0
1775924143883,693,81169.39999997616,pvp,player_1,player_2,370.639,65.567,585.647,324.811,-201.868,-273.586,stay,stay,0,0
1775924143883,694,81186,pvp,player_1,player_2,370.639,65.567,582.282,320.251,-201.868,-273.586,stay,stay,0,0
1775924143883,695,81202.60000002384,pvp,player_1,player_2,370.639,65.567,578.918,315.691,-201.868,-273.586,stay,stay,0,0
1775924143883,696,81219.5,pvp,player_1,player_2,370.639,65.567,575.553,311.131,-201.868,-273.586,stay,stay,0,0
1775924143883,697,81236.10000002384,pvp,player_1,player_2,370.639,65.567,572.189,306.571,-201.868,-273.586,stay,stay,0,0
1775924143883,698,81252.70000004768,pvp,player_1,player_2,370.639,65.567,568.824,302.012,-201.868,-273.586,stay,stay,0,0
1775924143883,699,81269.5,pvp,player_1,player_2,370.639,65.567,565.46,297.452,-201.868,-273.586,stay,stay,0,0
1775924143883,700,81285.80000007153,pvp,player_1,player_2,370.639,65.567,562.095,292.892,-201.868,-273.586,stay,stay,0,0
1775924143883,701,81302.70000004768,pvp,player_1,player_2,370.639,65.567,558.731,288.332,-201.868,-273.586,stay,stay,0,0
1775924143883,702,81319.5,pvp,player_1,player_2,370.639,65.567,555.366,283.773,-201.868,-273.586,stay,stay,0,0
1775924143883,703,81335.89999997616,pvp,player_1,player_2,370.639,65.567,552.002,279.213,-201.868,-273.586,stay,stay,0,0
1775924143883,704,81352.80000007153,pvp,player_1,player_2,370.639,65.567,548.637,274.653,-201.868,-273.586,stay,stay,0,0
1775924143883,705,81369.5,pvp,player_1,player_2,370.639,65.567,545.273,270.093,-201.868,-273.586,stay,stay,0,0
1775924143883,706,81386,pvp,player_1,player_2,370.639,65.567,541.908,265.534,-201.868,-273.586,stay,stay,0,0
1775924143883,707,81402.70000004768,pvp,player_1,player_2,370.639,65.567,538.544,260.974,-201.868,-273.586,stay,stay,0,0
1775924143883,708,81419.20000004768,pvp,player_1,player_2,370.639,65.567,535.18,256.414,-201.868,-273.586,stay,stay,0,0
1775924143883,709,81435.89999997616,pvp,player_1,player_2,370.639,65.567,531.815,251.854,-201.868,-273.586,stay,stay,0,0
1775924143883,710,81452.70000004768,pvp,player_1,player_2,370.639,65.567,528.451,247.295,-201.868,-273.586,stay,stay,0,0
1775924143883,711,81469.5,pvp,player_1,player_2,370.639,65.567,525.086,242.735,-201.868,-273.586,stay,stay,0,0
1775924143883,712,81486.20000004768,pvp,player_1,player_2,370.639,65.567,521.722,238.175,-201.868,-273.586,stay,stay,0,0
1775924143883,713,81502.80000007153,pvp,player_1,player_2,370.639,65.567,518.357,233.615,-201.868,-273.586,stay,stay,0,0
1775924143883,714,81519.5,pvp,player_1,player_2,370.639,65.567,514.993,229.055,-201.868,-273.586,stay,stay,0,0
1775924143883,715,81536.89999997616,pvp,player_1,player_2,370.639,65.567,511.628,224.496,-201.868,-273.586,stay,stay,0,0
1775924143883,716,81553,pvp,player_1,player_2,370.639,65.567,508.264,219.936,-201.868,-273.586,stay,stay,0,0
1775924143883,717,81569.80000007153,pvp,player_1,player_2,370.639,65.567,504.899,215.376,-201.868,-273.586,stay,stay,0,0
1775924143883,718,81586.89999997616,pvp,player_1,player_2,370.639,65.567,501.535,210.816,-201.868,-273.586,stay,stay,0,0
1775924143883,719,81603.60000002384,pvp,player_1,player_2,370.639,65.567,498.17,206.257,-201.868,-273.586,stay,stay,0,0
1775924143883,720,81620.20000004768,pvp,player_1,player_2,370.639,65.567,494.806,201.697,-201.868,-273.586,stay,stay,0,0
1775924143883,721,81636.70000004768,pvp,player_1,player_2,370.639,65.567,491.441,197.137,-201.868,-273.586,stay,stay,0,0
1775924143883,722,81653.30000007153,pvp,player_1,player_2,370.639,65.567,488.077,192.577,-201.868,-273.586,stay,stay,0,0
1775924143883,723,81670.10000002384,pvp,player_1,player_2,370.639,65.567,484.712,188.018,-201.868,-273.586,stay,stay,0,0
1775924143883,724,81686.80000007153,pvp,player_1,player_2,370.639,65.567,481.348,183.458,-201.868,-273.586,stay,stay,0,0
1775924143883,725,81703.39999997616,pvp,player_1,player_2,370.639,65.567,477.984,178.898,-201.868,-273.586,stay,stay,0,0
1775924143883,726,81719.30000007153,pvp,player_1,player_2,370.383,65.567,474.619,174.338,-201.868,-273.586,up,stay,0,0
1775924143883,727,81736.5,pvp,player_1,player_2,369.872,65.567,471.255,169.779,-201.868,-273.586,up,stay,0,0
1775924143883,728,81753.5,pvp,player_1,player_2,369.106,65.567,467.89,165.219,-201.868,-273.586,up,stay,0,0
1775924143883,729,81770.20000004768,pvp,player_1,player_2,368.083,65.567,464.526,160.659,-201.868,-273.586,up,stay,0,0
1775924143883,730,81770.30000007153,pvp,player_1,player_2,366.806,65.567,461.161,156.099,-201.868,-273.586,up,stay,0,0
1775924143883,731,81803.30000007153,pvp,player_1,player_2,365.272,65.567,457.797,151.539,-201.868,-273.586,up,stay,0,0
1775924143883,732,81820.10000002384,pvp,player_1,player_2,363.483,65.567,454.432,146.98,-201.868,-273.586,up,stay,0,0
1775924143883,733,81836.30000007153,pvp,player_1,player_2,361.439,65.567,451.068,142.42,-201.868,-273.586,up,stay,0,0
1775924143883,734,81852.70000004768,pvp,player_1,player_2,359.139,65.567,447.703,137.86,-201.868,-273.586,up,stay,0,0
1775924143883,735,81869.89999997616,pvp,player_1,player_2,356.583,65.567,444.339,133.3,-201.868,-273.586,up,stay,0,0
1775924143883,736,81886.60000002384,pvp,player_1,player_2,353.772,65.567,440.974,128.741,-201.868,-273.586,up,stay,0,0
1775924143883,737,81903.39999997616,pvp,player_1,player_2,350.706,65.567,437.61,124.181,-201.868,-273.586,up,stay,0,0
1775924143883,738,81920.20000004768,pvp,player_1,player_2,347.383,65.567,434.245,119.621,-201.868,-273.586,up,stay,0,0
1775924143883,739,81936.80000007153,pvp,player_1,player_2,343.806,65.567,430.881,115.061,-201.868,-273.586,up,stay,0,0
1775924143883,740,81953.39999997616,pvp,player_1,player_2,339.972,65.567,427.517,110.502,-201.868,-273.586,up,stay,0,0
1775924143883,741,81970,pvp,player_1,player_2,335.883,65.567,424.152,105.942,-201.868,-273.586,up,stay,0,0
1775924143883,742,81986.89999997616,pvp,player_1,player_2,331.539,65.567,420.788,101.382,-201.868,-273.586,up,stay,0,0
1775924143883,743,82003.10000002384,pvp,player_1,player_2,326.939,65.567,417.423,96.822,-201.868,-273.586,up,stay,0,0
1775924143883,744,82019.5,pvp,player_1,player_2,322.083,65.567,414.059,92.262,-201.868,-273.586,up,stay,0,0
1775924143883,745,82036.60000002384,pvp,player_1,player_2,316.972,65.567,410.694,87.703,-201.868,-273.586,up,stay,0,0
1775924143883,746,82052.89999997616,pvp,player_1,player_2,311.606,65.567,407.33,83.143,-201.868,-273.586,up,stay,0,0
1775924143883,747,82070.10000002384,pvp,player_1,player_2,305.983,65.567,403.965,78.583,-201.868,-273.586,up,stay,0,0
1775924143883,748,82086.30000007153,pvp,player_1,player_2,300.106,65.567,400.601,74.023,-201.868,-273.586,up,stay,0,0
1775924143883,749,82103.5,pvp,player_1,player_2,293.972,65.567,397.236,69.464,-201.868,-273.586,up,stay,0,0
1775924143883,750,82103.60000002384,pvp,player_1,player_2,287.583,65.567,393.872,64.904,-201.868,-273.586,up,stay,0,0
1775924143883,751,82136.70000004768,pvp,player_1,player_2,280.939,65.567,390.507,60.344,-201.868,-273.586,up,stay,0,0
1775924143883,752,82153.5,pvp,player_1,player_2,274.039,65.567,387.143,55.784,-201.868,-273.586,up,stay,0,0
1775924143883,753,82170.10000002384,pvp,player_1,player_2,266.883,65.567,383.778,51.225,-201.868,-273.586,up,stay,0,0
1775924143883,754,82186.70000004768,pvp,player_1,player_2,259.472,65.567,380.414,46.665,-201.868,-273.586,up,stay,0,0
1775924143883,755,82203.30000007153,pvp,player_1,player_2,251.806,65.567,377.05,42.105,-201.868,-273.586,up,stay,0,0
1775924143883,756,82220,pvp,player_1,player_2,244.139,65.567,373.685,37.545,-201.868,-273.586,up,stay,0,0
1775924143883,757,82236.10000002384,pvp,player_1,player_2,236.472,65.567,370.321,32.986,-201.868,-273.586,up,stay,0,0
1775924143883,758,82252.5,pvp,player_1,player_2,228.806,65.567,366.956,28.426,-201.868,-273.586,up,stay,0,0
1775924143883,759,82269.39999997616,pvp,player_1,player_2,221.139,65.567,363.592,23.866,-201.868,-273.586,up,stay,0,0
1775924143883,760,82285.89999997616,pvp,player_1,player_2,213.472,65.567,360.227,19.306,-201.868,-273.586,up,stay,0,0
1775924143883,761,82303.20000004768,pvp,player_1,player_2,205.806,65.567,356.863,14.746,-201.868,-273.586,up,stay,0,0
1775924143883,762,82319.39999997616,pvp,player_1,player_2,198.139,65.567,353.498,10.187,-201.868,-273.586,up,stay,0,0
1775924143883,763,82336.70000004768,pvp,player_1,player_2,190.472,65.567,350.134,10,-201.868,273.586,up,stay,0,0
1775924143883,764,82353.5,pvp,player_1,player_2,182.806,65.567,346.769,14.56,-201.868,273.586,up,stay,0,0
1775924143883,765,82369.89999997616,pvp,player_1,player_2,175.139,65.567,343.405,19.12,-201.868,273.586,up,stay,0,0
1775924143883,766,82387.20000004768,pvp,player_1,player_2,167.472,65.567,340.04,23.679,-201.868,273.586,up,stay,0,0
1775924143883,767,82403.39999997616,pvp,player_1,player_2,160,65.567,336.676,28.239,-201.868,273.586,stay,stay,0,0
1775924143883,768,82420.20000004768,pvp,player_1,player_2,152.722,65.567,333.311,32.799,-201.868,273.586,stay,stay,0,0
1775924143883,769,82436.70000004768,pvp,player_1,player_2,145.639,65.567,329.947,37.359,-201.868,273.586,stay,stay,0,0
1775924143883,770,82453.30000007153,pvp,player_1,player_2,138.75,65.567,326.582,41.918,-201.868,273.586,stay,stay,0,0
1775924143883,771,82470.10000002384,pvp,player_1,player_2,132.056,65.567,323.218,46.478,-201.868,273.586,stay,stay,0,0
1775924143883,772,82486.70000004768,pvp,player_1,player_2,125.556,65.567,319.854,51.038,-201.868,273.586,stay,stay,0,0
1775924143883,773,82503.5,pvp,player_1,player_2,119.25,65.567,316.489,55.598,-201.868,273.586,stay,stay,0,0
1775924143883,774,82519.39999997616,pvp,player_1,player_2,113.139,65.567,313.125,60.157,-201.868,273.586,stay,stay,0,0
1775924143883,775,82536.30000007153,pvp,player_1,player_2,107.222,65.567,309.76,64.717,-201.868,273.586,stay,stay,0,0
1775924143883,776,82553.39999997616,pvp,player_1,player_2,101.5,65.567,306.396,69.277,-201.868,273.586,stay,stay,0,0
1775924143883,777,82570,pvp,player_1,player_2,95.972,65.567,303.031,73.837,-201.868,273.586,stay,stay,0,0
1775924143883,778,82586.60000002384,pvp,player_1,player_2,90.639,65.567,299.667,78.396,-201.868,273.586,stay,stay,0,0
1775924143883,779,82603.30000007153,pvp,player_1,player_2,85.5,65.567,296.302,82.956,-201.868,273.586,stay,stay,0,0
1775924143883,780,82619.39999997616,pvp,player_1,player_2,80.556,65.567,292.938,87.516,-201.868,273.586,stay,stay,0,0
1775924143883,781,82636.10000002384,pvp,player_1,player_2,75.806,65.567,289.573,92.076,-201.868,273.586,stay,stay,0,0
1775924143883,782,82652.80000007153,pvp,player_1,player_2,71.25,65.567,286.209,96.636,-201.868,273.586,stay,stay,0,0
1775924143883,783,82669.30000007153,pvp,player_1,player_2,66.889,65.567,282.844,101.195,-201.868,273.586,stay,stay,0,0
1775924143883,784,82685.80000007153,pvp,player_1,player_2,62.722,65.567,279.48,105.755,-201.868,273.586,stay,stay,0,0
1775924143883,785,82702.70000004768,pvp,player_1,player_2,58.75,65.567,276.115,110.315,-201.868,273.586,stay,stay,0,0
1775924143883,786,82719.70000004768,pvp,player_1,player_2,54.972,65.567,272.751,114.875,-201.868,273.586,stay,stay,0,0
1775924143883,787,82736.60000002384,pvp,player_1,player_2,51.389,65.567,269.387,119.434,-201.868,273.586,stay,stay,0,0
1775924143883,788,82753.30000007153,pvp,player_1,player_2,48.167,65.567,266.022,123.994,-201.868,273.586,down,stay,0,0
1775924143883,789,82769.60000002384,pvp,player_1,player_2,45.306,65.567,262.658,128.554,-201.868,273.586,down,stay,0,0
1775924143883,790,82786.30000007153,pvp,player_1,player_2,42.806,65.567,259.293,133.114,-201.868,273.586,down,stay,0,0
1775924143883,791,82803,pvp,player_1,player_2,40.667,65.567,255.929,137.673,-201.868,273.586,down,stay,0,0
1775924143883,792,82820.10000002384,pvp,player_1,player_2,38.889,65.567,252.564,142.233,-201.868,273.586,down,stay,0,0
1775924143883,793,82836.70000004768,pvp,player_1,player_2,37.472,65.567,249.2,146.793,-201.868,273.586,down,stay,0,0
1775924143883,794,82853,pvp,player_1,player_2,36.417,65.567,245.835,151.353,-201.868,273.586,down,stay,0,0
1775924143883,795,82870.20000004768,pvp,player_1,player_2,35.722,65.567,242.471,155.913,-201.868,273.586,down,stay,0,0
1775924143883,796,82886.39999997616,pvp,player_1,player_2,35.389,65.567,239.106,160.472,-201.868,273.586,down,stay,0,0
1775924143883,797,82903.30000007153,pvp,player_1,player_2,35.417,65.567,235.742,165.032,-201.868,273.586,down,stay,0,0
1775924143883,798,82920.10000002384,pvp,player_1,player_2,35.7,65.567,232.377,169.592,-201.868,273.586,down,stay,0,0
1775924143883,799,82936.5,pvp,player_1,player_2,36.239,65.567,229.013,174.152,-201.868,273.586,down,stay,0,0
1775924143883,800,82953.5,pvp,player_1,player_2,37.033,65.567,225.648,178.711,-201.868,273.586,down,stay,0,0
1775924143883,801,82970.10000002384,pvp,player_1,player_2,38.083,65.567,222.284,183.271,-201.868,273.586,down,stay,0,0
1775924143883,802,82986.80000007153,pvp,player_1,player_2,39.389,65.567,218.919,187.831,-201.868,273.586,down,stay,0,0
1775924143883,803,83002.5,pvp,player_1,player_2,40.95,65.567,215.555,192.391,-201.868,273.586,down,stay,0,0
1775924143883,804,83019.80000007153,pvp,player_1,player_2,42.767,65.567,212.191,196.95,-201.868,273.586,down,stay,0,0
1775924143883,805,83036.39999997616,pvp,player_1,player_2,44.839,65.567,208.826,201.51,-201.868,273.586,down,stay,0,0
1775924143883,806,83053.39999997616,pvp,player_1,player_2,47.167,65.567,205.462,206.07,-201.868,273.586,down,stay,0,0
1775924143883,807,83070,pvp,player_1,player_2,49.75,65.567,202.097,210.63,-201.868,273.586,down,stay,0,0
1775924143883,808,83086.39999997616,pvp,player_1,player_2,52.589,65.567,198.733,215.189,-201.868,273.586,down,stay,0,0
1775924143883,809,83103.30000007153,pvp,player_1,player_2,55.683,65.567,195.368,219.749,-201.868,273.586,down,stay,0,0
1775924143883,810,83120.10000002384,pvp,player_1,player_2,59.033,65.567,192.004,224.309,-201.868,273.586,down,stay,0,0
1775924143883,811,83136.60000002384,pvp,player_1,player_2,62.639,65.567,188.639,228.869,-201.868,273.586,down,stay,0,0
1775924143883,812,83153.5,pvp,player_1,player_2,66.5,65.567,185.275,233.429,-201.868,273.586,down,stay,0,0
1775924143883,813,83169.89999997616,pvp,player_1,player_2,70.617,65.567,181.91,237.988,-201.868,273.586,down,stay,0,0
1775924143883,814,83186.70000004768,pvp,player_1,player_2,74.989,65.567,178.546,242.548,-201.868,273.586,down,stay,0,0
1775924143883,815,83203.39999997616,pvp,player_1,player_2,79.617,65.567,175.181,247.108,-201.868,273.586,down,stay,0,0
1775924143883,816,83219.89999997616,pvp,player_1,player_2,84.5,65.567,171.817,251.668,-201.868,273.586,down,stay,0,0
1775924143883,817,83236.60000002384,pvp,player_1,player_2,89.639,65.567,168.452,256.227,-201.868,273.586,down,stay,0,0
1775924143883,818,83253.39999997616,pvp,player_1,player_2,95.033,65.567,165.088,260.787,-201.868,273.586,down,stay,0,0
1775924143883,819,83269.5,pvp,player_1,player_2,100.683,65.567,161.724,265.347,-201.868,273.586,down,stay,0,0
1775924143883,820,83286.10000002384,pvp,player_1,player_2,106.589,65.567,158.359,269.907,-201.868,273.586,down,stay,0,0
1775924143883,821,83303.30000007153,pvp,player_1,player_2,112.75,65.567,154.995,274.466,-201.868,273.586,down,stay,0,0
1775924143883,822,83319.5,pvp,player_1,player_2,119.167,65.567,151.63,279.026,-201.868,273.586,down,stay,0,0
1775924143883,823,83336.20000004768,pvp,player_1,player_2,125.839,65.567,148.266,283.586,-201.868,273.586,down,stay,0,0
1775924143883,824,83352.60000002384,pvp,player_1,player_2,132.767,65.567,144.901,288.146,-201.868,273.586,down,stay,0,0
1775924143883,825,83369.60000002384,pvp,player_1,player_2,139.95,65.567,141.537,292.705,-201.868,273.586,down,stay,0,0
1775924143883,826,83386.5,pvp,player_1,player_2,147.389,65.567,138.172,297.265,-201.868,273.586,down,stay,0,0
1775924143883,827,83403.39999997616,pvp,player_1,player_2,155.056,65.567,134.808,301.825,-201.868,273.586,down,stay,0,0
1775924143883,828,83420,pvp,player_1,player_2,162.722,65.567,131.443,306.385,-201.868,273.586,down,stay,0,0
1775924143883,829,83436.5,pvp,player_1,player_2,170.389,65.567,128.079,310.945,-201.868,273.586,down,stay,0,0
1775924143883,830,83453.20000004768,pvp,player_1,player_2,178.056,65.567,124.714,315.504,-201.868,273.586,down,stay,0,0
1775924143883,831,83470.20000004768,pvp,player_1,player_2,185.722,65.567,121.35,320.064,-201.868,273.586,down,stay,0,0
1775924143883,832,83486.80000007153,pvp,player_1,player_2,193.389,65.567,117.985,324.624,-201.868,273.586,down,stay,0,0
1775924143883,833,83503.30000007153,pvp,player_1,player_2,201.056,65.567,114.621,329.184,-201.868,273.586,down,stay,0,0
1775924143883,834,83519.80000007153,pvp,player_1,player_2,208.722,65.567,111.256,333.743,-201.868,273.586,down,stay,0,0
1775924143883,835,83536.20000004768,pvp,player_1,player_2,216.389,65.567,107.892,338.303,-201.868,273.586,down,stay,0,0
1775924143883,836,83552.80000007153,pvp,player_1,player_2,224.056,65.567,104.528,342.863,-201.868,273.586,down,stay,0,0
1775924143883,837,83570.20000004768,pvp,player_1,player_2,231.722,65.567,101.163,347.423,-201.868,273.586,down,stay,0,0
1775924143883,838,83586.20000004768,pvp,player_1,player_2,239.389,65.567,97.799,351.982,-201.868,273.586,down,stay,0,0
1775924143883,839,83603.39999997616,pvp,player_1,player_2,247.056,65.567,94.434,356.542,-201.868,273.586,down,stay,0,0
1775924143883,840,83619.5,pvp,player_1,player_2,254.722,65.567,91.07,361.102,-201.868,273.586,down,stay,0,0
1775924143883,841,83636.5,pvp,player_1,player_2,262.389,65.567,87.705,365.662,-201.868,273.586,down,stay,0,0
1775924143883,842,83653,pvp,player_1,player_2,270.056,65.567,84.341,370.221,-201.868,273.586,down,stay,0,0
1775924143883,843,83670.10000002384,pvp,player_1,player_2,277.722,65.567,80.976,374.781,-201.868,273.586,down,stay,0,0
1775924143883,844,83686.60000002384,pvp,player_1,player_2,285.389,65.567,77.612,379.341,-201.868,273.586,down,stay,0,0
1775924143883,845,83703.10000002384,pvp,player_1,player_2,293.056,65.567,74.247,383.901,-201.868,273.586,down,stay,0,0
1775924143883,846,83719.60000002384,pvp,player_1,player_2,300.722,65.567,70.883,388.461,-201.868,273.586,down,stay,0,0
1775924143883,847,83736.5,pvp,player_1,player_2,308.389,65.567,67.518,393.02,-201.868,273.586,down,stay,0,0
1775924143883,848,83753.30000007153,pvp,player_1,player_2,316.056,65.567,64.154,397.58,-201.868,273.586,down,stay,0,0
1775924143883,849,83770.20000004768,pvp,player_1,player_2,323.722,65.567,60.789,402.14,-201.868,273.586,down,stay,0,0
1775924143883,850,83770.20000004768,pvp,player_1,player_2,331.389,65.567,57.425,406.7,-201.868,273.586,down,stay,0,0
1775924143883,851,83802.70000004768,pvp,player_1,player_2,339.056,65.567,54.061,411.259,-201.868,273.586,down,stay,0,0
1775924143883,852,83819.5,pvp,player_1,player_2,346.722,65.567,50.696,415.819,-201.868,273.586,down,stay,0,0
1775924143883,853,83836.70000004768,pvp,player_1,player_2,354.389,65.567,48,420.379,327.946,148.497,down,stay,0,0
1775924143883,854,83852.5,pvp,player_1,player_2,362.056,65.567,53.466,422.854,327.946,148.497,down,stay,0,0
1775924143883,855,83870,pvp,player_1,player_2,369.722,65.567,58.932,425.329,327.946,148.497,down,stay,0,0
1775924143883,856,83886.70000004768,pvp,player_1,player_2,377.389,65.567,64.397,427.804,327.946,148.497,down,stay,0,0
1775924143883,857,83903.20000004768,pvp,player_1,player_2,385.056,65.567,69.863,430.279,327.946,148.497,down,stay,0,0
1775924143883,858,83920.10000002384,pvp,player_1,player_2,392.722,65.567,75.329,432.754,327.946,148.497,down,stay,0,0
1775924143883,859,83936.70000004768,pvp,player_1,player_2,400.389,65.567,80.795,435.229,327.946,148.497,down,stay,0,0
1775924143883,860,83953.30000007153,pvp,player_1,player_2,408.056,65.567,86.26,437.704,327.946,148.497,down,stay,0,0
1775924143883,861,83969.89999997616,pvp,player_1,player_2,415.722,65.567,91.726,440.179,327.946,148.497,down,stay,0,0
1775924143883,862,83986.80000007153,pvp,player_1,player_2,423.389,65.567,97.192,442.653,327.946,148.497,down,stay,0,0
1775924143883,863,84003.20000004768,pvp,player_1,player_2,431.056,65.567,102.658,445.128,327.946,148.497,down,stay,0,0
1775924143883,864,84019.30000007153,pvp,player_1,player_2,438.722,65.567,108.123,447.603,327.946,148.497,down,stay,0,0
1775924143883,865,84036.10000002384,pvp,player_1,player_2,444,65.567,113.589,450.078,327.946,148.497,down,stay,0,0
1775924143883,866,84053,pvp,player_1,player_2,444,65.567,119.055,452.553,327.946,148.497,down,stay,0,0
1775924143883,867,84069.70000004768,pvp,player_1,player_2,444,65.567,124.521,455.028,327.946,148.497,down,stay,0,0
1775924143883,868,84086.70000004768,pvp,player_1,player_2,444,65.567,129.987,457.503,327.946,148.497,down,stay,0,0
1775924143883,869,84102.60000002384,pvp,player_1,player_2,444,65.567,135.452,459.978,327.946,148.497,down,stay,0,0
1775924143883,870,84120,pvp,player_1,player_2,444,65.567,140.918,462.453,327.946,148.497,down,stay,0,0
1775924143883,871,84136.10000002384,pvp,player_1,player_2,444,65.567,146.384,464.928,327.946,148.497,down,stay,0,0
1775924143883,872,84153.39999997616,pvp,player_1,player_2,444,65.567,151.85,467.403,327.946,148.497,down,stay,0,0
1775924143883,873,84169.30000007153,pvp,player_1,player_2,444,65.567,157.315,469.878,327.946,148.497,stay,stay,0,0
1775924143883,874,84186,pvp,player_1,player_2,444,65.567,162.781,472.353,327.946,148.497,stay,stay,0,0
1775924143883,875,84202.70000004768,pvp,player_1,player_2,444,65.567,168.247,474.828,327.946,148.497,stay,stay,0,0
1775924143883,876,84219.30000007153,pvp,player_1,player_2,444,65.567,173.713,477.303,327.946,148.497,stay,stay,0,0
1775924143883,877,84236.60000002384,pvp,player_1,player_2,444,65.567,179.178,479.778,327.946,148.497,stay,stay,0,0
1775924143883,878,84253.39999997616,pvp,player_1,player_2,444,65.567,184.644,482.253,327.946,148.497,stay,stay,0,0
1775924143883,879,84270.10000002384,pvp,player_1,player_2,444,65.567,190.11,484.728,327.946,148.497,stay,stay,0,0
1775924143883,880,84286.60000002384,pvp,player_1,player_2,444,65.567,195.576,487.203,327.946,148.497,stay,stay,0,0
1775924143883,881,84303.5,pvp,player_1,player_2,444,65.567,201.041,489.678,327.946,148.497,stay,stay,0,0
1775924143883,882,84319.5,pvp,player_1,player_2,444,65.567,206.507,492.153,327.946,148.497,stay,stay,0,0
1775924143883,883,84336.39999997616,pvp,player_1,player_2,444,65.567,211.973,494.627,327.946,148.497,stay,stay,0,0
1775924143883,884,84353.20000004768,pvp,player_1,player_2,444,65.567,217.439,497.102,327.946,148.497,stay,stay,0,0
1775924143883,885,84369.89999997616,pvp,player_1,player_2,444,65.567,222.905,499.577,327.946,148.497,stay,stay,0,0
1775924143883,886,84386.80000007153,pvp,player_1,player_2,444,65.567,228.37,502.052,327.946,148.497,stay,stay,0,0
1775924143883,887,84403.39999997616,pvp,player_1,player_2,444,65.567,233.836,504.527,327.946,148.497,stay,stay,0,0
1775924143883,888,84419.80000007153,pvp,player_1,player_2,444,65.567,239.302,507.002,327.946,148.497,stay,stay,0,0
1775924143883,889,84436.80000007153,pvp,player_1,player_2,444,65.567,244.768,509.477,327.946,148.497,stay,stay,0,0
1775924143883,890,84453.30000007153,pvp,player_1,player_2,444,65.567,250.233,511.952,327.946,148.497,stay,stay,0,0
1775924143883,891,84469.80000007153,pvp,player_1,player_2,444,65.567,255.699,514.427,327.946,148.497,stay,stay,0,0
1775924143883,892,84486.60000002384,pvp,player_1,player_2,444,65.567,261.165,516.902,327.946,148.497,stay,stay,0,0
1775924143883,893,84503.20000004768,pvp,player_1,player_2,444,65.567,266.631,519.377,327.946,148.497,stay,stay,0,0
1775924143883,894,84520,pvp,player_1,player_2,444,65.567,272.096,521.852,327.946,148.497,stay,stay,0,0
1775924143883,895,84536.5,pvp,player_1,player_2,444,65.567,277.562,524.327,327.946,148.497,stay,stay,0,0
1775924143883,896,84552.80000007153,pvp,player_1,player_2,444,65.567,283.028,526.802,327.946,148.497,stay,stay,0,0
1775924143883,897,84570,pvp,player_1,player_2,444,65.567,288.494,529.277,327.946,148.497,stay,stay,0,0
1775924143883,898,84586.5,pvp,player_1,player_2,444,65.567,293.96,530,327.946,-148.497,stay,stay,0,0
1775924143883,899,84603.30000007153,pvp,player_1,player_2,444,65.567,299.425,527.525,327.946,-148.497,stay,stay,0,0
1775924143883,900,84619.70000004768,pvp,player_1,player_2,444,65.567,304.891,525.05,327.946,-148.497,stay,stay,0,0
1775924143883,901,84636.60000002384,pvp,player_1,player_2,444,65.567,310.357,522.575,327.946,-148.497,stay,stay,0,0
1775924143883,902,84652.60000002384,pvp,player_1,player_2,444,65.567,315.823,520.1,327.946,-148.497,stay,stay,0,0
1775924143883,903,84669.89999997616,pvp,player_1,player_2,444,65.567,321.288,517.625,327.946,-148.497,stay,stay,0,0
1775924143883,904,84686.60000002384,pvp,player_1,player_2,444,65.567,326.754,515.15,327.946,-148.497,stay,stay,0,0
1775924143883,905,84703.20000004768,pvp,player_1,player_2,444,65.567,332.22,512.675,327.946,-148.497,stay,stay,0,0
1775924143883,906,84719.5,pvp,player_1,player_2,444,65.567,337.686,510.2,327.946,-148.497,stay,stay,0,0
1775924143883,907,84736.60000002384,pvp,player_1,player_2,444,65.567,343.151,507.725,327.946,-148.497,stay,stay,0,0
1775924143883,908,84753.20000004768,pvp,player_1,player_2,444,65.567,348.617,505.25,327.946,-148.497,stay,stay,0,0
1775924143883,909,84769.30000007153,pvp,player_1,player_2,444,65.567,354.083,502.776,327.946,-148.497,stay,stay,0,0
1775924143883,910,84786.10000002384,pvp,player_1,player_2,444,65.567,359.549,500.301,327.946,-148.497,stay,stay,0,0
1775924143883,911,84803.10000002384,pvp,player_1,player_2,444,65.567,365.014,497.826,327.946,-148.497,stay,stay,0,0
1775924143883,912,84819.80000007153,pvp,player_1,player_2,444,65.567,370.48,495.351,327.946,-148.497,stay,stay,0,0
1775924143883,913,84836.39999997616,pvp,player_1,player_2,444,65.567,375.946,492.876,327.946,-148.497,stay,stay,0,0
1775924143883,914,84852.89999997616,pvp,player_1,player_2,444,65.567,381.412,490.401,327.946,-148.497,stay,stay,0,0
1775924143883,915,84869.70000004768,pvp,player_1,player_2,444,65.567,386.878,487.926,327.946,-148.497,stay,stay,0,0
1775924143883,916,84886.60000002384,pvp,player_1,player_2,444,65.567,392.343,485.451,327.946,-148.497,stay,stay,0,0
1775924143883,917,84903.30000007153,pvp,player_1,player_2,444,65.567,397.809,482.976,327.946,-148.497,stay,stay,0,0
1775924143883,918,84920,pvp,player_1,player_2,444,65.567,403.275,480.501,327.946,-148.497,stay,stay,0,0
1775924143883,919,84936.5,pvp,player_1,player_2,444,65.567,408.741,478.026,327.946,-148.497,stay,stay,0,0
1775924143883,920,84953.20000004768,pvp,player_1,player_2,444,65.567,414.206,475.551,327.946,-148.497,stay,stay,0,0
1775924143883,921,84970.10000002384,pvp,player_1,player_2,444,65.567,419.672,473.076,327.946,-148.497,stay,stay,0,0
1775924143883,922,84986,pvp,player_1,player_2,444,65.567,425.138,470.601,327.946,-148.497,stay,stay,0,0
1775924143883,923,85002.89999997616,pvp,player_1,player_2,444,65.567,430.604,468.126,327.946,-148.497,stay,stay,0,0
1775924143883,924,85020,pvp,player_1,player_2,444,65.567,436.069,465.651,327.946,-148.497,stay,stay,0,0
1775924143883,925,85036.5,pvp,player_1,player_2,444,65.567,441.535,463.176,327.946,-148.497,stay,stay,0,0
1775924143883,926,85053.39999997616,pvp,player_1,player_2,444,65.567,447.001,460.701,327.946,-148.497,stay,stay,0,0
1775924143883,927,85069.60000002384,pvp,player_1,player_2,444,65.567,452.467,458.226,327.946,-148.497,stay,stay,0,0
1775924143883,928,85086.80000007153,pvp,player_1,player_2,444,65.567,457.933,455.751,327.946,-148.497,stay,stay,0,0
1775924143883,929,85103.39999997616,pvp,player_1,player_2,444,65.567,463.398,453.276,327.946,-148.497,stay,stay,0,0
1775924143883,930,85119.80000007153,pvp,player_1,player_2,444,65.567,468.864,450.802,327.946,-148.497,stay,stay,0,0
1775924143883,931,85136.39999997616,pvp,player_1,player_2,444,65.567,474.33,448.327,327.946,-148.497,stay,stay,0,0
1775924143883,932,85153,pvp,player_1,player_2,444,65.567,479.796,445.852,327.946,-148.497,stay,stay,0,0
1775924143883,933,85170,pvp,player_1,player_2,444,65.567,485.261,443.377,327.946,-148.497,stay,stay,0,0
1775924143883,934,85186.5,pvp,player_1,player_2,444,65.567,490.727,440.902,327.946,-148.497,stay,stay,0,0
1775924143883,935,85203.10000002384,pvp,player_1,player_2,444,65.567,496.193,438.427,327.946,-148.497,stay,stay,0,0
1775924143883,936,85219.60000002384,pvp,player_1,player_2,444,65.567,501.659,435.952,327.946,-148.497,stay,stay,0,0
1775924143883,937,85236.10000002384,pvp,player_1,player_2,444,65.567,507.124,433.477,327.946,-148.497,stay,stay,0,0
1775924143883,938,85252.80000007153,pvp,player_1,player_2,444,65.567,512.59,431.002,327.946,-148.497,stay,stay,0,0
1775924143883,939,85269.39999997616,pvp,player_1,player_2,444,65.567,518.056,428.527,327.946,-148.497,stay,stay,0,0
1775924143883,940,85286.5,pvp,player_1,player_2,444,65.567,523.522,426.052,327.946,-148.497,stay,stay,0,0
1775924143883,941,85302.80000007153,pvp,player_1,player_2,444,65.567,528.987,423.577,327.946,-148.497,stay,stay,0,0
1775924143883,942,85319.5,pvp,player_1,player_2,444,65.567,534.453,421.102,327.946,-148.497,stay,stay,0,0
1775924143883,943,85336.39999997616,pvp,player_1,player_2,444,65.567,539.919,418.627,327.946,-148.497,stay,stay,0,0
1775924143883,944,85353.10000002384,pvp,player_1,player_2,444,65.567,545.385,416.152,327.946,-148.497,stay,stay,0,0
1775924143883,945,85369.60000002384,pvp,player_1,player_2,444,65.567,550.851,413.677,327.946,-148.497,stay,stay,0,0
1775924143883,946,85386.39999997616,pvp,player_1,player_2,444,65.822,556.316,411.202,327.946,-148.497,stay,down,0,0
1775924143883,947,85403.30000007153,pvp,player_1,player_2,444,66.333,561.782,408.727,327.946,-148.497,stay,down,0,0
1775924143883,948,85419.80000007153,pvp,player_1,player_2,444,67.1,567.248,406.252,327.946,-148.497,stay,down,0,0
1775924143883,949,85436.80000007153,pvp,player_1,player_2,444,68.122,572.714,403.777,327.946,-148.497,stay,down,0,0
1775924143883,950,85452.89999997616,pvp,player_1,player_2,444,69.4,578.179,401.302,327.946,-148.497,stay,down,0,0
1775924143883,951,85469.80000007153,pvp,player_1,player_2,444,70.933,583.645,398.827,327.946,-148.497,stay,down,0,0
1775924143883,952,85485.89999997616,pvp,player_1,player_2,444,72.722,589.111,396.353,327.946,-148.497,stay,down,0,0
1775924143883,953,85502.70000004768,pvp,player_1,player_2,444,74.767,594.577,393.878,327.946,-148.497,stay,down,0,0
1775924143883,954,85519.89999997616,pvp,player_1,player_2,444,77.067,600.042,391.403,327.946,-148.497,stay,down,0,0
1775924143883,955,85536.20000004768,pvp,player_1,player_2,444,79.622,605.508,388.928,327.946,-148.497,stay,down,0,0
1775924143883,956,85552.80000007153,pvp,player_1,player_2,444,82.433,610.974,386.453,327.946,-148.497,stay,down,0,0
1775924143883,957,85569.70000004768,pvp,player_1,player_2,444,85.5,616.44,383.978,327.946,-148.497,stay,down,0,0
1775924143883,958,85586.5,pvp,player_1,player_2,444,88.822,621.906,381.503,327.946,-148.497,stay,down,0,0
1775924143883,959,85602.5,pvp,player_1,player_2,444,92.4,627.371,379.028,327.946,-148.497,stay,down,0,0
1775924143883,960,85619.60000002384,pvp,player_1,player_2,444,96.233,632.837,376.553,327.946,-148.497,stay,down,0,0
1775924143883,961,85636.39999997616,pvp,player_1,player_2,444,100.322,638.303,374.078,327.946,-148.497,stay,down,0,0
1775924143883,962,85653.20000004768,pvp,player_1,player_2,444,104.667,643.769,371.603,327.946,-148.497,stay,down,0,0
1775924143883,963,85669.60000002384,pvp,player_1,player_2,444,109.267,649.234,369.128,327.946,-148.497,stay,down,0,0
1775924143883,964,85686.5,pvp,player_1,player_2,444,114.122,654.7,366.653,327.946,-148.497,stay,down,0,0
1775924143883,965,85703.10000002384,pvp,player_1,player_2,444,119.233,660.166,364.178,327.946,-148.497,stay,down,0,0
1775924143883,966,85719.20000004768,pvp,player_1,player_2,444,124.6,665.632,361.703,327.946,-148.497,stay,down,0,0
1775924143883,967,85736.10000002384,pvp,player_1,player_2,444,130.222,671.097,359.228,327.946,-148.497,stay,down,0,0
1775924143883,968,85752.39999997616,pvp,player_1,player_2,444,135.65,676.563,356.753,327.946,-148.497,stay,stay,0,0
1775924143883,969,85769,pvp,player_1,player_2,444,140.883,682.029,354.278,327.946,-148.497,stay,stay,0,0
1775924143883,970,85785.70000004768,pvp,player_1,player_2,444,145.922,687.495,351.803,327.946,-148.497,stay,stay,0,0
1775924143883,971,85802.60000002384,pvp,player_1,player_2,444,150.767,692.96,349.328,327.946,-148.497,stay,stay,0,0
1775924143883,972,85819.10000002384,pvp,player_1,player_2,444,155.417,698.426,346.853,327.946,-148.497,stay,stay,0,0
1775924143883,973,85835.89999997616,pvp,player_1,player_2,444,159.872,703.892,344.379,327.946,-148.497,stay,stay,0,0
1775924143883,974,85852.60000002384,pvp,player_1,player_2,444,164.133,709.358,341.904,327.946,-148.497,stay,stay,0,0
1775924143883,975,85870.10000002384,pvp,player_1,player_2,444,168.2,714.824,339.429,327.946,-148.497,stay,stay,0,0
1775924143883,976,85886.89999997616,pvp,player_1,player_2,444,172.072,720.289,336.954,327.946,-148.497,stay,stay,0,0
1775924143883,977,85903.20000004768,pvp,player_1,player_2,444,175.75,725.755,334.479,327.946,-148.497,stay,stay,0,0
1775924143883,978,85920.10000002384,pvp,player_1,player_2,444,179.233,731.221,332.004,327.946,-148.497,stay,stay,0,0
1775924143883,979,85936.60000002384,pvp,player_1,player_2,444,182.522,736.687,329.529,327.946,-148.497,stay,stay,0,0
1775924143883,980,85953.5,pvp,player_1,player_2,444,185.617,742.152,327.054,327.946,-148.497,stay,stay,0,0
1775924143883,981,85969.70000004768,pvp,player_1,player_2,444,188.517,747.618,324.579,327.946,-148.497,stay,stay,0,0
1775924143883,982,85986.30000007153,pvp,player_1,player_2,444,191.222,753.084,322.104,327.946,-148.497,stay,stay,0,0
1775924143883,983,86002.80000007153,pvp,player_1,player_2,444,193.733,758.55,319.629,327.946,-148.497,stay,stay,0,0
1775924143883,984,86019.89999997616,pvp,player_1,player_2,444,196.05,764.015,317.154,327.946,-148.497,stay,stay,0,0
1775924143883,985,86036.60000002384,pvp,player_1,player_2,444,198.172,769.481,314.679,327.946,-148.497,stay,stay,0,0
1775924143883,986,86053.20000004768,pvp,player_1,player_2,444,200.1,774.947,312.204,327.946,-148.497,stay,stay,0,0
1775924143883,987,86070,pvp,player_1,player_2,444,201.833,780.413,309.729,327.946,-148.497,stay,stay,0,0
1775924143883,988,86086.10000002384,pvp,player_1,player_2,444,203.372,785.879,307.254,327.946,-148.497,stay,stay,0,0
1775924143883,989,86103.10000002384,pvp,player_1,player_2,444,204.717,791.344,304.779,327.946,-148.497,stay,stay,0,0
1775924143883,990,86120,pvp,player_1,player_2,444,205.867,796.81,302.304,327.946,-148.497,stay,stay,0,0
1775924143883,991,86136.70000004768,pvp,player_1,player_2,444,206.822,802.276,299.829,327.946,-148.497,stay,stay,0,0
1775924143883,992,86153.30000007153,pvp,player_1,player_2,444,207.583,807.742,297.354,327.946,-148.497,stay,stay,0,0
1775924143883,993,86169.20000004768,pvp,player_1,player_2,444,208.15,813.207,294.879,327.946,-148.497,stay,stay,0,0
1775924143883,994,86186.5,pvp,player_1,player_2,444,208.522,818.673,292.405,327.946,-148.497,stay,stay,0,0
1775924143883,995,86203.39999997616,pvp,player_1,player_2,444,208.522,824.139,289.93,327.946,-148.497,stay,stay,0,0
1775924143883,996,86219.80000007153,pvp,player_1,player_2,444,208.522,829.605,287.455,327.946,-148.497,stay,stay,0,0
1775924143883,997,86236.60000002384,pvp,player_1,player_2,444,208.522,835.07,284.98,327.946,-148.497,stay,stay,0,0
1775924143883,998,86253.10000002384,pvp,player_1,player_2,444,208.522,840.536,282.505,327.946,-148.497,stay,stay,0,0
1775924143883,999,86269.89999997616,pvp,player_1,player_2,444,208.522,846.002,280.03,327.946,-148.497,stay,stay,0,0
1775924143883,1000,86286.80000007153,pvp,player_1,player_2,444,208.522,851.468,277.555,327.946,-148.497,stay,stay,0,0
1775924143883,1001,86302.80000007153,pvp,player_1,player_2,444,208.522,856.934,275.08,327.946,-148.497,stay,stay,0,0
1775924143883,1002,86319.30000007153,pvp,player_1,player_2,444,208.522,862.399,272.605,327.946,-148.497,stay,stay,0,0
1775924143883,1003,86335.89999997616,pvp,player_1,player_2,444,208.522,867.865,270.13,327.946,-148.497,stay,stay,0,0
1775924143883,1004,86352.60000002384,pvp,player_1,player_2,444,208.522,873.331,267.655,327.946,-148.497,stay,stay,0,0
1775924143883,1005,86369.10000002384,pvp,player_1,player_2,444,208.522,878.797,265.18,327.946,-148.497,stay,stay,0,0
1775924143883,1006,86386.30000007153,pvp,player_1,player_2,444,208.522,884.262,262.705,327.946,-148.497,stay,stay,0,0
1775924143883,1007,86403.20000004768,pvp,player_1,player_2,444,208.522,889.728,260.23,327.946,-148.497,stay,stay,0,0
1775924143883,1008,86419.30000007153,pvp,player_1,player_2,444,208.522,895.194,257.755,327.946,-148.497,stay,stay,0,0
1775924143883,1009,86436.10000002384,pvp,player_1,player_2,444,208.522,900.66,255.28,327.946,-148.497,stay,stay,0,0
1775924143883,1010,86453.10000002384,pvp,player_1,player_2,444,208.522,906.125,252.805,327.946,-148.497,stay,stay,0,0
1775924143883,1011,86469.80000007153,pvp,player_1,player_2,444,208.522,911.591,250.33,327.946,-148.497,stay,stay,0,0
1775924143883,1012,86486.80000007153,pvp,player_1,player_2,444,208.522,912,247.855,-372.056,-77.295,stay,stay,0,0
1775924143883,1013,86503.30000007153,pvp,player_1,player_2,444,208.267,905.799,246.567,-372.056,-77.295,stay,up,0,0
1775924143883,1014,86520.10000002384,pvp,player_1,player_2,444,207.756,899.598,245.279,-372.056,-77.295,stay,up,0,0
1775924143883,1015,86536.70000004768,pvp,player_1,player_2,444,206.989,893.397,243.991,-372.056,-77.295,stay,up,0,0
1775924143883,1016,86553.30000007153,pvp,player_1,player_2,444,205.967,887.196,242.702,-372.056,-77.295,stay,up,0,0
1775924143883,1017,86570.10000002384,pvp,player_1,player_2,444,204.689,880.995,241.414,-372.056,-77.295,stay,up,0,0
1775924143883,1018,86586.60000002384,pvp,player_1,player_2,444,203.156,874.794,240.126,-372.056,-77.295,stay,up,0,0
1775924143883,1019,86603.39999997616,pvp,player_1,player_2,444,201.367,868.594,238.838,-372.056,-77.295,stay,up,0,0
1775924143883,1020,86620,pvp,player_1,player_2,444,199.322,862.393,237.549,-372.056,-77.295,stay,up,0,0
1775924143883,1021,86636.60000002384,pvp,player_1,player_2,444,197.022,856.192,236.261,-372.056,-77.295,stay,up,0,0
1775924143883,1022,86653.39999997616,pvp,player_1,player_2,444,194.467,849.991,234.973,-372.056,-77.295,stay,up,0,0
1775924143883,1023,86670.20000004768,pvp,player_1,player_2,444,191.656,843.79,233.685,-372.056,-77.295,stay,up,0,0
1775924143883,1024,86686.10000002384,pvp,player_1,player_2,444,188.589,837.589,232.396,-372.056,-77.295,stay,up,0,0
1775924143883,1025,86703.39999997616,pvp,player_1,player_2,444,185.267,831.388,231.108,-372.056,-77.295,stay,up,0,0
1775924143883,1026,86719.10000002384,pvp,player_1,player_2,444,181.689,825.187,229.82,-372.056,-77.295,stay,up,0,0
1775924143883,1027,86736,pvp,player_1,player_2,444,177.856,818.986,228.532,-372.056,-77.295,stay,up,0,0
1775924143883,1028,86753.10000002384,pvp,player_1,player_2,444,173.767,812.785,227.243,-372.056,-77.295,stay,up,0,0
1775924143883,1029,86769.89999997616,pvp,player_1,player_2,444,169.422,806.584,225.955,-372.056,-77.295,stay,up,0,0
1775924143883,1030,86786.60000002384,pvp,player_1,player_2,444,164.822,800.383,224.667,-372.056,-77.295,stay,up,0,0
1775924143883,1031,86803.30000007153,pvp,player_1,player_2,444,160.417,794.182,223.379,-372.056,-77.295,stay,stay,0,0
1775924143883,1032,86820.10000002384,pvp,player_1,player_2,444,156.206,787.981,222.09,-372.056,-77.295,stay,stay,0,0
1775924143883,1033,86836.70000004768,pvp,player_1,player_2,444,152.189,781.781,220.802,-372.056,-77.295,stay,stay,0,0
1775924143883,1034,86852.89999997616,pvp,player_1,player_2,444,148.367,775.58,219.514,-372.056,-77.295,stay,stay,0,0
1775924143883,1035,86870,pvp,player_1,player_2,444,144.739,769.379,218.226,-372.056,-77.295,stay,stay,0,0
1775924143883,1036,86886.70000004768,pvp,player_1,player_2,444,141.306,763.178,216.937,-372.056,-77.295,stay,stay,0,0
1775924143883,1037,86903.10000002384,pvp,player_1,player_2,444,138.067,756.977,215.649,-372.056,-77.295,stay,stay,0,0
1775924143883,1038,86919.5,pvp,player_1,player_2,444,135.022,750.776,214.361,-372.056,-77.295,stay,stay,0,0
1775924143883,1039,86936.5,pvp,player_1,player_2,444,132.172,744.575,213.072,-372.056,-77.295,stay,stay,0,0
1775924143883,1040,86952.89999997616,pvp,player_1,player_2,444,129.517,738.374,211.784,-372.056,-77.295,stay,stay,0,0
1775924143883,1041,86969.80000007153,pvp,player_1,player_2,444,127.056,732.173,210.496,-372.056,-77.295,stay,stay,0,0
1775924143883,1042,86986.30000007153,pvp,player_1,player_2,444,124.789,725.972,209.208,-372.056,-77.295,stay,stay,0,0
1775924143883,1043,87003.39999997616,pvp,player_1,player_2,444,122.717,719.771,207.919,-372.056,-77.295,stay,stay,0,0
1775924143883,1044,87019.80000007153,pvp,player_1,player_2,444,120.839,713.57,206.631,-372.056,-77.295,stay,stay,0,0
1775924143883,1045,87036.10000002384,pvp,player_1,player_2,444,119.156,707.369,205.343,-372.056,-77.295,stay,stay,0,0
1775924143883,1046,87053.20000004768,pvp,player_1,player_2,444,117.667,701.168,204.055,-372.056,-77.295,stay,stay,0,0
1775924143883,1047,87070,pvp,player_1,player_2,444,116.372,694.968,202.766,-372.056,-77.295,stay,stay,0,0
1775924143883,1048,87087.10000002384,pvp,player_1,player_2,444,115.272,688.767,201.478,-372.056,-77.295,stay,stay,0,0
1775924143883,1049,87102.89999997616,pvp,player_1,player_2,444,114.367,682.566,200.19,-372.056,-77.295,stay,stay,0,0
1775924143883,1050,87119.89999997616,pvp,player_1,player_2,444,113.656,676.365,198.902,-372.056,-77.295,stay,stay,0,0
1775924143883,1051,87136.60000002384,pvp,player_1,player_2,444,113.139,670.164,197.613,-372.056,-77.295,stay,stay,0,0
1775924143883,1052,87153.20000004768,pvp,player_1,player_2,444,112.817,663.963,196.325,-372.056,-77.295,stay,stay,0,0
1775924143883,1053,87170,pvp,player_1,player_2,444,112.817,657.762,195.037,-372.056,-77.295,stay,stay,0,0
1775924143883,1054,87186.20000004768,pvp,player_1,player_2,444,112.817,651.561,193.749,-372.056,-77.295,stay,stay,0,0
1775924143883,1055,87203.39999997616,pvp,player_1,player_2,444,112.817,645.36,192.46,-372.056,-77.295,stay,stay,0,0
1775924143883,1056,87219.5,pvp,player_1,player_2,444,112.817,639.159,191.172,-372.056,-77.295,stay,stay,0,0
1775924143883,1057,87236,pvp,player_1,player_2,444,112.817,632.958,189.884,-372.056,-77.295,stay,stay,0,0
1775924143883,1058,87252.70000004768,pvp,player_1,player_2,443.744,112.817,626.757,188.596,-372.056,-77.295,up,stay,0,0
1775924143883,1059,87269.20000004768,pvp,player_1,player_2,443.233,112.817,620.556,187.307,-372.056,-77.295,up,stay,0,0
1775924143883,1060,87286,pvp,player_1,player_2,442.467,112.817,614.355,186.019,-372.056,-77.295,up,stay,0,0
1775924143883,1061,87302.60000002384,pvp,player_1,player_2,441.444,112.817,608.155,184.731,-372.056,-77.295,up,stay,0,0
1775924143883,1062,87319.20000004768,pvp,player_1,player_2,440.167,112.817,601.954,183.443,-372.056,-77.295,up,stay,0,0
1775924143883,1063,87336.80000007153,pvp,player_1,player_2,438.633,112.817,595.753,182.154,-372.056,-77.295,up,stay,0,0
1775924143883,1064,87353.20000004768,pvp,player_1,player_2,436.844,112.817,589.552,180.866,-372.056,-77.295,up,stay,0,0
1775924143883,1065,87370,pvp,player_1,player_2,434.8,112.817,583.351,179.578,-372.056,-77.295,up,stay,0,0
1775924143883,1066,87386.80000007153,pvp,player_1,player_2,432.5,112.817,577.15,178.29,-372.056,-77.295,up,stay,0,0
1775924143883,1067,87386.80000007153,pvp,player_1,player_2,429.944,112.817,570.949,177.001,-372.056,-77.295,up,stay,0,0
1775924143883,1068,87419.60000002384,pvp,player_1,player_2,427.133,112.817,564.748,175.713,-372.056,-77.295,up,stay,0,0
1775924143883,1069,87436.5,pvp,player_1,player_2,424.067,112.817,558.547,174.425,-372.056,-77.295,up,stay,0,0
1775924143883,1070,87453.20000004768,pvp,player_1,player_2,420.744,112.817,552.346,173.137,-372.056,-77.295,up,stay,0,0
1775924143883,1071,87470.10000002384,pvp,player_1,player_2,417.167,112.817,546.145,171.848,-372.056,-77.295,up,stay,0,0
1775924143883,1072,87486.89999997616,pvp,player_1,player_2,413.333,112.817,539.944,170.56,-372.056,-77.295,up,stay,0,0
1775924143883,1073,87503.30000007153,pvp,player_1,player_2,409.244,112.817,533.743,169.272,-372.056,-77.295,up,stay,0,0
1775924143883,1074,87519.80000007153,pvp,player_1,player_2,404.9,112.817,527.542,167.984,-372.056,-77.295,up,stay,0,0
1775924143883,1075,87536.5,pvp,player_1,player_2,400.3,112.817,521.342,166.695,-372.056,-77.295,up,stay,0,0
1775924143883,1076,87553.30000007153,pvp,player_1,player_2,395.444,112.817,515.141,165.407,-372.056,-77.295,up,stay,0,0
1775924143883,1077,87569.89999997616,pvp,player_1,player_2,390.333,112.817,508.94,164.119,-372.056,-77.295,up,stay,0,0
1775924143883,1078,87586.80000007153,pvp,player_1,player_2,384.967,112.817,502.739,162.831,-372.056,-77.295,up,stay,0,0
1775924143883,1079,87603,pvp,player_1,player_2,379.344,112.817,496.538,161.542,-372.056,-77.295,up,stay,0,0
1775924143883,1080,87619.5,pvp,player_1,player_2,373.467,112.817,490.337,160.254,-372.056,-77.295,up,stay,0,0
1775924143883,1081,87636,pvp,player_1,player_2,367.333,112.817,484.136,158.966,-372.056,-77.295,up,stay,0,0
1775924143883,1082,87652.60000002384,pvp,player_1,player_2,360.944,112.817,477.935,157.678,-372.056,-77.295,up,stay,0,0
1775924143883,1083,87669.39999997616,pvp,player_1,player_2,354.3,112.817,471.734,156.389,-372.056,-77.295,up,stay,0,0
1775924143883,1084,87685.80000007153,pvp,player_1,player_2,347.4,112.817,465.533,155.101,-372.056,-77.295,up,stay,0,0
1775924143883,1085,87702.70000004768,pvp,player_1,player_2,340.244,112.817,459.332,153.813,-372.056,-77.295,up,stay,0,0
1775924143883,1086,87719.39999997616,pvp,player_1,player_2,332.833,112.817,453.131,152.525,-372.056,-77.295,up,stay,0,0
1775924143883,1087,87736.60000002384,pvp,player_1,player_2,325.167,112.817,446.93,151.236,-372.056,-77.295,up,stay,0,0
1775924143883,1088,87753.20000004768,pvp,player_1,player_2,317.5,112.817,440.729,149.948,-372.056,-77.295,up,stay,0,0
1775924143883,1089,87769.5,pvp,player_1,player_2,309.833,112.817,434.529,148.66,-372.056,-77.295,up,stay,0,0
1775924143883,1090,87786.5,pvp,player_1,player_2,302.167,112.817,428.328,147.371,-372.056,-77.295,up,stay,0,0
1775924143883,1091,87803.30000007153,pvp,player_1,player_2,294.5,112.817,422.127,146.083,-372.056,-77.295,up,stay,0,0
1775924143883,1092,87819.60000002384,pvp,player_1,player_2,286.833,112.817,415.926,144.795,-372.056,-77.295,up,stay,0,0
1775924143883,1093,87835.80000007153,pvp,player_1,player_2,279.167,112.817,409.725,143.507,-372.056,-77.295,up,stay,0,0
1775924143883,1094,87852.60000002384,pvp,player_1,player_2,271.5,112.817,403.524,142.218,-372.056,-77.295,up,stay,0,0
1775924143883,1095,87870.10000002384,pvp,player_1,player_2,263.833,112.817,397.323,140.93,-372.056,-77.295,up,stay,0,0
1775924143883,1096,87886.39999997616,pvp,player_1,player_2,256.361,112.817,391.122,139.642,-372.056,-77.295,stay,stay,0,0
1775924143883,1097,87903.20000004768,pvp,player_1,player_2,249.083,112.817,384.921,138.354,-372.056,-77.295,stay,stay,0,0
1775924143883,1098,87920.10000002384,pvp,player_1,player_2,242,112.817,378.72,137.065,-372.056,-77.295,stay,stay,0,0
1775924143883,1099,87936.80000007153,pvp,player_1,player_2,235.111,112.817,372.519,135.777,-372.056,-77.295,stay,stay,0,0
1775924143883,1100,87953.30000007153,pvp,player_1,player_2,228.417,112.817,366.318,134.489,-372.056,-77.295,stay,stay,0,0
1775924143883,1101,87969.89999997616,pvp,player_1,player_2,221.917,112.817,360.117,133.201,-372.056,-77.295,stay,stay,0,0
1775924143883,1102,87986.80000007153,pvp,player_1,player_2,215.611,112.817,353.916,131.912,-372.056,-77.295,stay,stay,0,0
1775924143883,1103,88003.5,pvp,player_1,player_2,209.5,112.817,347.716,130.624,-372.056,-77.295,stay,stay,0,0
1775924143883,1104,88019.80000007153,pvp,player_1,player_2,203.583,112.817,341.515,129.336,-372.056,-77.295,stay,stay,0,0
1775924143883,1105,88036.60000002384,pvp,player_1,player_2,197.861,112.817,335.314,128.048,-372.056,-77.295,stay,stay,0,0
1775924143883,1106,88052.89999997616,pvp,player_1,player_2,192.333,112.817,329.113,126.759,-372.056,-77.295,stay,stay,0,0
1775924143883,1107,88069.10000002384,pvp,player_1,player_2,187,112.817,322.912,125.471,-372.056,-77.295,stay,stay,0,0
1775924143883,1108,88086.10000002384,pvp,player_1,player_2,181.861,112.817,316.711,124.183,-372.056,-77.295,stay,stay,0,0
1775924143883,1109,88103.10000002384,pvp,player_1,player_2,176.917,112.817,310.51,122.895,-372.056,-77.295,stay,stay,0,0
1775924143883,1110,88120.10000002384,pvp,player_1,player_2,172.167,112.817,304.309,121.606,-372.056,-77.295,stay,stay,0,0
1775924143883,1111,88136.70000004768,pvp,player_1,player_2,167.611,112.817,298.108,120.318,-372.056,-77.295,stay,stay,0,0
1775924143883,1112,88153,pvp,player_1,player_2,163.25,112.817,291.907,119.03,-372.056,-77.295,stay,stay,0,0
1775924143883,1113,88170.30000007153,pvp,player_1,player_2,159.083,112.817,285.706,117.742,-372.056,-77.295,stay,stay,0,0
1775924143883,1114,88186.70000004768,pvp,player_1,player_2,155.111,112.817,279.505,116.453,-372.056,-77.295,stay,stay,0,0
1775924143883,1115,88203.20000004768,pvp,player_1,player_2,151.333,112.817,273.304,115.165,-372.056,-77.295,stay,stay,0,0
1775924143883,1116,88219.89999997616,pvp,player_1,player_2,147.75,112.817,267.103,113.877,-372.056,-77.295,stay,stay,0,0
1775924143883,1117,88236.80000007153,pvp,player_1,player_2,144.361,112.817,260.903,112.589,-372.056,-77.295,stay,stay,0,0
1775924143883,1118,88253.30000007153,pvp,player_1,player_2,141.167,112.817,254.702,111.3,-372.056,-77.295,stay,stay,0,0
1775924143883,1119,88269.30000007153,pvp,player_1,player_2,138.167,112.817,248.501,110.012,-372.056,-77.295,stay,stay,0,0
1775924143883,1120,88285.89999997616,pvp,player_1,player_2,134.911,112.817,242.3,108.724,-372.056,-77.295,up,stay,0,0
1775924143883,1121,88303.20000004768,pvp,player_1,player_2,131.4,112.817,236.099,107.436,-372.056,-77.295,up,stay,0,0
1775924143883,1122,88319.60000002384,pvp,player_1,player_2,127.633,112.817,229.898,106.147,-372.056,-77.295,up,stay,0,0
1775924143883,1123,88336.5,pvp,player_1,player_2,123.611,112.817,223.697,104.859,-372.056,-77.295,up,stay,0,0
1775924143883,1124,88353.5,pvp,player_1,player_2,119.333,112.817,217.496,103.571,-372.056,-77.295,up,stay,0,0
1775924143883,1125,88369.70000004768,pvp,player_1,player_2,114.8,112.817,211.295,102.283,-372.056,-77.295,up,stay,0,0
1775924143883,1126,88386.60000002384,pvp,player_1,player_2,110.011,112.817,205.094,100.994,-372.056,-77.295,up,stay,0,0
1775924143883,1127,88403.5,pvp,player_1,player_2,104.967,112.817,198.893,99.706,-372.056,-77.295,up,stay,0,0
1775924143883,1128,88419.89999997616,pvp,player_1,player_2,99.667,112.817,192.692,98.418,-372.056,-77.295,up,stay,0,0
1775924143883,1129,88436.5,pvp,player_1,player_2,94.111,112.817,186.491,97.13,-372.056,-77.295,up,stay,0,0
1775924143883,1130,88453.30000007153,pvp,player_1,player_2,88.3,112.817,180.29,95.841,-372.056,-77.295,up,stay,0,0
1775924143883,1131,88470,pvp,player_1,player_2,82.233,112.817,174.09,94.553,-372.056,-77.295,up,stay,0,0
1775924143883,1132,88486.70000004768,pvp,player_1,player_2,75.911,112.817,167.889,93.265,-372.056,-77.295,up,stay,0,0
1775924143883,1133,88503.30000007153,pvp,player_1,player_2,69.333,112.817,161.688,91.977,-372.056,-77.295,up,stay,0,0
1775924143883,1134,88519.60000002384,pvp,player_1,player_2,62.5,112.817,155.487,90.688,-372.056,-77.295,up,stay,0,0
1775924143883,1135,88536.10000002384,pvp,player_1,player_2,55.411,112.817,149.286,89.4,-372.056,-77.295,up,stay,0,0
1775924143883,1136,88553.10000002384,pvp,player_1,player_2,48.067,112.817,143.085,88.112,-372.056,-77.295,up,stay,0,0
1775924143883,1137,88569.89999997616,pvp,player_1,player_2,40.467,112.817,136.884,86.824,-372.056,-77.295,up,stay,0,0
1775924143883,1138,88586.39999997616,pvp,player_1,player_2,32.8,112.817,130.683,85.535,-372.056,-77.295,up,stay,0,0
1775924143883,1139,88603.39999997616,pvp,player_1,player_2,25.133,112.817,124.482,84.247,-372.056,-77.295,up,stay,0,0
1775924143883,1140,88620,pvp,player_1,player_2,17.467,112.817,118.281,82.959,-372.056,-77.295,up,stay,0,0
1775924143883,1141,88636.80000007153,pvp,player_1,player_2,9.8,112.817,112.08,81.67,-372.056,-77.295,up,stay,0,0
1775924143883,1142,88653.20000004768,pvp,player_1,player_2,2.133,112.817,105.879,80.382,-372.056,-77.295,up,stay,0,0
1775924143883,1143,88670,pvp,player_1,player_2,0,112.817,99.678,79.094,-372.056,-77.295,up,stay,0,0
1775924143883,1144,88685.80000007153,pvp,player_1,player_2,0,112.817,93.477,77.806,-372.056,-77.295,up,stay,0,0
1775924143883,1145,88702.39999997616,pvp,player_1,player_2,0,112.817,87.277,76.517,-372.056,-77.295,up,stay,0,0
1775924143883,1146,88719.10000002384,pvp,player_1,player_2,0,112.817,81.076,75.229,-372.056,-77.295,up,stay,0,0
1775924143883,1147,88735.70000004768,pvp,player_1,player_2,0,112.817,74.875,73.941,-372.056,-77.295,up,stay,0,0
1775924143883,1148,88753.30000007153,pvp,player_1,player_2,0,112.817,68.674,72.653,-372.056,-77.295,up,stay,0,0
1775924143883,1149,88769.89999997616,pvp,player_1,player_2,0,112.817,62.473,71.364,-372.056,-77.295,stay,stay,0,0
1775924143883,1150,88786.60000002384,pvp,player_1,player_2,0,112.817,56.272,70.076,-372.056,-77.295,stay,stay,0,0
1775924143883,1151,88803.30000007153,pvp,player_1,player_2,0,112.817,50.071,68.788,-372.056,-77.295,stay,stay,0,0
1775924143883,1152,88819.89999997616,pvp,player_1,player_2,0,112.817,48,67.5,358.267,177.891,stay,stay,0,0
1775924143883,1153,88836.80000007153,pvp,player_1,player_2,0,112.817,53.971,70.465,358.267,177.891,stay,stay,0,0
1775924143883,1154,88852.80000007153,pvp,player_1,player_2,0,112.817,59.942,73.429,358.267,177.891,stay,stay,0,0
1775924143883,1155,88870,pvp,player_1,player_2,0,112.817,65.913,76.394,358.267,177.891,stay,stay,0,0
1775924143883,1156,88886.60000002384,pvp,player_1,player_2,0,112.817,71.884,79.359,358.267,177.891,stay,stay,0,0
1775924143883,1157,88903.20000004768,pvp,player_1,player_2,0,112.817,77.856,82.324,358.267,177.891,stay,stay,0,0
1775924143883,1158,88920,pvp,player_1,player_2,0,112.817,83.827,85.289,358.267,177.891,stay,stay,0,0
1775924143883,1159,88936.80000007153,pvp,player_1,player_2,0,112.817,89.798,88.254,358.267,177.891,stay,stay,0,0
1775924143883,1160,88953.20000004768,pvp,player_1,player_2,0,112.817,95.769,91.218,358.267,177.891,stay,stay,0,0
1775924143883,1161,88969.30000007153,pvp,player_1,player_2,0,112.817,101.74,94.183,358.267,177.891,stay,stay,0,0
1775924143883,1162,88986.10000002384,pvp,player_1,player_2,0,112.817,107.711,97.148,358.267,177.891,stay,stay,0,0
1775924143883,1163,89003.10000002384,pvp,player_1,player_2,0,112.817,113.682,100.113,358.267,177.891,stay,stay,0,0
1775924143883,1164,89019.89999997616,pvp,player_1,player_2,0,112.817,119.653,103.078,358.267,177.891,stay,stay,0,0
1775924143883,1165,89036.5,pvp,player_1,player_2,0,112.817,125.624,106.043,358.267,177.891,stay,stay,0,0
1775924143883,1166,89053.20000004768,pvp,player_1,player_2,0,112.817,131.596,109.007,358.267,177.891,stay,stay,0,0
1775924143883,1167,89070,pvp,player_1,player_2,0,112.817,137.567,111.972,358.267,177.891,stay,stay,0,0
1775924143883,1168,89086.60000002384,pvp,player_1,player_2,0,112.817,143.538,114.937,358.267,177.891,stay,stay,0,0
1775924143883,1169,89103.30000007153,pvp,player_1,player_2,0,112.817,149.509,117.902,358.267,177.891,stay,stay,0,0
1775924143883,1170,89119.39999997616,pvp,player_1,player_2,0,112.817,155.48,120.867,358.267,177.891,stay,stay,0,0
1775924143883,1171,89136.60000002384,pvp,player_1,player_2,0,112.817,161.451,123.832,358.267,177.891,stay,stay,0,0
1775924143883,1172,89153,pvp,player_1,player_2,0,112.817,167.422,126.797,358.267,177.891,stay,stay,0,0
1775924143883,1173,89170.10000002384,pvp,player_1,player_2,0,112.817,173.393,129.761,358.267,177.891,stay,stay,0,0
1775924143883,1174,89186.5,pvp,player_1,player_2,0,112.817,179.364,132.726,358.267,177.891,stay,stay,0,0
1775924143883,1175,89202.89999997616,pvp,player_1,player_2,0,112.817,185.336,135.691,358.267,177.891,stay,stay,0,0
1775924143883,1176,89219.5,pvp,player_1,player_2,0,112.817,191.307,138.656,358.267,177.891,stay,stay,0,0
1775924143883,1177,89236.20000004768,pvp,player_1,player_2,0,112.817,197.278,141.621,358.267,177.891,stay,stay,0,0
1775924143883,1178,89253.30000007153,pvp,player_1,player_2,0,112.817,203.249,144.586,358.267,177.891,stay,stay,0,0
1775924143883,1179,89269.89999997616,pvp,player_1,player_2,0,112.817,209.22,147.55,358.267,177.891,stay,stay,0,0
1775924143883,1180,89286.5,pvp,player_1,player_2,0,112.817,215.191,150.515,358.267,177.891,stay,stay,0,0
1775924143883,1181,89303.20000004768,pvp,player_1,player_2,0,112.817,221.162,153.48,358.267,177.891,stay,stay,0,0
1775924143883,1182,89319.89999997616,pvp,player_1,player_2,0,112.817,227.133,156.445,358.267,177.891,stay,stay,0,0
1775924143883,1183,89336.30000007153,pvp,player_1,player_2,0,112.817,233.104,159.41,358.267,177.891,stay,stay,0,0
1775924143883,1184,89353.20000004768,pvp,player_1,player_2,0,112.817,239.076,162.375,358.267,177.891,stay,stay,0,0
1775924143883,1185,89369.89999997616,pvp,player_1,player_2,0,112.817,245.047,165.34,358.267,177.891,stay,stay,0,0
1775924143883,1186,89386.80000007153,pvp,player_1,player_2,0,112.817,251.018,168.304,358.267,177.891,stay,stay,0,0
1775924143883,1187,89403,pvp,player_1,player_2,0,112.817,256.989,171.269,358.267,177.891,stay,stay,0,0
1775924143883,1188,89419.70000004768,pvp,player_1,player_2,0,112.817,262.96,174.234,358.267,177.891,stay,stay,0,0
1775924143883,1189,89436.5,pvp,player_1,player_2,0,112.817,268.931,177.199,358.267,177.891,stay,stay,0,0
1775924143883,1190,89453,pvp,player_1,player_2,0,112.817,274.902,180.164,358.267,177.891,stay,stay,0,0
1775924143883,1191,89469.39999997616,pvp,player_1,player_2,0,112.817,280.873,183.129,358.267,177.891,stay,stay,0,0
1775924143883,1192,89486.39999997616,pvp,player_1,player_2,0.256,112.817,286.844,186.093,358.267,177.891,down,stay,0,0
1775924143883,1193,89503.10000002384,pvp,player_1,player_2,0.767,112.817,292.815,189.058,358.267,177.891,down,stay,0,0
1775924143883,1194,89520,pvp,player_1,player_2,1.533,112.817,298.787,192.023,358.267,177.891,down,stay,0,0
1775924143883,1195,89536.5,pvp,player_1,player_2,2.556,112.817,304.758,194.988,358.267,177.891,down,stay,0,0
1775924143883,1196,89553.20000004768,pvp,player_1,player_2,3.833,112.817,310.729,197.953,358.267,177.891,down,stay,0,0
1775924143883,1197,89569.39999997616,pvp,player_1,player_2,5.367,112.817,316.7,200.918,358.267,177.891,down,stay,0,0
1775924143883,1198,89586.70000004768,pvp,player_1,player_2,7.156,112.817,322.671,203.882,358.267,177.891,down,stay,0,0
1775924143883,1199,89603.20000004768,pvp,player_1,player_2,9.2,112.817,328.642,206.847,358.267,177.891,down,stay,0,0
1775924143883,1200,89619.70000004768,pvp,player_1,player_2,11.05,112.817,334.613,209.812,358.267,177.891,stay,stay,0,0
1775924143883,1201,89636.5,pvp,player_1,player_2,12.706,113.072,340.584,212.777,358.267,177.891,stay,down,0,0
1775924143883,1202,89653.30000007153,pvp,player_1,player_2,14.167,113.583,346.555,215.742,358.267,177.891,stay,down,0,0
1775924143883,1203,89670.30000007153,pvp,player_1,player_2,15.433,114.35,352.527,218.707,358.267,177.891,stay,down,0,0
1775924143883,1204,89686.10000002384,pvp,player_1,player_2,16.506,115.372,358.498,221.672,358.267,177.891,stay,down,0,0
1775924143883,1205,89703,pvp,player_1,player_2,17.383,116.65,364.469,224.636,358.267,177.891,stay,down,0,0
1775924143883,1206,89719.39999997616,pvp,player_1,player_2,18.067,118.183,370.44,227.601,358.267,177.891,stay,down,0,0
1775924143883,1207,89736.39999997616,pvp,player_1,player_2,18.556,119.972,376.411,230.566,358.267,177.891,stay,down,0,0
1775924143883,1208,89753.20000004768,pvp,player_1,player_2,18.85,122.017,382.382,233.531,358.267,177.891,stay,down,0,0
1775924143883,1209,89770,pvp,player_1,player_2,18.85,124.317,388.353,236.496,358.267,177.891,stay,down,0,0
1775924143883,1210,89786.60000002384,pvp,player_1,player_2,18.85,126.872,394.324,239.461,358.267,177.891,stay,down,0,0
1775924143883,1211,89803.20000004768,pvp,player_1,player_2,18.85,129.683,400.295,242.425,358.267,177.891,stay,down,0,0
1775924143883,1212,89820.10000002384,pvp,player_1,player_2,18.85,132.75,406.267,245.39,358.267,177.891,stay,down,0,0
1775924143883,1213,89836.70000004768,pvp,player_1,player_2,18.85,136.072,412.238,248.355,358.267,177.891,stay,down,0,0
1775924143883,1214,89852.89999997616,pvp,player_1,player_2,18.85,139.65,418.209,251.32,358.267,177.891,stay,down,0,0
1775924143883,1215,89869.89999997616,pvp,player_1,player_2,18.85,143.483,424.18,254.285,358.267,177.891,stay,down,0,0
1775924143883,1216,89886.5,pvp,player_1,player_2,18.85,147.572,430.151,257.25,358.267,177.891,stay,down,0,0
1775924143883,1217,89903.30000007153,pvp,player_1,player_2,18.85,151.917,436.122,260.214,358.267,177.891,stay,down,0,0
1775924143883,1218,89920.10000002384,pvp,player_1,player_2,18.85,156.517,442.093,263.179,358.267,177.891,stay,down,0,0
1775924143883,1219,89936.39999997616,pvp,player_1,player_2,18.85,161.372,448.064,266.144,358.267,177.891,stay,down,0,0
1775924143883,1220,89953.20000004768,pvp,player_1,player_2,18.85,166.483,454.035,269.109,358.267,177.891,stay,down,0,0
1775924143883,1221,89969.5,pvp,player_1,player_2,18.85,171.85,460.007,272.074,358.267,177.891,stay,down,0,0
1775924143883,1222,89986.60000002384,pvp,player_1,player_2,18.85,177.472,465.978,275.039,358.267,177.891,stay,down,0,0
1775924143883,1223,90003.20000004768,pvp,player_1,player_2,18.85,183.35,471.949,278.004,358.267,177.891,stay,down,0,0
1775924143883,1224,90019.89999997616,pvp,player_1,player_2,18.85,189.483,477.92,280.968,358.267,177.891,stay,down,0,0
1775924143883,1225,90036.30000007153,pvp,player_1,player_2,18.85,195.872,483.891,283.933,358.267,177.891,stay,down,0,0
1775924143883,1226,90052.80000007153,pvp,player_1,player_2,18.85,202.517,489.862,286.898,358.267,177.891,stay,down,0,0
1775924143883,1227,90069.39999997616,pvp,player_1,player_2,18.85,209.417,495.833,289.863,358.267,177.891,stay,down,0,0
1775924143883,1228,90086.20000004768,pvp,player_1,player_2,18.85,216.572,501.804,292.828,358.267,177.891,stay,down,0,0
1775924143883,1229,90102.70000004768,pvp,player_1,player_2,18.85,223.983,507.775,295.793,358.267,177.891,stay,down,0,0
1775924143883,1230,90119.80000007153,pvp,player_1,player_2,18.85,231.65,513.747,298.757,358.267,177.891,stay,down,0,0
1775924143883,1231,90135.60000002384,pvp,player_1,player_2,18.85,239.317,519.718,301.722,358.267,177.891,stay,down,0,0
1775924143883,1232,90153,pvp,player_1,player_2,18.85,246.983,525.689,304.687,358.267,177.891,stay,down,0,0
1775924143883,1233,90169.5,pvp,player_1,player_2,18.85,254.65,531.66,307.652,358.267,177.891,stay,down,0,0
1775924143883,1234,90186.30000007153,pvp,player_1,player_2,18.85,262.317,537.631,310.617,358.267,177.891,stay,down,0,0
1775924143883,1235,90202.80000007153,pvp,player_1,player_2,18.85,269.983,543.602,313.582,358.267,177.891,stay,down,0,0
1775924143883,1236,90219.39999997616,pvp,player_1,player_2,18.85,277.65,549.573,316.546,358.267,177.891,stay,down,0,0
1775924143883,1237,90236.5,pvp,player_1,player_2,18.85,285.317,555.544,319.511,358.267,177.891,stay,down,0,0
1775924143883,1238,90253.10000002384,pvp,player_1,player_2,18.85,292.983,561.515,322.476,358.267,177.891,stay,down,0,0
1775924143883,1239,90269.89999997616,pvp,player_1,player_2,18.85,300.65,567.487,325.441,358.267,177.891,stay,down,0,0
1775924143883,1240,90286.39999997616,pvp,player_1,player_2,18.85,308.122,573.458,328.406,358.267,177.891,stay,stay,0,0
1775924143883,1241,90303.20000004768,pvp,player_1,player_2,18.85,315.4,579.429,331.371,358.267,177.891,stay,stay,0,0
1775924143883,1242,90319.70000004768,pvp,player_1,player_2,18.85,322.483,585.4,334.336,358.267,177.891,stay,stay,0,0
1775924143883,1243,90336.39999997616,pvp,player_1,player_2,18.85,329.372,591.371,337.3,358.267,177.891,stay,stay,0,0
1775924143883,1244,90353.30000007153,pvp,player_1,player_2,18.85,336.067,597.342,340.265,358.267,177.891,stay,stay,0,0
1775924143883,1245,90370,pvp,player_1,player_2,18.85,342.567,603.313,343.23,358.267,177.891,stay,stay,0,0
1775924143883,1246,90386.39999997616,pvp,player_1,player_2,18.85,348.872,609.284,346.195,358.267,177.891,stay,stay,0,0
1775924143883,1247,90402.5,pvp,player_1,player_2,18.85,354.983,615.255,349.16,358.267,177.891,stay,stay,0,0
1775924143883,1248,90419.10000002384,pvp,player_1,player_2,18.85,360.9,621.227,352.125,358.267,177.891,stay,stay,0,0
1775924143883,1249,90436.30000007153,pvp,player_1,player_2,18.85,366.622,627.198,355.089,358.267,177.891,stay,stay,0,0
1775924143883,1250,90453.10000002384,pvp,player_1,player_2,18.85,372.15,633.169,358.054,358.267,177.891,stay,stay,0,0
1775924143883,1251,90469.89999997616,pvp,player_1,player_2,18.85,377.483,639.14,361.019,358.267,177.891,stay,stay,0,0
1775924143883,1252,90486.5,pvp,player_1,player_2,18.85,382.622,645.111,363.984,358.267,177.891,stay,stay,0,0
1775924143883,1253,90502.70000004768,pvp,player_1,player_2,18.85,387.567,651.082,366.949,358.267,177.891,stay,stay,0,0
1775924143883,1254,90519.30000007153,pvp,player_1,player_2,18.85,392.317,657.053,369.914,358.267,177.891,stay,stay,0,0
1775924143883,1255,90536,pvp,player_1,player_2,18.85,396.872,663.024,372.879,358.267,177.891,stay,stay,0,0
1775924143883,1256,90552.60000002384,pvp,player_1,player_2,18.85,401.233,668.995,375.843,358.267,177.891,stay,stay,0,0
1775924143883,1257,90569.30000007153,pvp,player_1,player_2,18.85,405.4,674.967,378.808,358.267,177.891,stay,stay,0,0
1775924143883,1258,90585.89999997616,pvp,player_1,player_2,18.85,409.372,680.938,381.773,358.267,177.891,stay,stay,0,0
1775924143883,1259,90602.5,pvp,player_1,player_2,18.85,413.15,686.909,384.738,358.267,177.891,stay,stay,0,0
1775924143883,1260,90619,pvp,player_1,player_2,18.85,416.733,692.88,387.703,358.267,177.891,stay,stay,0,0
1775924143883,1261,90635.89999997616,pvp,player_1,player_2,18.85,420.122,698.851,390.668,358.267,177.891,stay,stay,0,0
1775924143883,1262,90652.20000004768,pvp,player_1,player_2,18.85,423.317,704.822,393.632,358.267,177.891,stay,stay,0,0
1775924143883,1263,90669.30000007153,pvp,player_1,player_2,18.85,426.317,710.793,396.597,358.267,177.891,stay,stay,0,0
1775924143883,1264,90685.89999997616,pvp,player_1,player_2,18.85,429.122,716.764,399.562,358.267,177.891,stay,stay,0,0
1775924143883,1265,90702.5,pvp,player_1,player_2,18.85,431.733,722.735,402.527,358.267,177.891,stay,stay,0,0
1775924143883,1266,90719.10000002384,pvp,player_1,player_2,18.85,434.15,728.707,405.492,358.267,177.891,stay,stay,0,0
1775924143883,1267,90735.89999997616,pvp,player_1,player_2,18.85,436.372,734.678,408.457,358.267,177.891,stay,stay,0,0
1775924143883,1268,90752.60000002384,pvp,player_1,player_2,18.85,438.4,740.649,411.421,358.267,177.891,stay,stay,0,0
1775924143883,1269,90769.20000004768,pvp,player_1,player_2,18.85,440.233,746.62,414.386,358.267,177.891,stay,stay,0,0
1775924143883,1270,90785.70000004768,pvp,player_1,player_2,18.85,441.872,752.591,417.351,358.267,177.891,stay,stay,0,0
1775924143883,1271,90802.5,pvp,player_1,player_2,18.85,443.317,758.562,420.316,358.267,177.891,stay,stay,0,0
1775924143883,1272,90819.30000007153,pvp,player_1,player_2,18.85,444,764.533,423.281,358.267,177.891,stay,stay,0,0
1775924143883,1273,90836,pvp,player_1,player_2,18.85,444,770.504,426.246,358.267,177.891,stay,stay,0,0
1775924143883,1274,90852.30000007153,pvp,player_1,player_2,18.85,444,776.475,429.211,358.267,177.891,stay,stay,0,0
1775924143883,1275,90869.30000007153,pvp,player_1,player_2,18.85,444,782.446,432.175,358.267,177.891,stay,stay,0,0
1775924143883,1276,90885.89999997616,pvp,player_1,player_2,18.85,444,788.418,435.14,358.267,177.891,stay,stay,0,0
1775924143883,1277,90902.60000002384,pvp,player_1,player_2,18.85,444,794.389,438.105,358.267,177.891,stay,stay,0,0
1775924143883,1278,90919.20000004768,pvp,player_1,player_2,18.85,444,800.36,441.07,358.267,177.891,stay,stay,0,0
1775924143883,1279,90935.89999997616,pvp,player_1,player_2,18.85,444,806.331,444.035,358.267,177.891,stay,stay,0,0
1775924143883,1280,90953.5,pvp,player_1,player_2,18.85,444,812.302,447,358.267,177.891,stay,stay,0,0
1775924143883,1281,90969.60000002384,pvp,player_1,player_2,18.85,444,818.273,449.964,358.267,177.891,stay,stay,0,0
1775924143883,1282,90986.60000002384,pvp,player_1,player_2,18.85,444,824.244,452.929,358.267,177.891,stay,stay,0,0
1775924143883,1283,91003.20000004768,pvp,player_1,player_2,18.85,444,830.215,455.894,358.267,177.891,stay,stay,0,0
1775924143883,1284,91019.80000007153,pvp,player_1,player_2,18.85,444,836.186,458.859,358.267,177.891,stay,stay,0,0
1775924143883,1285,91036.60000002384,pvp,player_1,player_2,18.85,444,842.158,461.824,358.267,177.891,stay,stay,0,0
1775924143883,1286,91053.10000002384,pvp,player_1,player_2,18.85,444,848.129,464.789,358.267,177.891,stay,stay,0,0
1775924143883,1287,91069.70000004768,pvp,player_1,player_2,18.85,444,854.1,467.753,358.267,177.891,stay,stay,0,0
1775924143883,1288,91086.70000004768,pvp,player_1,player_2,18.85,444,860.071,470.718,358.267,177.891,stay,stay,0,0
1775924143883,1289,91103.5,pvp,player_1,player_2,18.85,444,866.042,473.683,358.267,177.891,stay,stay,0,0
1775924143883,1290,91120,pvp,player_1,player_2,18.85,444,872.013,476.648,358.267,177.891,stay,stay,0,0
1775924143883,1291,91136.70000004768,pvp,player_1,player_2,18.85,444,877.984,479.613,358.267,177.891,stay,stay,0,0
1775924143883,1292,91152.80000007153,pvp,player_1,player_2,18.85,444,883.955,482.578,358.267,177.891,stay,stay,0,0
1775924143883,1293,91169.80000007153,pvp,player_1,player_2,18.85,444,889.926,485.543,358.267,177.891,stay,stay,0,0
1775924143883,1294,91186.80000007153,pvp,player_1,player_2,18.85,444,895.898,488.507,358.267,177.891,stay,stay,0,0
1775924143883,1295,91202.70000004768,pvp,player_1,player_2,18.85,444,901.869,491.472,358.267,177.891,stay,stay,0,0
1775924143883,1296,91219.5,pvp,player_1,player_2,18.85,444,907.84,494.437,358.267,177.891,stay,stay,0,0
1775924143883,1297,91236.5,pvp,player_1,player_2,18.85,444,912,497.402,-416.582,53.477,stay,stay,0,0
1775924143883,1298,91252.89999997616,pvp,player_1,player_2,18.85,444,905.057,498.293,-416.582,53.477,stay,stay,0,0
1775924143883,1299,91269.80000007153,pvp,player_1,player_2,18.85,444,898.114,499.184,-416.582,53.477,stay,stay,0,0
1775924143883,1300,91286,pvp,player_1,player_2,18.85,444,891.171,500.076,-416.582,53.477,stay,stay,0,0
1775924143883,1301,91303,pvp,player_1,player_2,18.85,444,884.228,500.967,-416.582,53.477,stay,stay,0,0
1775924143883,1302,91319.80000007153,pvp,player_1,player_2,18.85,444,877.285,501.858,-416.582,53.477,stay,stay,0,0
1775924143883,1303,91336.39999997616,pvp,player_1,player_2,18.85,444,870.342,502.75,-416.582,53.477,stay,stay,0,0
1775924143883,1304,91353.20000004768,pvp,player_1,player_2,18.85,444,863.399,503.641,-416.582,53.477,stay,stay,0,0
1775924143883,1305,91369.30000007153,pvp,player_1,player_2,18.85,444,856.456,504.532,-416.582,53.477,stay,stay,0,0
1775924143883,1306,91385.80000007153,pvp,player_1,player_2,18.85,444,849.513,505.423,-416.582,53.477,stay,stay,0,0
1775924143883,1307,91402.30000007153,pvp,player_1,player_2,18.85,444,842.57,506.315,-416.582,53.477,stay,stay,0,0
1775924143883,1308,91419,pvp,player_1,player_2,18.85,444,835.627,507.206,-416.582,53.477,stay,stay,0,0
1775924143883,1309,91435.80000007153,pvp,player_1,player_2,18.85,444,828.684,508.097,-416.582,53.477,stay,stay,0,0
1775924143883,1310,91452.60000002384,pvp,player_1,player_2,18.85,444,821.741,508.989,-416.582,53.477,stay,stay,0,0
1775924143883,1311,91469.89999997616,pvp,player_1,player_2,18.85,444,814.798,509.88,-416.582,53.477,stay,stay,0,0
1775924143883,1312,91486.5,pvp,player_1,player_2,18.85,444,807.855,510.771,-416.582,53.477,stay,stay,0,0
1775924143883,1313,91503.10000002384,pvp,player_1,player_2,18.85,444,800.912,511.662,-416.582,53.477,stay,stay,0,0
1775924143883,1314,91520.10000002384,pvp,player_1,player_2,18.85,444,793.969,512.554,-416.582,53.477,stay,stay,0,0
1775924143883,1315,91536,pvp,player_1,player_2,18.85,444,787.026,513.445,-416.582,53.477,stay,stay,0,0
1775924143883,1316,91552.5,pvp,player_1,player_2,18.85,444,780.082,514.336,-416.582,53.477,stay,stay,0,0
1775924143883,1317,91569.10000002384,pvp,player_1,player_2,18.85,444,773.139,515.227,-416.582,53.477,stay,stay,0,0
1775924143883,1318,91585.60000002384,pvp,player_1,player_2,18.85,444,766.196,516.119,-416.582,53.477,stay,stay,0,0
1775924143883,1319,91602.60000002384,pvp,player_1,player_2,18.85,444,759.253,517.01,-416.582,53.477,stay,stay,0,0
1775924143883,1320,91619.20000004768,pvp,player_1,player_2,18.85,444,752.31,517.901,-416.582,53.477,stay,stay,0,0
1775924143883,1321,91635.80000007153,pvp,player_1,player_2,18.85,444,745.367,518.793,-416.582,53.477,stay,stay,0,0
1775924143883,1322,91652.5,pvp,player_1,player_2,18.85,444,738.424,519.684,-416.582,53.477,stay,stay,0,0
1775924143883,1323,91669.10000002384,pvp,player_1,player_2,18.85,444,731.481,520.575,-416.582,53.477,stay,stay,0,0
1775924143883,1324,91685.80000007153,pvp,player_1,player_2,18.85,444,724.538,521.466,-416.582,53.477,stay,stay,0,0
1775924143883,1325,91702.5,pvp,player_1,player_2,18.85,444,717.595,522.358,-416.582,53.477,stay,stay,0,0
1775924143883,1326,91719.20000004768,pvp,player_1,player_2,18.85,444,710.652,523.249,-416.582,53.477,stay,stay,0,0
1775924143883,1327,91735.80000007153,pvp,player_1,player_2,18.85,444,703.709,524.14,-416.582,53.477,stay,stay,0,0
1775924143883,1328,91752.39999997616,pvp,player_1,player_2,18.85,444,696.766,525.032,-416.582,53.477,stay,stay,0,0
1775924143883,1329,91769,pvp,player_1,player_2,18.85,444,689.823,525.923,-416.582,53.477,stay,stay,0,0
1775924143883,1330,91785.80000007153,pvp,player_1,player_2,18.85,444,682.88,526.814,-416.582,53.477,stay,stay,0,0
1775924143883,1331,91802.30000007153,pvp,player_1,player_2,18.85,444,675.937,527.705,-416.582,53.477,stay,stay,0,0
1775924143883,1332,91819.20000004768,pvp,player_1,player_2,18.85,444,668.994,528.597,-416.582,53.477,stay,stay,0,0
1775924143883,1333,91835.70000004768,pvp,player_1,player_2,18.85,444,662.051,529.488,-416.582,53.477,stay,stay,0,0
1775924143883,1334,91852.5,pvp,player_1,player_2,18.85,444,655.108,530,-416.582,-53.477,stay,stay,0,0
1775924143883,1335,91869.20000004768,pvp,player_1,player_2,18.85,444,648.165,529.109,-416.582,-53.477,stay,stay,0,0
1775924143883,1336,91885.89999997616,pvp,player_1,player_2,18.85,444,641.222,528.217,-416.582,-53.477,stay,stay,0,0
1775924143883,1337,91902.39999997616,pvp,player_1,player_2,18.85,444,634.279,527.326,-416.582,-53.477,stay,stay,0,0
1775924143883,1338,91919.20000004768,pvp,player_1,player_2,18.85,444,627.336,526.435,-416.582,-53.477,stay,stay,0,0
1775924143883,1339,91935.5,pvp,player_1,player_2,18.85,444,620.393,525.544,-416.582,-53.477,stay,stay,0,0
1775924143883,1340,91952.39999997616,pvp,player_1,player_2,18.85,444,613.45,524.652,-416.582,-53.477,stay,stay,0,0
1775924143883,1341,91969,pvp,player_1,player_2,18.85,444,606.507,523.761,-416.582,-53.477,stay,stay,0,0
1775924143883,1342,91985.70000004768,pvp,player_1,player_2,18.85,444,599.564,522.87,-416.582,-53.477,stay,stay,0,0
1775924143883,1343,92002.30000007153,pvp,player_1,player_2,18.85,444,592.621,521.978,-416.582,-53.477,stay,stay,0,0
1775924143883,1344,92019.20000004768,pvp,player_1,player_2,18.85,444,585.678,521.087,-416.582,-53.477,stay,stay,0,0
1775924143883,1345,92035.80000007153,pvp,player_1,player_2,18.85,444,578.735,520.196,-416.582,-53.477,stay,stay,0,0
1775924143883,1346,92052.5,pvp,player_1,player_2,18.85,444,571.792,519.305,-416.582,-53.477,stay,stay,0,0
1775924143883,1347,92069.30000007153,pvp,player_1,player_2,18.85,444,564.849,518.413,-416.582,-53.477,stay,stay,0,0
1775924143883,1348,92085.80000007153,pvp,player_1,player_2,18.85,444,557.906,517.522,-416.582,-53.477,stay,stay,0,0
1775924143883,1349,92102.5,pvp,player_1,player_2,18.85,444,550.963,516.631,-416.582,-53.477,stay,stay,0,0
1775924143883,1350,92119,pvp,player_1,player_2,18.85,444,544.02,515.74,-416.582,-53.477,stay,stay,0,0
1775924143883,1351,92135.70000004768,pvp,player_1,player_2,18.85,444,537.077,514.848,-416.582,-53.477,stay,stay,0,0
1775924143883,1352,92152.5,pvp,player_1,player_2,18.85,444,530.134,513.957,-416.582,-53.477,stay,stay,0,0
1775924143883,1353,92169,pvp,player_1,player_2,18.85,444,523.19,513.066,-416.582,-53.477,stay,stay,0,0
1775924143883,1354,92185.80000007153,pvp,player_1,player_2,18.85,444,516.247,512.174,-416.582,-53.477,stay,stay,0,0
1775924143883,1355,92202.30000007153,pvp,player_1,player_2,18.85,444,509.304,511.283,-416.582,-53.477,stay,stay,0,0
1775924143883,1356,92219.10000002384,pvp,player_1,player_2,18.85,444,502.361,510.392,-416.582,-53.477,stay,stay,0,0
1775924143883,1357,92235.80000007153,pvp,player_1,player_2,18.85,444,495.418,509.501,-416.582,-53.477,stay,stay,0,0
1775924143883,1358,92252.39999997616,pvp,player_1,player_2,18.85,444,488.475,508.609,-416.582,-53.477,stay,stay,0,0
1775924143883,1359,92269.20000004768,pvp,player_1,player_2,18.85,444,481.532,507.718,-416.582,-53.477,stay,stay,0,0
1775924143883,1360,92285.60000002384,pvp,player_1,player_2,18.85,444,474.589,506.827,-416.582,-53.477,stay,stay,0,0
1775924143883,1361,92302.39999997616,pvp,player_1,player_2,18.85,444,467.646,505.935,-416.582,-53.477,stay,stay,0,0
1775924143883,1362,92319.20000004768,pvp,player_1,player_2,18.85,444,460.703,505.044,-416.582,-53.477,stay,stay,0,0
1775924143883,1363,92335.89999997616,pvp,player_1,player_2,18.85,444,453.76,504.153,-416.582,-53.477,stay,stay,0,0
1775924143883,1364,92352.60000002384,pvp,player_1,player_2,18.85,444,446.817,503.262,-416.582,-53.477,stay,stay,0,0
1775924143883,1365,92368.89999997616,pvp,player_1,player_2,18.85,444,439.874,502.37,-416.582,-53.477,stay,stay,0,0
1775924143883,1366,92385.70000004768,pvp,player_1,player_2,18.594,444,432.931,501.479,-416.582,-53.477,up,stay,0,0
1775924143883,1367,92402.30000007153,pvp,player_1,player_2,18.083,444,425.988,500.588,-416.582,-53.477,up,stay,0,0
1775924143883,1368,92419,pvp,player_1,player_2,17.317,444,419.045,499.697,-416.582,-53.477,up,stay,0,0
1775924143883,1369,92435.70000004768,pvp,player_1,player_2,16.294,444,412.102,498.805,-416.582,-53.477,up,stay,0,0
1775924143883,1370,92452.39999997616,pvp,player_1,player_2,15.017,444,405.159,497.914,-416.582,-53.477,up,stay,0,0
1775924143883,1371,92469.20000004768,pvp,player_1,player_2,13.483,444,398.216,497.023,-416.582,-53.477,up,stay,0,0
1775924143883,1372,92485.89999997616,pvp,player_1,player_2,11.694,444,391.273,496.131,-416.582,-53.477,up,stay,0,0
1775924143883,1373,92502.30000007153,pvp,player_1,player_2,9.65,444,384.33,495.24,-416.582,-53.477,up,stay,0,0
1775924143883,1374,92519.20000004768,pvp,player_1,player_2,7.35,444,377.387,494.349,-416.582,-53.477,up,stay,0,0
1775924143883,1375,92535.60000002384,pvp,player_1,player_2,4.794,444,370.444,493.458,-416.582,-53.477,up,stay,0,0
1775924143883,1376,92552.5,pvp,player_1,player_2,2.433,444,363.501,492.566,-416.582,-53.477,stay,stay,0,0
1775924143883,1377,92568.89999997616,pvp,player_1,player_2,0.267,444,356.558,491.675,-416.582,-53.477,stay,stay,0,0
1775924143883,1378,92585.80000007153,pvp,player_1,player_2,0,444,349.615,490.784,-416.582,-53.477,stay,stay,0,0
1775924143883,1379,92602.5,pvp,player_1,player_2,0,444,342.672,489.892,-416.582,-53.477,stay,stay,0,0
1775924143883,1380,92619.10000002384,pvp,player_1,player_2,0,444,335.729,489.001,-416.582,-53.477,stay,stay,0,0
1775924143883,1381,92635.80000007153,pvp,player_1,player_2,0,444,328.786,488.11,-416.582,-53.477,stay,stay,0,0
1775924143883,1382,92652.60000002384,pvp,player_1,player_2,0,444,321.843,487.219,-416.582,-53.477,stay,stay,0,0
1775924143883,1383,92669.20000004768,pvp,player_1,player_2,0,444,314.9,486.327,-416.582,-53.477,down,stay,0,0
1775924143883,1384,92685.89999997616,pvp,player_1,player_2,0,444,307.957,485.436,-416.582,-53.477,down,stay,0,0
1775924143883,1385,92702.5,pvp,player_1,player_2,0,444,301.014,484.545,-416.582,-53.477,down,stay,0,0
1775924143883,1386,92719.10000002384,pvp,player_1,player_2,0.25,444,294.071,483.653,-416.582,-53.477,down,stay,0,0
1775924143883,1387,92735.80000007153,pvp,player_1,player_2,0.756,444,287.128,482.762,-416.582,-53.477,down,stay,0,0
1775924143883,1388,92752.5,pvp,player_1,player_2,1.517,444,280.185,481.871,-416.582,-53.477,down,stay,0,0
1775924143883,1389,92769.10000002384,pvp,player_1,player_2,2.533,444,273.242,480.98,-416.582,-53.477,down,stay,0,0
1775924143883,1390,92785.70000004768,pvp,player_1,player_2,3.806,444,266.299,480.088,-416.582,-53.477,down,stay,0,0
1775924143883,1391,92802.39999997616,pvp,player_1,player_2,5.333,444,259.355,479.197,-416.582,-53.477,down,stay,0,0
1775924143883,1392,92818.89999997616,pvp,player_1,player_2,7.117,444,252.412,478.306,-416.582,-53.477,down,stay,0,0
1775924143883,1393,92835.80000007153,pvp,player_1,player_2,9.156,444,245.469,477.415,-416.582,-53.477,down,stay,0,0
1775924143883,1394,92852.10000002384,pvp,player_1,player_2,11.45,444,238.526,476.523,-416.582,-53.477,down,stay,0,0
1775924143883,1395,92869,pvp,player_1,player_2,14,444,231.583,475.632,-416.582,-53.477,down,stay,0,0
1775924143883,1396,92885.60000002384,pvp,player_1,player_2,16.806,444,224.64,474.741,-416.582,-53.477,down,stay,0,0
1775924143883,1397,92902.30000007153,pvp,player_1,player_2,19.867,444,217.697,473.849,-416.582,-53.477,down,stay,0,0
1775924143883,1398,92918.89999997616,pvp,player_1,player_2,23.183,444,210.754,472.958,-416.582,-53.477,down,stay,0,0
1775924143883,1399,92935.89999997616,pvp,player_1,player_2,26.756,444,203.811,472.067,-416.582,-53.477,down,stay,0,0
1775924143883,1400,92952.39999997616,pvp,player_1,player_2,30.583,444,196.868,471.176,-416.582,-53.477,down,stay,0,0
1775924143883,1401,92968.89999997616,pvp,player_1,player_2,34.667,444,189.925,470.284,-416.582,-53.477,down,stay,0,0
1775924143883,1402,92985.70000004768,pvp,player_1,player_2,39.006,444,182.982,469.393,-416.582,-53.477,down,stay,0,0
1775924143883,1403,93002.30000007153,pvp,player_1,player_2,43.6,444,176.039,468.502,-416.582,-53.477,down,stay,0,0
1775924143883,1404,93019.10000002384,pvp,player_1,player_2,48.45,444,169.096,467.61,-416.582,-53.477,down,stay,0,0
1775924143883,1405,93035.70000004768,pvp,player_1,player_2,53.556,444,162.153,466.719,-416.582,-53.477,down,stay,0,0
1775924143883,1406,93052.30000007153,pvp,player_1,player_2,58.917,444,155.21,465.828,-416.582,-53.477,down,stay,0,0
1775924143883,1407,93069,pvp,player_1,player_2,64.533,444,148.267,464.937,-416.582,-53.477,down,stay,0,0
1775924143883,1408,93085.60000002384,pvp,player_1,player_2,70.406,444,141.324,464.045,-416.582,-53.477,down,stay,0,0
1775924143883,1409,93102.30000007153,pvp,player_1,player_2,76.533,444,134.381,463.154,-416.582,-53.477,down,stay,0,0
1775924143883,1410,93118.70000004768,pvp,player_1,player_2,82.917,444,127.438,462.263,-416.582,-53.477,down,stay,0,0
1775924143883,1411,93135.60000002384,pvp,player_1,player_2,89.556,444,120.495,461.371,-416.582,-53.477,down,stay,0,0
1775924143883,1412,93152.20000004768,pvp,player_1,player_2,96.45,444,113.552,460.48,-416.582,-53.477,down,stay,0,0
1775924143883,1413,93168.80000007153,pvp,player_1,player_2,103.6,444,106.609,459.589,-416.582,-53.477,down,stay,0,0
1775924143883,1414,93185.70000004768,pvp,player_1,player_2,111.006,444,99.666,458.698,-416.582,-53.477,down,stay,0,0
1775924143883,1415,93202.39999997616,pvp,player_1,player_2,118.667,444,92.723,457.806,-416.582,-53.477,down,stay,0,0
1775924143883,1416,93219.20000004768,pvp,player_1,player_2,126.333,444,85.78,456.915,-416.582,-53.477,down,stay,0,0
1775924143883,1417,93235.60000002384,pvp,player_1,player_2,134,444,78.837,456.024,-416.582,-53.477,down,stay,0,0
1775924143883,1418,93252.5,pvp,player_1,player_2,141.667,444,71.894,455.133,-416.582,-53.477,down,stay,0,0
1775924143883,1419,93268.89999997616,pvp,player_1,player_2,149.333,444,64.951,454.241,-416.582,-53.477,down,stay,0,0
1775924143883,1420,93285.60000002384,pvp,player_1,player_2,157,444,58.008,453.35,-416.582,-53.477,down,stay,0,0
1775924143883,1421,93302.39999997616,pvp,player_1,player_2,164.667,444,51.065,452.459,-416.582,-53.477,down,stay,0,0
1775924143883,1422,93319.20000004768,pvp,player_1,player_2,172.333,444,44.122,451.567,-416.582,-53.477,down,stay,0,0
1775924143883,1423,93335.70000004768,pvp,player_1,player_2,180,444,37.179,450.676,-416.582,-53.477,down,stay,0,0
1775924143883,1424,93352.5,pvp,player_1,player_2,187.667,444,30.236,449.785,-416.582,-53.477,down,stay,0,0
1775924143883,1425,93368.89999997616,pvp,player_1,player_2,195.333,444,23.293,448.894,-416.582,-53.477,down,stay,0,0
1775924143883,1426,93385.39999997616,pvp,player_1,player_2,203,444,16.35,448.002,-416.582,-53.477,down,stay,0,0
1775924143883,1427,93402.20000004768,pvp,player_1,player_2,210.667,444,9.407,447.111,-416.582,-53.477,down,stay,0,0
1775924143883,1428,93418.80000007153,pvp,player_1,player_2,218.333,444,2.463,446.22,-416.582,-53.477,down,stay,0,0
1775924143883,1429,93435.5,pvp,player_1,player_2,226,444,-4.48,445.328,-416.582,-53.477,down,stay,0,0
1775924143883,1430,93452.39999997616,pvp,player_1,player_2,233.667,444,480,270,-280,0,down,stay,0,1
1775924143883,1431,93468.70000004768,pvp,player_1,player_2,241.333,444,475.333,270,-280,0,down,stay,0,1
1775924143883,1432,93485.60000002384,pvp,player_1,player_2,249,444,470.667,270,-280,0,down,stay,0,1
1775924143883,1433,93502.30000007153,pvp,player_1,player_2,256.667,444,466,270,-280,0,down,stay,0,1
1775924143883,1434,93518.89999997616,pvp,player_1,player_2,264.333,444,461.333,270,-280,0,down,stay,0,1
1775924143883,1435,93535.60000002384,pvp,player_1,player_2,272,444,456.667,270,-280,0,down,stay,0,1
1775924143883,1436,93552.30000007153,pvp,player_1,player_2,279.667,444,452,270,-280,0,down,stay,0,1
1775924143883,1437,93568.89999997616,pvp,player_1,player_2,287.333,444,447.333,270,-280,0,down,stay,0,1
1775924143883,1438,93585.60000002384,pvp,player_1,player_2,295,444,442.667,270,-280,0,down,stay,0,1
1775924143883,1439,93602.5,pvp,player_1,player_2,302.667,444,438,270,-280,0,down,stay,0,1
1775924143883,1440,93619,pvp,player_1,player_2,310.333,444,433.333,270,-280,0,down,stay,0,1
1775924143883,1441,93636,pvp,player_1,player_2,318,444,428.667,270,-280,0,down,stay,0,1
1775924143883,1442,93653.10000002384,pvp,player_1,player_2,325.667,444,424,270,-280,0,down,stay,0,1
1775924143883,1443,93669.20000004768,pvp,player_1,player_2,333.333,444,419.333,270,-280,0,down,stay,0,1
1775924143883,1444,93685.70000004768,pvp,player_1,player_2,341,444,414.667,270,-280,0,down,stay,0,1
1775924143883,1445,93702.30000007153,pvp,player_1,player_2,348.667,444,410,270,-280,0,down,stay,0,1
1775924143883,1446,93719,pvp,player_1,player_2,356.333,444,405.333,270,-280,0,down,stay,0,1
1775924143883,1447,93735.60000002384,pvp,player_1,player_2,364,444,400.667,270,-280,0,down,stay,0,1
1775924143883,1448,93752.10000002384,pvp,player_1,player_2,371.667,444,396,270,-280,0,down,stay,0,1
1775924143883,1449,93768.70000004768,pvp,player_1,player_2,379.333,444,391.333,270,-280,0,down,stay,0,1
1775924143883,1450,93785.60000002384,pvp,player_1,player_2,387,444,386.667,270,-280,0,down,stay,0,1
1775924143883,1451,93802.30000007153,pvp,player_1,player_2,394.472,444,382,270,-280,0,stay,stay,0,1
1775924143883,1452,93818.89999997616,pvp,player_1,player_2,401.75,444,377.333,270,-280,0,stay,stay,0,1
1775924143883,1453,93835.70000004768,pvp,player_1,player_2,408.833,444,372.667,270,-280,0,stay,stay,0,1
1775924143883,1454,93852.10000002384,pvp,player_1,player_2,415.722,444,368,270,-280,0,stay,stay,0,1
1775924143883,1455,93869.10000002384,pvp,player_1,player_2,422.417,444,363.333,270,-280,0,stay,stay,0,1
1775924143883,1456,93885.70000004768,pvp,player_1,player_2,428.917,444,358.667,270,-280,0,stay,stay,0,1
1775924143883,1457,93902.39999997616,pvp,player_1,player_2,435.222,444,354,270,-280,0,stay,stay,0,1
1775924143883,1458,93919.10000002384,pvp,player_1,player_2,441.333,444,349.333,270,-280,0,stay,stay,0,1
1775924143883,1459,93936,pvp,player_1,player_2,444,444,344.667,270,-280,0,stay,stay,0,1
1775924143883,1460,93952.39999997616,pvp,player_1,player_2,444,444,340,270,-280,0,stay,stay,0,1
1775924143883,1461,93968.80000007153,pvp,player_1,player_2,444,444,335.333,270,-280,0,up,stay,0,1
1775924143883,1462,93985.80000007153,pvp,player_1,player_2,444,444,330.667,270,-280,0,up,stay,0,1
1775924143883,1463,94002.5,pvp,player_1,player_2,444,444,326,270,-280,0,up,stay,0,1
1775924143883,1464,94019,pvp,player_1,player_2,444,444,321.333,270,-280,0,up,stay,0,1
1775924143883,1465,94035.80000007153,pvp,player_1,player_2,444,444,316.667,270,-280,0,up,stay,0,1
1775924143883,1466,94052.5,pvp,player_1,player_2,444,444,312,270,-280,0,up,stay,0,1
1775924143883,1467,94069,pvp,player_1,player_2,444,444,307.333,270,-280,0,up,stay,0,1
1775924143883,1468,94085.70000004768,pvp,player_1,player_2,444,444,302.667,270,-280,0,up,stay,0,1
1775924143883,1469,94102.39999997616,pvp,player_1,player_2,444,444,298,270,-280,0,up,stay,0,1
1775924143883,1470,94119.10000002384,pvp,player_1,player_2,444,444,293.333,270,-280,0,up,stay,0,1
1775924143883,1471,94135.89999997616,pvp,player_1,player_2,444,444,288.667,270,-280,0,up,stay,0,1
1775924143883,1472,94152.60000002384,pvp,player_1,player_2,444,444,284,270,-280,0,up,stay,0,1
1775924143883,1473,94169.10000002384,pvp,player_1,player_2,444,444,279.333,270,-280,0,up,stay,0,1
1775924143883,1474,94185.89999997616,pvp,player_1,player_2,444,444,274.667,270,-280,0,up,stay,0,1
1775924143883,1475,94202.70000004768,pvp,player_1,player_2,444,444,270,270,-280,0,up,stay,0,1
1775924143883,1476,94219.10000002384,pvp,player_1,player_2,443.944,444,265.333,270,-280,0,up,stay,0,1
1775924143883,1477,94235.80000007153,pvp,player_1,player_2,443.633,444,260.667,270,-280,0,up,stay,0,1
1775924143883,1478,94252.60000002384,pvp,player_1,player_2,443.067,444,256,270,-280,0,up,stay,0,1
1775924143883,1479,94269.10000002384,pvp,player_1,player_2,442.244,444,251.333,270,-280,0,up,stay,0,1
1775924143883,1480,94285.80000007153,pvp,player_1,player_2,441.167,444,246.667,270,-280,0,up,stay,0,1
1775924143883,1481,94302.5,pvp,player_1,player_2,439.833,444,242,270,-280,0,up,stay,0,1
1775924143883,1482,94319.10000002384,pvp,player_1,player_2,438.244,444,237.333,270,-280,0,up,stay,0,1
1775924143883,1483,94335.70000004768,pvp,player_1,player_2,436.4,444,232.667,270,-280,0,up,stay,0,1
1775924143883,1484,94352.39999997616,pvp,player_1,player_2,434.3,444,228,270,-280,0,up,stay,0,1
1775924143883,1485,94369.10000002384,pvp,player_1,player_2,431.944,444,223.333,270,-280,0,up,stay,0,1
1775924143883,1486,94385.89999997616,pvp,player_1,player_2,429.333,444,218.667,270,-280,0,up,stay,0,1
1775924143883,1487,94402.30000007153,pvp,player_1,player_2,426.467,444,214,270,-280,0,up,stay,0,1
1775924143883,1488,94418.89999997616,pvp,player_1,player_2,423.344,444,209.333,270,-280,0,up,stay,0,1
1775924143883,1489,94435.70000004768,pvp,player_1,player_2,419.967,444,204.667,270,-280,0,up,stay,0,1
1775924143883,1490,94452.39999997616,pvp,player_1,player_2,416.333,444,200,270,-280,0,up,stay,0,1
1775924143883,1491,94469.20000004768,pvp,player_1,player_2,412.444,444,195.333,270,-280,0,up,stay,0,1
1775924143883,1492,94485.60000002384,pvp,player_1,player_2,408.3,444,190.667,270,-280,0,up,stay,0,1
1775924143883,1493,94502.39999997616,pvp,player_1,player_2,403.9,444,186,270,-280,0,up,stay,0,1
1775924143883,1494,94519,pvp,player_1,player_2,399.244,444,181.333,270,-280,0,up,stay,0,1
1775924143883,1495,94535.5,pvp,player_1,player_2,394.333,444,176.667,270,-280,0,up,stay,0,1
1775924143883,1496,94552.30000007153,pvp,player_1,player_2,389.167,444,172,270,-280,0,up,stay,0,1
1775924143883,1497,94568.80000007153,pvp,player_1,player_2,383.744,444,167.333,270,-280,0,up,stay,0,1
1775924143883,1498,94585.70000004768,pvp,player_1,player_2,378.067,444,162.667,270,-280,0,up,stay,0,1
1775924143883,1499,94602.5,pvp,player_1,player_2,372.133,444,158,270,-280,0,up,stay,0,1
1775924143883,1500,94619,pvp,player_1,player_2,365.944,444,153.333,270,-280,0,up,stay,0,1
1775924143883,1501,94635.5,pvp,player_1,player_2,359.5,444,148.667,270,-280,0,up,stay,0,1
1775924143883,1502,94652.30000007153,pvp,player_1,player_2,352.8,444,144,270,-280,0,up,stay,0,1
1775924143883,1503,94669,pvp,player_1,player_2,345.844,444,139.333,270,-280,0,up,stay,0,1
1775924143883,1504,94685.60000002384,pvp,player_1,player_2,338.633,444,134.667,270,-280,0,up,stay,0,1
1775924143883,1505,94702.39999997616,pvp,player_1,player_2,331.167,444,130,270,-280,0,up,stay,0,1
1775924143883,1506,94719,pvp,player_1,player_2,323.5,444,125.333,270,-280,0,up,stay,0,1
1775924143883,1507,94735.70000004768,pvp,player_1,player_2,315.833,444,120.667,270,-280,0,up,stay,0,1
1775924143883,1508,94752.39999997616,pvp,player_1,player_2,308.167,444,116,270,-280,0,up,stay,0,1
1775924143883,1509,94769.10000002384,pvp,player_1,player_2,300.5,444,111.333,270,-280,0,up,stay,0,1
1775924143883,1510,94785.80000007153,pvp,player_1,player_2,292.833,444,106.667,270,-280,0,up,stay,0,1
1775924143883,1511,94802.30000007153,pvp,player_1,player_2,285.167,444,102,270,-280,0,up,stay,0,1
1775924143883,1512,94819.10000002384,pvp,player_1,player_2,277.5,444,97.333,270,-280,0,up,stay,0,1
1775924143883,1513,94835.5,pvp,player_1,player_2,269.833,444,92.667,270,-280,0,up,stay,0,1
1775924143883,1514,94852.20000004768,pvp,player_1,player_2,262.167,444,88,270,-280,0,up,stay,0,1
1775924143883,1515,94868.89999997616,pvp,player_1,player_2,254.5,444,83.333,270,-280,0,up,stay,0,1
1775924143883,1516,94886,pvp,player_1,player_2,246.833,444,78.667,270,-280,0,up,stay,0,1
1775924143883,1517,94902.39999997616,pvp,player_1,player_2,239.167,444,74,270,-280,0,up,stay,0,1
1775924143883,1518,94919.10000002384,pvp,player_1,player_2,231.5,444,69.333,270,-280,0,up,stay,0,1
1775924143883,1519,94935.89999997616,pvp,player_1,player_2,223.833,444,64.667,270,-280,0,up,stay,0,1
1775924143883,1520,94952.70000004768,pvp,player_1,player_2,216.167,444,60,270,-280,0,up,stay,0,1
1775924143883,1521,94969.10000002384,pvp,player_1,player_2,208.5,444,55.333,270,-280,0,up,stay,0,1
1775924143883,1522,94986,pvp,player_1,player_2,200.833,444,50.667,270,-280,0,up,stay,0,1
1775924143883,1523,95002.80000007153,pvp,player_1,player_2,193.167,444,48,270,232.995,188.98,up,stay,0,1
1775924143883,1524,95019.30000007153,pvp,player_1,player_2,185.5,444,51.883,273.15,232.995,188.98,up,stay,0,1
1775924143883,1525,95035.89999997616,pvp,player_1,player_2,177.833,444,55.766,276.299,232.995,188.98,up,stay,0,1
1775924143883,1526,95052.60000002384,pvp,player_1,player_2,170.167,444,59.65,279.449,232.995,188.98,up,stay,0,1
1775924143883,1527,95069.10000002384,pvp,player_1,player_2,162.5,444,63.533,282.599,232.995,188.98,up,stay,0,1
1775924143883,1528,95085.70000004768,pvp,player_1,player_2,154.833,444,67.416,285.748,232.995,188.98,up,stay,0,1
1775924143883,1529,95102.30000007153,pvp,player_1,player_2,147.167,444,71.299,288.898,232.995,188.98,up,stay,0,1
1775924143883,1530,95119.10000002384,pvp,player_1,player_2,139.5,444,75.183,292.048,232.995,188.98,up,stay,0,1
1775924143883,1531,95136,pvp,player_1,player_2,131.833,444,79.066,295.197,232.995,188.98,up,stay,0,1
1775924143883,1532,95152.5,pvp,player_1,player_2,124.167,444,82.949,298.347,232.995,188.98,up,stay,0,1
1775924143883,1533,95168.89999997616,pvp,player_1,player_2,116.5,444,86.832,301.497,232.995,188.98,up,stay,0,1
1775924143883,1534,95186.10000002384,pvp,player_1,player_2,109.028,444,90.716,304.646,232.995,188.98,stay,stay,0,1
1775924143883,1535,95202.5,pvp,player_1,player_2,101.75,444,94.599,307.796,232.995,188.98,stay,stay,0,1
1775924143883,1536,95219.39999997616,pvp,player_1,player_2,94.667,444,98.482,310.946,232.995,188.98,stay,stay,0,1
1775924143883,1537,95235.89999997616,pvp,player_1,player_2,87.778,444,102.365,314.095,232.995,188.98,stay,stay,0,1
1775924143883,1538,95252.5,pvp,player_1,player_2,81.083,444,106.249,317.245,232.995,188.98,stay,stay,0,1
1775924143883,1539,95268.80000007153,pvp,player_1,player_2,74.583,444,110.132,320.395,232.995,188.98,stay,stay,0,1
1775924143883,1540,95286,pvp,player_1,player_2,68.278,444,114.015,323.544,232.995,188.98,stay,stay,0,1
1775924143883,1541,95302.60000002384,pvp,player_1,player_2,62.167,444,117.898,326.694,232.995,188.98,stay,stay,0,1
1775924143883,1542,95319.20000004768,pvp,player_1,player_2,56.25,444,121.782,329.844,232.995,188.98,stay,stay,0,1
1775924143883,1543,95336.10000002384,pvp,player_1,player_2,50.528,444,125.665,332.993,232.995,188.98,stay,stay,0,1
1775924143883,1544,95352.70000004768,pvp,player_1,player_2,45,444,129.548,336.143,232.995,188.98,stay,stay,0,1
1775924143883,1545,95369.30000007153,pvp,player_1,player_2,39.667,444,133.431,339.293,232.995,188.98,stay,stay,0,1
1775924143883,1546,95385.70000004768,pvp,player_1,player_2,34.528,444,137.315,342.442,232.995,188.98,stay,stay,0,1
1775924143883,1547,95402.39999997616,pvp,player_1,player_2,29.583,444,141.198,345.592,232.995,188.98,stay,stay,0,1
1775924143883,1548,95419.20000004768,pvp,player_1,player_2,24.833,444,145.081,348.742,232.995,188.98,stay,stay,0,1
1775924143883,1549,95435.80000007153,pvp,player_1,player_2,20.278,444,148.964,351.891,232.995,188.98,stay,stay,0,1
1775924143883,1550,95452.80000007153,pvp,player_1,player_2,15.917,444,152.848,355.041,232.995,188.98,stay,stay,0,1
1775924143883,1551,95469.20000004768,pvp,player_1,player_2,11.75,444,156.731,358.191,232.995,188.98,stay,stay,0,1
1775924143883,1552,95486.20000004768,pvp,player_1,player_2,7.778,444,160.614,361.34,232.995,188.98,stay,stay,0,1
1775924143883,1553,95502.5,pvp,player_1,player_2,4,444,164.497,364.49,232.995,188.98,stay,stay,0,1
1775924143883,1554,95519.20000004768,pvp,player_1,player_2,0.417,444,168.381,367.64,232.995,188.98,stay,stay,0,1
1775924143883,1555,95535.70000004768,pvp,player_1,player_2,0,444,172.264,370.789,232.995,188.98,stay,stay,0,1
1775924143883,1556,95552.20000004768,pvp,player_1,player_2,0,444,176.147,373.939,232.995,188.98,stay,stay,0,1
1775924143883,1557,95569.10000002384,pvp,player_1,player_2,0,444,180.03,377.089,232.995,188.98,stay,stay,0,1
1775924143883,1558,95585.89999997616,pvp,player_1,player_2,0,444,183.914,380.238,232.995,188.98,stay,stay,0,1
1775924143883,1559,95602.39999997616,pvp,player_1,player_2,0,444,187.797,383.388,232.995,188.98,stay,stay,0,1
1775924143883,1560,95618.89999997616,pvp,player_1,player_2,0,444,191.68,386.538,232.995,188.98,stay,stay,0,1
1775924143883,1561,95636.39999997616,pvp,player_1,player_2,0,444,195.563,389.687,232.995,188.98,down,stay,0,1
1775924143883,1562,95652.80000007153,pvp,player_1,player_2,0,444,199.447,392.837,232.995,188.98,down,stay,0,1
1775924143883,1563,95669.5,pvp,player_1,player_2,0,444,203.33,395.986,232.995,188.98,down,stay,0,1
1775924143883,1564,95685.89999997616,pvp,player_1,player_2,0,444,207.213,399.136,232.995,188.98,down,stay,0,1
1775924143883,1565,95702.89999997616,pvp,player_1,player_2,0,444,211.096,402.286,232.995,188.98,down,stay,0,1
1775924143883,1566,95719.5,pvp,player_1,player_2,0,444,214.98,405.435,232.995,188.98,down,stay,0,1
1775924143883,1567,95736.5,pvp,player_1,player_2,0.111,444,218.863,408.585,232.995,188.98,down,stay,0,1
1775924143883,1568,95753.20000004768,pvp,player_1,player_2,0.478,444,222.746,411.735,232.995,188.98,down,stay,0,1
1775924143883,1569,95769.70000004768,pvp,player_1,player_2,1.1,444,226.629,414.884,232.995,188.98,down,stay,0,1
1775924143883,1570,95785.80000007153,pvp,player_1,player_2,1.978,444,230.513,418.034,232.995,188.98,down,stay,0,1
1775924143883,1571,95802.5,pvp,player_1,player_2,2.661,444,234.396,421.184,232.995,188.98,stay,stay,0,1
1775924143883,1572,95819.20000004768,pvp,player_1,player_2,3.15,444,238.279,424.333,232.995,188.98,stay,stay,0,1
1775924143883,1573,95835.60000002384,pvp,player_1,player_2,3.444,444,242.162,427.483,232.995,188.98,stay,stay,0,1
1775924143883,1574,95853.20000004768,pvp,player_1,player_2,3.444,444,246.046,430.633,232.995,188.98,stay,stay,0,1
1775924143883,1575,95869.30000007153,pvp,player_1,player_2,3.444,444,249.929,433.782,232.995,188.98,stay,stay,0,1
1775924143883,1576,95886.70000004768,pvp,player_1,player_2,3.444,444,253.812,436.932,232.995,188.98,stay,stay,0,1
1775924143883,1577,95903.20000004768,pvp,player_1,player_2,3.444,444,257.695,440.082,232.995,188.98,stay,stay,0,1
1775924143883,1578,95919.20000004768,pvp,player_1,player_2,3.444,444,261.579,443.231,232.995,188.98,stay,stay,0,1
1775924143883,1579,95935.80000007153,pvp,player_1,player_2,3.444,444,265.462,446.381,232.995,188.98,stay,stay,0,1
1775924143883,1580,95952.89999997616,pvp,player_1,player_2,3.444,444,269.345,449.531,232.995,188.98,stay,stay,0,1
1775924143883,1581,95969.89999997616,pvp,player_1,player_2,3.444,444,273.228,452.68,232.995,188.98,stay,stay,0,1
1775924143883,1582,95986.5,pvp,player_1,player_2,3.444,444,277.112,455.83,232.995,188.98,stay,stay,0,1
1775924143883,1583,96003,pvp,player_1,player_2,3.444,444,280.995,458.98,232.995,188.98,stay,stay,0,1
1775924143883,1584,96019.60000002384,pvp,player_1,player_2,3.444,443.744,284.878,462.129,232.995,188.98,stay,up,0,1
1775924143883,1585,96036.5,pvp,player_1,player_2,3.444,443.233,288.761,465.279,232.995,188.98,stay,up,0,1
1775924143883,1586,96053.20000004768,pvp,player_1,player_2,3.444,442.467,292.645,468.429,232.995,188.98,stay,up,0,1
1775924143883,1587,96069.10000002384,pvp,player_1,player_2,3.444,441.444,296.528,471.578,232.995,188.98,stay,up,0,1
1775924143883,1588,96085.70000004768,pvp,player_1,player_2,3.444,440.167,300.411,474.728,232.995,188.98,stay,up,0,1
1775924143883,1589,96102.39999997616,pvp,player_1,player_2,3.444,438.633,304.294,477.878,232.995,188.98,stay,up,0,1
1775924143883,1590,96119.5,pvp,player_1,player_2,3.444,436.844,308.178,481.027,232.995,188.98,stay,up,0,1
1775924143883,1591,96136.30000007153,pvp,player_1,player_2,3.444,434.8,312.061,484.177,232.995,188.98,stay,up,0,1
1775924143883,1592,96153,pvp,player_1,player_2,3.444,432.5,315.944,487.327,232.995,188.98,stay,up,0,1
1775924143883,1593,96169.70000004768,pvp,player_1,player_2,3.444,429.944,319.827,490.476,232.995,188.98,stay,up,0,1
1775924143883,1594,96186,pvp,player_1,player_2,3.444,427.133,323.711,493.626,232.995,188.98,stay,up,0,1
1775924143883,1595,96202.60000002384,pvp,player_1,player_2,3.444,424.067,327.594,496.776,232.995,188.98,stay,up,0,1
1775924143883,1596,96219.5,pvp,player_1,player_2,3.444,420.744,331.477,499.925,232.995,188.98,stay,up,0,1
1775924143883,1597,96236.5,pvp,player_1,player_2,3.444,417.167,335.36,503.075,232.995,188.98,stay,up,0,1
1775924143883,1598,96252.70000004768,pvp,player_1,player_2,3.444,413.333,339.244,506.225,232.995,188.98,stay,up,0,1
1775924143883,1599,96269.89999997616,pvp,player_1,player_2,3.444,409.244,343.127,509.374,232.995,188.98,stay,up,0,1
1775924143883,1600,96286.10000002384,pvp,player_1,player_2,3.444,404.9,347.01,512.524,232.995,188.98,stay,up,0,1
1775924143883,1601,96302.89999997616,pvp,player_1,player_2,3.444,400.3,350.893,515.674,232.995,188.98,stay,up,0,1
1775924143883,1602,96320,pvp,player_1,player_2,3.444,395.444,354.777,518.823,232.995,188.98,stay,up,0,1
1775924143883,1603,96336.30000007153,pvp,player_1,player_2,3.444,390.333,358.66,521.973,232.995,188.98,stay,up,0,1
1775924143883,1604,96352.5,pvp,player_1,player_2,3.444,384.967,362.543,525.123,232.995,188.98,stay,up,0,1
1775924143883,1605,96369.39999997616,pvp,player_1,player_2,3.444,379.344,366.426,528.272,232.995,188.98,stay,up,0,1
1775924143883,1606,96385.70000004768,pvp,player_1,player_2,3.7,373.467,370.31,530,232.995,-188.98,down,up,0,1
1775924143883,1607,96402.5,pvp,player_1,player_2,4.211,367.333,374.193,526.85,232.995,-188.98,down,up,0,1
1775924143883,1608,96419,pvp,player_1,player_2,4.978,360.944,378.076,523.701,232.995,-188.98,down,up,0,1
1775924143883,1609,96435.80000007153,pvp,player_1,player_2,6,354.3,381.959,520.551,232.995,-188.98,down,up,0,1
1775924143883,1610,96452.70000004768,pvp,player_1,player_2,7.278,347.4,385.843,517.401,232.995,-188.98,down,up,0,1
1775924143883,1611,96469,pvp,player_1,player_2,8.811,340.244,389.726,514.252,232.995,-188.98,down,up,0,1
1775924143883,1612,96486.70000004768,pvp,player_1,player_2,10.6,332.833,393.609,511.102,232.995,-188.98,down,up,0,1
1775924143883,1613,96502.89999997616,pvp,player_1,player_2,12.644,325.617,397.492,507.952,232.995,-188.98,down,stay,0,1
1775924143883,1614,96519.80000007153,pvp,player_1,player_2,14.944,318.594,401.376,504.803,232.995,-188.98,down,stay,0,1
1775924143883,1615,96536.30000007153,pvp,player_1,player_2,17.5,311.767,405.259,501.653,232.995,-188.98,down,stay,0,1
1775924143883,1616,96552.30000007153,pvp,player_1,player_2,20.311,305.133,409.142,498.503,232.995,-188.98,down,stay,0,1
1775924143883,1617,96569.10000002384,pvp,player_1,player_2,23.378,298.694,413.025,495.354,232.995,-188.98,down,stay,0,1
1775924143883,1618,96585.89999997616,pvp,player_1,player_2,26.7,292.45,416.909,492.204,232.995,-188.98,down,stay,0,1
1775924143883,1619,96602.5,pvp,player_1,player_2,30.278,286.4,420.792,489.054,232.995,-188.98,down,stay,0,1
1775924143883,1620,96619.10000002384,pvp,player_1,player_2,34.111,280.544,424.675,485.905,232.995,-188.98,down,stay,0,1
1775924143883,1621,96636.10000002384,pvp,player_1,player_2,38.2,274.883,428.558,482.755,232.995,-188.98,down,stay,0,1
1775924143883,1622,96653.20000004768,pvp,player_1,player_2,42.544,269.417,432.442,479.605,232.995,-188.98,down,stay,0,1
1775924143883,1623,96669.80000007153,pvp,player_1,player_2,47.144,264.144,436.325,476.456,232.995,-188.98,down,stay,0,1
1775924143883,1624,96686.39999997616,pvp,player_1,player_2,52,259.067,440.208,473.306,232.995,-188.98,down,stay,0,1
1775924143883,1625,96702.70000004768,pvp,player_1,player_2,57.111,254.183,444.091,470.156,232.995,-188.98,down,stay,0,1
1775924143883,1626,96719.70000004768,pvp,player_1,player_2,62.478,249.494,447.975,467.007,232.995,-188.98,down,stay,0,1
1775924143883,1627,96736.20000004768,pvp,player_1,player_2,68.1,245,451.858,463.857,232.995,-188.98,down,stay,0,1
1775924143883,1628,96752.70000004768,pvp,player_1,player_2,73.978,240.7,455.741,460.707,232.995,-188.98,down,stay,0,1
1775924143883,1629,96769.80000007153,pvp,player_1,player_2,80.111,236.594,459.624,457.558,232.995,-188.98,down,stay,0,1
1775924143883,1630,96786.20000004768,pvp,player_1,player_2,86.5,232.683,463.508,454.408,232.995,-188.98,down,stay,0,1
1775924143883,1631,96803.10000002384,pvp,player_1,player_2,93.144,228.967,467.391,451.258,232.995,-188.98,down,stay,0,1
1775924143883,1632,96819.70000004768,pvp,player_1,player_2,100.044,225.444,471.274,448.109,232.995,-188.98,down,stay,0,1
1775924143883,1633,96836.70000004768,pvp,player_1,player_2,107.2,222.117,475.157,444.959,232.995,-188.98,down,stay,0,1
1775924143883,1634,96852.30000007153,pvp,player_1,player_2,114.161,218.983,479.041,441.809,232.995,-188.98,stay,stay,0,1
1775924143883,1635,96869.70000004768,pvp,player_1,player_2,120.928,216.044,482.924,438.66,232.995,-188.98,stay,stay,0,1
1775924143883,1636,96886.39999997616,pvp,player_1,player_2,127.5,213.3,486.807,435.51,232.995,-188.98,stay,stay,0,1
1775924143883,1637,96902.89999997616,pvp,player_1,player_2,133.878,210.75,490.69,432.36,232.995,-188.98,stay,stay,0,1
1775924143883,1638,96919.70000004768,pvp,player_1,player_2,140.061,208.394,494.574,429.211,232.995,-188.98,stay,stay,0,1
1775924143883,1639,96935.70000004768,pvp,player_1,player_2,146.05,206.233,498.457,426.061,232.995,-188.98,stay,stay,0,1
1775924143883,1640,96952.80000007153,pvp,player_1,player_2,151.844,204.267,502.34,422.911,232.995,-188.98,stay,stay,0,1
1775924143883,1641,96969.70000004768,pvp,player_1,player_2,157.444,202.494,506.223,419.762,232.995,-188.98,stay,stay,0,1
1775924143883,1642,96986.39999997616,pvp,player_1,player_2,162.85,200.917,510.107,416.612,232.995,-188.98,stay,stay,0,1
1775924143883,1643,97002.60000002384,pvp,player_1,player_2,168.061,199.533,513.99,413.462,232.995,-188.98,stay,stay,0,1
1775924143883,1644,97019.80000007153,pvp,player_1,player_2,173.078,198.344,517.873,410.313,232.995,-188.98,stay,stay,0,1
1775924143883,1645,97036.5,pvp,player_1,player_2,177.9,197.35,521.756,407.163,232.995,-188.98,stay,stay,0,1
1775924143883,1646,97053,pvp,player_1,player_2,182.528,196.55,525.64,404.014,232.995,-188.98,stay,stay,0,1
1775924143883,1647,97069.80000007153,pvp,player_1,player_2,186.961,195.944,529.523,400.864,232.995,-188.98,stay,stay,0,1
1775924143883,1648,97086.39999997616,pvp,player_1,player_2,191.2,195.533,533.406,397.714,232.995,-188.98,stay,stay,0,1
1775924143883,1649,97103.10000002384,pvp,player_1,player_2,195.244,195.317,537.289,394.565,232.995,-188.98,stay,stay,0,1
1775924143883,1650,97119.70000004768,pvp,player_1,player_2,199.094,195.317,541.173,391.415,232.995,-188.98,stay,stay,0,1
1775924143883,1651,97136.39999997616,pvp,player_1,player_2,202.75,195.317,545.056,388.265,232.995,-188.98,stay,stay,0,1
1775924143883,1652,97153.20000004768,pvp,player_1,player_2,206.211,195.317,548.939,385.116,232.995,-188.98,stay,stay,0,1
1775924143883,1653,97169.60000002384,pvp,player_1,player_2,209.478,195.317,552.822,381.966,232.995,-188.98,stay,stay,0,1
1775924143883,1654,97186,pvp,player_1,player_2,212.55,195.317,556.706,378.816,232.995,-188.98,stay,stay,0,1
1775924143883,1655,97202.60000002384,pvp,player_1,player_2,215.428,195.317,560.589,375.667,232.995,-188.98,stay,stay,0,1
1775924143883,1656,97219.70000004768,pvp,player_1,player_2,218.111,195.317,564.472,372.517,232.995,-188.98,stay,stay,0,1
1775924143883,1657,97235.89999997616,pvp,player_1,player_2,220.6,195.317,568.355,369.367,232.995,-188.98,stay,stay,0,1
1775924143883,1658,97252.5,pvp,player_1,player_2,222.894,195.317,572.239,366.218,232.995,-188.98,stay,stay,0,1
1775924143883,1659,97269.20000004768,pvp,player_1,player_2,224.994,195.317,576.122,363.068,232.995,-188.98,stay,stay,0,1
1775924143883,1660,97285.80000007153,pvp,player_1,player_2,226.9,195.317,580.005,359.918,232.995,-188.98,stay,stay,0,1
1775924143883,1661,97302.5,pvp,player_1,player_2,228.611,195.317,583.888,356.769,232.995,-188.98,stay,stay,0,1
1775924143883,1662,97319.60000002384,pvp,player_1,player_2,230.128,195.317,587.772,353.619,232.995,-188.98,stay,stay,0,1
1775924143883,1663,97336.39999997616,pvp,player_1,player_2,231.45,195.317,591.655,350.469,232.995,-188.98,stay,stay,0,1
1775924143883,1664,97353.10000002384,pvp,player_1,player_2,232.578,195.317,595.538,347.32,232.995,-188.98,stay,stay,0,1
1775924143883,1665,97370.10000002384,pvp,player_1,player_2,233.511,195.317,599.421,344.17,232.995,-188.98,stay,stay,0,1
1775924143883,1666,97386.80000007153,pvp,player_1,player_2,234.25,195.317,603.305,341.02,232.995,-188.98,stay,stay,0,1
1775924143883,1667,97403.30000007153,pvp,player_1,player_2,234.794,195.317,607.188,337.871,232.995,-188.98,stay,stay,0,1
1775924143883,1668,97419.30000007153,pvp,player_1,player_2,235.144,195.317,611.071,334.721,232.995,-188.98,stay,stay,0,1
1775924143883,1669,97436.5,pvp,player_1,player_2,235.144,195.317,614.954,331.571,232.995,-188.98,stay,stay,0,1
1775924143883,1670,97452.80000007153,pvp,player_1,player_2,235.144,195.317,618.838,328.422,232.995,-188.98,stay,stay,0,1
1775924143883,1671,97469.89999997616,pvp,player_1,player_2,235.144,195.317,622.721,325.272,232.995,-188.98,stay,stay,0,1
1775924143883,1672,97486.5,pvp,player_1,player_2,235.144,195.317,626.604,322.122,232.995,-188.98,stay,stay,0,1
1775924143883,1673,97503.20000004768,pvp,player_1,player_2,235.144,195.317,630.487,318.973,232.995,-188.98,stay,stay,0,1
1775924143883,1674,97519.80000007153,pvp,player_1,player_2,235.144,195.317,634.371,315.823,232.995,-188.98,stay,stay,0,1
1775924143883,1675,97536.39999997616,pvp,player_1,player_2,235.144,195.317,638.254,312.673,232.995,-188.98,stay,stay,0,1
1775924143883,1676,97553.10000002384,pvp,player_1,player_2,235.144,195.317,642.137,309.524,232.995,-188.98,stay,stay,0,1
1775924143883,1677,97569.5,pvp,player_1,player_2,235.144,195.317,646.02,306.374,232.995,-188.98,stay,stay,0,1
1775924143883,1678,97586,pvp,player_1,player_2,235.144,195.317,649.904,303.224,232.995,-188.98,stay,stay,0,1
1775924143883,1679,97603,pvp,player_1,player_2,235.144,195.317,653.787,300.075,232.995,-188.98,stay,stay,0,1
1775924143883,1680,97619.89999997616,pvp,player_1,player_2,235.144,195.317,657.67,296.925,232.995,-188.98,stay,stay,0,1
1775924143883,1681,97635.80000007153,pvp,player_1,player_2,235.144,195.317,661.553,293.775,232.995,-188.98,stay,stay,0,1
1775924143883,1682,97652.70000004768,pvp,player_1,player_2,235.144,195.317,665.437,290.626,232.995,-188.98,stay,stay,0,1
1775924143883,1683,97669.80000007153,pvp,player_1,player_2,235.144,195.317,669.32,287.476,232.995,-188.98,stay,stay,0,1
1775924143883,1684,97686.20000004768,pvp,player_1,player_2,235.144,195.317,673.203,284.326,232.995,-188.98,stay,stay,0,1
1775924143883,1685,97703,pvp,player_1,player_2,235.144,195.317,677.086,281.177,232.995,-188.98,stay,stay,0,1
1775924143883,1686,97719.5,pvp,player_1,player_2,235.144,195.317,680.97,278.027,232.995,-188.98,stay,stay,0,1
1775924143883,1687,97736.39999997616,pvp,player_1,player_2,235.144,195.317,684.853,274.877,232.995,-188.98,stay,stay,0,1
1775924143883,1688,97752.80000007153,pvp,player_1,player_2,235.144,195.317,688.736,271.728,232.995,-188.98,stay,stay,0,1
1775924143883,1689,97769.80000007153,pvp,player_1,player_2,235.144,195.317,692.619,268.578,232.995,-188.98,stay,stay,0,1
1775924143883,1690,97786.30000007153,pvp,player_1,player_2,235.144,195.317,696.503,265.428,232.995,-188.98,stay,stay,0,1
1775924143883,1691,97802.89999997616,pvp,player_1,player_2,235.144,195.317,700.386,262.279,232.995,-188.98,stay,stay,0,1
1775924143883,1692,97819.80000007153,pvp,player_1,player_2,235.144,195.317,704.269,259.129,232.995,-188.98,stay,stay,0,1
1775924143883,1693,97836.30000007153,pvp,player_1,player_2,235.144,195.317,708.152,255.979,232.995,-188.98,stay,stay,0,1
1775924143883,1694,97852.60000002384,pvp,player_1,player_2,235.144,195.317,712.036,252.83,232.995,-188.98,stay,stay,0,1
1775924143883,1695,97869,pvp,player_1,player_2,235.144,195.317,715.919,249.68,232.995,-188.98,stay,stay,0,1
1775924143883,1696,97886.60000002384,pvp,player_1,player_2,235.144,195.317,719.802,246.53,232.995,-188.98,stay,stay,0,1
1775924143883,1697,97903,pvp,player_1,player_2,235.144,195.317,723.685,243.381,232.995,-188.98,stay,stay,0,1
1775924143883,1698,97919.80000007153,pvp,player_1,player_2,235.144,195.317,727.569,240.231,232.995,-188.98,stay,stay,0,1
1775924143883,1699,97936,pvp,player_1,player_2,235.144,195.317,731.452,237.081,232.995,-188.98,stay,stay,0,1
1775924143883,1700,97952.89999997616,pvp,player_1,player_2,235.144,195.317,735.335,233.932,232.995,-188.98,stay,stay,0,1
1775924143883,1701,97969.10000002384,pvp,player_1,player_2,235.144,195.317,739.218,230.782,232.995,-188.98,stay,stay,0,1
1775924143883,1702,97985.70000004768,pvp,player_1,player_2,235.144,195.317,743.102,227.632,232.995,-188.98,stay,stay,0,1
1775924143883,1703,98002.30000007153,pvp,player_1,player_2,235.144,195.317,746.985,224.483,232.995,-188.98,stay,stay,0,1
1775924143883,1704,98019.20000004768,pvp,player_1,player_2,235.144,195.317,750.868,221.333,232.995,-188.98,stay,stay,0,1
1775924143883,1705,98036.30000007153,pvp,player_1,player_2,235.144,195.317,754.751,218.183,232.995,-188.98,stay,stay,0,1
1775924143883,1706,98052.80000007153,pvp,player_1,player_2,235.144,195.317,758.635,215.034,232.995,-188.98,stay,stay,0,1
1775924143883,1707,98069.70000004768,pvp,player_1,player_2,235.144,195.317,762.518,211.884,232.995,-188.98,stay,stay,0,1
1775924143883,1708,98086.5,pvp,player_1,player_2,235.144,195.317,766.401,208.734,232.995,-188.98,stay,stay,0,1
1775924143883,1709,98102.60000002384,pvp,player_1,player_2,235.144,195.061,770.284,205.585,232.995,-188.98,stay,up,0,1
1775924143883,1710,98119.70000004768,pvp,player_1,player_2,235.144,194.55,774.168,202.435,232.995,-188.98,stay,up,0,1
1775924143883,1711,98136.20000004768,pvp,player_1,player_2,235.144,193.783,778.051,199.285,232.995,-188.98,stay,up,0,1
1775924143883,1712,98152.70000004768,pvp,player_1,player_2,235.144,192.761,781.934,196.136,232.995,-188.98,stay,up,0,1
1775924143883,1713,98169.70000004768,pvp,player_1,player_2,235.144,191.483,785.817,192.986,232.995,-188.98,stay,up,0,1
1775924143883,1714,98186.30000007153,pvp,player_1,player_2,235.144,189.95,789.701,189.836,232.995,-188.98,stay,up,0,1
1775924143883,1715,98203,pvp,player_1,player_2,235.144,188.161,793.584,186.687,232.995,-188.98,stay,up,0,1
1775924143883,1716,98219.70000004768,pvp,player_1,player_2,235.144,186.117,797.467,183.537,232.995,-188.98,stay,up,0,1
1775924143883,1717,98236.20000004768,pvp,player_1,player_2,235.144,183.817,801.35,180.387,232.995,-188.98,stay,up,0,1
1775924143883,1718,98253,pvp,player_1,player_2,235.144,181.261,805.234,177.238,232.995,-188.98,stay,up,0,1
1775924143883,1719,98269.70000004768,pvp,player_1,player_2,235.144,178.45,809.117,174.088,232.995,-188.98,stay,up,0,1
1775924143883,1720,98286.20000004768,pvp,player_1,player_2,235.144,175.383,813,170.939,232.995,-188.98,stay,up,0,1
1775924143883,1721,98303.10000002384,pvp,player_1,player_2,235.144,172.061,816.883,167.789,232.995,-188.98,stay,up,0,1
1775924143883,1722,98320,pvp,player_1,player_2,235.144,168.483,820.767,164.639,232.995,-188.98,stay,up,0,1
1775924143883,1723,98335.70000004768,pvp,player_1,player_2,235.144,164.65,824.65,161.49,232.995,-188.98,stay,up,0,1
1775924143883,1724,98352.39999997616,pvp,player_1,player_2,235.144,160.561,828.533,158.34,232.995,-188.98,stay,up,0,1
1775924143883,1725,98369.70000004768,pvp,player_1,player_2,235.144,156.217,832.416,155.19,232.995,-188.98,stay,up,0,1
1775924143883,1726,98386.5,pvp,player_1,player_2,235.144,151.617,836.3,152.041,232.995,-188.98,stay,up,0,1
1775924143883,1727,98402.80000007153,pvp,player_1,player_2,235.144,146.761,840.183,148.891,232.995,-188.98,stay,up,0,1
1775924143883,1728,98419.70000004768,pvp,player_1,player_2,235.144,141.65,844.066,145.741,232.995,-188.98,stay,up,0,1
1775924143883,1729,98436.10000002384,pvp,player_1,player_2,235.144,136.283,847.949,142.592,232.995,-188.98,stay,up,0,1
1775924143883,1730,98452.89999997616,pvp,player_1,player_2,235.144,130.661,851.833,139.442,232.995,-188.98,stay,up,0,1
1775924143883,1731,98469.70000004768,pvp,player_1,player_2,235.144,124.783,855.716,136.292,232.995,-188.98,stay,up,0,1
1775924143883,1732,98486.39999997616,pvp,player_1,player_2,235.144,118.65,859.599,133.143,232.995,-188.98,stay,up,0,1
1775924143883,1733,98502.70000004768,pvp,player_1,player_2,235.144,112.261,863.482,129.993,232.995,-188.98,stay,up,0,1
1775924143883,1734,98519.89999997616,pvp,player_1,player_2,235.144,105.617,867.366,126.843,232.995,-188.98,stay,up,0,1
1775924143883,1735,98536.39999997616,pvp,player_1,player_2,235.144,98.717,871.249,123.694,232.995,-188.98,stay,up,0,1
1775924143883,1736,98552.5,pvp,player_1,player_2,235.144,91.561,875.132,120.544,232.995,-188.98,stay,up,0,1
1775924143883,1737,98569.80000007153,pvp,player_1,player_2,235.144,84.15,879.015,117.394,232.995,-188.98,stay,up,0,1
1775924143883,1738,98586.39999997616,pvp,player_1,player_2,235.144,76.483,882.899,114.245,232.995,-188.98,stay,up,0,1
1775924143883,1739,98602.89999997616,pvp,player_1,player_2,235.144,68.817,886.782,111.095,232.995,-188.98,stay,up,0,1
1775924143883,1740,98619.89999997616,pvp,player_1,player_2,235.144,61.15,890.665,107.945,232.995,-188.98,stay,up,0,1
1775924143883,1741,98636.5,pvp,player_1,player_2,235.144,53.483,894.548,104.796,232.995,-188.98,stay,up,0,1
1775924143883,1742,98652.89999997616,pvp,player_1,player_2,235.144,45.817,898.432,101.646,232.995,-188.98,stay,up,0,1
1775924143883,1743,98669.80000007153,pvp,player_1,player_2,235.144,38.15,902.315,98.496,232.995,-188.98,stay,up,0,1
1775924143883,1744,98686.60000002384,pvp,player_1,player_2,235.144,30.483,906.198,95.347,232.995,-188.98,stay,up,0,1
1775924143883,1745,98703,pvp,player_1,player_2,235.144,22.817,910.081,92.197,232.995,-188.98,stay,up,0,1
1775924143883,1746,98719.80000007153,pvp,player_1,player_2,235.144,15.15,912,89.047,-261.907,183.861,stay,up,0,1
1775924143883,1747,98736.10000002384,pvp,player_1,player_2,235.144,7.483,907.635,92.112,-261.907,183.861,stay,up,0,1
1775924143883,1748,98752.80000007153,pvp,player_1,player_2,235.144,0,903.27,95.176,-261.907,183.861,stay,up,0,1
1775924143883,1749,98769.20000004768,pvp,player_1,player_2,235.144,0,898.905,98.24,-261.907,183.861,stay,up,0,1
1775924143883,1750,98786.60000002384,pvp,player_1,player_2,235.144,0,894.54,101.305,-261.907,183.861,stay,up,0,1
1775924143883,1751,98802.89999997616,pvp,player_1,player_2,235.144,0,890.174,104.369,-261.907,183.861,stay,up,0,1
1775924143883,1752,98819.70000004768,pvp,player_1,player_2,235.144,0,885.809,107.433,-261.907,183.861,stay,up,0,1
1775924143883,1753,98836.39999997616,pvp,player_1,player_2,235.144,0,881.444,110.498,-261.907,183.861,stay,up,0,1
1775924143883,1754,98852.60000002384,pvp,player_1,player_2,235.144,0,877.079,113.562,-261.907,183.861,stay,up,0,1
1775924143883,1755,98869.70000004768,pvp,player_1,player_2,235.144,0,872.714,116.626,-261.907,183.861,stay,up,0,1
1775924143883,1756,98886.60000002384,pvp,player_1,player_2,235.144,0,868.349,119.691,-261.907,183.861,stay,up,0,1
1775924143883,1757,98902.80000007153,pvp,player_1,player_2,235.144,0,863.984,122.755,-261.907,183.861,stay,up,0,1
1775924143883,1758,98920,pvp,player_1,player_2,235.144,0,859.619,125.82,-261.907,183.861,stay,up,0,1
1775924143883,1759,98936.70000004768,pvp,player_1,player_2,235.144,0,855.254,128.884,-261.907,183.861,stay,up,0,1
1775924143883,1760,98953.10000002384,pvp,player_1,player_2,235.144,0,850.888,131.948,-261.907,183.861,stay,up,0,1
1775924143883,1761,98969.20000004768,pvp,player_1,player_2,235.144,0,846.523,135.013,-261.907,183.861,stay,up,0,1
1775924143883,1762,98986.39999997616,pvp,player_1,player_2,235.144,0,842.158,138.077,-261.907,183.861,stay,up,0,1
1775924143883,1763,99002.39999997616,pvp,player_1,player_2,235.144,0,837.793,141.141,-261.907,183.861,stay,up,0,1
1775924143883,1764,99019.70000004768,pvp,player_1,player_2,235.144,0,833.428,144.206,-261.907,183.861,stay,up,0,1
1775924143883,1765,99036.30000007153,pvp,player_1,player_2,235.144,0,829.063,147.27,-261.907,183.861,stay,stay,0,1
1775924143883,1766,99052.80000007153,pvp,player_1,player_2,235.144,0,824.698,150.334,-261.907,183.861,stay,stay,0,1
1775924143883,1767,99069.70000004768,pvp,player_1,player_2,235.144,0,820.333,153.399,-261.907,183.861,stay,stay,0,1
1775924143883,1768,99086.20000004768,pvp,player_1,player_2,235.144,0,815.968,156.463,-261.907,183.861,stay,stay,0,1
1775924143883,1769,99102.80000007153,pvp,player_1,player_2,235.144,0,811.602,159.527,-261.907,183.861,stay,stay,0,1
1775924143883,1770,99119.89999997616,pvp,player_1,player_2,235.144,0,807.237,162.592,-261.907,183.861,stay,stay,0,1
1775924143883,1771,99136.60000002384,pvp,player_1,player_2,235.144,0,802.872,165.656,-261.907,183.861,stay,stay,0,1
1775924143883,1772,99153.20000004768,pvp,player_1,player_2,235.144,0,798.507,168.72,-261.907,183.861,stay,stay,0,1
1775924143883,1773,99169.80000007153,pvp,player_1,player_2,235.144,0,794.142,171.785,-261.907,183.861,stay,stay,0,1
1775924143883,1774,99185.60000002384,pvp,player_1,player_2,235.144,0,789.777,174.849,-261.907,183.861,stay,stay,0,1
1775924143883,1775,99202.70000004768,pvp,player_1,player_2,235.144,0,785.412,177.913,-261.907,183.861,stay,stay,0,1
1775924143883,1776,99219.20000004768,pvp,player_1,player_2,235.144,0,781.047,180.978,-261.907,183.861,stay,stay,0,1
1775924143883,1777,99236.20000004768,pvp,player_1,player_2,235.144,0,776.682,184.042,-261.907,183.861,stay,stay,0,1
1775924143883,1778,99252.80000007153,pvp,player_1,player_2,235.144,0,772.316,187.107,-261.907,183.861,stay,stay,0,1
1775924143883,1779,99269.89999997616,pvp,player_1,player_2,235.144,0,767.951,190.171,-261.907,183.861,stay,stay,0,1
1775924143883,1780,99286.39999997616,pvp,player_1,player_2,235.144,0,763.586,193.235,-261.907,183.861,stay,stay,0,1
1775924143883,1781,99303.10000002384,pvp,player_1,player_2,235.144,0,759.221,196.3,-261.907,183.861,stay,stay,0,1
1775924143883,1782,99319.89999997616,pvp,player_1,player_2,235.144,0,754.856,199.364,-261.907,183.861,stay,stay,0,1
1775924143883,1783,99335.70000004768,pvp,player_1,player_2,235.144,0,750.491,202.428,-261.907,183.861,stay,stay,0,1
1775924143883,1784,99352.30000007153,pvp,player_1,player_2,235.144,0,746.126,205.493,-261.907,183.861,stay,stay,0,1
1775924143883,1785,99369,pvp,player_1,player_2,235.144,0,741.761,208.557,-261.907,183.861,stay,stay,0,1
1775924143883,1786,99385.70000004768,pvp,player_1,player_2,235.144,0,737.396,211.621,-261.907,183.861,stay,stay,0,1
1775924143883,1787,99403,pvp,player_1,player_2,235.144,0,733.03,214.686,-261.907,183.861,stay,stay,0,1
1775924143883,1788,99419.5,pvp,player_1,player_2,235.144,0,728.665,217.75,-261.907,183.861,stay,stay,0,1
1775924143883,1789,99435.89999997616,pvp,player_1,player_2,235.144,0,724.3,220.814,-261.907,183.861,stay,stay,0,1
1775924143883,1790,99452.70000004768,pvp,player_1,player_2,235.144,0,719.935,223.879,-261.907,183.861,stay,stay,0,1
1775924143883,1791,99469.60000002384,pvp,player_1,player_2,235.144,0,715.57,226.943,-261.907,183.861,stay,stay,0,1
1775924143883,1792,99486.39999997616,pvp,player_1,player_2,235.144,0,711.205,230.007,-261.907,183.861,stay,stay,0,1
1775924143883,1793,99502.89999997616,pvp,player_1,player_2,235.144,0,706.84,233.072,-261.907,183.861,stay,stay,0,1
1775924143883,1794,99519.70000004768,pvp,player_1,player_2,235.144,0,702.475,236.136,-261.907,183.861,stay,stay,0,1
1775924143883,1795,99536.39999997616,pvp,player_1,player_2,235.144,0,698.11,239.201,-261.907,183.861,stay,stay,0,1
1775924143883,1796,99553.10000002384,pvp,player_1,player_2,235.144,0,693.744,242.265,-261.907,183.861,stay,stay,0,1
1775924143883,1797,99569.70000004768,pvp,player_1,player_2,235.144,0,689.379,245.329,-261.907,183.861,stay,stay,0,1
1775924143883,1798,99586.30000007153,pvp,player_1,player_2,235.144,0,685.014,248.394,-261.907,183.861,stay,stay,0,1
1775924143883,1799,99603,pvp,player_1,player_2,235.144,0,680.649,251.458,-261.907,183.861,stay,stay,0,1
1775924143883,1800,99619.5,pvp,player_1,player_2,235.144,0,676.284,254.522,-261.907,183.861,stay,stay,0,1
1775924143883,1801,99635.89999997616,pvp,player_1,player_2,235.144,0,671.919,257.587,-261.907,183.861,stay,stay,0,1
1775924143883,1802,99652.89999997616,pvp,player_1,player_2,235.144,0,667.554,260.651,-261.907,183.861,stay,stay,0,1
1775924143883,1803,99669.89999997616,pvp,player_1,player_2,235.144,0,663.189,263.715,-261.907,183.861,stay,stay,0,1
1775924143883,1804,99686.20000004768,pvp,player_1,player_2,235.144,0,658.824,266.78,-261.907,183.861,stay,stay,0,1
1775924143883,1805,99703,pvp,player_1,player_2,235.144,0,654.458,269.844,-261.907,183.861,stay,stay,0,1
1775924143883,1806,99719.70000004768,pvp,player_1,player_2,235.144,0,650.093,272.908,-261.907,183.861,stay,stay,0,1
1775924143883,1807,99736.30000007153,pvp,player_1,player_2,235.144,0,645.728,275.973,-261.907,183.861,stay,stay,0,1
1775924143883,1808,99752.89999997616,pvp,player_1,player_2,235.144,0,641.363,279.037,-261.907,183.861,stay,stay,0,1
1775924143883,1809,99770,pvp,player_1,player_2,235.144,0,636.998,282.101,-261.907,183.861,stay,stay,0,1
1775924143883,1810,99786.30000007153,pvp,player_1,player_2,235.144,0,632.633,285.166,-261.907,183.861,stay,stay,0,1
1775924143883,1811,99803,pvp,player_1,player_2,235.144,0,628.268,288.23,-261.907,183.861,stay,stay,0,1
1775924143883,1812,99819.5,pvp,player_1,player_2,235.144,0,623.903,291.295,-261.907,183.861,stay,stay,0,1
1775924143883,1813,99836.20000004768,pvp,player_1,player_2,235.144,0,619.538,294.359,-261.907,183.861,stay,stay,0,1
1775924143883,1814,99852.60000002384,pvp,player_1,player_2,235.144,0,615.172,297.423,-261.907,183.861,stay,stay,0,1
1775924143883,1815,99869.5,pvp,player_1,player_2,235.144,0,610.807,300.488,-261.907,183.861,stay,stay,0,1
1775924143883,1816,99886.39999997616,pvp,player_1,player_2,235.144,0,606.442,303.552,-261.907,183.861,stay,stay,0,1
1775924143883,1817,99903.20000004768,pvp,player_1,player_2,235.144,0,602.077,306.616,-261.907,183.861,stay,stay,0,1
1775924143883,1818,99919.60000002384,pvp,player_1,player_2,235.144,0,597.712,309.681,-261.907,183.861,stay,stay,0,1
1775924143883,1819,99936.39999997616,pvp,player_1,player_2,235.144,0,593.347,312.745,-261.907,183.861,stay,stay,0,1
1775924143883,1820,99952.89999997616,pvp,player_1,player_2,235.144,0,588.982,315.809,-261.907,183.861,stay,stay,0,1
1775924143883,1821,99969.60000002384,pvp,player_1,player_2,235.144,0,584.617,318.874,-261.907,183.861,stay,stay,0,1
1775924143883,1822,99986.70000004768,pvp,player_1,player_2,235.144,0,580.252,321.938,-261.907,183.861,stay,stay,0,1
1775924143883,1823,100002.89999997616,pvp,player_1,player_2,235.144,0,575.886,325.002,-261.907,183.861,stay,stay,0,1
1775924143883,1824,100019.70000004768,pvp,player_1,player_2,235.144,0,571.521,328.067,-261.907,183.861,stay,stay,0,1
1775924143883,1825,100036,pvp,player_1,player_2,235.144,0,567.156,331.131,-261.907,183.861,stay,stay,0,1
1775924143883,1826,100053,pvp,player_1,player_2,235.144,0,562.791,334.195,-261.907,183.861,stay,stay,0,1
1775924143883,1827,100069.80000007153,pvp,player_1,player_2,235.144,0,558.426,337.26,-261.907,183.861,stay,stay,0,1
1775924143883,1828,100086.60000002384,pvp,player_1,player_2,235.144,0,554.061,340.324,-261.907,183.861,stay,stay,0,1
1775924143883,1829,100103.5,pvp,player_1,player_2,235.144,0,549.696,343.388,-261.907,183.861,stay,stay,0,1
1775924143883,1830,100119.60000002384,pvp,player_1,player_2,235.144,0,545.331,346.453,-261.907,183.861,stay,stay,0,1
1775924143883,1831,100136.60000002384,pvp,player_1,player_2,235.144,0,540.966,349.517,-261.907,183.861,stay,stay,0,1
1775924143883,1832,100153.10000002384,pvp,player_1,player_2,235.144,0,536.6,352.582,-261.907,183.861,stay,stay,0,1
1775924143883,1833,100169.39999997616,pvp,player_1,player_2,235.144,0,532.235,355.646,-261.907,183.861,stay,stay,0,1
1775924143883,1834,100186.70000004768,pvp,player_1,player_2,235.144,0,527.87,358.71,-261.907,183.861,stay,stay,0,1
1775924143883,1835,100203,pvp,player_1,player_2,235.144,0,523.505,361.775,-261.907,183.861,stay,stay,0,1
1775924143883,1836,100219.70000004768,pvp,player_1,player_2,235.144,0,519.14,364.839,-261.907,183.861,stay,stay,0,1
1775924143883,1837,100236.39999997616,pvp,player_1,player_2,235.144,0,514.775,367.903,-261.907,183.861,stay,stay,0,1
1775924143883,1838,100252.89999997616,pvp,player_1,player_2,235.144,0,510.41,370.968,-261.907,183.861,stay,stay,0,1
1775924143883,1839,100269.70000004768,pvp,player_1,player_2,235.144,0,506.045,374.032,-261.907,183.861,stay,stay,0,1
1775924143883,1840,100286.60000002384,pvp,player_1,player_2,235.144,0,501.68,377.096,-261.907,183.861,stay,stay,0,1
1775924143883,1841,100303,pvp,player_1,player_2,235.144,0,497.314,380.161,-261.907,183.861,stay,stay,0,1
1775924143883,1842,100319.60000002384,pvp,player_1,player_2,235.144,0,492.949,383.225,-261.907,183.861,stay,stay,0,1
1775924143883,1843,100336.30000007153,pvp,player_1,player_2,235.144,0,488.584,386.289,-261.907,183.861,stay,stay,0,1
1775924143883,1844,100352.89999997616,pvp,player_1,player_2,235.144,0,484.219,389.354,-261.907,183.861,stay,stay,0,1
1775924143883,1845,100369.70000004768,pvp,player_1,player_2,235.144,0,479.854,392.418,-261.907,183.861,stay,stay,0,1
1775924143883,1846,100385.89999997616,pvp,player_1,player_2,235.144,0,475.489,395.482,-261.907,183.861,stay,stay,0,1
1775924143883,1847,100403.10000002384,pvp,player_1,player_2,235.144,0,471.124,398.547,-261.907,183.861,stay,stay,0,1
1775924143883,1848,100419.70000004768,pvp,player_1,player_2,235.144,0,466.759,401.611,-261.907,183.861,stay,stay,0,1
1775924143883,1849,100436,pvp,player_1,player_2,235.144,0,462.394,404.676,-261.907,183.861,stay,stay,0,1
1775924143883,1850,100452.80000007153,pvp,player_1,player_2,235.144,0,458.028,407.74,-261.907,183.861,stay,stay,0,1
1775924143883,1851,100469.20000004768,pvp,player_1,player_2,235.144,0,453.663,410.804,-261.907,183.861,stay,stay,0,1
1775924143883,1852,100485.89999997616,pvp,player_1,player_2,235.144,0,449.298,413.869,-261.907,183.861,stay,stay,0,1
1775924143883,1853,100502.89999997616,pvp,player_1,player_2,235.144,0,444.933,416.933,-261.907,183.861,stay,stay,0,1
1775924143883,1854,100519.80000007153,pvp,player_1,player_2,235.144,0,440.568,419.997,-261.907,183.861,stay,stay,0,1
1775924143883,1855,100536.30000007153,pvp,player_1,player_2,235.144,0,436.203,423.062,-261.907,183.861,stay,stay,0,1
1775924143883,1856,100553.10000002384,pvp,player_1,player_2,235.144,0,431.838,426.126,-261.907,183.861,stay,stay,0,1
1775924143883,1857,100569.39999997616,pvp,player_1,player_2,235.144,0,427.473,429.19,-261.907,183.861,stay,stay,0,1
1775924143883,1858,100586,pvp,player_1,player_2,235.144,0,423.108,432.255,-261.907,183.861,stay,stay,0,1
1775924143883,1859,100603.10000002384,pvp,player_1,player_2,235.144,0,418.742,435.319,-261.907,183.861,stay,stay,0,1
1775924143883,1860,100619.39999997616,pvp,player_1,player_2,235.144,0,414.377,438.383,-261.907,183.861,stay,stay,0,1
1775924143883,1861,100636.30000007153,pvp,player_1,player_2,235.144,0,410.012,441.448,-261.907,183.861,stay,stay,0,1
1775924143883,1862,100653,pvp,player_1,player_2,235.144,0,405.647,444.512,-261.907,183.861,stay,stay,0,1
1775924143883,1863,100669.80000007153,pvp,player_1,player_2,235.144,0,401.282,447.576,-261.907,183.861,stay,stay,0,1
1775924143883,1864,100686.30000007153,pvp,player_1,player_2,235.144,0,396.917,450.641,-261.907,183.861,stay,stay,0,1
1775924143883,1865,100703.20000004768,pvp,player_1,player_2,235.144,0,392.552,453.705,-261.907,183.861,stay,stay,0,1
1775924143883,1866,100719.30000007153,pvp,player_1,player_2,235.144,0,388.187,456.769,-261.907,183.861,stay,stay,0,1
1775924143883,1867,100736.39999997616,pvp,player_1,player_2,235.144,0,383.822,459.834,-261.907,183.861,stay,stay,0,1
1775924143883,1868,100753,pvp,player_1,player_2,235.144,0,379.456,462.898,-261.907,183.861,stay,stay,0,1
1775924143883,1869,100769.80000007153,pvp,player_1,player_2,235.144,0,375.091,465.963,-261.907,183.861,stay,stay,0,1
1775924143883,1870,100786.39999997616,pvp,player_1,player_2,235.144,0,370.726,469.027,-261.907,183.861,stay,stay,0,1
1775924143883,1871,100802.89999997616,pvp,player_1,player_2,235.144,0,366.361,472.091,-261.907,183.861,stay,stay,0,1
1775924143883,1872,100819.60000002384,pvp,player_1,player_2,235.144,0,361.996,475.156,-261.907,183.861,stay,stay,0,1
1775924143883,1873,100835.80000007153,pvp,player_1,player_2,235.144,0,357.631,478.22,-261.907,183.861,stay,stay,0,1
1775924143883,1874,100853,pvp,player_1,player_2,235.144,0,353.266,481.284,-261.907,183.861,stay,stay,0,1
1775924143883,1875,100869.39999997616,pvp,player_1,player_2,235.144,0,348.901,484.349,-261.907,183.861,stay,stay,0,1
1775924143883,1876,100886.30000007153,pvp,player_1,player_2,235.144,0,344.536,487.413,-261.907,183.861,stay,stay,0,1
1775924143883,1877,100903.10000002384,pvp,player_1,player_2,235.144,0,340.17,490.477,-261.907,183.861,stay,stay,0,1
1775924143883,1878,100919.30000007153,pvp,player_1,player_2,235.144,0,335.805,493.542,-261.907,183.861,stay,stay,0,1
1775924143883,1879,100936.20000004768,pvp,player_1,player_2,235.144,0,331.44,496.606,-261.907,183.861,stay,stay,0,1
1775924143883,1880,100952.80000007153,pvp,player_1,player_2,235.144,0,327.075,499.67,-261.907,183.861,stay,stay,0,1
1775924143883,1881,100969.60000002384,pvp,player_1,player_2,235.144,0,322.71,502.735,-261.907,183.861,stay,stay,0,1
1775924143883,1882,100986.30000007153,pvp,player_1,player_2,235.144,0,318.345,505.799,-261.907,183.861,stay,stay,0,1
1775924143883,1883,101003.10000002384,pvp,player_1,player_2,235.144,0,313.98,508.863,-261.907,183.861,stay,stay,0,1
1775924143883,1884,101019.60000002384,pvp,player_1,player_2,235.144,0,309.615,511.928,-261.907,183.861,stay,stay,0,1
1775924143883,1885,101036.70000004768,pvp,player_1,player_2,235.144,0,305.25,514.992,-261.907,183.861,stay,stay,0,1
1775924143883,1886,101053.10000002384,pvp,player_1,player_2,235.144,0,300.884,518.057,-261.907,183.861,stay,stay,0,1
1775924143883,1887,101069.60000002384,pvp,player_1,player_2,235.144,0,296.519,521.121,-261.907,183.861,stay,stay,0,1
1775924143883,1888,101086.70000004768,pvp,player_1,player_2,235.144,0,292.154,524.185,-261.907,183.861,stay,stay,0,1
1775924143883,1889,101103,pvp,player_1,player_2,235.144,0,287.789,527.25,-261.907,183.861,stay,stay,0,1
1775924143883,1890,101119.80000007153,pvp,player_1,player_2,235.144,0,283.424,530,-261.907,-183.861,stay,stay,0,1
1775924143883,1891,101136.60000002384,pvp,player_1,player_2,235.144,0,279.059,526.936,-261.907,-183.861,stay,stay,0,1
1775924143883,1892,101153.10000002384,pvp,player_1,player_2,235.144,0,274.694,523.871,-261.907,-183.861,stay,stay,0,1
1775924143883,1893,101169.60000002384,pvp,player_1,player_2,235.144,0,270.329,520.807,-261.907,-183.861,stay,stay,0,1
1775924143883,1894,101186.5,pvp,player_1,player_2,235.144,0,265.964,517.743,-261.907,-183.861,stay,stay,0,1
1775924143883,1895,101202.80000007153,pvp,player_1,player_2,235.144,0,261.598,514.678,-261.907,-183.861,stay,stay,0,1
1775924143883,1896,101219.60000002384,pvp,player_1,player_2,235.144,0,257.233,511.614,-261.907,-183.861,stay,stay,0,1
1775924143883,1897,101236.39999997616,pvp,player_1,player_2,235.144,0,252.868,508.55,-261.907,-183.861,stay,stay,0,1
1775924143883,1898,101252.5,pvp,player_1,player_2,235.144,0,248.503,505.485,-261.907,-183.861,stay,stay,0,1
1775924143883,1899,101269.70000004768,pvp,player_1,player_2,235.144,0,244.138,502.421,-261.907,-183.861,stay,stay,0,1
1775924143883,1900,101286.39999997616,pvp,player_1,player_2,235.144,0,239.773,499.356,-261.907,-183.861,stay,stay,0,1
1775924143883,1901,101302.80000007153,pvp,player_1,player_2,235.144,0,235.408,496.292,-261.907,-183.861,stay,stay,0,1
1775924143883,1902,101319.89999997616,pvp,player_1,player_2,235.144,0,231.043,493.228,-261.907,-183.861,stay,stay,0,1
1775924143883,1903,101336.39999997616,pvp,player_1,player_2,235.144,0,226.678,490.163,-261.907,-183.861,stay,stay,0,1
1775924143883,1904,101352.89999997616,pvp,player_1,player_2,235.144,0,222.312,487.099,-261.907,-183.861,stay,stay,0,1
1775924143883,1905,101369.60000002384,pvp,player_1,player_2,235.144,0,217.947,484.035,-261.907,-183.861,stay,stay,0,1
1775924143883,1906,101386.5,pvp,player_1,player_2,235.144,0,213.582,480.97,-261.907,-183.861,stay,stay,0,1
1775924143883,1907,101402.80000007153,pvp,player_1,player_2,235.144,0,209.217,477.906,-261.907,-183.861,stay,stay,0,1
1775924143883,1908,101419.60000002384,pvp,player_1,player_2,235.144,0,204.852,474.842,-261.907,-183.861,stay,stay,0,1
1775924143883,1909,101436.5,pvp,player_1,player_2,235.144,0,200.487,471.777,-261.907,-183.861,stay,stay,0,1
1775924143883,1910,101452.80000007153,pvp,player_1,player_2,235.144,0,196.122,468.713,-261.907,-183.861,stay,stay,0,1
1775924143883,1911,101469.39999997616,pvp,player_1,player_2,235.144,0,191.757,465.649,-261.907,-183.861,stay,stay,0,1
1775924143883,1912,101486.60000002384,pvp,player_1,player_2,235.144,0,187.392,462.584,-261.907,-183.861,stay,stay,0,1
1775924143883,1913,101502.70000004768,pvp,player_1,player_2,235.144,0,183.026,459.52,-261.907,-183.861,stay,stay,0,1
1775924143883,1914,101519.70000004768,pvp,player_1,player_2,235.144,0,178.661,456.456,-261.907,-183.861,stay,stay,0,1
1775924143883,1915,101536.20000004768,pvp,player_1,player_2,235.144,0,174.296,453.391,-261.907,-183.861,stay,stay,0,1
1775924143883,1916,101553.10000002384,pvp,player_1,player_2,235.144,0,169.931,450.327,-261.907,-183.861,stay,stay,0,1
1775924143883,1917,101569.5,pvp,player_1,player_2,235.144,0,165.566,447.263,-261.907,-183.861,stay,stay,0,1
1775924143883,1918,101586.30000007153,pvp,player_1,player_2,235.144,0,161.201,444.198,-261.907,-183.861,stay,stay,0,1
1775924143883,1919,101602.89999997616,pvp,player_1,player_2,235.144,0,156.836,441.134,-261.907,-183.861,stay,stay,0,1
1775924143883,1920,101619.60000002384,pvp,player_1,player_2,235.144,0,152.471,438.069,-261.907,-183.861,stay,stay,0,1
1775924143883,1921,101636.20000004768,pvp,player_1,player_2,235.144,0,148.106,435.005,-261.907,-183.861,stay,stay,0,1
1775924143883,1922,101652.89999997616,pvp,player_1,player_2,235.144,0,143.74,431.941,-261.907,-183.861,stay,stay,0,1
1775924143883,1923,101669.5,pvp,player_1,player_2,235.144,0,139.375,428.876,-261.907,-183.861,stay,stay,0,1
1775924143883,1924,101686.30000007153,pvp,player_1,player_2,235.144,0,135.01,425.812,-261.907,-183.861,stay,stay,0,1
1775924143883,1925,101703,pvp,player_1,player_2,235.144,0,130.645,422.748,-261.907,-183.861,stay,stay,0,1
1775924143883,1926,101719.39999997616,pvp,player_1,player_2,235.144,0,126.28,419.683,-261.907,-183.861,stay,stay,0,1
1775924143883,1927,101735.80000007153,pvp,player_1,player_2,235.144,0,121.915,416.619,-261.907,-183.861,stay,stay,0,1
1775924143883,1928,101753,pvp,player_1,player_2,235.144,0,117.55,413.555,-261.907,-183.861,stay,stay,0,1
1775924143883,1929,101769.30000007153,pvp,player_1,player_2,235.144,0,113.185,410.49,-261.907,-183.861,stay,stay,0,1
1775924143883,1930,101786.30000007153,pvp,player_1,player_2,235.144,0,108.82,407.426,-261.907,-183.861,stay,stay,0,1
1775924143883,1931,101803.10000002384,pvp,player_1,player_2,235.144,0,104.454,404.362,-261.907,-183.861,stay,stay,0,1
1775924143883,1932,101819.70000004768,pvp,player_1,player_2,235.144,0,100.089,401.297,-261.907,-183.861,stay,stay,0,1
1775924143883,1933,101835.89999997616,pvp,player_1,player_2,235.144,0,95.724,398.233,-261.907,-183.861,stay,stay,0,1
1775924143883,1934,101852.39999997616,pvp,player_1,player_2,235.4,0,91.359,395.169,-261.907,-183.861,down,stay,0,1
1775924143883,1935,101869.80000007153,pvp,player_1,player_2,235.911,0,86.994,392.104,-261.907,-183.861,down,stay,0,1
1775924143883,1936,101885.80000007153,pvp,player_1,player_2,236.678,0,82.629,389.04,-261.907,-183.861,down,stay,0,1
1775924143883,1937,101903,pvp,player_1,player_2,237.7,0,78.264,385.975,-261.907,-183.861,down,stay,0,1
1775924143883,1938,101919.60000002384,pvp,player_1,player_2,238.978,0,73.899,382.911,-261.907,-183.861,down,stay,0,1
1775924143883,1939,101936.30000007153,pvp,player_1,player_2,240.511,0,69.534,379.847,-261.907,-183.861,down,stay,0,1
1775924143883,1940,101952.89999997616,pvp,player_1,player_2,242.3,0,65.168,376.782,-261.907,-183.861,down,stay,0,1
1775924143883,1941,101969.70000004768,pvp,player_1,player_2,244.344,0,60.803,373.718,-261.907,-183.861,down,stay,0,1
1775924143883,1942,101986.39999997616,pvp,player_1,player_2,246.644,0,56.438,370.654,-261.907,-183.861,down,stay,0,1
1775924143883,1943,102003,pvp,player_1,player_2,249.2,0,52.073,367.589,-261.907,-183.861,down,stay,0,1
1775924143883,1944,102019.10000002384,pvp,player_1,player_2,252.011,0,47.708,364.525,-261.907,-183.861,down,stay,0,1
1775924143883,1945,102036.10000002384,pvp,player_1,player_2,255.078,0,43.343,361.461,-261.907,-183.861,down,stay,0,1
1775924143883,1946,102053,pvp,player_1,player_2,258.4,0,48,358.396,143.69,308.145,down,stay,0,1
1775924143883,1947,102069.70000004768,pvp,player_1,player_2,261.978,0,50.395,363.532,143.69,308.145,down,stay,0,1
1775924143883,1948,102086.39999997616,pvp,player_1,player_2,265.811,0,52.79,368.668,143.69,308.145,down,stay,0,1
1775924143883,1949,102103,pvp,player_1,player_2,269.9,0,55.185,373.804,143.69,308.145,down,stay,0,1
1775924143883,1950,102119.60000002384,pvp,player_1,player_2,274.244,0,57.579,378.939,143.69,308.145,down,stay,0,1
1775924143883,1951,102136.20000004768,pvp,player_1,player_2,278.844,0,59.974,384.075,143.69,308.145,down,stay,0,1
1775924143883,1952,102153,pvp,player_1,player_2,283.7,0,62.369,389.211,143.69,308.145,down,stay,0,1
1775924143883,1953,102169.60000002384,pvp,player_1,player_2,288.811,0,64.764,394.347,143.69,308.145,down,stay,0,1
1775924143883,1954,102186.5,pvp,player_1,player_2,294.178,0,67.159,399.482,143.69,308.145,down,stay,0,1
1775924143883,1955,102203,pvp,player_1,player_2,299.8,0,69.554,404.618,143.69,308.145,down,stay,0,1
1775924143883,1956,102219.5,pvp,player_1,player_2,305.678,0,71.948,409.754,143.69,308.145,down,stay,0,1
1775924143883,1957,102236.39999997616,pvp,player_1,player_2,311.811,0,74.343,414.889,143.69,308.145,down,stay,0,1
1775924143883,1958,102252.70000004768,pvp,player_1,player_2,318.2,0,76.738,420.025,143.69,308.145,down,stay,0,1
1775924143883,1959,102269.70000004768,pvp,player_1,player_2,324.844,0,79.133,425.161,143.69,308.145,down,stay,0,1
1775924143883,1960,102286.39999997616,pvp,player_1,player_2,331.744,0,81.528,430.297,143.69,308.145,down,stay,0,1
1775924143883,1961,102302.89999997616,pvp,player_1,player_2,338.9,0,83.923,435.432,143.69,308.145,down,stay,0,1
1775924143883,1962,102319.5,pvp,player_1,player_2,346.311,0,86.317,440.568,143.69,308.145,down,stay,0,1
1775924143883,1963,102336.10000002384,pvp,player_1,player_2,353.978,0,88.712,445.704,143.69,308.145,down,stay,0,1
1775924143883,1964,102352.60000002384,pvp,player_1,player_2,361.644,0,91.107,450.84,143.69,308.145,down,stay,0,1
1775924143883,1965,102369.70000004768,pvp,player_1,player_2,369.311,0,93.502,455.975,143.69,308.145,down,stay,0,1
1775924143883,1966,102386.30000007153,pvp,player_1,player_2,376.978,0,95.897,461.111,143.69,308.145,down,stay,0,1
1775924143883,1967,102403.20000004768,pvp,player_1,player_2,384.644,0,98.292,466.247,143.69,308.145,down,stay,0,1
1775924143883,1968,102419.60000002384,pvp,player_1,player_2,392.311,0,100.686,471.383,143.69,308.145,down,stay,0,1
1775924143883,1969,102436.10000002384,pvp,player_1,player_2,399.978,0,103.081,476.518,143.69,308.145,down,stay,0,1
1775924143883,1970,102453,pvp,player_1,player_2,407.45,0,105.476,481.654,143.69,308.145,stay,stay,0,1
1775924143883,1971,102469.89999997616,pvp,player_1,player_2,414.728,0,107.871,486.79,143.69,308.145,stay,stay,0,1
1775924143883,1972,102486.20000004768,pvp,player_1,player_2,421.811,0,110.266,491.926,143.69,308.145,stay,stay,0,1
1775924143883,1973,102503.20000004768,pvp,player_1,player_2,428.7,0,112.661,497.061,143.69,308.145,stay,stay,0,1
1775924143883,1974,102519.39999997616,pvp,player_1,player_2,435.394,0,115.055,502.197,143.69,308.145,stay,stay,0,1
1775924143883,1975,102536.5,pvp,player_1,player_2,441.894,0,117.45,507.333,143.69,308.145,stay,stay,0,1
1775924143883,1976,102552.70000004768,pvp,player_1,player_2,444,0,119.845,512.469,143.69,308.145,stay,stay,0,1
1775924143883,1977,102569.10000002384,pvp,player_1,player_2,444,0,122.24,517.604,143.69,308.145,stay,stay,0,1
1775924143883,1978,102585.80000007153,pvp,player_1,player_2,444,0,124.635,522.74,143.69,308.145,stay,stay,0,1
1775924143883,1979,102602.30000007153,pvp,player_1,player_2,444,0,127.03,527.876,143.69,308.145,stay,stay,0,1
1775924143883,1980,102619.10000002384,pvp,player_1,player_2,444,0,129.424,530,143.69,-308.145,stay,stay,0,1
1775924143883,1981,102636.20000004768,pvp,player_1,player_2,444,0,131.819,524.864,143.69,-308.145,stay,stay,0,1
1775924143883,1982,102653,pvp,player_1,player_2,444,0,134.214,519.729,143.69,-308.145,stay,stay,0,1
1775924143883,1983,102669.5,pvp,player_1,player_2,444,0,136.609,514.593,143.69,-308.145,stay,stay,0,1
1775924143883,1984,102686.5,pvp,player_1,player_2,444,0,139.004,509.457,143.69,-308.145,stay,stay,0,1
1775924143883,1985,102702.89999997616,pvp,player_1,player_2,444,0,141.399,504.321,143.69,-308.145,stay,stay,0,1
1775924143883,1986,102719.39999997616,pvp,player_1,player_2,444,0,143.793,499.186,143.69,-308.145,stay,stay,0,1
1775924143883,1987,102736.20000004768,pvp,player_1,player_2,444,0,146.188,494.05,143.69,-308.145,stay,stay,0,1
1775924143883,1988,102752.70000004768,pvp,player_1,player_2,444,0,148.583,488.914,143.69,-308.145,stay,stay,0,1
1775924143883,1989,102769.30000007153,pvp,player_1,player_2,444,0,150.978,483.778,143.69,-308.145,stay,stay,0,1
1775924143883,1990,102786.30000007153,pvp,player_1,player_2,444,0,153.373,478.643,143.69,-308.145,stay,stay,0,1
1775924143883,1991,102803,pvp,player_1,player_2,444,0,155.768,473.507,143.69,-308.145,stay,stay,0,1
1775924143883,1992,102819.80000007153,pvp,player_1,player_2,444,0,158.162,468.371,143.69,-308.145,stay,stay,0,1
1775924143883,1993,102836.30000007153,pvp,player_1,player_2,444,0,160.557,463.235,143.69,-308.145,stay,stay,0,1
1775924143883,1994,102852.80000007153,pvp,player_1,player_2,444,0,162.952,458.1,143.69,-308.145,stay,stay,0,1
1775924143883,1995,102869.70000004768,pvp,player_1,player_2,444,0,165.347,452.964,143.69,-308.145,stay,stay,0,1
1775924143883,1996,102886.39999997616,pvp,player_1,player_2,444,0,167.742,447.828,143.69,-308.145,stay,stay,0,1
1775924143883,1997,102903,pvp,player_1,player_2,444,0,170.137,442.692,143.69,-308.145,stay,stay,0,1
1775924143883,1998,102919.70000004768,pvp,player_1,player_2,444,0,172.532,437.557,143.69,-308.145,stay,stay,0,1
1775924143883,1999,102936.5,pvp,player_1,player_2,444,0,174.926,432.421,143.69,-308.145,stay,stay,0,1
1775924143883,2000,102952.5,pvp,player_1,player_2,444,0,177.321,427.285,143.69,-308.145,stay,stay,0,1
1775924143883,2001,102968.80000007153,pvp,player_1,player_2,444,0,179.716,422.149,143.69,-308.145,stay,stay,0,1
1775924143883,2002,102985.5,pvp,player_1,player_2,444,0,182.111,417.014,143.69,-308.145,stay,stay,0,1
1775924143883,2003,103002.30000007153,pvp,player_1,player_2,444,0,184.506,411.878,143.69,-308.145,stay,stay,0,1
1775924143883,2004,103018.89999997616,pvp,player_1,player_2,444,0,186.901,406.742,143.69,-308.145,stay,stay,0,1
1775924143883,2005,103035.5,pvp,player_1,player_2,444,0,189.295,401.606,143.69,-308.145,stay,stay,0,1
1775924143883,2006,103052.30000007153,pvp,player_1,player_2,444,0,191.69,396.471,143.69,-308.145,stay,stay,0,1
1775924143883,2007,103068.70000004768,pvp,player_1,player_2,444,0,194.085,391.335,143.69,-308.145,stay,stay,0,1
1775924143883,2008,103085.60000002384,pvp,player_1,player_2,444,0,196.48,386.199,143.69,-308.145,stay,stay,0,1
1775924143883,2009,103102.39999997616,pvp,player_1,player_2,444,0,198.875,381.063,143.69,-308.145,stay,stay,0,1
1775924143883,2010,103118.89999997616,pvp,player_1,player_2,444,0,201.27,375.928,143.69,-308.145,stay,stay,0,1
1775924143883,2011,103135.70000004768,pvp,player_1,player_2,444,0,203.664,370.792,143.69,-308.145,stay,stay,0,1
1775924143883,2012,103152.39999997616,pvp,player_1,player_2,444,0,206.059,365.656,143.69,-308.145,stay,stay,0,1
1775924143883,2013,103169.10000002384,pvp,player_1,player_2,444,0,208.454,360.52,143.69,-308.145,stay,stay,0,1
1775924143883,2014,103185.70000004768,pvp,player_1,player_2,444,0,210.849,355.385,143.69,-308.145,stay,stay,0,1
1775924143883,2015,103202.39999997616,pvp,player_1,player_2,444,0,213.244,350.249,143.69,-308.145,stay,stay,0,1
1775924143883,2016,103219.60000002384,pvp,player_1,player_2,444,0,215.639,345.113,143.69,-308.145,stay,stay,0,1
1775924143883,2017,103235.70000004768,pvp,player_1,player_2,444,0,218.033,339.977,143.69,-308.145,stay,stay,0,1
1775924143883,2018,103252.80000007153,pvp,player_1,player_2,444,0,220.428,334.842,143.69,-308.145,stay,stay,0,1
1775924143883,2019,103269.20000004768,pvp,player_1,player_2,444,0,222.823,329.706,143.69,-308.145,stay,stay,0,1
1775924143883,2020,103286.30000007153,pvp,player_1,player_2,444,0,225.218,324.57,143.69,-308.145,stay,stay,0,1
1775924143883,2021,103303,pvp,player_1,player_2,444,0,227.613,319.434,143.69,-308.145,stay,stay,0,1
1775924143883,2022,103319.5,pvp,player_1,player_2,444,0,230.008,314.299,143.69,-308.145,stay,stay,0,1
1775924143883,2023,103336.20000004768,pvp,player_1,player_2,444,0,232.402,309.163,143.69,-308.145,stay,stay,0,1
1775924143883,2024,103352.70000004768,pvp,player_1,player_2,444,0,234.797,304.027,143.69,-308.145,stay,stay,0,1
1775924143883,2025,103369.5,pvp,player_1,player_2,444,0,237.192,298.892,143.69,-308.145,stay,stay,0,1
1775924143883,2026,103386.30000007153,pvp,player_1,player_2,444,0,239.587,293.756,143.69,-308.145,stay,stay,0,1
1775924143883,2027,103403.10000002384,pvp,player_1,player_2,444,0,241.982,288.62,143.69,-308.145,stay,stay,0,1
1775924143883,2028,103419.89999997616,pvp,player_1,player_2,444,0,244.377,283.484,143.69,-308.145,stay,stay,0,1
1775924143883,2029,103435.80000007153,pvp,player_1,player_2,444,0,246.771,278.349,143.69,-308.145,stay,stay,0,1
1775924143883,2030,103452.39999997616,pvp,player_1,player_2,444,0,249.166,273.213,143.69,-308.145,stay,stay,0,1
1775924143883,2031,103469.60000002384,pvp,player_1,player_2,444,0,251.561,268.077,143.69,-308.145,stay,stay,0,1
1775924143883,2032,103485.89999997616,pvp,player_1,player_2,444,0,253.956,262.941,143.69,-308.145,stay,stay,0,1
1775924143883,2033,103502.89999997616,pvp,player_1,player_2,444,0,256.351,257.806,143.69,-308.145,stay,stay,0,1
1775924143883,2034,103519.60000002384,pvp,player_1,player_2,444,0,258.746,252.67,143.69,-308.145,stay,stay,0,1
1775924143883,2035,103536.20000004768,pvp,player_1,player_2,444,0,261.14,247.534,143.69,-308.145,stay,stay,0,1
1775924143883,2036,103553,pvp,player_1,player_2,444,0,263.535,242.398,143.69,-308.145,stay,stay,0,1
1775924143883,2037,103569.80000007153,pvp,player_1,player_2,444,0,265.93,237.263,143.69,-308.145,stay,stay,0,1
1775924143883,2038,103586.89999997616,pvp,player_1,player_2,444,0,268.325,232.127,143.69,-308.145,stay,stay,0,1
1775924143883,2039,103603,pvp,player_1,player_2,444,0,270.72,226.991,143.69,-308.145,stay,stay,0,1
1775924143883,2040,103619.39999997616,pvp,player_1,player_2,444,0,273.115,221.855,143.69,-308.145,stay,stay,0,1
1775924143883,2041,103635.89999997616,pvp,player_1,player_2,444,0,275.509,216.72,143.69,-308.145,stay,stay,0,1
1775924143883,2042,103652.5,pvp,player_1,player_2,444,0,277.904,211.584,143.69,-308.145,stay,stay,0,1
1775924143883,2043,103669.30000007153,pvp,player_1,player_2,444,0,280.299,206.448,143.69,-308.145,stay,stay,0,1
1775924143883,2044,103686.30000007153,pvp,player_1,player_2,444,0,282.694,201.312,143.69,-308.145,stay,stay,0,1
1775924143883,2045,103702.89999997616,pvp,player_1,player_2,444,0,285.089,196.177,143.69,-308.145,stay,stay,0,1
1775924143883,2046,103719.60000002384,pvp,player_1,player_2,444,0,287.484,191.041,143.69,-308.145,stay,stay,0,1
1775924143883,2047,103736.30000007153,pvp,player_1,player_2,444,0,289.879,185.905,143.69,-308.145,stay,stay,0,1
1775924143883,2048,103752.80000007153,pvp,player_1,player_2,444,0,292.273,180.769,143.69,-308.145,stay,stay,0,1
1775924143883,2049,103769.60000002384,pvp,player_1,player_2,444,0,294.668,175.634,143.69,-308.145,stay,stay,0,1
1775924143883,2050,103786.10000002384,pvp,player_1,player_2,444,0,297.063,170.498,143.69,-308.145,stay,stay,0,1
1775924143883,2051,103802.89999997616,pvp,player_1,player_2,444,0,299.458,165.362,143.69,-308.145,stay,stay,0,1
1775924143883,2052,103819.5,pvp,player_1,player_2,444,0,301.853,160.226,143.69,-308.145,stay,stay,0,1
1775924143883,2053,103836.30000007153,pvp,player_1,player_2,444,0,304.248,155.091,143.69,-308.145,stay,stay,0,1
1775924143883,2054,103852.80000007153,pvp,player_1,player_2,444,0,306.642,149.955,143.69,-308.145,stay,stay,0,1
1775924143883,2055,103869.30000007153,pvp,player_1,player_2,444,0,309.037,144.819,143.69,-308.145,stay,stay,0,1
1775924143883,2056,103886,pvp,player_1,player_2,444,0,311.432,139.683,143.69,-308.145,stay,stay,0,1
1775924143883,2057,103902.80000007153,pvp,player_1,player_2,444,0,313.827,134.548,143.69,-308.145,stay,stay,0,1
1775924143883,2058,103919.5,pvp,player_1,player_2,444,0,316.222,129.412,143.69,-308.145,stay,stay,0,1
1775924143883,2059,103936.10000002384,pvp,player_1,player_2,444,0,318.617,124.276,143.69,-308.145,stay,stay,0,1
1775924143883,2060,103952.89999997616,pvp,player_1,player_2,444,0,321.011,119.14,143.69,-308.145,stay,stay,0,1
1775924143883,2061,103969.60000002384,pvp,player_1,player_2,444,0,323.406,114.005,143.69,-308.145,stay,stay,0,1
1775924143883,2062,103986.30000007153,pvp,player_1,player_2,444,0,325.801,108.869,143.69,-308.145,stay,stay,0,1
1775924143883,2063,104002.89999997616,pvp,player_1,player_2,444,0,328.196,103.733,143.69,-308.145,stay,stay,0,1
1775924143883,2064,104019.39999997616,pvp,player_1,player_2,444,0,330.591,98.597,143.69,-308.145,stay,stay,0,1
1775924143883,2065,104036.30000007153,pvp,player_1,player_2,444,0,332.986,93.462,143.69,-308.145,stay,stay,0,1
1775924143883,2066,104053,pvp,player_1,player_2,444,0,335.38,88.326,143.69,-308.145,stay,stay,0,1
1775924143883,2067,104069.70000004768,pvp,player_1,player_2,444,0,337.775,83.19,143.69,-308.145,stay,stay,0,1
1775924143883,2068,104086.20000004768,pvp,player_1,player_2,444,0,340.17,78.055,143.69,-308.145,stay,stay,0,1
1775924143883,2069,104102.60000002384,pvp,player_1,player_2,444,0,342.565,72.919,143.69,-308.145,stay,stay,0,1
1775924143883,2070,104119.39999997616,pvp,player_1,player_2,444,0,344.96,67.783,143.69,-308.145,stay,stay,0,1
1775924143883,2071,104136.10000002384,pvp,player_1,player_2,444,0,347.355,62.647,143.69,-308.145,stay,stay,0,1
1775924143883,2072,104152.39999997616,pvp,player_1,player_2,444,0,349.749,57.512,143.69,-308.145,stay,stay,0,1
1775924143883,2073,104169.5,pvp,player_1,player_2,444,0,352.144,52.376,143.69,-308.145,stay,stay,0,1
1775924143883,2074,104186.30000007153,pvp,player_1,player_2,444,0,354.539,47.24,143.69,-308.145,stay,stay,0,1
1775924143883,2075,104202.80000007153,pvp,player_1,player_2,444,0,356.934,42.104,143.69,-308.145,stay,stay,0,1
1775924143883,2076,104219.60000002384,pvp,player_1,player_2,444,0,359.329,36.969,143.69,-308.145,stay,stay,0,1
1775924143883,2077,104236.39999997616,pvp,player_1,player_2,444,0,361.724,31.833,143.69,-308.145,stay,stay,0,1
1775924143883,2078,104252.80000007153,pvp,player_1,player_2,444,0,364.118,26.697,143.69,-308.145,stay,stay,0,1
1775924143883,2079,104269.60000002384,pvp,player_1,player_2,444,0,366.513,21.561,143.69,-308.145,stay,stay,0,1
1775924143883,2080,104286.39999997616,pvp,player_1,player_2,444,0,368.908,16.426,143.69,-308.145,stay,stay,0,1
1775924143883,2081,104302.70000004768,pvp,player_1,player_2,444,0,371.303,11.29,143.69,-308.145,stay,stay,0,1
1775924143883,2082,104319.70000004768,pvp,player_1,player_2,444,0,373.698,10,143.69,308.145,stay,stay,0,1
1775924143883,2083,104336.30000007153,pvp,player_1,player_2,444,0,376.093,15.136,143.69,308.145,stay,stay,0,1
1775924143883,2084,104352.80000007153,pvp,player_1,player_2,444,0,378.487,20.271,143.69,308.145,stay,stay,0,1
1775924143883,2085,104368.89999997616,pvp,player_1,player_2,444,0,380.882,25.407,143.69,308.145,stay,stay,0,1
1775924143883,2086,104386,pvp,player_1,player_2,444,0,383.277,30.543,143.69,308.145,stay,stay,0,1
1775924143883,2087,104402.5,pvp,player_1,player_2,444,0,385.672,35.679,143.69,308.145,stay,stay,0,1
1775924143883,2088,104419.5,pvp,player_1,player_2,444,0,388.067,40.814,143.69,308.145,stay,stay,0,1
1775924143883,2089,104436.30000007153,pvp,player_1,player_2,444,0,390.462,45.95,143.69,308.145,stay,stay,0,1
1775924143883,2090,104453,pvp,player_1,player_2,444,0,392.857,51.086,143.69,308.145,stay,stay,0,1
1775924143883,2091,104469.20000004768,pvp,player_1,player_2,444,0,395.251,56.222,143.69,308.145,stay,stay,0,1
1775924143883,2092,104486.30000007153,pvp,player_1,player_2,444,0,397.646,61.357,143.69,308.145,stay,stay,0,1
1775924143883,2093,104502.70000004768,pvp,player_1,player_2,444,0,400.041,66.493,143.69,308.145,stay,stay,0,1
1775924143883,2094,104519.5,pvp,player_1,player_2,444,0,402.436,71.629,143.69,308.145,stay,stay,0,1
1775924143883,2095,104536.20000004768,pvp,player_1,player_2,444,0,404.831,76.765,143.69,308.145,stay,stay,0,1
1775924143883,2096,104552.80000007153,pvp,player_1,player_2,444,0,407.226,81.9,143.69,308.145,stay,stay,0,1
1775924143883,2097,104569.5,pvp,player_1,player_2,444,0,409.62,87.036,143.69,308.145,stay,stay,0,1
1775924143883,2098,104586.5,pvp,player_1,player_2,444,0,412.015,92.172,143.69,308.145,stay,stay,0,1
1775924143883,2099,104602.5,pvp,player_1,player_2,444,0,414.41,97.308,143.69,308.145,stay,stay,0,1
1775924143883,2100,104619,pvp,player_1,player_2,444,0,416.805,102.443,143.69,308.145,stay,stay,0,1
1775924143883,2101,104636,pvp,player_1,player_2,444,0,419.2,107.579,143.69,308.145,stay,stay,0,1
1775924143883,2102,104652.80000007153,pvp,player_1,player_2,444,0,421.595,112.715,143.69,308.145,stay,stay,0,1
1775924143883,2103,104669.5,pvp,player_1,player_2,444,0,423.989,117.851,143.69,308.145,stay,stay,0,1
1775924143883,2104,104686.10000002384,pvp,player_1,player_2,444,0,426.384,122.986,143.69,308.145,stay,stay,0,1
1775924143883,2105,104702.80000007153,pvp,player_1,player_2,444,0,428.779,128.122,143.69,308.145,stay,stay,0,1
1775924143883,2106,104719.5,pvp,player_1,player_2,444,0,431.174,133.258,143.69,308.145,stay,stay,0,1
1775924143883,2107,104736.39999997616,pvp,player_1,player_2,444,0,433.569,138.394,143.69,308.145,stay,stay,0,1
1775924143883,2108,104752.89999997616,pvp,player_1,player_2,444,0,435.964,143.529,143.69,308.145,stay,stay,0,1
1775924143883,2109,104769.5,pvp,player_1,player_2,444,0,438.358,148.665,143.69,308.145,stay,stay,0,1
1775924143883,2110,104786.39999997616,pvp,player_1,player_2,444,0,440.753,153.801,143.69,308.145,stay,stay,0,1
1775924143883,2111,104802.20000004768,pvp,player_1,player_2,444,0,443.148,158.937,143.69,308.145,stay,stay,0,1
1775924143883,2112,104819,pvp,player_1,player_2,444,0,445.543,164.072,143.69,308.145,stay,stay,0,1
1775924143883,2113,104835.5,pvp,player_1,player_2,444,0,447.938,169.208,143.69,308.145,stay,stay,0,1
1775924143883,2114,104852.10000002384,pvp,player_1,player_2,444,0,450.333,174.344,143.69,308.145,stay,stay,0,1
1775924143883,2115,104869,pvp,player_1,player_2,444,0,452.727,179.48,143.69,308.145,stay,stay,0,1
1775924143883,2116,104885.60000002384,pvp,player_1,player_2,444,0,455.122,184.615,143.69,308.145,stay,stay,0,1
1775924143883,2117,104902.20000004768,pvp,player_1,player_2,444,0,457.517,189.751,143.69,308.145,stay,stay,0,1
1775924143883,2118,104918.70000004768,pvp,player_1,player_2,444,0,459.912,194.887,143.69,308.145,stay,stay,0,1
1775924143883,2119,104935.30000007153,pvp,player_1,player_2,444,0,462.307,200.023,143.69,308.145,stay,stay,0,1
1775924143883,2120,104952.70000004768,pvp,player_1,player_2,444,0,464.702,205.158,143.69,308.145,stay,stay,0,1
1775924143883,2121,104969.20000004768,pvp,player_1,player_2,444,0,467.096,210.294,143.69,308.145,stay,stay,0,1
1775924143883,2122,104985.60000002384,pvp,player_1,player_2,444,0,469.491,215.43,143.69,308.145,stay,stay,0,1
1775924143883,2123,105002.5,pvp,player_1,player_2,444,0,471.886,220.566,143.69,308.145,stay,stay,0,1
1775924143883,2124,105019,pvp,player_1,player_2,444,0,474.281,225.701,143.69,308.145,stay,stay,0,1
1775924143883,2125,105035.60000002384,pvp,player_1,player_2,444,0,476.676,230.837,143.69,308.145,stay,stay,0,1
1775924143883,2126,105052,pvp,player_1,player_2,444,0,479.071,235.973,143.69,308.145,stay,stay,0,1
1775924143883,2127,105069.10000002384,pvp,player_1,player_2,444,0,481.465,241.108,143.69,308.145,stay,stay,0,1
1775924143883,2128,105085.60000002384,pvp,player_1,player_2,444,0,483.86,246.244,143.69,308.145,stay,stay,0,1
1775924143883,2129,105102.20000004768,pvp,player_1,player_2,444,0,486.255,251.38,143.69,308.145,stay,stay,0,1
1775924143883,2130,105118.70000004768,pvp,player_1,player_2,444,0,488.65,256.516,143.69,308.145,stay,stay,0,1
1775924143883,2131,105135.60000002384,pvp,player_1,player_2,444,0,491.045,261.651,143.69,308.145,stay,stay,0,1
1775924143883,2132,105152.20000004768,pvp,player_1,player_2,444,0,493.44,266.787,143.69,308.145,stay,stay,0,1
1775924143883,2133,105169.10000002384,pvp,player_1,player_2,444,0,495.834,271.923,143.69,308.145,stay,stay,0,1
1775924143883,2134,105185.39999997616,pvp,player_1,player_2,444,0,498.229,277.059,143.69,308.145,stay,stay,0,1
1775924143883,2135,105202.39999997616,pvp,player_1,player_2,444,0,500.624,282.194,143.69,308.145,stay,stay,0,1
1775924143883,2136,105218.89999997616,pvp,player_1,player_2,444,0,503.019,287.33,143.69,308.145,stay,stay,0,1
1775924143883,2137,105235.60000002384,pvp,player_1,player_2,444,0,505.414,292.466,143.69,308.145,stay,stay,0,1
1775924143883,2138,105252.20000004768,pvp,player_1,player_2,444,0,507.809,297.602,143.69,308.145,stay,stay,0,1
1775924143883,2139,105269,pvp,player_1,player_2,444,0,510.204,302.737,143.69,308.145,stay,stay,0,1
1775924143883,2140,105285.70000004768,pvp,player_1,player_2,444,0,512.598,307.873,143.69,308.145,stay,stay,0,1
1775924143883,2141,105302.30000007153,pvp,player_1,player_2,444,0,514.993,313.009,143.69,308.145,stay,stay,0,1
1775924143883,2142,105318.89999997616,pvp,player_1,player_2,444,0,517.388,318.145,143.69,308.145,stay,stay,0,1
1775924143883,2143,105335.70000004768,pvp,player_1,player_2,444,0,519.783,323.28,143.69,308.145,stay,stay,0,1
1775924143883,2144,105352.30000007153,pvp,player_1,player_2,444,0,522.178,328.416,143.69,308.145,stay,stay,0,1
1775924143883,2145,105368.89999997616,pvp,player_1,player_2,444,0,524.573,333.552,143.69,308.145,stay,stay,0,1
1775924143883,2146,105385.5,pvp,player_1,player_2,444,0,526.967,338.688,143.69,308.145,stay,stay,0,1
1775924143883,2147,105402.30000007153,pvp,player_1,player_2,444,0,529.362,343.823,143.69,308.145,stay,stay,0,1
1775924143883,2148,105419,pvp,player_1,player_2,444,0,531.757,348.959,143.69,308.145,stay,stay,0,1
1775924143883,2149,105435.60000002384,pvp,player_1,player_2,444,0,534.152,354.095,143.69,308.145,stay,stay,0,1
1775924143883,2150,105452.10000002384,pvp,player_1,player_2,444,0,536.547,359.231,143.69,308.145,stay,stay,0,1
1775924143883,2151,105468.70000004768,pvp,player_1,player_2,444,0,538.942,364.366,143.69,308.145,stay,stay,0,1
1775924143883,2152,105485.5,pvp,player_1,player_2,444,0,541.336,369.502,143.69,308.145,stay,stay,0,1
1775924143883,2153,105502.20000004768,pvp,player_1,player_2,444,0,543.731,374.638,143.69,308.145,stay,stay,0,1
1775924143883,2154,105518.89999997616,pvp,player_1,player_2,444,0,546.126,379.774,143.69,308.145,stay,stay,0,1
1775924143883,2155,105535.60000002384,pvp,player_1,player_2,444,0,548.521,384.909,143.69,308.145,stay,stay,0,1
1775924143883,2156,105552.20000004768,pvp,player_1,player_2,444,0,550.916,390.045,143.69,308.145,stay,stay,0,1
1775924143883,2157,105568.70000004768,pvp,player_1,player_2,444,0,553.311,395.181,143.69,308.145,stay,stay,0,1
1775924143883,2158,105585.60000002384,pvp,player_1,player_2,444,0,555.705,400.317,143.69,308.145,stay,stay,0,1
1775924143883,2159,105602.20000004768,pvp,player_1,player_2,444,0,558.1,405.452,143.69,308.145,stay,stay,0,1
1775924143883,2160,105618.70000004768,pvp,player_1,player_2,444,0,560.495,410.588,143.69,308.145,stay,stay,0,1
1775924143883,2161,105635.20000004768,pvp,player_1,player_2,444,0,562.89,415.724,143.69,308.145,stay,stay,0,1
1775924143883,2162,105651.80000007153,pvp,player_1,player_2,444,0,565.285,420.86,143.69,308.145,stay,stay,0,1
1775924143883,2163,105668.5,pvp,player_1,player_2,444,0,567.68,425.995,143.69,308.145,stay,stay,0,1
1775924143883,2164,105685.30000007153,pvp,player_1,player_2,444,0,570.074,431.131,143.69,308.145,stay,stay,0,1
1775924143883,2165,105701.89999997616,pvp,player_1,player_2,444,0,572.469,436.267,143.69,308.145,stay,stay,0,1
1775924143883,2166,105718.89999997616,pvp,player_1,player_2,444,0,574.864,441.403,143.69,308.145,stay,stay,0,1
1775924143883,2167,105735.39999997616,pvp,player_1,player_2,444,0,577.259,446.538,143.69,308.145,stay,stay,0,1
1775924143883,2168,105752.20000004768,pvp,player_1,player_2,444,0,579.654,451.674,143.69,308.145,stay,stay,0,1
1775924143883,2169,105769,pvp,player_1,player_2,444,0,582.049,456.81,143.69,308.145,stay,stay,0,1
1775924143883,2170,105785.39999997616,pvp,player_1,player_2,444,0,584.443,461.945,143.69,308.145,stay,stay,0,1
1775924143883,2171,105801.89999997616,pvp,player_1,player_2,444,0,586.838,467.081,143.69,308.145,stay,stay,0,1
1775924143883,2172,105818.80000007153,pvp,player_1,player_2,444,0,589.233,472.217,143.69,308.145,stay,stay,0,1
1775924143883,2173,105836.30000007153,pvp,player_1,player_2,444,0,591.628,477.353,143.69,308.145,stay,stay,0,1
1775924143883,2174,105853,pvp,player_1,player_2,444,0,594.023,482.488,143.69,308.145,stay,stay,0,1
1775924143883,2175,105869.20000004768,pvp,player_1,player_2,444,0,596.418,487.624,143.69,308.145,stay,stay,0,1
1775924143883,2176,105885.70000004768,pvp,player_1,player_2,444,0,598.812,492.76,143.69,308.145,stay,stay,0,1
1775924143883,2177,105902.39999997616,pvp,player_1,player_2,444,0,601.207,497.896,143.69,308.145,stay,stay,0,1
1775924143883,2178,105919.10000002384,pvp,player_1,player_2,444,0,603.602,503.031,143.69,308.145,stay,stay,0,1
1775924143883,2179,105935.60000002384,pvp,player_1,player_2,444,0,605.997,508.167,143.69,308.145,stay,stay,0,1
1775924143883,2180,105952.30000007153,pvp,player_1,player_2,444,0,608.392,513.303,143.69,308.145,stay,stay,0,1
1775924143883,2181,105968.89999997616,pvp,player_1,player_2,444,0,610.787,518.439,143.69,308.145,stay,stay,0,1
1775924143883,2182,105985.39999997616,pvp,player_1,player_2,444,0,613.181,523.574,143.69,308.145,stay,stay,0,1
1775924143883,2183,106002.20000004768,pvp,player_1,player_2,444,0,615.576,528.71,143.69,308.145,stay,stay,0,1
1775924143883,2184,106019,pvp,player_1,player_2,444,0,617.971,530,143.69,-308.145,stay,stay,0,1
1775924143883,2185,106035.60000002384,pvp,player_1,player_2,444,0,620.366,524.864,143.69,-308.145,stay,stay,0,1
1775924143883,2186,106052.20000004768,pvp,player_1,player_2,444,0,622.761,519.729,143.69,-308.145,stay,stay,0,1
1775924143883,2187,106068.80000007153,pvp,player_1,player_2,444,0,625.156,514.593,143.69,-308.145,stay,stay,0,1
1775924143883,2188,106085.60000002384,pvp,player_1,player_2,444,0,627.551,509.457,143.69,-308.145,stay,stay,0,1
1775924143883,2189,106102.20000004768,pvp,player_1,player_2,444,0,629.945,504.321,143.69,-308.145,stay,stay,0,1
1775924143883,2190,106118.89999997616,pvp,player_1,player_2,444,0,632.34,499.186,143.69,-308.145,stay,stay,0,1
1775924143883,2191,106135.30000007153,pvp,player_1,player_2,444,0,634.735,494.05,143.69,-308.145,stay,stay,0,1
1775924143883,2192,106152.20000004768,pvp,player_1,player_2,444,0,637.13,488.914,143.69,-308.145,stay,stay,0,1
1775924143883,2193,106169.5,pvp,player_1,player_2,444,0,639.525,483.778,143.69,-308.145,stay,stay,0,1
1775924143883,2194,106185.70000004768,pvp,player_1,player_2,444,0,641.92,478.643,143.69,-308.145,stay,stay,0,1
1775924143883,2195,106202.80000007153,pvp,player_1,player_2,444,0,644.314,473.507,143.69,-308.145,stay,stay,0,1
1775924143883,2196,106219.5,pvp,player_1,player_2,444,0,646.709,468.371,143.69,-308.145,stay,stay,0,1
1775924143883,2197,106236.20000004768,pvp,player_1,player_2,444,0,649.104,463.235,143.69,-308.145,stay,stay,0,1
1775924143883,2198,106253,pvp,player_1,player_2,444,0,651.499,458.1,143.69,-308.145,stay,stay,0,1
1775924143883,2199,106269.39999997616,pvp,player_1,player_2,444,0,653.894,452.964,143.69,-308.145,stay,stay,0,1
1775924143883,2200,106286.30000007153,pvp,player_1,player_2,444,0,656.289,447.828,143.69,-308.145,stay,stay,0,1
1775924143883,2201,106302.70000004768,pvp,player_1,player_2,444,0,658.683,442.692,143.69,-308.145,stay,stay,0,1
1775924143883,2202,106319.5,pvp,player_1,player_2,444,0,661.078,437.557,143.69,-308.145,stay,stay,0,1
1775924143883,2203,106336.39999997616,pvp,player_1,player_2,444,0,663.473,432.421,143.69,-308.145,stay,stay,0,1
1775924143883,2204,106352.80000007153,pvp,player_1,player_2,444,0,665.868,427.285,143.69,-308.145,stay,stay,0,1
1775924143883,2205,106369.5,pvp,player_1,player_2,444,0,668.263,422.149,143.69,-308.145,stay,stay,0,1
1775924143883,2206,106386.20000004768,pvp,player_1,player_2,444,0,670.658,417.014,143.69,-308.145,stay,stay,0,1
1775924143883,2207,106402.89999997616,pvp,player_1,player_2,444,0,673.052,411.878,143.69,-308.145,stay,stay,0,1
1775924143883,2208,106419.39999997616,pvp,player_1,player_2,444,0,675.447,406.742,143.69,-308.145,stay,stay,0,1
1775924143883,2209,106436,pvp,player_1,player_2,444,0,677.842,401.606,143.69,-308.145,stay,stay,0,1
1775924143883,2210,106452.80000007153,pvp,player_1,player_2,444,0,680.237,396.471,143.69,-308.145,stay,stay,0,1
1775924143883,2211,106469.39999997616,pvp,player_1,player_2,444,0,682.632,391.335,143.69,-308.145,stay,stay,0,1
1775924143883,2212,106486.10000002384,pvp,player_1,player_2,444,0,685.027,386.199,143.69,-308.145,stay,stay,0,1
1775924143883,2213,106502.5,pvp,player_1,player_2,444,0,687.421,381.063,143.69,-308.145,stay,stay,0,1
1775924143883,2214,106519.20000004768,pvp,player_1,player_2,444,0,689.816,375.928,143.69,-308.145,stay,stay,0,1
1775924143883,2215,106536.30000007153,pvp,player_1,player_2,444,0,692.211,370.792,143.69,-308.145,stay,stay,0,1
1775924143883,2216,106552.20000004768,pvp,player_1,player_2,444,0,694.606,365.656,143.69,-308.145,stay,stay,0,1
1775924143883,2217,106568.70000004768,pvp,player_1,player_2,444,0,697.001,360.52,143.69,-308.145,stay,stay,0,1
1775924143883,2218,106586.20000004768,pvp,player_1,player_2,444,0,699.396,355.385,143.69,-308.145,stay,stay,0,1
1775924143883,2219,106602.80000007153,pvp,player_1,player_2,444,0,701.79,350.249,143.69,-308.145,stay,stay,0,1
1775924143883,2220,106619.70000004768,pvp,player_1,player_2,444,0,704.185,345.113,143.69,-308.145,stay,stay,0,1
1775924143883,2221,106636.30000007153,pvp,player_1,player_2,444,0,706.58,339.977,143.69,-308.145,stay,stay,0,1
1775924143883,2222,106652.80000007153,pvp,player_1,player_2,444,0,708.975,334.842,143.69,-308.145,stay,stay,0,1
1775924143883,2223,106669.60000002384,pvp,player_1,player_2,444,0,711.37,329.706,143.69,-308.145,stay,stay,0,1
1775924143883,2224,106686.20000004768,pvp,player_1,player_2,444,0,713.765,324.57,143.69,-308.145,stay,stay,0,1
1775924143883,2225,106702.30000007153,pvp,player_1,player_2,444,0,716.159,319.434,143.69,-308.145,stay,stay,0,1
1775924143883,2226,106719.39999997616,pvp,player_1,player_2,444,0,718.554,314.299,143.69,-308.145,stay,stay,0,1
1775924143883,2227,106736.39999997616,pvp,player_1,player_2,444,0,720.949,309.163,143.69,-308.145,stay,stay,0,1
1775924143883,2228,106752.80000007153,pvp,player_1,player_2,444,0,723.344,304.027,143.69,-308.145,stay,stay,0,1
1775924143883,2229,106769.70000004768,pvp,player_1,player_2,444,0,725.739,298.892,143.69,-308.145,stay,stay,0,1
1775924143883,2230,106786,pvp,player_1,player_2,444,0,728.134,293.756,143.69,-308.145,stay,stay,0,1
1775924143883,2231,106802.89999997616,pvp,player_1,player_2,444,0,730.528,288.62,143.69,-308.145,stay,stay,0,1
1775924143883,2232,106819.5,pvp,player_1,player_2,444,0,732.923,283.484,143.69,-308.145,stay,stay,0,1
1775924143883,2233,106836.30000007153,pvp,player_1,player_2,444,0,735.318,278.349,143.69,-308.145,stay,stay,0,1
1775924143883,2234,106852.80000007153,pvp,player_1,player_2,444,0,737.713,273.213,143.69,-308.145,stay,stay,0,1
1775924143883,2235,106869.30000007153,pvp,player_1,player_2,444,0,740.108,268.077,143.69,-308.145,stay,stay,0,1
1775924143883,2236,106886.30000007153,pvp,player_1,player_2,444,0,742.503,262.941,143.69,-308.145,stay,stay,0,1
1775924143883,2237,106903,pvp,player_1,player_2,444,0,744.898,257.806,143.69,-308.145,stay,stay,0,1
1775924143883,2238,106919.39999997616,pvp,player_1,player_2,444,0,747.292,252.67,143.69,-308.145,stay,stay,0,1
1775924143883,2239,106935.70000004768,pvp,player_1,player_2,444,0,749.687,247.534,143.69,-308.145,stay,stay,0,1
1775924143883,2240,106952.60000002384,pvp,player_1,player_2,444,0,752.082,242.398,143.69,-308.145,stay,stay,0,1
1775924143883,2241,106969.30000007153,pvp,player_1,player_2,444,0,754.477,237.263,143.69,-308.145,stay,stay,0,1
1775924143883,2242,106986.20000004768,pvp,player_1,player_2,444,0,756.872,232.127,143.69,-308.145,stay,stay,0,1
1775924143883,2243,107002.89999997616,pvp,player_1,player_2,444,0,759.267,226.991,143.69,-308.145,stay,stay,0,1
1775924143883,2244,107019.39999997616,pvp,player_1,player_2,444,0,761.661,221.855,143.69,-308.145,stay,stay,0,1
1775924143883,2245,107036.10000002384,pvp,player_1,player_2,444,0,764.056,216.72,143.69,-308.145,stay,stay,0,1
1775924143883,2246,107052.80000007153,pvp,player_1,player_2,444,0,766.451,211.584,143.69,-308.145,stay,stay,0,1
1775924143883,2247,107069.60000002384,pvp,player_1,player_2,444,0,768.846,206.448,143.69,-308.145,stay,stay,0,1
1775924143883,2248,107086.10000002384,pvp,player_1,player_2,444,0,771.241,201.312,143.69,-308.145,stay,stay,0,1
1775924143883,2249,107103,pvp,player_1,player_2,444,0,773.636,196.177,143.69,-308.145,stay,stay,0,1
1775924143883,2250,107119.60000002384,pvp,player_1,player_2,444,0,776.03,191.041,143.69,-308.145,stay,stay,0,1
1775924143883,2251,107136.10000002384,pvp,player_1,player_2,444,0,778.425,185.905,143.69,-308.145,stay,stay,0,1
1775924143883,2252,107152.30000007153,pvp,player_1,player_2,444,0,780.82,180.769,143.69,-308.145,stay,stay,0,1
1775924143883,2253,107169.30000007153,pvp,player_1,player_2,444,0,783.215,175.634,143.69,-308.145,stay,stay,0,1
1775924143883,2254,107186.30000007153,pvp,player_1,player_2,444,0,785.61,170.498,143.69,-308.145,stay,stay,0,1
1775924143883,2255,107202.60000002384,pvp,player_1,player_2,444,0,788.005,165.362,143.69,-308.145,stay,stay,0,1
1775924143883,2256,107219.80000007153,pvp,player_1,player_2,444,0,790.399,160.226,143.69,-308.145,stay,stay,0,1
1775924143883,2257,107236.20000004768,pvp,player_1,player_2,444,0,792.794,155.091,143.69,-308.145,stay,stay,0,1
1775924143883,2258,107252.80000007153,pvp,player_1,player_2,444,0,795.189,149.955,143.69,-308.145,stay,stay,0,1
1775924143883,2259,107269.39999997616,pvp,player_1,player_2,444,0,797.584,144.819,143.69,-308.145,stay,stay,0,1
1775924143883,2260,107285.70000004768,pvp,player_1,player_2,444,0,799.979,139.683,143.69,-308.145,stay,stay,0,1
1775924143883,2261,107302.10000002384,pvp,player_1,player_2,444,0,802.374,134.548,143.69,-308.145,stay,stay,0,1
1775924143883,2262,107319,pvp,player_1,player_2,444,0,804.768,129.412,143.69,-308.145,stay,stay,0,1
1775924143883,2263,107336.20000004768,pvp,player_1,player_2,444,0,807.163,124.276,143.69,-308.145,stay,stay,0,1
1775924143883,2264,107352.60000002384,pvp,player_1,player_2,444,0,809.558,119.14,143.69,-308.145,stay,stay,0,1
1775924143883,2265,107369.70000004768,pvp,player_1,player_2,444,0,811.953,114.005,143.69,-308.145,stay,stay,0,1
1775924143883,2266,107385.60000002384,pvp,player_1,player_2,444,0,814.348,108.869,143.69,-308.145,stay,stay,0,1
1775924143883,2267,107402.20000004768,pvp,player_1,player_2,444,0,816.743,103.733,143.69,-308.145,stay,stay,0,1
1775924143883,2268,107419.20000004768,pvp,player_1,player_2,444,0,819.137,98.597,143.69,-308.145,stay,stay,0,1
1775924143883,2269,107435.80000007153,pvp,player_1,player_2,444,0,821.532,93.462,143.69,-308.145,stay,stay,0,1
1775924143883,2270,107452.80000007153,pvp,player_1,player_2,444,0,823.927,88.326,143.69,-308.145,stay,stay,0,1
1775924143883,2271,107469.39999997616,pvp,player_1,player_2,444,0,826.322,83.19,143.69,-308.145,stay,stay,0,1
1775924143883,2272,107486.10000002384,pvp,player_1,player_2,444,0,828.717,78.055,143.69,-308.145,stay,stay,0,1
1775924143883,2273,107502.70000004768,pvp,player_1,player_2,444,0,831.112,72.919,143.69,-308.145,stay,stay,0,1
1775924143883,2274,107519.30000007153,pvp,player_1,player_2,444,0,833.506,67.783,143.69,-308.145,stay,stay,0,1
1775924143883,2275,107536.20000004768,pvp,player_1,player_2,444,0,835.901,62.647,143.69,-308.145,stay,stay,0,1
1775924143883,2276,107552.89999997616,pvp,player_1,player_2,444,0,838.296,57.512,143.69,-308.145,stay,stay,0,1
1775924143883,2277,107569.5,pvp,player_1,player_2,444,0,840.691,52.376,143.69,-308.145,stay,stay,0,1
1775924143883,2278,107586.30000007153,pvp,player_1,player_2,444,0,843.086,47.24,143.69,-308.145,stay,stay,0,1
1775924143883,2279,107602.80000007153,pvp,player_1,player_2,444,0,845.481,42.104,143.69,-308.145,stay,stay,0,1
1775924143883,2280,107619.30000007153,pvp,player_1,player_2,444,0,847.875,36.969,143.69,-308.145,stay,stay,0,1
1775924143883,2281,107635.60000002384,pvp,player_1,player_2,444,0,850.27,31.833,143.69,-308.145,stay,stay,0,1
1775924143883,2282,107652.80000007153,pvp,player_1,player_2,444,0,852.665,26.697,143.69,-308.145,stay,stay,0,1
1775924143883,2283,107669.70000004768,pvp,player_1,player_2,444,0,855.06,21.561,143.69,-308.145,stay,stay,0,1
1775924143883,2284,107686.30000007153,pvp,player_1,player_2,444,0,857.455,16.426,143.69,-308.145,stay,stay,0,1
1775924143883,2285,107702.70000004768,pvp,player_1,player_2,444,0,859.85,11.29,143.69,-308.145,stay,stay,0,1
1775924143883,2286,107719.20000004768,pvp,player_1,player_2,444,0,862.245,10,143.69,308.145,stay,stay,0,1
1775924143883,2287,107736.10000002384,pvp,player_1,player_2,444,0,864.639,15.136,143.69,308.145,stay,stay,0,1
1775924143883,2288,107752.89999997616,pvp,player_1,player_2,444,0,867.034,20.271,143.69,308.145,stay,stay,0,1
1775924143883,2289,107769.60000002384,pvp,player_1,player_2,444,0,869.429,25.407,143.69,308.145,stay,stay,0,1
1775924143883,2290,107786,pvp,player_1,player_2,444,0,871.824,30.543,143.69,308.145,stay,stay,0,1
1775924143883,2291,107802.70000004768,pvp,player_1,player_2,444,0,874.219,35.679,143.69,308.145,stay,stay,0,1
1775924143883,2292,107819.5,pvp,player_1,player_2,444,0,876.614,40.814,143.69,308.145,stay,stay,0,1
1775924143883,2293,107835.60000002384,pvp,player_1,player_2,444,0,879.008,45.95,143.69,308.145,stay,stay,0,1
1775924143883,2294,107852.10000002384,pvp,player_1,player_2,444,0,881.403,51.086,143.69,308.145,stay,stay,0,1
1775924143883,2295,107868.60000002384,pvp,player_1,player_2,444,0,883.798,56.222,143.69,308.145,stay,stay,0,1
1775924143883,2296,107885.20000004768,pvp,player_1,player_2,444,0,886.193,61.357,143.69,308.145,stay,stay,0,1
1775924143883,2297,107901.80000007153,pvp,player_1,player_2,444,0,888.588,66.493,143.69,308.145,stay,stay,0,1
1775924143883,2298,107918.60000002384,pvp,player_1,player_2,444,0,890.983,71.629,143.69,308.145,stay,stay,0,1
1775924143883,2299,107935.20000004768,pvp,player_1,player_2,444,0,893.377,76.765,143.69,308.145,stay,stay,0,1
1775924143883,2300,107951.80000007153,pvp,player_1,player_2,444,0,895.772,81.9,143.69,308.145,stay,stay,0,1
1775924143883,2301,107968.5,pvp,player_1,player_2,444,0,898.167,87.036,143.69,308.145,stay,stay,0,1
1775924143883,2302,107985.20000004768,pvp,player_1,player_2,444,0,900.562,92.172,143.69,308.145,stay,stay,0,1
1775924143883,2303,108002,pvp,player_1,player_2,444,0,902.957,97.308,143.69,308.145,stay,stay,0,1
1775924143883,2304,108018.70000004768,pvp,player_1,player_2,444,0.256,905.352,102.443,143.69,308.145,stay,down,0,1
1775924143883,2305,108035.20000004768,pvp,player_1,player_2,444,0.767,907.746,107.579,143.69,308.145,stay,down,0,1
1775924143883,2306,108051.89999997616,pvp,player_1,player_2,444,1.533,910.141,112.715,143.69,308.145,stay,down,0,1
1775924143883,2307,108068.70000004768,pvp,player_1,player_2,444,2.556,912.536,117.851,143.69,308.145,stay,down,0,1
1775924143883,2308,108085.80000007153,pvp,player_1,player_2,444,3.833,914.931,122.986,143.69,308.145,stay,down,0,1
1775924143883,2309,108102.39999997616,pvp,player_1,player_2,444,5.367,917.326,128.122,143.69,308.145,stay,down,0,1
1775924143883,2310,108119,pvp,player_1,player_2,444,7.156,919.721,133.258,143.69,308.145,stay,down,0,1
1775924143883,2311,108135.60000002384,pvp,player_1,player_2,444,9.2,922.115,138.394,143.69,308.145,stay,down,0,1
1775924143883,2312,108152.39999997616,pvp,player_1,player_2,444,11.5,924.51,143.529,143.69,308.145,stay,down,0,1
1775924143883,2313,108169.20000004768,pvp,player_1,player_2,444,14.056,926.905,148.665,143.69,308.145,stay,down,0,1
1775924143883,2314,108185.80000007153,pvp,player_1,player_2,444,16.867,929.3,153.801,143.69,308.145,stay,down,0,1
1775924143883,2315,108202.80000007153,pvp,player_1,player_2,444,19.933,931.695,158.937,143.69,308.145,stay,down,0,1
1775924143883,2316,108219.60000002384,pvp,player_1,player_2,444,23.256,934.09,164.072,143.69,308.145,stay,down,0,1
1775924143883,2317,108236.10000002384,pvp,player_1,player_2,444,26.833,936.484,169.208,143.69,308.145,stay,down,0,1
1775924143883,2318,108252.89999997616,pvp,player_1,player_2,444,30.667,938.879,174.344,143.69,308.145,stay,down,0,1
1775924143883,2319,108269.39999997616,pvp,player_1,player_2,444,34.756,941.274,179.48,143.69,308.145,stay,down,0,1
1775924143883,2320,108286.39999997616,pvp,player_1,player_2,444,39.1,943.669,184.615,143.69,308.145,stay,down,0,1
1775924143883,2321,108302.80000007153,pvp,player_1,player_2,444,43.7,946.064,189.751,143.69,308.145,stay,down,0,1
1775924143883,2322,108319.60000002384,pvp,player_1,player_2,444,48.556,948.459,194.887,143.69,308.145,stay,down,0,1
1775924143883,2323,108336.20000004768,pvp,player_1,player_2,444,53.667,950.853,200.023,143.69,308.145,stay,down,0,1
1775924143883,2324,108352.39999997616,pvp,player_1,player_2,444,59.033,953.248,205.158,143.69,308.145,stay,down,0,1
1775924143883,2325,108368.89999997616,pvp,player_1,player_2,444,64.656,955.643,210.294,143.69,308.145,stay,down,0,1
1775924143883,2326,108385.80000007153,pvp,player_1,player_2,444,70.533,958.038,215.43,143.69,308.145,stay,down,0,1
1775924143883,2327,108402.80000007153,pvp,player_1,player_2,444,76.667,960.433,220.566,143.69,308.145,stay,down,0,1
1775924143883,2328,108419.70000004768,pvp,player_1,player_2,444,83.056,962.828,225.701,143.69,308.145,stay,down,0,1
1775924143883,2329,108436.30000007153,pvp,player_1,player_2,444,89.7,965.223,230.837,143.69,308.145,stay,down,0,1
1775924143883,2330,108452.80000007153,pvp,player_1,player_2,444,96.6,967.617,235.973,143.69,308.145,stay,down,0,1
1775924143883,2331,108469.39999997616,pvp,player_1,player_2,444,103.756,480,270,280,0,stay,down,1,1
1775924143883,2332,108486.20000004768,pvp,player_1,player_2,444,111.167,484.667,270,280,0,stay,down,1,1
1775924143883,2333,108503.10000002384,pvp,player_1,player_2,444,118.833,489.333,270,280,0,stay,down,1,1
1775924143883,2334,108519.5,pvp,player_1,player_2,444,126.5,494,270,280,0,stay,down,1,1
1775924143883,2335,108536,pvp,player_1,player_2,444,134.167,498.667,270,280,0,stay,down,1,1
1775924143883,2336,108553.10000002384,pvp,player_1,player_2,444,141.833,503.333,270,280,0,stay,down,1,1
1775924143883,2337,108569.60000002384,pvp,player_1,player_2,444,149.5,508,270,280,0,stay,down,1,1
1775924143883,2338,108586.39999997616,pvp,player_1,player_2,444,157.167,512.667,270,280,0,stay,down,1,1
1775924143883,2339,108602.39999997616,pvp,player_1,player_2,444,164.833,517.333,270,280,0,stay,down,1,1
1775924143883,2340,108619.5,pvp,player_1,player_2,444,172.5,522,270,280,0,stay,down,1,1
1775924143883,2341,108635.89999997616,pvp,player_1,player_2,444,180.167,526.667,270,280,0,stay,down,1,1
1775924143883,2342,108652.5,pvp,player_1,player_2,444,187.833,531.333,270,280,0,stay,down,1,1
1775924143883,2343,108669.5,pvp,player_1,player_2,444,195.5,536,270,280,0,stay,down,1,1
1775924143883,2344,108685.70000004768,pvp,player_1,player_2,444,202.972,540.667,270,280,0,stay,stay,1,1
1775924143883,2345,108702.80000007153,pvp,player_1,player_2,444,210.25,545.333,270,280,0,stay,stay,1,1
1775924143883,2346,108719.10000002384,pvp,player_1,player_2,444,217.333,550,270,280,0,stay,stay,1,1
1775924143883,2347,108736.30000007153,pvp,player_1,player_2,444,224.222,554.667,270,280,0,stay,stay,1,1
1775924143883,2348,108752.70000004768,pvp,player_1,player_2,444,230.917,559.333,270,280,0,stay,stay,1,1
1775924143883,2349,108769.60000002384,pvp,player_1,player_2,444,237.417,564,270,280,0,stay,stay,1,1
1775924143883,2350,108786.30000007153,pvp,player_1,player_2,444,243.722,568.667,270,280,0,stay,stay,1,1
1775924143883,2351,108802.70000004768,pvp,player_1,player_2,444,249.833,573.333,270,280,0,stay,stay,1,1
1775924143883,2352,108819.39999997616,pvp,player_1,player_2,444,255.75,578,270,280,0,stay,stay,1,1
1775924143883,2353,108836.30000007153,pvp,player_1,player_2,444,261.472,582.667,270,280,0,stay,stay,1,1
1775924143883,2354,108852.10000002384,pvp,player_1,player_2,444,267,587.333,270,280,0,stay,stay,1,1
1775924143883,2355,108869.20000004768,pvp,player_1,player_2,444,272.333,592,270,280,0,stay,stay,1,1
1775924143883,2356,108885.5,pvp,player_1,player_2,444,277.472,596.667,270,280,0,stay,stay,1,1
1775924143883,2357,108902.20000004768,pvp,player_1,player_2,444,282.417,601.333,270,280,0,stay,stay,1,1
1775924143883,2358,108918.80000007153,pvp,player_1,player_2,444,287.167,606,270,280,0,stay,stay,1,1
1775924143883,2359,108935.5,pvp,player_1,player_2,444,291.722,610.667,270,280,0,stay,stay,1,1
1775924143883,2360,108952.20000004768,pvp,player_1,player_2,444,296.083,615.333,270,280,0,stay,stay,1,1
1775924143883,2361,108968.89999997616,pvp,player_1,player_2,444,300.25,620,270,280,0,stay,stay,1,1
1775924143883,2362,108985.39999997616,pvp,player_1,player_2,444,304.222,624.667,270,280,0,stay,stay,1,1
1775924143883,2363,109002.20000004768,pvp,player_1,player_2,444,308,629.333,270,280,0,stay,stay,1,1
1775924143883,2364,109018.89999997616,pvp,player_1,player_2,444,311.583,634,270,280,0,stay,stay,1,1
1775924143883,2365,109035.60000002384,pvp,player_1,player_2,444,314.972,638.667,270,280,0,stay,stay,1,1
1775924143883,2366,109052.20000004768,pvp,player_1,player_2,444,318.167,643.333,270,280,0,stay,stay,1,1
1775924143883,2367,109069.60000002384,pvp,player_1,player_2,444,321.167,648,270,280,0,stay,stay,1,1
1775924143883,2368,109085.80000007153,pvp,player_1,player_2,444,323.972,652.667,270,280,0,stay,stay,1,1
1775924143883,2369,109102.5,pvp,player_1,player_2,444,326.583,657.333,270,280,0,stay,stay,1,1
1775924143883,2370,109119.60000002384,pvp,player_1,player_2,444,329,662,270,280,0,stay,stay,1,1
1775924143883,2371,109136.10000002384,pvp,player_1,player_2,444,331.222,666.667,270,280,0,stay,stay,1,1
1775924143883,2372,109152.70000004768,pvp,player_1,player_2,444,333.25,671.333,270,280,0,stay,stay,1,1
1775924143883,2373,109169.5,pvp,player_1,player_2,444,335.083,676,270,280,0,stay,stay,1,1
1775924143883,2374,109186.20000004768,pvp,player_1,player_2,444,336.722,680.667,270,280,0,stay,stay,1,1
1775924143883,2375,109202.89999997616,pvp,player_1,player_2,444,338.167,685.333,270,280,0,stay,stay,1,1
1775924143883,2376,109219.70000004768,pvp,player_1,player_2,444,339.417,690,270,280,0,stay,stay,1,1
1775924143883,2377,109236.20000004768,pvp,player_1,player_2,444,340.472,694.667,270,280,0,stay,stay,1,1
1775924143883,2378,109252.80000007153,pvp,player_1,player_2,444,341.333,699.333,270,280,0,stay,stay,1,1
1775924143883,2379,109269.60000002384,pvp,player_1,player_2,444,342,704,270,280,0,stay,stay,1,1
1775924143883,2380,109286.30000007153,pvp,player_1,player_2,444,342.306,708.667,270,280,0,stay,up,1,1
1775924143883,2381,109302.89999997616,pvp,player_1,player_2,444,342.25,713.333,270,280,0,stay,up,1,1
1775924143883,2382,109319.39999997616,pvp,player_1,player_2,444,341.939,718,270,280,0,stay,up,1,1
1775924143883,2383,109335.60000002384,pvp,player_1,player_2,444,341.372,722.667,270,280,0,stay,up,1,1
1775924143883,2384,109352.39999997616,pvp,player_1,player_2,444,340.55,727.333,270,280,0,stay,up,1,1
1775924143883,2385,109369.10000002384,pvp,player_1,player_2,444,339.472,732,270,280,0,stay,up,1,1
1775924143883,2386,109385.60000002384,pvp,player_1,player_2,444,338.139,736.667,270,280,0,stay,up,1,1
1775924143883,2387,109402.10000002384,pvp,player_1,player_2,444,336.55,741.333,270,280,0,stay,up,1,1
1775924143883,2388,109419.5,pvp,player_1,player_2,444,334.706,746,270,280,0,stay,up,1,1
1775924143883,2389,109436.10000002384,pvp,player_1,player_2,444,332.606,750.667,270,280,0,stay,up,1,1
1775924143883,2390,109452.70000004768,pvp,player_1,player_2,444,330.25,755.333,270,280,0,stay,up,1,1
1775924143883,2391,109469.5,pvp,player_1,player_2,444,327.639,760,270,280,0,stay,up,1,1
1775924143883,2392,109486.10000002384,pvp,player_1,player_2,444,324.772,764.667,270,280,0,stay,up,1,1
1775924143883,2393,109502.89999997616,pvp,player_1,player_2,444,321.65,769.333,270,280,0,stay,up,1,1
1775924143883,2394,109519.39999997616,pvp,player_1,player_2,444,318.272,774,270,280,0,stay,up,1,1
1775924143883,2395,109536.10000002384,pvp,player_1,player_2,444,314.639,778.667,270,280,0,stay,up,1,1
1775924143883,2396,109552.60000002384,pvp,player_1,player_2,444,310.75,783.333,270,280,0,stay,up,1,1
1775924143883,2397,109569.39999997616,pvp,player_1,player_2,444,306.606,788,270,280,0,stay,up,1,1
1775924143883,2398,109585.89999997616,pvp,player_1,player_2,444,302.206,792.667,270,280,0,stay,up,1,1
1775924143883,2399,109603.10000002384,pvp,player_1,player_2,444,297.55,797.333,270,280,0,stay,up,1,1
1775924143883,2400,109619.30000007153,pvp,player_1,player_2,444,292.639,802,270,280,0,stay,up,1,1
1775924143883,2401,109635.5,pvp,player_1,player_2,444,287.472,806.667,270,280,0,stay,up,1,1
1775924143883,2402,109652.80000007153,pvp,player_1,player_2,444,282.05,811.333,270,280,0,stay,up,1,1
1775924143883,2403,109669.30000007153,pvp,player_1,player_2,444,276.372,816,270,280,0,stay,up,1,1
1775924143883,2404,109686.20000004768,pvp,player_1,player_2,444,270.439,820.667,270,280,0,stay,up,1,1
1775924143883,2405,109702.70000004768,pvp,player_1,player_2,444,264.25,825.333,270,280,0,stay,up,1,1
1775924143883,2406,109719.60000002384,pvp,player_1,player_2,444,257.806,830,270,280,0,stay,up,1,1
1775924143883,2407,109736.10000002384,pvp,player_1,player_2,444,251.106,834.667,270,280,0,stay,up,1,1
1775924143883,2408,109752.89999997616,pvp,player_1,player_2,444,244.15,839.333,270,280,0,stay,up,1,1
1775924143883,2409,109769.39999997616,pvp,player_1,player_2,444,236.939,844,270,280,0,stay,up,1,1
1775924143883,2410,109786.20000004768,pvp,player_1,player_2,444,229.472,848.667,270,280,0,stay,up,1,1
1775924143883,2411,109802.80000007153,pvp,player_1,player_2,444,221.806,853.333,270,280,0,stay,up,1,1
1775924143883,2412,109819.70000004768,pvp,player_1,player_2,444,214.139,858,270,280,0,stay,up,1,1
1775924143883,2413,109836.5,pvp,player_1,player_2,444,206.472,862.667,270,280,0,stay,up,1,1
1775924143883,2414,109852.20000004768,pvp,player_1,player_2,444,198.806,867.333,270,280,0,stay,up,1,1
1775924143883,2415,109869.60000002384,pvp,player_1,player_2,444,191.139,872,270,280,0,stay,up,1,1
1775924143883,2416,109885.89999997616,pvp,player_1,player_2,444,183.472,876.667,270,280,0,stay,up,1,1
1775924143883,2417,109902.89999997616,pvp,player_1,player_2,444,175.806,881.333,270,280,0,stay,up,1,1
1775924143883,2418,109919.5,pvp,player_1,player_2,444,168.139,886,270,280,0,stay,up,1,1
1775924143883,2419,109936,pvp,player_1,player_2,444,160.472,890.667,270,280,0,stay,up,1,1
1775924143883,2420,109952.70000004768,pvp,player_1,player_2,444,152.806,895.333,270,280,0,stay,up,1,1
1775924143883,2421,109969.5,pvp,player_1,player_2,444,145.139,900,270,280,0,stay,up,1,1
1775924143883,2422,109986,pvp,player_1,player_2,444,137.472,904.667,270,280,0,stay,up,1,1
1775924143883,2423,110003,pvp,player_1,player_2,444,129.806,909.333,270,280,0,stay,up,1,1
1775924143883,2424,110019.89999997616,pvp,player_1,player_2,444,122.139,914,270,280,0,stay,up,1,1
1775924143883,2425,110036.30000007153,pvp,player_1,player_2,444,114.472,918.667,270,280,0,stay,up,1,1
1775924143883,2426,110053.10000002384,pvp,player_1,player_2,444,106.806,923.333,270,280,0,stay,up,1,1
1775924143883,2427,110069.60000002384,pvp,player_1,player_2,444,99.139,928,270,280,0,stay,up,1,1
1775924143883,2428,110086.20000004768,pvp,player_1,player_2,444,91.667,932.667,270,280,0,stay,stay,1,1
1775924143883,2429,110102.89999997616,pvp,player_1,player_2,444,84.389,937.333,270,280,0,stay,stay,1,1
1775924143883,2430,110119.5,pvp,player_1,player_2,444,77.306,942,270,280,0,stay,stay,1,1
1775924143883,2431,110135.89999997616,pvp,player_1,player_2,444,70.583,946.667,270,280,0,stay,down,1,1
1775924143883,2432,110152.30000007153,pvp,player_1,player_2,444,64.222,951.333,270,280,0,stay,down,1,1
1775924143883,2433,110169.30000007153,pvp,player_1,player_2,444,58.222,956,270,280,0,stay,down,1,1
1775924143883,2434,110186,pvp,player_1,player_2,444,52.583,960.667,270,280,0,stay,down,1,1
1775924143883,2435,110203,pvp,player_1,player_2,444,47.306,965.333,270,280,0,stay,down,1,1
1775924143883,2436,110219.70000004768,pvp,player_1,player_2,444,42.389,970,270,280,0,stay,down,1,1
1775924143883,2437,110236.39999997616,pvp,player_1,player_2,444,37.833,480,270,280,0,stay,down,2,1
1775924143883,2438,110253,pvp,player_1,player_2,444,33.639,484.667,270,280,0,stay,down,2,1
1775924143883,2439,110269.80000007153,pvp,player_1,player_2,444,29.806,489.333,270,280,0,stay,down,2,1
1775924143883,2440,110286.20000004768,pvp,player_1,player_2,444,26.333,494,270,280,0,stay,down,2,1
1775924143883,2441,110302.89999997616,pvp,player_1,player_2,444,23.222,498.667,270,280,0,stay,down,2,1
1775924143883,2442,110319.5,pvp,player_1,player_2,444,20.472,503.333,270,280,0,stay,down,2,1
1775924143883,2443,110336.30000007153,pvp,player_1,player_2,444,18.083,508,270,280,0,stay,down,2,1
1775924143883,2444,110352.70000004768,pvp,player_1,player_2,444,16.056,512.667,270,280,0,stay,down,2,1
1775924143883,2445,110369.10000002384,pvp,player_1,player_2,444,14.389,517.333,270,280,0,stay,down,2,1
1775924143883,2446,110385.70000004768,pvp,player_1,player_2,444,13.083,522,270,280,0,stay,down,2,1
1775924143883,2447,110402.5,pvp,player_1,player_2,444,12.139,526.667,270,280,0,stay,down,2,1
1775924143883,2448,110419.5,pvp,player_1,player_2,444,11.556,531.333,270,280,0,stay,down,2,1
1775924143883,2449,110436,pvp,player_1,player_2,444,11.333,536,270,280,0,stay,down,2,1
1775924143883,2450,110452.89999997616,pvp,player_1,player_2,444,11.472,540.667,270,280,0,stay,down,2,1
1775924143883,2451,110469.5,pvp,player_1,player_2,444,11.867,545.333,270,280,0,stay,down,2,1
1775924143883,2452,110485.39999997616,pvp,player_1,player_2,444,12.517,550,270,280,0,stay,down,2,1
1775924143883,2453,110502.30000007153,pvp,player_1,player_2,444,13.422,554.667,270,280,0,stay,down,2,1
1775924143883,2454,110518.80000007153,pvp,player_1,player_2,444,14.583,559.333,270,280,0,stay,down,2,1
1775924143883,2455,110535.5,pvp,player_1,player_2,444,16,564,270,280,0,stay,down,2,1
1775924143883,2456,110552.10000002384,pvp,player_1,player_2,444,17.672,568.667,270,280,0,stay,down,2,1
1775924143883,2457,110568.80000007153,pvp,player_1,player_2,444,19.6,573.333,270,280,0,stay,down,2,1
1775924143883,2458,110585.60000002384,pvp,player_1,player_2,444,21.783,578,270,280,0,stay,down,2,1
1775924143883,2459,110601.89999997616,pvp,player_1,player_2,444,24.222,582.667,270,280,0,stay,down,2,1
1775924143883,2460,110618.80000007153,pvp,player_1,player_2,444,26.917,587.333,270,280,0,stay,down,2,1
1775924143883,2461,110635.39999997616,pvp,player_1,player_2,444,29.867,592,270,280,0,stay,down,2,1
1775924143883,2462,110652.10000002384,pvp,player_1,player_2,444,33.072,596.667,270,280,0,stay,down,2,1
1775924143883,2463,110669,pvp,player_1,player_2,444,36.533,601.333,270,280,0,stay,down,2,1
1775924143883,2464,110685.5,pvp,player_1,player_2,444,40.25,606,270,280,0,stay,down,2,1
1775924143883,2465,110702.30000007153,pvp,player_1,player_2,444,44.222,610.667,270,280,0,stay,down,2,1
1775924143883,2466,110718.89999997616,pvp,player_1,player_2,444,48.45,615.333,270,280,0,stay,down,2,1
1775924143883,2467,110735.5,pvp,player_1,player_2,444,52.933,620,270,280,0,stay,down,2,1
1775924143883,2468,110752.20000004768,pvp,player_1,player_2,444,57.672,624.667,270,280,0,stay,down,2,1
1775924143883,2469,110768.80000007153,pvp,player_1,player_2,444,62.667,629.333,270,280,0,stay,down,2,1
1775924143883,2470,110785.5,pvp,player_1,player_2,444,67.917,634,270,280,0,stay,down,2,1
1775924143883,2471,110802.20000004768,pvp,player_1,player_2,444,73.422,638.667,270,280,0,stay,down,2,1
1775924143883,2472,110818.80000007153,pvp,player_1,player_2,444,79.183,643.333,270,280,0,stay,down,2,1
1775924143883,2473,110835.39999997616,pvp,player_1,player_2,444,85.2,648,270,280,0,stay,down,2,1
1775924143883,2474,110851.89999997616,pvp,player_1,player_2,444,91.472,652.667,270,280,0,stay,down,2,1
1775924143883,2475,110868.60000002384,pvp,player_1,player_2,444,98,657.333,270,280,0,stay,down,2,1
1775924143883,2476,110885.5,pvp,player_1,player_2,444,104.333,662,270,280,0,stay,stay,2,1
1775924143883,2477,110902.30000007153,pvp,player_1,player_2,444,110.472,666.667,270,280,0,stay,stay,2,1
1775924143883,2478,110918.80000007153,pvp,player_1,player_2,444,116.417,671.333,270,280,0,stay,stay,2,1
1775924143883,2479,110935.60000002384,pvp,player_1,player_2,444,122.167,676,270,280,0,stay,stay,2,1
1775924143883,2480,110952.20000004768,pvp,player_1,player_2,444,127.722,680.667,270,280,0,stay,stay,2,1
1775924143883,2481,110968.70000004768,pvp,player_1,player_2,444,133.083,685.333,270,280,0,stay,stay,2,1
1775924143883,2482,110985.5,pvp,player_1,player_2,444,138.25,690,270,280,0,stay,stay,2,1
1775924143883,2483,111002.10000002384,pvp,player_1,player_2,444,143.222,694.667,270,280,0,stay,stay,2,1
1775924143883,2484,111018.89999997616,pvp,player_1,player_2,444,148,699.333,270,280,0,stay,stay,2,1
1775924143883,2485,111035.5,pvp,player_1,player_2,444,152.583,704,270,280,0,stay,stay,2,1
1775924143883,2486,111052,pvp,player_1,player_2,444,156.972,708.667,270,280,0,stay,stay,2,1
1775924143883,2487,111068.70000004768,pvp,player_1,player_2,444,161.167,713.333,270,280,0,stay,stay,2,1
1775924143883,2488,111085.39999997616,pvp,player_1,player_2,444,165.167,718,270,280,0,stay,stay,2,1
1775924143883,2489,111102.20000004768,pvp,player_1,player_2,444,168.972,722.667,270,280,0,stay,stay,2,1
1775924143883,2490,111118.70000004768,pvp,player_1,player_2,444,172.583,727.333,270,280,0,stay,stay,2,1
1775924143883,2491,111135.30000007153,pvp,player_1,player_2,444,176,732,270,280,0,stay,stay,2,1
1775924143883,2492,111152,pvp,player_1,player_2,444,179.222,736.667,270,280,0,stay,stay,2,1
1775924143883,2493,111168.70000004768,pvp,player_1,player_2,444,182.25,741.333,270,280,0,stay,stay,2,1
1775924143883,2494,111185.30000007153,pvp,player_1,player_2,444,185.083,746,270,280,0,stay,stay,2,1
1775924143883,2495,111202.10000002384,pvp,player_1,player_2,444,187.722,750.667,270,280,0,stay,stay,2,1
1775924143883,2496,111218.70000004768,pvp,player_1,player_2,444,190.167,755.333,270,280,0,stay,stay,2,1
1775924143883,2497,111235.5,pvp,player_1,player_2,444,192.417,760,270,280,0,stay,stay,2,1
1775924143883,2498,111252,pvp,player_1,player_2,444,194.472,764.667,270,280,0,stay,stay,2,1
1775924143883,2499,111268.60000002384,pvp,player_1,player_2,444,196.333,769.333,270,280,0,stay,stay,2,1
1775924143883,2500,111285.39999997616,pvp,player_1,player_2,444,198,774,270,280,0,stay,stay,2,1
1775924143883,2501,111302,pvp,player_1,player_2,444,199.472,778.667,270,280,0,stay,stay,2,1
1775924143883,2502,111318.70000004768,pvp,player_1,player_2,444,200.75,783.333,270,280,0,stay,stay,2,1
1775924143883,2503,111335.60000002384,pvp,player_1,player_2,444,201.833,788,270,280,0,stay,stay,2,1
1775924143883,2504,111351.80000007153,pvp,player_1,player_2,444,202.722,792.667,270,280,0,stay,stay,2,1
1775924143883,2505,111368.5,pvp,player_1,player_2,444,203.417,797.333,270,280,0,stay,stay,2,1
1775924143883,2506,111385.39999997616,pvp,player_1,player_2,444,203.917,802,270,280,0,stay,stay,2,1
1775924143883,2507,111401.89999997616,pvp,player_1,player_2,444,204.222,806.667,270,280,0,stay,stay,2,1
1775924143883,2508,111418.70000004768,pvp,player_1,player_2,444,204.222,811.333,270,280,0,stay,stay,2,1
1775924143883,2509,111435.39999997616,pvp,player_1,player_2,444,204.222,816,270,280,0,stay,stay,2,1
1775924143883,2510,111452,pvp,player_1,player_2,444,204.222,820.667,270,280,0,stay,stay,2,1
1775924143883,2511,111468.60000002384,pvp,player_1,player_2,444,204.222,825.333,270,280,0,stay,stay,2,1
1775924143883,2512,111485.5,pvp,player_1,player_2,444,204.222,830,270,280,0,stay,stay,2,1
1775924143883,2513,111501.70000004768,pvp,player_1,player_2,444,204.222,834.667,270,280,0,stay,stay,2,1
1775924143883,2514,111518.60000002384,pvp,player_1,player_2,444,204.222,839.333,270,280,0,stay,stay,2,1
1775924143883,2515,111535.20000004768,pvp,player_1,player_2,444,204.222,844,270,280,0,stay,stay,2,1
1775924143883,2516,111551.89999997616,pvp,player_1,player_2,444,204.222,848.667,270,280,0,stay,stay,2,1
1775924143883,2517,111568.5,pvp,player_1,player_2,444,204.222,853.333,270,280,0,stay,stay,2,1
1775924143883,2518,111585.20000004768,pvp,player_1,player_2,444,204.222,858,270,280,0,stay,stay,2,1
1775924143883,2519,111601.89999997616,pvp,player_1,player_2,444,204.222,862.667,270,280,0,stay,stay,2,1
1775924143883,2520,111618.60000002384,pvp,player_1,player_2,444,204.222,867.333,270,280,0,stay,stay,2,1
1775924143883,2521,111635.20000004768,pvp,player_1,player_2,444,204.222,872,270,280,0,stay,stay,2,1
1775924143883,2522,111651.89999997616,pvp,player_1,player_2,444,204.222,876.667,270,280,0,stay,stay,2,1
1775924143883,2523,111669,pvp,player_1,player_2,444,204.222,881.333,270,280,0,stay,stay,2,1
1775924143883,2524,111685.60000002384,pvp,player_1,player_2,444,204.222,886,270,280,0,stay,stay,2,1
1775924143883,2525,111702.20000004768,pvp,player_1,player_2,444,204.222,890.667,270,280,0,stay,stay,2,1
1775924143883,2526,111718.70000004768,pvp,player_1,player_2,444,204.222,895.333,270,280,0,stay,stay,2,1
1775924143883,2527,111735.70000004768,pvp,player_1,player_2,444,204.222,900,270,280,0,stay,stay,2,1
1775924143883,2528,111752.10000002384,pvp,player_1,player_2,444,204.478,904.667,270,280,0,stay,down,2,1
1775924143883,2529,111769,pvp,player_1,player_2,444,204.989,909.333,270,280,0,stay,down,2,1
1775924143883,2530,111785.80000007153,pvp,player_1,player_2,444,205.756,912,270,-278.16,112.371,stay,down,2,1
1775924143883,2531,111802.39999997616,pvp,player_1,player_2,444,206.778,907.364,271.873,-278.16,112.371,stay,down,2,1
1775924143883,2532,111819.5,pvp,player_1,player_2,444,208.056,902.728,273.746,-278.16,112.371,stay,down,2,1
1775924143883,2533,111835.89999997616,pvp,player_1,player_2,444,209.589,898.092,275.619,-278.16,112.371,stay,down,2,1
1775924143883,2534,111852.89999997616,pvp,player_1,player_2,444,211.378,893.456,277.491,-278.16,112.371,stay,down,2,1
1775924143883,2535,111869.20000004768,pvp,player_1,player_2,444,213.422,888.82,279.364,-278.16,112.371,stay,down,2,1
1775924143883,2536,111886.10000002384,pvp,player_1,player_2,444,215.722,884.184,281.237,-278.16,112.371,stay,down,2,1
1775924143883,2537,111902.60000002384,pvp,player_1,player_2,444,218.278,879.548,283.11,-278.16,112.371,stay,down,2,1
1775924143883,2538,111918.89999997616,pvp,player_1,player_2,444,221.089,874.912,284.983,-278.16,112.371,stay,down,2,1
1775924143883,2539,111935.60000002384,pvp,player_1,player_2,444,224.156,870.276,286.856,-278.16,112.371,stay,down,2,1
1775924143883,2540,111952.60000002384,pvp,player_1,player_2,444,227.478,865.64,288.728,-278.16,112.371,stay,down,2,1
1775924143883,2541,111969.5,pvp,player_1,player_2,444,231.056,861.004,290.601,-278.16,112.371,stay,down,2,1
1775924143883,2542,111986.10000002384,pvp,player_1,player_2,444,234.889,856.368,292.474,-278.16,112.371,stay,down,2,1
1775924143883,2543,112002.39999997616,pvp,player_1,player_2,444,238.978,851.732,294.347,-278.16,112.371,stay,down,2,1
1775924143883,2544,112019.10000002384,pvp,player_1,player_2,444,243.322,847.096,296.22,-278.16,112.371,stay,down,2,1
1775924143883,2545,112035.60000002384,pvp,player_1,player_2,444,247.922,842.46,298.093,-278.16,112.371,stay,down,2,1
1775924143883,2546,112052.5,pvp,player_1,player_2,444,252.778,837.824,299.966,-278.16,112.371,stay,down,2,1
1775924143883,2547,112069.10000002384,pvp,player_1,player_2,444,257.889,833.188,301.838,-278.16,112.371,stay,down,2,1
1775924143883,2548,112085.80000007153,pvp,player_1,player_2,444,263.256,828.552,303.711,-278.16,112.371,stay,down,2,1
1775924143883,2549,112102.39999997616,pvp,player_1,player_2,444,268.878,823.916,305.584,-278.16,112.371,stay,down,2,1
1775924143883,2550,112119.20000004768,pvp,player_1,player_2,444,274.756,819.28,307.457,-278.16,112.371,stay,down,2,1
1775924143883,2551,112135.60000002384,pvp,player_1,player_2,444,280.889,814.644,309.33,-278.16,112.371,stay,down,2,1
1775924143883,2552,112152.30000007153,pvp,player_1,player_2,444,286.828,810.008,311.203,-278.16,112.371,stay,stay,2,1
1775924143883,2553,112169,pvp,player_1,player_2,444,292.572,805.372,313.075,-278.16,112.371,stay,stay,2,1
1775924143883,2554,112185.20000004768,pvp,player_1,player_2,444,298.122,800.736,314.948,-278.16,112.371,stay,stay,2,1
1775924143883,2555,112202.20000004768,pvp,player_1,player_2,444,303.478,796.1,316.821,-278.16,112.371,stay,stay,2,1
1775924143883,2556,112219,pvp,player_1,player_2,444,308.639,791.464,318.694,-278.16,112.371,stay,stay,2,1
1775924143883,2557,112235.89999997616,pvp,player_1,player_2,444,313.606,786.828,320.567,-278.16,112.371,stay,stay,2,1
1775924143883,2558,112252.30000007153,pvp,player_1,player_2,444,318.378,782.192,322.44,-278.16,112.371,stay,stay,2,1
1775924143883,2559,112269.20000004768,pvp,player_1,player_2,444,322.956,777.556,324.313,-278.16,112.371,stay,stay,2,1
1775924143883,2560,112286.10000002384,pvp,player_1,player_2,444,327.339,772.92,326.185,-278.16,112.371,stay,stay,2,1
1775924143883,2561,112302.80000007153,pvp,player_1,player_2,444,331.528,768.284,328.058,-278.16,112.371,stay,stay,2,1
1775924143883,2562,112319.60000002384,pvp,player_1,player_2,444,335.522,763.648,329.931,-278.16,112.371,stay,stay,2,1
1775924143883,2563,112336.20000004768,pvp,player_1,player_2,444,339.322,759.012,331.804,-278.16,112.371,stay,stay,2,1
1775924143883,2564,112352.80000007153,pvp,player_1,player_2,444,342.928,754.376,333.677,-278.16,112.371,stay,stay,2,1
1775924143883,2565,112369.20000004768,pvp,player_1,player_2,444,346.339,749.74,335.55,-278.16,112.371,stay,stay,2,1
1775924143883,2566,112385.80000007153,pvp,player_1,player_2,444,349.556,745.104,337.422,-278.16,112.371,stay,stay,2,1
1775924143883,2567,112402.39999997616,pvp,player_1,player_2,444,352.578,740.468,339.295,-278.16,112.371,stay,stay,2,1
1775924143883,2568,112418.89999997616,pvp,player_1,player_2,444,355.406,735.832,341.168,-278.16,112.371,stay,stay,2,1
1775924143883,2569,112435.39999997616,pvp,player_1,player_2,444,358.039,731.196,343.041,-278.16,112.371,stay,stay,2,1
1775924143883,2570,112452,pvp,player_1,player_2,444,360.478,726.56,344.914,-278.16,112.371,stay,stay,2,1
1775924143883,2571,112468.70000004768,pvp,player_1,player_2,444,362.722,721.924,346.787,-278.16,112.371,stay,stay,2,1
1775924143883,2572,112485.20000004768,pvp,player_1,player_2,444,364.772,717.288,348.66,-278.16,112.371,stay,stay,2,1
1775924143883,2573,112502.10000002384,pvp,player_1,player_2,444,366.628,712.652,350.532,-278.16,112.371,stay,stay,2,1
1775924143883,2574,112518.89999997616,pvp,player_1,player_2,444,368.289,708.016,352.405,-278.16,112.371,stay,stay,2,1
1775924143883,2575,112535.60000002384,pvp,player_1,player_2,444,369.756,703.38,354.278,-278.16,112.371,stay,stay,2,1
1775924143883,2576,112552.70000004768,pvp,player_1,player_2,444,371.028,698.744,356.151,-278.16,112.371,stay,stay,2,1
1775924143883,2577,112569.10000002384,pvp,player_1,player_2,444,372.106,694.108,358.024,-278.16,112.371,stay,stay,2,1
1775924143883,2578,112585.80000007153,pvp,player_1,player_2,444,372.989,689.472,359.897,-278.16,112.371,stay,stay,2,1
1775924143883,2579,112602.60000002384,pvp,player_1,player_2,444,373.678,684.836,361.769,-278.16,112.371,stay,stay,2,1
1775924143883,2580,112619.60000002384,pvp,player_1,player_2,444,374.172,680.2,363.642,-278.16,112.371,stay,stay,2,1
1775924143883,2581,112636.20000004768,pvp,player_1,player_2,444,374.472,675.564,365.515,-278.16,112.371,stay,stay,2,1
1775924143883,2582,112653,pvp,player_1,player_2,444,374.472,670.928,367.388,-278.16,112.371,stay,stay,2,1
1775924143883,2583,112669.30000007153,pvp,player_1,player_2,444,374.472,666.292,369.261,-278.16,112.371,stay,stay,2,1
1775924143883,2584,112686,pvp,player_1,player_2,444,374.472,661.656,371.134,-278.16,112.371,stay,stay,2,1
1775924143883,2585,112703,pvp,player_1,player_2,444,374.472,657.02,373.007,-278.16,112.371,stay,stay,2,1
1775924143883,2586,112718.70000004768,pvp,player_1,player_2,444,374.472,652.384,374.879,-278.16,112.371,stay,stay,2,1
1775924143883,2587,112735.5,pvp,player_1,player_2,444,374.472,647.748,376.752,-278.16,112.371,stay,stay,2,1
1775924143883,2588,112752.10000002384,pvp,player_1,player_2,444,374.472,643.112,378.625,-278.16,112.371,stay,stay,2,1
1775924143883,2589,112768.89999997616,pvp,player_1,player_2,444,374.472,638.476,380.498,-278.16,112.371,stay,stay,2,1
1775924143883,2590,112786,pvp,player_1,player_2,444,374.472,633.84,382.371,-278.16,112.371,stay,stay,2,1
1775924143883,2591,112802.70000004768,pvp,player_1,player_2,444,374.472,629.204,384.244,-278.16,112.371,stay,stay,2,1
1775924143883,2592,112819.39999997616,pvp,player_1,player_2,444,374.472,624.568,386.116,-278.16,112.371,stay,stay,2,1
1775924143883,2593,112836.10000002384,pvp,player_1,player_2,444,374.472,619.932,387.989,-278.16,112.371,stay,stay,2,1
1775924143883,2594,112853,pvp,player_1,player_2,444,374.472,615.296,389.862,-278.16,112.371,stay,stay,2,1
1775924143883,2595,112869.10000002384,pvp,player_1,player_2,444,374.472,610.66,391.735,-278.16,112.371,stay,stay,2,1
1775924143883,2596,112886.20000004768,pvp,player_1,player_2,444,374.472,606.024,393.608,-278.16,112.371,stay,stay,2,1
1775924143883,2597,112902.70000004768,pvp,player_1,player_2,444,374.472,601.388,395.481,-278.16,112.371,stay,stay,2,1
1775924143883,2598,112919.60000002384,pvp,player_1,player_2,444,374.472,596.752,397.354,-278.16,112.371,stay,stay,2,1
1775924143883,2599,112935.80000007153,pvp,player_1,player_2,444,374.472,592.116,399.226,-278.16,112.371,stay,stay,2,1
1775924143883,2600,112952.60000002384,pvp,player_1,player_2,444,374.472,587.48,401.099,-278.16,112.371,stay,stay,2,1
1775924143883,2601,112969.5,pvp,player_1,player_2,444,374.472,582.844,402.972,-278.16,112.371,stay,stay,2,1
1775924143883,2602,112986.30000007153,pvp,player_1,player_2,444,374.472,578.208,404.845,-278.16,112.371,stay,stay,2,1
1775924143883,2603,113002.30000007153,pvp,player_1,player_2,444,374.472,573.572,406.718,-278.16,112.371,stay,stay,2,1
1775924143883,2604,113019.5,pvp,player_1,player_2,444,374.472,568.936,408.591,-278.16,112.371,stay,stay,2,1
1775924143883,2605,113036.39999997616,pvp,player_1,player_2,444,374.472,564.3,410.463,-278.16,112.371,stay,stay,2,1
1775924143883,2606,113052.70000004768,pvp,player_1,player_2,443.744,374.472,559.664,412.336,-278.16,112.371,up,stay,2,1
1775924143883,2607,113069.10000002384,pvp,player_1,player_2,443.233,374.472,555.028,414.209,-278.16,112.371,up,stay,2,1
1775924143883,2608,113086.10000002384,pvp,player_1,player_2,442.467,374.472,550.392,416.082,-278.16,112.371,up,stay,2,1
1775924143883,2609,113102.70000004768,pvp,player_1,player_2,441.444,374.472,545.756,417.955,-278.16,112.371,up,stay,2,1
1775924143883,2610,113119.39999997616,pvp,player_1,player_2,440.167,374.472,541.12,419.828,-278.16,112.371,up,stay,2,1
1775924143883,2611,113136.30000007153,pvp,player_1,player_2,438.633,374.472,536.484,421.7,-278.16,112.371,up,stay,2,1
1775924143883,2612,113152.80000007153,pvp,player_1,player_2,436.844,374.472,531.848,423.573,-278.16,112.371,up,stay,2,1
1775924143883,2613,113169.5,pvp,player_1,player_2,434.8,374.472,527.212,425.446,-278.16,112.371,up,stay,2,1
1775924143883,2614,113186.10000002384,pvp,player_1,player_2,432.5,374.472,522.576,427.319,-278.16,112.371,up,stay,2,1
1775924143883,2615,113202.89999997616,pvp,player_1,player_2,430.394,374.472,517.94,429.192,-278.16,112.371,stay,stay,2,1
1775924143883,2616,113219.39999997616,pvp,player_1,player_2,428.483,374.472,513.304,431.065,-278.16,112.371,stay,stay,2,1
1775924143883,2617,113235.30000007153,pvp,player_1,player_2,426.767,374.472,508.668,432.938,-278.16,112.371,stay,stay,2,1
1775924143883,2618,113252.10000002384,pvp,player_1,player_2,425.244,374.472,504.032,434.81,-278.16,112.371,stay,stay,2,1
1775924143883,2619,113268.60000002384,pvp,player_1,player_2,423.917,374.472,499.396,436.683,-278.16,112.371,stay,stay,2,1
1775924143883,2620,113285.89999997616,pvp,player_1,player_2,422.783,374.472,494.76,438.556,-278.16,112.371,stay,stay,2,1
1775924143883,2621,113302.89999997616,pvp,player_1,player_2,421.844,374.472,490.124,440.429,-278.16,112.371,stay,stay,2,1
1775924143883,2622,113319.39999997616,pvp,player_1,player_2,421.1,374.472,485.488,442.302,-278.16,112.371,stay,stay,2,1
1775924143883,2623,113336.10000002384,pvp,player_1,player_2,420.55,374.472,480.852,444.175,-278.16,112.371,stay,stay,2,1
1775924143883,2624,113352.89999997616,pvp,player_1,player_2,420.194,374.472,476.216,446.047,-278.16,112.371,stay,stay,2,1
1775924143883,2625,113368.80000007153,pvp,player_1,player_2,420.194,374.472,471.58,447.92,-278.16,112.371,stay,stay,2,1
1775924143883,2626,113385.5,pvp,player_1,player_2,420.194,374.472,466.944,449.793,-278.16,112.371,stay,stay,2,1
1775924143883,2627,113402,pvp,player_1,player_2,420.194,374.472,462.308,451.666,-278.16,112.371,stay,stay,2,1
1775924143883,2628,113418.80000007153,pvp,player_1,player_2,420.194,374.472,457.672,453.539,-278.16,112.371,stay,stay,2,1
1775924143883,2629,113436,pvp,player_1,player_2,420.194,374.472,453.037,455.412,-278.16,112.371,stay,stay,2,1
1775924143883,2630,113452.80000007153,pvp,player_1,player_2,420.194,374.472,448.401,457.285,-278.16,112.371,stay,stay,2,1
1775924143883,2631,113469.5,pvp,player_1,player_2,420.194,374.472,443.765,459.157,-278.16,112.371,stay,stay,2,1
1775924143883,2632,113486.10000002384,pvp,player_1,player_2,420.194,374.472,439.129,461.03,-278.16,112.371,stay,stay,2,1
1775924143883,2633,113503,pvp,player_1,player_2,420.194,374.472,434.493,462.903,-278.16,112.371,stay,stay,2,1
1775924143883,2634,113519.39999997616,pvp,player_1,player_2,420.194,374.472,429.857,464.776,-278.16,112.371,stay,stay,2,1
1775924143883,2635,113535.60000002384,pvp,player_1,player_2,420.194,374.472,425.221,466.649,-278.16,112.371,stay,stay,2,1
1775924143883,2636,113552.70000004768,pvp,player_1,player_2,420.194,374.472,420.585,468.522,-278.16,112.371,stay,stay,2,1
1775924143883,2637,113569.30000007153,pvp,player_1,player_2,420.194,374.472,415.949,470.394,-278.16,112.371,stay,stay,2,1
1775924143883,2638,113586,pvp,player_1,player_2,420.194,374.472,411.313,472.267,-278.16,112.371,stay,stay,2,1
1775924143883,2639,113602.80000007153,pvp,player_1,player_2,420.194,374.472,406.677,474.14,-278.16,112.371,stay,stay,2,1
1775924143883,2640,113619.30000007153,pvp,player_1,player_2,420.194,374.472,402.041,476.013,-278.16,112.371,stay,stay,2,1
1775924143883,2641,113636.20000004768,pvp,player_1,player_2,420.194,374.472,397.405,477.886,-278.16,112.371,stay,stay,2,1
1775924143883,2642,113652.60000002384,pvp,player_1,player_2,420.194,374.472,392.769,479.759,-278.16,112.371,stay,stay,2,1
1775924143883,2643,113669.39999997616,pvp,player_1,player_2,420.194,374.472,388.133,481.632,-278.16,112.371,stay,stay,2,1
1775924143883,2644,113686.10000002384,pvp,player_1,player_2,420.194,374.472,383.497,483.504,-278.16,112.371,stay,stay,2,1
1775924143883,2645,113702.5,pvp,player_1,player_2,420.194,374.472,378.861,485.377,-278.16,112.371,stay,stay,2,1
1775924143883,2646,113719.20000004768,pvp,player_1,player_2,420.194,374.472,374.225,487.25,-278.16,112.371,stay,stay,2,1
1775924143883,2647,113735.5,pvp,player_1,player_2,420.194,374.472,369.589,489.123,-278.16,112.371,stay,stay,2,1
1775924143883,2648,113752.5,pvp,player_1,player_2,420.194,374.472,364.953,490.996,-278.16,112.371,stay,stay,2,1
1775924143883,2649,113769.39999997616,pvp,player_1,player_2,420.194,374.472,360.317,492.869,-278.16,112.371,stay,stay,2,1
1775924143883,2650,113786,pvp,player_1,player_2,420.194,374.472,355.681,494.741,-278.16,112.371,stay,stay,2,1
1775924143883,2651,113802.60000002384,pvp,player_1,player_2,420.194,374.472,351.045,496.614,-278.16,112.371,stay,stay,2,1
1775924143883,2652,113819.30000007153,pvp,player_1,player_2,420.194,374.472,346.409,498.487,-278.16,112.371,stay,stay,2,1
1775924143883,2653,113835.89999997616,pvp,player_1,player_2,420.194,374.472,341.773,500.36,-278.16,112.371,stay,stay,2,1
1775924143883,2654,113852.89999997616,pvp,player_1,player_2,420.194,374.472,337.137,502.233,-278.16,112.371,stay,stay,2,1
1775924143883,2655,113869.39999997616,pvp,player_1,player_2,420.194,374.472,332.501,504.106,-278.16,112.371,stay,stay,2,1
1775924143883,2656,113886,pvp,player_1,player_2,420.194,374.472,327.865,505.979,-278.16,112.371,stay,stay,2,1
1775924143883,2657,113902.70000004768,pvp,player_1,player_2,420.194,374.472,323.229,507.851,-278.16,112.371,stay,stay,2,1
1775924143883,2658,113919.60000002384,pvp,player_1,player_2,420.194,374.472,318.593,509.724,-278.16,112.371,stay,stay,2,1
1775924143883,2659,113936.30000007153,pvp,player_1,player_2,420.194,374.472,313.957,511.597,-278.16,112.371,stay,stay,2,1
1775924143883,2660,113952.80000007153,pvp,player_1,player_2,420.194,374.472,309.321,513.47,-278.16,112.371,stay,stay,2,1
1775924143883,2661,113969.39999997616,pvp,player_1,player_2,420.194,374.472,304.685,515.343,-278.16,112.371,stay,stay,2,1
1775924143883,2662,113986.39999997616,pvp,player_1,player_2,420.194,374.472,300.049,517.216,-278.16,112.371,stay,stay,2,1
1775924143883,2663,114002.70000004768,pvp,player_1,player_2,420.194,374.472,295.413,519.088,-278.16,112.371,stay,stay,2,1
1775924143883,2664,114018.80000007153,pvp,player_1,player_2,420.194,374.472,290.777,520.961,-278.16,112.371,stay,stay,2,1
1775924143883,2665,114036.20000004768,pvp,player_1,player_2,420.194,374.472,286.141,522.834,-278.16,112.371,stay,stay,2,1
1775924143883,2666,114052.70000004768,pvp,player_1,player_2,420.194,374.472,281.505,524.707,-278.16,112.371,stay,stay,2,1
1775924143883,2667,114069.5,pvp,player_1,player_2,420.194,374.472,276.869,526.58,-278.16,112.371,stay,stay,2,1
1775924143883,2668,114086,pvp,player_1,player_2,420.194,374.472,272.233,528.453,-278.16,112.371,stay,stay,2,1
1775924143883,2669,114102.80000007153,pvp,player_1,player_2,420.194,374.472,267.597,530,-278.16,-112.371,stay,stay,2,1
1775924143883,2670,114119.5,pvp,player_1,player_2,420.194,374.472,262.961,528.127,-278.16,-112.371,stay,stay,2,1
1775924143883,2671,114136.20000004768,pvp,player_1,player_2,420.194,374.472,258.325,526.254,-278.16,-112.371,stay,stay,2,1
1775924143883,2672,114152.80000007153,pvp,player_1,player_2,420.194,374.472,253.689,524.381,-278.16,-112.371,stay,stay,2,1
1775924143883,2673,114169.30000007153,pvp,player_1,player_2,420.194,374.472,249.053,522.509,-278.16,-112.371,stay,stay,2,1
1775924143883,2674,114186.20000004768,pvp,player_1,player_2,420.194,374.472,244.417,520.636,-278.16,-112.371,stay,stay,2,1
1775924143883,2675,114202.60000002384,pvp,player_1,player_2,420.194,374.472,239.781,518.763,-278.16,-112.371,stay,stay,2,1
1775924143883,2676,114219.5,pvp,player_1,player_2,420.194,374.472,235.145,516.89,-278.16,-112.371,stay,stay,2,1
1775924143883,2677,114236.20000004768,pvp,player_1,player_2,420.194,374.472,230.509,515.017,-278.16,-112.371,stay,stay,2,1
1775924143883,2678,114252.39999997616,pvp,player_1,player_2,420.194,374.472,225.873,513.144,-278.16,-112.371,stay,stay,2,1
1775924143883,2679,114269,pvp,player_1,player_2,420.194,374.472,221.237,511.272,-278.16,-112.371,stay,stay,2,1
1775924143883,2680,114286,pvp,player_1,player_2,420.194,374.472,216.601,509.399,-278.16,-112.371,stay,stay,2,1
1775924143883,2681,114302.30000007153,pvp,player_1,player_2,420.194,374.472,211.965,507.526,-278.16,-112.371,stay,stay,2,1
1775924143883,2682,114319.60000002384,pvp,player_1,player_2,420.194,374.472,207.329,505.653,-278.16,-112.371,stay,stay,2,1
1775924143883,2683,114336.30000007153,pvp,player_1,player_2,420.194,374.472,202.693,503.78,-278.16,-112.371,stay,stay,2,1
1775924143883,2684,114352.89999997616,pvp,player_1,player_2,420.194,374.472,198.057,501.907,-278.16,-112.371,stay,stay,2,1
1775924143883,2685,114369.30000007153,pvp,player_1,player_2,420.194,374.472,193.421,500.034,-278.16,-112.371,stay,stay,2,1
1775924143883,2686,114386.20000004768,pvp,player_1,player_2,420.194,374.472,188.785,498.162,-278.16,-112.371,stay,stay,2,1
1775924143883,2687,114402.80000007153,pvp,player_1,player_2,420.194,374.472,184.149,496.289,-278.16,-112.371,stay,stay,2,1
1775924143883,2688,114418.60000002384,pvp,player_1,player_2,420.194,374.472,179.513,494.416,-278.16,-112.371,stay,stay,2,1
1775924143883,2689,114435.5,pvp,player_1,player_2,420.194,374.472,174.877,492.543,-278.16,-112.371,stay,stay,2,1
1775924143883,2690,114451.80000007153,pvp,player_1,player_2,420.194,374.472,170.241,490.67,-278.16,-112.371,stay,stay,2,1
1775924143883,2691,114468.80000007153,pvp,player_1,player_2,420.194,374.472,165.605,488.797,-278.16,-112.371,stay,stay,2,1
1775924143883,2692,114485.20000004768,pvp,player_1,player_2,420.194,374.472,160.969,486.925,-278.16,-112.371,stay,stay,2,1
1775924143883,2693,114502.5,pvp,player_1,player_2,420.194,374.472,156.333,485.052,-278.16,-112.371,stay,stay,2,1
1775924143883,2694,114519.60000002384,pvp,player_1,player_2,420.194,374.472,151.697,483.179,-278.16,-112.371,stay,stay,2,1
1775924143883,2695,114536.10000002384,pvp,player_1,player_2,420.194,374.472,147.061,481.306,-278.16,-112.371,stay,stay,2,1
1775924143883,2696,114552.39999997616,pvp,player_1,player_2,419.939,374.472,142.425,479.433,-278.16,-112.371,up,stay,2,1
1775924143883,2697,114568.70000004768,pvp,player_1,player_2,419.428,374.472,137.789,477.56,-278.16,-112.371,up,stay,2,1
1775924143883,2698,114586.20000004768,pvp,player_1,player_2,418.661,374.472,133.153,475.687,-278.16,-112.371,up,stay,2,1
1775924143883,2699,114602.39999997616,pvp,player_1,player_2,417.639,374.472,128.517,473.815,-278.16,-112.371,up,stay,2,1
1775924143883,2700,114619.20000004768,pvp,player_1,player_2,416.361,374.472,123.881,471.942,-278.16,-112.371,up,stay,2,1
1775924143883,2701,114636.10000002384,pvp,player_1,player_2,414.828,374.472,119.245,470.069,-278.16,-112.371,up,stay,2,1
1775924143883,2702,114653,pvp,player_1,player_2,413.039,374.472,114.609,468.196,-278.16,-112.371,up,stay,2,1
1775924143883,2703,114669.39999997616,pvp,player_1,player_2,410.994,374.472,109.973,466.323,-278.16,-112.371,up,stay,2,1
1775924143883,2704,114686.10000002384,pvp,player_1,player_2,408.694,374.472,105.337,464.45,-278.16,-112.371,up,stay,2,1
1775924143883,2705,114702.5,pvp,player_1,player_2,406.139,374.472,100.701,462.578,-278.16,-112.371,up,stay,2,1
1775924143883,2706,114718.89999997616,pvp,player_1,player_2,403.778,374.472,96.065,460.705,-278.16,-112.371,stay,stay,2,1
1775924143883,2707,114735.5,pvp,player_1,player_2,401.611,374.472,91.429,458.832,-278.16,-112.371,stay,stay,2,1
1775924143883,2708,114752.5,pvp,player_1,player_2,399.639,374.472,86.793,456.959,-278.16,-112.371,stay,stay,2,1
1775924143883,2709,114768.89999997616,pvp,player_1,player_2,397.861,374.472,82.157,455.086,-278.16,-112.371,stay,stay,2,1
1775924143883,2710,114785.30000007153,pvp,player_1,player_2,396.278,374.472,77.521,453.213,-278.16,-112.371,stay,stay,2,1
1775924143883,2711,114802.20000004768,pvp,player_1,player_2,394.889,374.472,72.885,451.34,-278.16,-112.371,stay,stay,2,1
1775924143883,2712,114818.60000002384,pvp,player_1,player_2,393.694,374.472,68.249,449.468,-278.16,-112.371,stay,stay,2,1
1775924143883,2713,114835.5,pvp,player_1,player_2,392.694,374.472,63.613,447.595,-278.16,-112.371,stay,stay,2,1
1775924143883,2714,114852.30000007153,pvp,player_1,player_2,391.889,374.472,58.977,445.722,-278.16,-112.371,stay,stay,2,1
1775924143883,2715,114868.70000004768,pvp,player_1,player_2,391.278,374.472,54.341,443.849,-278.16,-112.371,stay,stay,2,1
1775924143883,2716,114885.5,pvp,player_1,player_2,390.861,374.472,49.705,441.976,-278.16,-112.371,stay,stay,2,1
1775924143883,2717,114902.39999997616,pvp,player_1,player_2,390.639,374.472,48,440.103,319.808,11.074,stay,stay,2,1
1775924143883,2718,114919.5,pvp,player_1,player_2,390.639,374.472,53.33,440.288,319.808,11.074,stay,stay,2,1
1775924143883,2719,114936,pvp,player_1,player_2,390.639,374.472,58.66,440.473,319.808,11.074,stay,stay,2,1
1775924143883,2720,114952.70000004768,pvp,player_1,player_2,390.639,374.472,63.99,440.657,319.808,11.074,stay,stay,2,1
1775924143883,2721,114969.60000002384,pvp,player_1,player_2,390.639,374.472,69.321,440.842,319.808,11.074,stay,stay,2,1
1775924143883,2722,114985.89999997616,pvp,player_1,player_2,390.639,374.472,74.651,441.026,319.808,11.074,stay,stay,2,1
1775924143883,2723,115002.5,pvp,player_1,player_2,390.383,374.472,79.981,441.211,319.808,11.074,up,stay,2,1
1775924143883,2724,115019,pvp,player_1,player_2,389.872,374.472,85.311,441.395,319.808,11.074,up,stay,2,1
1775924143883,2725,115036.10000002384,pvp,player_1,player_2,389.106,374.472,90.641,441.58,319.808,11.074,up,stay,2,1
1775924143883,2726,115052.39999997616,pvp,player_1,player_2,388.083,374.472,95.971,441.765,319.808,11.074,up,stay,2,1
1775924143883,2727,115069,pvp,player_1,player_2,386.806,374.472,101.301,441.949,319.808,11.074,up,stay,2,1
1775924143883,2728,115086,pvp,player_1,player_2,385.272,374.472,106.632,442.134,319.808,11.074,up,stay,2,1
1775924143883,2729,115102.89999997616,pvp,player_1,player_2,383.483,374.472,111.962,442.318,319.808,11.074,up,stay,2,1
1775924143883,2730,115119.30000007153,pvp,player_1,player_2,381.439,374.472,117.292,442.503,319.808,11.074,up,stay,2,1
1775924143883,2731,115136.10000002384,pvp,player_1,player_2,379.139,374.472,122.622,442.687,319.808,11.074,up,stay,2,1
1775924143883,2732,115152.20000004768,pvp,player_1,player_2,376.583,374.472,127.952,442.872,319.808,11.074,up,stay,2,1
1775924143883,2733,115168.70000004768,pvp,player_1,player_2,373.772,374.472,133.282,443.056,319.808,11.074,up,stay,2,1
1775924143883,2734,115185.39999997616,pvp,player_1,player_2,370.706,374.472,138.612,443.241,319.808,11.074,up,stay,2,1
1775924143883,2735,115202,pvp,player_1,player_2,367.383,374.472,143.942,443.426,319.808,11.074,up,stay,2,1
1775924143883,2736,115218.70000004768,pvp,player_1,player_2,363.806,374.472,149.273,443.61,319.808,11.074,up,stay,2,1
1775924143883,2737,115235.20000004768,pvp,player_1,player_2,359.972,374.472,154.603,443.795,319.808,11.074,up,stay,2,1
1775924143883,2738,115251.89999997616,pvp,player_1,player_2,355.883,374.472,159.933,443.979,319.808,11.074,up,stay,2,1
1775924143883,2739,115268.60000002384,pvp,player_1,player_2,351.989,374.472,165.263,444.164,319.808,11.074,stay,stay,2,1
1775924143883,2740,115285.30000007153,pvp,player_1,player_2,348.289,374.472,170.593,444.348,319.808,11.074,stay,stay,2,1
1775924143883,2741,115301.80000007153,pvp,player_1,player_2,344.783,374.472,175.923,444.533,319.808,11.074,stay,stay,2,1
1775924143883,2742,115318.70000004768,pvp,player_1,player_2,341.472,374.472,181.253,444.718,319.808,11.074,stay,stay,2,1
1775924143883,2743,115335.39999997616,pvp,player_1,player_2,338.356,374.472,186.584,444.902,319.808,11.074,stay,stay,2,1
1775924143883,2744,115352.10000002384,pvp,player_1,player_2,335.433,374.472,191.914,445.087,319.808,11.074,stay,stay,2,1
1775924143883,2745,115368.89999997616,pvp,player_1,player_2,332.706,374.472,197.244,445.271,319.808,11.074,stay,stay,2,1
1775924143883,2746,115385.39999997616,pvp,player_1,player_2,330.172,374.472,202.574,445.456,319.808,11.074,stay,stay,2,1
1775924143883,2747,115402,pvp,player_1,player_2,327.833,374.472,207.904,445.64,319.808,11.074,stay,stay,2,1
1775924143883,2748,115418.70000004768,pvp,player_1,player_2,325.689,374.472,213.234,445.825,319.808,11.074,stay,stay,2,1
1775924143883,2749,115435.5,pvp,player_1,player_2,323.739,374.472,218.564,446.01,319.808,11.074,stay,stay,2,1
1775924143883,2750,115452.10000002384,pvp,player_1,player_2,321.983,374.472,223.895,446.194,319.808,11.074,stay,stay,2,1
1775924143883,2751,115468.80000007153,pvp,player_1,player_2,320.422,374.472,229.225,446.379,319.808,11.074,stay,stay,2,1
1775924143883,2752,115485.5,pvp,player_1,player_2,319.056,374.472,234.555,446.563,319.808,11.074,stay,stay,2,1
1775924143883,2753,115501.80000007153,pvp,player_1,player_2,317.883,374.472,239.885,446.748,319.808,11.074,stay,stay,2,1
1775924143883,2754,115518.39999997616,pvp,player_1,player_2,316.906,374.472,245.215,446.932,319.808,11.074,stay,stay,2,1
1775924143883,2755,115535.30000007153,pvp,player_1,player_2,316.122,374.472,250.545,447.117,319.808,11.074,stay,stay,2,1
1775924143883,2756,115551.80000007153,pvp,player_1,player_2,315.533,374.472,255.875,447.302,319.808,11.074,stay,stay,2,1
1775924143883,2757,115568.60000002384,pvp,player_1,player_2,315.139,374.472,261.206,447.486,319.808,11.074,stay,stay,2,1
1775924143883,2758,115585.5,pvp,player_1,player_2,314.939,374.472,266.536,447.671,319.808,11.074,stay,stay,2,1
1775924143883,2759,115602.5,pvp,player_1,player_2,314.939,374.472,271.866,447.855,319.808,11.074,stay,stay,2,1
1775924143883,2760,115619.10000002384,pvp,player_1,player_2,314.939,374.472,277.196,448.04,319.808,11.074,stay,stay,2,1
1775924143883,2761,115635.5,pvp,player_1,player_2,314.939,374.472,282.526,448.224,319.808,11.074,stay,stay,2,1
1775924143883,2762,115652.5,pvp,player_1,player_2,314.939,374.472,287.856,448.409,319.808,11.074,stay,stay,2,1
1775924143883,2763,115669.39999997616,pvp,player_1,player_2,314.939,374.472,293.186,448.594,319.808,11.074,stay,stay,2,1
1775924143883,2764,115686.20000004768,pvp,player_1,player_2,314.939,374.472,298.517,448.778,319.808,11.074,stay,stay,2,1
1775924143883,2765,115702.60000002384,pvp,player_1,player_2,314.939,374.472,303.847,448.963,319.808,11.074,stay,stay,2,1
1775924143883,2766,115719.10000002384,pvp,player_1,player_2,314.939,374.472,309.177,449.147,319.808,11.074,stay,stay,2,1
1775924143883,2767,115736.20000004768,pvp,player_1,player_2,314.939,374.472,314.507,449.332,319.808,11.074,stay,stay,2,1
1775924143883,2768,115753,pvp,player_1,player_2,314.939,374.472,319.837,449.516,319.808,11.074,stay,stay,2,1
1775924143883,2769,115769.30000007153,pvp,player_1,player_2,314.939,374.472,325.167,449.701,319.808,11.074,stay,stay,2,1
1775924143883,2770,115786.20000004768,pvp,player_1,player_2,314.939,374.472,330.497,449.886,319.808,11.074,stay,stay,2,1
1775924143883,2771,115802.39999997616,pvp,player_1,player_2,314.939,374.472,335.827,450.07,319.808,11.074,stay,stay,2,1
1775924143883,2772,115819.30000007153,pvp,player_1,player_2,314.939,374.472,341.158,450.255,319.808,11.074,stay,stay,2,1
1775924143883,2773,115835.60000002384,pvp,player_1,player_2,314.939,374.472,346.488,450.439,319.808,11.074,stay,stay,2,1
1775924143883,2774,115852.20000004768,pvp,player_1,player_2,314.939,374.472,351.818,450.624,319.808,11.074,stay,stay,2,1
1775924143883,2775,115869.10000002384,pvp,player_1,player_2,314.939,374.472,357.148,450.808,319.808,11.074,stay,stay,2,1
1775924143883,2776,115886.10000002384,pvp,player_1,player_2,314.939,374.472,362.478,450.993,319.808,11.074,stay,stay,2,1
1775924143883,2777,115902.80000007153,pvp,player_1,player_2,314.939,374.472,367.808,451.177,319.808,11.074,stay,stay,2,1
1775924143883,2778,115919.5,pvp,player_1,player_2,314.939,374.472,373.138,451.362,319.808,11.074,stay,stay,2,1
1775924143883,2779,115936,pvp,player_1,player_2,314.939,374.472,378.469,451.547,319.808,11.074,stay,stay,2,1
1775924143883,2780,115953,pvp,player_1,player_2,314.939,374.472,383.799,451.731,319.808,11.074,stay,stay,2,1
1775924143883,2781,115969.39999997616,pvp,player_1,player_2,314.939,374.472,389.129,451.916,319.808,11.074,stay,stay,2,1
1775924143883,2782,115986.10000002384,pvp,player_1,player_2,314.939,374.472,394.459,452.1,319.808,11.074,stay,stay,2,1
1775924143883,2783,116002.39999997616,pvp,player_1,player_2,314.939,374.472,399.789,452.285,319.808,11.074,stay,stay,2,1
1775924143883,2784,116019.10000002384,pvp,player_1,player_2,314.939,374.472,405.119,452.469,319.808,11.074,stay,stay,2,1
1775924143883,2785,116036,pvp,player_1,player_2,314.939,374.472,410.449,452.654,319.808,11.074,stay,stay,2,1
1775924143883,2786,116052.70000004768,pvp,player_1,player_2,314.939,374.472,415.78,452.839,319.808,11.074,stay,stay,2,1
1775924143883,2787,116069.5,pvp,player_1,player_2,314.939,374.472,421.11,453.023,319.808,11.074,stay,stay,2,1
1775924143883,2788,116086,pvp,player_1,player_2,314.939,374.472,426.44,453.208,319.808,11.074,stay,stay,2,1
1775924143883,2789,116102.70000004768,pvp,player_1,player_2,314.939,374.472,431.77,453.392,319.808,11.074,stay,stay,2,1
1775924143883,2790,116119.39999997616,pvp,player_1,player_2,314.939,374.472,437.1,453.577,319.808,11.074,stay,stay,2,1
1775924143883,2791,116135.89999997616,pvp,player_1,player_2,314.939,374.472,442.43,453.761,319.808,11.074,stay,stay,2,1
1775924143883,2792,116152.70000004768,pvp,player_1,player_2,314.939,374.472,447.76,453.946,319.808,11.074,stay,stay,2,1
1775924143883,2793,116169.5,pvp,player_1,player_2,314.939,374.472,453.091,454.131,319.808,11.074,stay,stay,2,1
1775924143883,2794,116186.10000002384,pvp,player_1,player_2,314.939,374.472,458.421,454.315,319.808,11.074,stay,stay,2,1
1775924143883,2795,116202.70000004768,pvp,player_1,player_2,314.939,374.472,463.751,454.5,319.808,11.074,stay,stay,2,1
1775924143883,2796,116219.20000004768,pvp,player_1,player_2,314.939,374.472,469.081,454.684,319.808,11.074,stay,stay,2,1
1775924143883,2797,116235.80000007153,pvp,player_1,player_2,314.939,374.472,474.411,454.869,319.808,11.074,stay,stay,2,1
1775924143883,2798,116252.70000004768,pvp,player_1,player_2,314.939,374.472,479.741,455.053,319.808,11.074,stay,stay,2,1
1775924143883,2799,116269.39999997616,pvp,player_1,player_2,314.939,374.472,485.071,455.238,319.808,11.074,stay,stay,2,1
1775924143883,2800,116286,pvp,player_1,player_2,314.939,374.472,490.402,455.423,319.808,11.074,stay,stay,2,1
1775924143883,2801,116302.80000007153,pvp,player_1,player_2,314.939,374.472,495.732,455.607,319.808,11.074,stay,stay,2,1
1775924143883,2802,116319.30000007153,pvp,player_1,player_2,314.939,374.472,501.062,455.792,319.808,11.074,stay,stay,2,1
1775924143883,2803,116335.89999997616,pvp,player_1,player_2,314.939,374.472,506.392,455.976,319.808,11.074,stay,stay,2,1
1775924143883,2804,116352.89999997616,pvp,player_1,player_2,314.939,374.472,511.722,456.161,319.808,11.074,stay,stay,2,1
1775924143883,2805,116369.30000007153,pvp,player_1,player_2,314.939,374.472,517.052,456.345,319.808,11.074,stay,stay,2,1
1775924143883,2806,116385.80000007153,pvp,player_1,player_2,314.939,374.472,522.382,456.53,319.808,11.074,stay,stay,2,1
1775924143883,2807,116402.89999997616,pvp,player_1,player_2,314.939,374.472,527.712,456.715,319.808,11.074,stay,stay,2,1
1775924143883,2808,116419.30000007153,pvp,player_1,player_2,314.939,374.472,533.043,456.899,319.808,11.074,stay,stay,2,1
1775924143883,2809,116435.5,pvp,player_1,player_2,314.939,374.472,538.373,457.084,319.808,11.074,stay,stay,2,1
1775924143883,2810,116452.39999997616,pvp,player_1,player_2,314.939,374.472,543.703,457.268,319.808,11.074,stay,stay,2,1
1775924143883,2811,116469.10000002384,pvp,player_1,player_2,314.939,374.472,549.033,457.453,319.808,11.074,stay,stay,2,1
1775924143883,2812,116485.70000004768,pvp,player_1,player_2,314.939,374.472,554.363,457.637,319.808,11.074,stay,stay,2,1
1775924143883,2813,116502.89999997616,pvp,player_1,player_2,314.939,374.472,559.693,457.822,319.808,11.074,stay,stay,2,1
1775924143883,2814,116519.30000007153,pvp,player_1,player_2,314.939,374.472,565.023,458.007,319.808,11.074,stay,stay,2,1
1775924143883,2815,116535.5,pvp,player_1,player_2,314.939,374.472,570.354,458.191,319.808,11.074,stay,stay,2,1
1775924143883,2816,116552.80000007153,pvp,player_1,player_2,314.939,374.472,575.684,458.376,319.808,11.074,stay,stay,2,1
1775924143883,2817,116569.30000007153,pvp,player_1,player_2,314.939,374.472,581.014,458.56,319.808,11.074,stay,stay,2,1
1775924143883,2818,116585.70000004768,pvp,player_1,player_2,314.939,374.472,586.344,458.745,319.808,11.074,stay,stay,2,1
1775924143883,2819,116602.30000007153,pvp,player_1,player_2,314.939,374.728,591.674,458.929,319.808,11.074,stay,down,2,1
1775924143883,2820,116618.60000002384,pvp,player_1,player_2,314.939,375.239,597.004,459.114,319.808,11.074,stay,down,2,1
1775924143883,2821,116635.30000007153,pvp,player_1,player_2,314.939,376.006,602.334,459.298,319.808,11.074,stay,down,2,1
1775924143883,2822,116652.10000002384,pvp,player_1,player_2,314.939,377.028,607.665,459.483,319.808,11.074,stay,down,2,1
1775924143883,2823,116668.80000007153,pvp,player_1,player_2,314.939,378.306,612.995,459.668,319.808,11.074,stay,down,2,1
1775924143883,2824,116685.60000002384,pvp,player_1,player_2,314.939,379.839,618.325,459.852,319.808,11.074,stay,down,2,1
1775924143883,2825,116702.60000002384,pvp,player_1,player_2,314.939,381.628,623.655,460.037,319.808,11.074,stay,down,2,1
1775924143883,2826,116719.30000007153,pvp,player_1,player_2,314.939,383.672,628.985,460.221,319.808,11.074,stay,down,2,1
1775924143883,2827,116735.60000002384,pvp,player_1,player_2,314.939,385.972,634.315,460.406,319.808,11.074,stay,down,2,1
1775924143883,2828,116752.80000007153,pvp,player_1,player_2,314.939,388.528,639.645,460.59,319.808,11.074,stay,down,2,1
1775924143883,2829,116769.30000007153,pvp,player_1,player_2,314.939,391.339,644.976,460.775,319.808,11.074,stay,down,2,1
1775924143883,2830,116786.10000002384,pvp,player_1,player_2,314.939,394.406,650.306,460.96,319.808,11.074,stay,down,2,1
1775924143883,2831,116802.70000004768,pvp,player_1,player_2,314.939,397.728,655.636,461.144,319.808,11.074,stay,down,2,1
1775924143883,2832,116819.39999997616,pvp,player_1,player_2,314.939,401.306,660.966,461.329,319.808,11.074,stay,down,2,1
1775924143883,2833,116836.20000004768,pvp,player_1,player_2,314.939,405.139,666.296,461.513,319.808,11.074,stay,down,2,1
1775924143883,2834,116852.10000002384,pvp,player_1,player_2,314.939,408.778,671.626,461.698,319.808,11.074,stay,stay,2,1
1775924143883,2835,116869.10000002384,pvp,player_1,player_2,314.939,412.222,676.956,461.882,319.808,11.074,stay,stay,2,1
1775924143883,2836,116886.30000007153,pvp,player_1,player_2,314.939,415.472,682.287,462.067,319.808,11.074,stay,stay,2,1
1775924143883,2837,116902.89999997616,pvp,player_1,player_2,314.939,418.528,687.617,462.252,319.808,11.074,stay,stay,2,1
1775924143883,2838,116919.39999997616,pvp,player_1,player_2,314.939,421.389,692.947,462.436,319.808,11.074,stay,stay,2,1
1775924143883,2839,116936.39999997616,pvp,player_1,player_2,314.939,424.056,698.277,462.621,319.808,11.074,stay,stay,2,1
1775924143883,2840,116952.10000002384,pvp,player_1,player_2,314.939,426.528,703.607,462.805,319.808,11.074,stay,stay,2,1
1775924143883,2841,116969.5,pvp,player_1,player_2,314.939,428.806,708.937,462.99,319.808,11.074,stay,stay,2,1
1775924143883,2842,116985.70000004768,pvp,player_1,player_2,314.939,430.889,714.267,463.174,319.808,11.074,stay,stay,2,1
1775924143883,2843,117002.89999997616,pvp,player_1,player_2,314.939,432.778,719.597,463.359,319.808,11.074,stay,stay,2,1
1775924143883,2844,117019.39999997616,pvp,player_1,player_2,314.939,434.472,724.928,463.544,319.808,11.074,stay,stay,2,1
1775924143883,2845,117035.89999997616,pvp,player_1,player_2,314.939,435.972,730.258,463.728,319.808,11.074,stay,stay,2,1
1775924143883,2846,117052.80000007153,pvp,player_1,player_2,314.939,437.278,735.588,463.913,319.808,11.074,stay,stay,2,1
1775924143883,2847,117068.89999997616,pvp,player_1,player_2,314.939,438.389,740.918,464.097,319.808,11.074,stay,stay,2,1
1775924143883,2848,117085.39999997616,pvp,player_1,player_2,314.939,439.306,746.248,464.282,319.808,11.074,stay,stay,2,1
1775924143883,2849,117101.89999997616,pvp,player_1,player_2,314.939,440.028,751.578,464.466,319.808,11.074,stay,stay,2,1
1775924143883,2850,117118.5,pvp,player_1,player_2,314.939,440.556,756.908,464.651,319.808,11.074,stay,stay,2,1
1775924143883,2851,117135.80000007153,pvp,player_1,player_2,314.939,440.889,762.239,464.836,319.808,11.074,stay,stay,2,1
1775924143883,2852,117152.60000002384,pvp,player_1,player_2,314.939,440.889,767.569,465.02,319.808,11.074,stay,stay,2,1
1775924143883,2853,117169.20000004768,pvp,player_1,player_2,314.939,440.889,772.899,465.205,319.808,11.074,stay,stay,2,1
1775924143883,2854,117186,pvp,player_1,player_2,314.939,440.889,778.229,465.389,319.808,11.074,stay,stay,2,1
1775924143883,2855,117202.20000004768,pvp,player_1,player_2,314.939,440.889,783.559,465.574,319.808,11.074,stay,stay,2,1
1775924143883,2856,117219.20000004768,pvp,player_1,player_2,314.939,440.889,788.889,465.758,319.808,11.074,stay,stay,2,1
1775924143883,2857,117236.20000004768,pvp,player_1,player_2,314.939,440.889,794.219,465.943,319.808,11.074,stay,stay,2,1
1775924143883,2858,117252.89999997616,pvp,player_1,player_2,314.939,440.889,799.55,466.128,319.808,11.074,stay,stay,2,1
1775924143883,2859,117269.30000007153,pvp,player_1,player_2,314.939,440.889,804.88,466.312,319.808,11.074,stay,stay,2,1
1775924143883,2860,117286.10000002384,pvp,player_1,player_2,314.939,440.889,810.21,466.497,319.808,11.074,stay,stay,2,1
1775924143883,2861,117302.60000002384,pvp,player_1,player_2,314.939,440.889,815.54,466.681,319.808,11.074,stay,stay,2,1
1775924143883,2862,117318.89999997616,pvp,player_1,player_2,314.939,440.889,820.87,466.866,319.808,11.074,stay,stay,2,1
1775924143883,2863,117336,pvp,player_1,player_2,314.939,440.889,826.2,467.05,319.808,11.074,stay,stay,2,1
1775924143883,2864,117353,pvp,player_1,player_2,314.939,440.889,831.53,467.235,319.808,11.074,stay,stay,2,1
1775924143883,2865,117369.10000002384,pvp,player_1,player_2,314.939,440.889,836.861,467.419,319.808,11.074,stay,stay,2,1
1775924143883,2866,117386,pvp,player_1,player_2,314.939,440.889,842.191,467.604,319.808,11.074,stay,stay,2,1
1775924143883,2867,117402.89999997616,pvp,player_1,player_2,314.939,440.889,847.521,467.789,319.808,11.074,stay,stay,2,1
1775924143883,2868,117419,pvp,player_1,player_2,314.939,440.889,852.851,467.973,319.808,11.074,stay,stay,2,1
1775924143883,2869,117435.20000004768,pvp,player_1,player_2,314.939,440.889,858.181,468.158,319.808,11.074,stay,stay,2,1
1775924143883,2870,117452.30000007153,pvp,player_1,player_2,314.939,440.889,863.511,468.342,319.808,11.074,stay,stay,2,1
1775924143883,2871,117469.30000007153,pvp,player_1,player_2,314.939,440.889,868.841,468.527,319.808,11.074,stay,stay,2,1
1775924143883,2872,117486,pvp,player_1,player_2,314.939,440.889,874.172,468.711,319.808,11.074,stay,stay,2,1
1775924143883,2873,117502.5,pvp,player_1,player_2,314.939,440.889,879.502,468.896,319.808,11.074,stay,stay,2,1
1775924143883,2874,117519.20000004768,pvp,player_1,player_2,314.939,440.889,884.832,469.081,319.808,11.074,stay,stay,2,1
1775924143883,2875,117536.10000002384,pvp,player_1,player_2,314.939,440.889,890.162,469.265,319.808,11.074,stay,stay,2,1
1775924143883,2876,117552.10000002384,pvp,player_1,player_2,314.939,440.889,895.492,469.45,319.808,11.074,stay,stay,2,1
1775924143883,2877,117568.89999997616,pvp,player_1,player_2,314.939,440.889,900.822,469.634,319.808,11.074,stay,stay,2,1
1775924143883,2878,117585.39999997616,pvp,player_1,player_2,314.939,440.889,906.152,469.819,319.808,11.074,stay,stay,2,1
1775924143883,2879,117602.10000002384,pvp,player_1,player_2,314.939,440.889,911.482,470.003,319.808,11.074,stay,stay,2,1
1775924143883,2880,117618.89999997616,pvp,player_1,player_2,314.939,440.889,912,470.188,-307.327,-145.431,stay,stay,2,1
1775924143883,2881,117635.80000007153,pvp,player_1,player_2,314.939,440.889,906.878,467.764,-307.327,-145.431,stay,stay,2,1
1775924143883,2882,117652.80000007153,pvp,player_1,player_2,314.939,440.889,901.756,465.34,-307.327,-145.431,stay,stay,2,1
1775924143883,2883,117669,pvp,player_1,player_2,314.939,440.889,896.634,462.916,-307.327,-145.431,stay,stay,2,1
1775924143883,2884,117685.39999997616,pvp,player_1,player_2,314.939,440.889,891.512,460.493,-307.327,-145.431,stay,stay,2,1
1775924143883,2885,117702.39999997616,pvp,player_1,player_2,314.939,440.889,886.389,458.069,-307.327,-145.431,stay,stay,2,1
1775924143883,2886,117719.30000007153,pvp,player_1,player_2,314.939,440.889,881.267,455.645,-307.327,-145.431,stay,stay,2,1
1775924143883,2887,117735.89999997616,pvp,player_1,player_2,314.939,440.889,876.145,453.221,-307.327,-145.431,stay,stay,2,1
1775924143883,2888,117752.60000002384,pvp,player_1,player_2,314.939,440.889,871.023,450.797,-307.327,-145.431,stay,stay,2,1
1775924143883,2889,117769.30000007153,pvp,player_1,player_2,314.939,440.889,865.901,448.373,-307.327,-145.431,stay,stay,2,1
1775924143883,2890,117786,pvp,player_1,player_2,314.939,440.889,860.779,445.949,-307.327,-145.431,stay,stay,2,1
1775924143883,2891,117802.80000007153,pvp,player_1,player_2,314.939,440.889,855.657,443.526,-307.327,-145.431,stay,stay,2,1
1775924143883,2892,117819.20000004768,pvp,player_1,player_2,314.939,440.889,850.535,441.102,-307.327,-145.431,stay,stay,2,1
1775924143883,2893,117836.30000007153,pvp,player_1,player_2,314.939,440.889,845.413,438.678,-307.327,-145.431,stay,stay,2,1
1775924143883,2894,117852.89999997616,pvp,player_1,player_2,314.939,440.889,840.29,436.254,-307.327,-145.431,stay,stay,2,1
1775924143883,2895,117868.89999997616,pvp,player_1,player_2,314.939,440.889,835.168,433.83,-307.327,-145.431,stay,stay,2,1
1775924143883,2896,117886.10000002384,pvp,player_1,player_2,314.939,440.889,830.046,431.406,-307.327,-145.431,stay,stay,2,1
1775924143883,2897,117902.5,pvp,player_1,player_2,314.939,440.889,824.924,428.983,-307.327,-145.431,stay,stay,2,1
1775924143883,2898,117918.89999997616,pvp,player_1,player_2,314.939,440.889,819.802,426.559,-307.327,-145.431,stay,stay,2,1
1775924143883,2899,117935.89999997616,pvp,player_1,player_2,314.939,440.889,814.68,424.135,-307.327,-145.431,stay,stay,2,1
1775924143883,2900,117952.30000007153,pvp,player_1,player_2,314.939,440.889,809.558,421.711,-307.327,-145.431,stay,stay,2,1
1775924143883,2901,117968.80000007153,pvp,player_1,player_2,314.939,440.889,804.436,419.287,-307.327,-145.431,stay,stay,2,1
1775924143883,2902,117985.80000007153,pvp,player_1,player_2,314.939,440.889,799.313,416.863,-307.327,-145.431,stay,stay,2,1
1775924143883,2903,118002.5,pvp,player_1,player_2,314.939,440.889,794.191,414.439,-307.327,-145.431,stay,stay,2,1
1775924143883,2904,118019.5,pvp,player_1,player_2,314.939,440.889,789.069,412.016,-307.327,-145.431,stay,stay,2,1
1775924143883,2905,118036.10000002384,pvp,player_1,player_2,314.939,440.889,783.947,409.592,-307.327,-145.431,stay,stay,2,1
1775924143883,2906,118052.39999997616,pvp,player_1,player_2,314.939,440.889,778.825,407.168,-307.327,-145.431,stay,stay,2,1
1775924143883,2907,118068.60000002384,pvp,player_1,player_2,314.939,440.889,773.703,404.744,-307.327,-145.431,stay,stay,2,1
1775924143883,2908,118085.39999997616,pvp,player_1,player_2,314.939,440.889,768.581,402.32,-307.327,-145.431,stay,stay,2,1
1775924143883,2909,118102,pvp,player_1,player_2,314.939,440.889,763.459,399.896,-307.327,-145.431,stay,stay,2,1
1775924143883,2910,118118.60000002384,pvp,player_1,player_2,314.939,440.889,758.337,397.472,-307.327,-145.431,stay,stay,2,1
1775924143883,2911,118135.20000004768,pvp,player_1,player_2,314.939,440.889,753.214,395.049,-307.327,-145.431,stay,stay,2,1
1775924143883,2912,118152.20000004768,pvp,player_1,player_2,314.939,440.889,748.092,392.625,-307.327,-145.431,stay,stay,2,1
1775924143883,2913,118168.39999997616,pvp,player_1,player_2,314.939,440.889,742.97,390.201,-307.327,-145.431,stay,stay,2,1
1775924143883,2914,118606.80000007153,pvp,player_1,player_2,314.939,440.889,737.848,387.777,-307.327,-145.431,stay,stay,2,1
1775924143883,2915,118609.10000002384,pvp,player_1,player_2,314.939,440.889,732.726,385.353,-307.327,-145.431,stay,stay,2,1
1775924143883,2916,118609.10000002384,pvp,player_1,player_2,314.939,440.889,727.604,382.929,-307.327,-145.431,stay,stay,2,1
1775924143883,2917,118609.10000002384,pvp,player_1,player_2,314.939,440.889,722.482,380.506,-307.327,-145.431,stay,stay,2,1
1775924143883,2918,118618.39999997616,pvp,player_1,player_2,314.939,440.889,717.36,378.082,-307.327,-145.431,stay,stay,2,1
1775924143883,2919,119045,pvp,player_1,player_2,314.939,440.889,712.238,375.658,-307.327,-145.431,stay,stay,2,1
1775924143883,2920,119483.10000002384,pvp,player_1,player_2,314.939,440.889,707.115,373.234,-307.327,-145.431,stay,stay,2,1
1775924143883,2921,119483.10000002384,pvp,player_1,player_2,314.939,440.889,701.993,370.81,-307.327,-145.431,stay,stay,2,1
1775924143883,2922,119483.10000002384,pvp,player_1,player_2,314.939,440.889,696.871,368.386,-307.327,-145.431,stay,stay,2,1
1775924143883,2923,119485.39999997616,pvp,player_1,player_2,314.939,440.889,691.749,365.962,-307.327,-145.431,stay,stay,2,1
1775924143883,2924,119485.39999997616,pvp,player_1,player_2,314.939,440.889,686.627,363.539,-307.327,-145.431,stay,stay,2,1
1775924143883,2925,119485.39999997616,pvp,player_1,player_2,314.939,440.889,681.505,361.115,-307.327,-145.431,stay,stay,2,1
1775924143883,2926,119502.39999997616,pvp,player_1,player_2,314.939,440.889,676.383,358.691,-307.327,-145.431,stay,stay,2,1
1775924143883,2927,119518.89999997616,pvp,player_1,player_2,314.939,440.889,671.261,356.267,-307.327,-145.431,stay,stay,2,1
1775924143883,2928,119535.60000002384,pvp,player_1,player_2,314.939,440.889,666.139,353.843,-307.327,-145.431,stay,stay,2,1
1775924143883,2929,119552.30000007153,pvp,player_1,player_2,314.939,440.889,661.016,351.419,-307.327,-145.431,stay,stay,2,1
1775924143883,2930,119569.5,pvp,player_1,player_2,314.939,440.889,655.894,348.995,-307.327,-145.431,stay,stay,2,1
1775924143883,2931,119586.30000007153,pvp,player_1,player_2,314.939,440.889,650.772,346.572,-307.327,-145.431,stay,stay,2,1
1775924143883,2932,119602.80000007153,pvp,player_1,player_2,314.939,440.889,645.65,344.148,-307.327,-145.431,stay,stay,2,1
1775924143883,2933,119619.70000004768,pvp,player_1,player_2,314.939,440.889,640.528,341.724,-307.327,-145.431,stay,stay,2,1
1775924143883,2934,119636.39999997616,pvp,player_1,player_2,314.939,440.889,635.406,339.3,-307.327,-145.431,stay,stay,2,1
1775924143883,2935,119652.70000004768,pvp,player_1,player_2,314.939,440.889,630.284,336.876,-307.327,-145.431,stay,stay,2,1
1775924143883,2936,119669.30000007153,pvp,player_1,player_2,314.939,440.889,625.162,334.452,-307.327,-145.431,stay,stay,2,1
1775924143883,2937,119685.89999997616,pvp,player_1,player_2,314.939,440.889,620.039,332.028,-307.327,-145.431,stay,stay,2,1
1775924143883,2938,119702.70000004768,pvp,player_1,player_2,314.939,440.889,614.917,329.605,-307.327,-145.431,stay,stay,2,1
1775924143883,2939,119719.60000002384,pvp,player_1,player_2,314.939,440.889,609.795,327.181,-307.327,-145.431,stay,stay,2,1
1775924143883,2940,119735.60000002384,pvp,player_1,player_2,314.939,440.889,604.673,324.757,-307.327,-145.431,stay,stay,2,1
1775924143883,2941,119752.39999997616,pvp,player_1,player_2,314.939,440.889,599.551,322.333,-307.327,-145.431,stay,stay,2,1
1775924143883,2942,119768.70000004768,pvp,player_1,player_2,314.939,440.889,594.429,319.909,-307.327,-145.431,stay,stay,2,1
1775924143883,2943,119785.30000007153,pvp,player_1,player_2,314.939,440.889,589.307,317.485,-307.327,-145.431,stay,stay,2,1
1775924143883,2944,119802,pvp,player_1,player_2,314.939,440.889,584.185,315.062,-307.327,-145.431,stay,stay,2,1
1775924143883,2945,119818.60000002384,pvp,player_1,player_2,314.939,440.889,579.063,312.638,-307.327,-145.431,stay,stay,2,1
1775924143883,2946,119835.5,pvp,player_1,player_2,314.939,440.889,573.94,310.214,-307.327,-145.431,stay,stay,2,1
1775924143883,2947,119851.89999997616,pvp,player_1,player_2,314.939,440.889,568.818,307.79,-307.327,-145.431,stay,stay,2,1
1775924143883,2948,119868.5,pvp,player_1,player_2,314.939,440.889,563.696,305.366,-307.327,-145.431,stay,stay,2,1
1775924143883,2949,119885,pvp,player_1,player_2,314.939,440.889,558.574,302.942,-307.327,-145.431,stay,stay,2,1
1775924143883,2950,119902.10000002384,pvp,player_1,player_2,314.939,440.889,553.452,300.518,-307.327,-145.431,stay,stay,2,1
1775924143883,2951,119918.60000002384,pvp,player_1,player_2,314.939,440.889,548.33,298.095,-307.327,-145.431,stay,stay,2,1
1775924143883,2952,119935.20000004768,pvp,player_1,player_2,314.939,440.889,543.208,295.671,-307.327,-145.431,stay,stay,2,1
1775924143883,2953,119951.70000004768,pvp,player_1,player_2,314.939,440.889,538.086,293.247,-307.327,-145.431,stay,stay,2,1
1775924143883,2954,119968.80000007153,pvp,player_1,player_2,314.939,440.889,532.964,290.823,-307.327,-145.431,stay,stay,2,1
1775924143883,2955,119985.30000007153,pvp,player_1,player_2,314.939,440.889,527.841,288.399,-307.327,-145.431,stay,stay,2,1
1775924143883,2956,120001.89999997616,pvp,player_1,player_2,314.939,440.889,522.719,285.975,-307.327,-145.431,stay,stay,2,1
1775924143883,2957,120018.70000004768,pvp,player_1,player_2,314.939,440.889,517.597,283.551,-307.327,-145.431,stay,stay,2,1
1775924143883,2958,120035.20000004768,pvp,player_1,player_2,314.939,440.889,512.475,281.128,-307.327,-145.431,stay,stay,2,1
1775924143883,2959,120051.70000004768,pvp,player_1,player_2,314.939,440.889,507.353,278.704,-307.327,-145.431,stay,stay,2,1
1775924143883,2960,120068.70000004768,pvp,player_1,player_2,314.939,440.889,502.231,276.28,-307.327,-145.431,stay,stay,2,1
1775924143883,2961,120085.20000004768,pvp,player_1,player_2,314.939,440.889,497.109,273.856,-307.327,-145.431,stay,stay,2,1
1775924143883,2962,120101.89999997616,pvp,player_1,player_2,314.939,440.889,491.987,271.432,-307.327,-145.431,stay,stay,2,1
1775924143883,2963,120118.60000002384,pvp,player_1,player_2,314.939,440.889,486.865,269.008,-307.327,-145.431,stay,stay,2,1
1775924143883,2964,120135.10000002384,pvp,player_1,player_2,314.939,440.889,481.742,266.584,-307.327,-145.431,stay,stay,2,1
1775924143883,2965,120152,pvp,player_1,player_2,314.939,440.889,476.62,264.161,-307.327,-145.431,stay,stay,2,1
1775924143883,2966,120168.60000002384,pvp,player_1,player_2,314.939,440.889,471.498,261.737,-307.327,-145.431,stay,stay,2,1
1775924143883,2967,120184.89999997616,pvp,player_1,player_2,314.939,440.889,466.376,259.313,-307.327,-145.431,stay,stay,2,1
1775924143883,2968,120202.30000007153,pvp,player_1,player_2,314.939,440.889,461.254,256.889,-307.327,-145.431,stay,stay,2,1
1775924143883,2969,120218.60000002384,pvp,player_1,player_2,314.939,440.889,456.132,254.465,-307.327,-145.431,stay,stay,2,1
1775924143883,2970,120235.30000007153,pvp,player_1,player_2,314.939,440.889,451.01,252.041,-307.327,-145.431,stay,stay,2,1
1775924143883,2971,120251.80000007153,pvp,player_1,player_2,314.939,440.889,445.888,249.618,-307.327,-145.431,stay,stay,2,1
1775924143883,2972,120269.5,pvp,player_1,player_2,314.939,440.889,440.765,247.194,-307.327,-145.431,stay,stay,2,1
1775924143883,2973,120285.60000002384,pvp,player_1,player_2,314.683,440.889,435.643,244.77,-307.327,-145.431,up,stay,2,1
1775924143883,2974,120302.39999997616,pvp,player_1,player_2,314.172,440.889,430.521,242.346,-307.327,-145.431,up,stay,2,1
1775924143883,2975,120319,pvp,player_1,player_2,313.406,440.889,425.399,239.922,-307.327,-145.431,up,stay,2,1
1775924143883,2976,120335.89999997616,pvp,player_1,player_2,312.383,440.889,420.277,237.498,-307.327,-145.431,up,stay,2,1
1775924143883,2977,120352.30000007153,pvp,player_1,player_2,311.106,440.889,415.155,235.074,-307.327,-145.431,up,stay,2,1
1775924143883,2978,120369.5,pvp,player_1,player_2,309.572,440.889,410.033,232.651,-307.327,-145.431,up,stay,2,1
1775924143883,2979,120386,pvp,player_1,player_2,307.783,440.889,404.911,230.227,-307.327,-145.431,up,stay,2,1
1775924143883,2980,120402.60000002384,pvp,player_1,player_2,305.739,440.889,399.789,227.803,-307.327,-145.431,up,stay,2,1
1775924143883,2981,120419.30000007153,pvp,player_1,player_2,303.439,440.889,394.666,225.379,-307.327,-145.431,up,stay,2,1
1775924143883,2982,120436.10000002384,pvp,player_1,player_2,300.883,440.889,389.544,222.955,-307.327,-145.431,up,stay,2,1
1775924143883,2983,120453.10000002384,pvp,player_1,player_2,298.072,440.889,384.422,220.531,-307.327,-145.431,up,stay,2,1
1775924143883,2984,120469.30000007153,pvp,player_1,player_2,295.006,440.889,379.3,218.107,-307.327,-145.431,up,stay,2,1
1775924143883,2985,120485.80000007153,pvp,player_1,player_2,291.683,440.889,374.178,215.684,-307.327,-145.431,up,stay,2,1
1775924143883,2986,120502.20000004768,pvp,player_1,player_2,288.106,440.889,369.056,213.26,-307.327,-145.431,up,stay,2,1
1775924143883,2987,120519.20000004768,pvp,player_1,player_2,284.272,440.889,363.934,210.836,-307.327,-145.431,up,stay,2,1
1775924143883,2988,120536,pvp,player_1,player_2,280.183,440.889,358.812,208.412,-307.327,-145.431,up,stay,2,1
1775924143883,2989,120552.80000007153,pvp,player_1,player_2,275.839,440.889,353.69,205.988,-307.327,-145.431,up,stay,2,1
1775924143883,2990,120569.20000004768,pvp,player_1,player_2,271.239,440.889,348.567,203.564,-307.327,-145.431,up,stay,2,1
1775924143883,2991,120586,pvp,player_1,player_2,266.383,440.889,343.445,201.141,-307.327,-145.431,up,stay,2,1
1775924143883,2992,120602.39999997616,pvp,player_1,player_2,261.272,440.889,338.323,198.717,-307.327,-145.431,up,stay,2,1
1775924143883,2993,120619.60000002384,pvp,player_1,player_2,255.906,440.889,333.201,196.293,-307.327,-145.431,up,stay,2,1
1775924143883,2994,120636.10000002384,pvp,player_1,player_2,250.283,440.889,328.079,193.869,-307.327,-145.431,up,stay,2,1
1775924143883,2995,120652.5,pvp,player_1,player_2,244.406,440.889,322.957,191.445,-307.327,-145.431,up,stay,2,1
1775924143883,2996,120668.60000002384,pvp,player_1,player_2,238.272,440.889,317.835,189.021,-307.327,-145.431,up,stay,2,1
1775924143883,2997,120685.39999997616,pvp,player_1,player_2,231.883,440.889,312.713,186.597,-307.327,-145.431,up,stay,2,1
1775924143883,2998,120702.70000004768,pvp,player_1,player_2,225.239,440.889,307.59,184.174,-307.327,-145.431,up,stay,2,1
1775924143883,2999,120719.5,pvp,player_1,player_2,218.339,440.889,302.468,181.75,-307.327,-145.431,up,stay,2,1
1775924143883,3000,120735.30000007153,pvp,player_1,player_2,211.183,440.889,297.346,179.326,-307.327,-145.431,up,stay,2,1
1775924143883,3001,120752.30000007153,pvp,player_1,player_2,203.772,440.889,292.224,176.902,-307.327,-145.431,up,stay,2,1
1775924143883,3002,120768.89999997616,pvp,player_1,player_2,196.106,440.889,287.102,174.478,-307.327,-145.431,up,stay,2,1
1775924143883,3003,120785.60000002384,pvp,player_1,player_2,188.439,440.889,281.98,172.054,-307.327,-145.431,up,stay,2,1
1775924143883,3004,120802.5,pvp,player_1,player_2,180.772,440.889,276.858,169.63,-307.327,-145.431,up,stay,2,1
1775924143883,3005,120819.30000007153,pvp,player_1,player_2,173.106,440.889,271.736,167.207,-307.327,-145.431,up,stay,2,1
1775924143883,3006,120835.70000004768,pvp,player_1,player_2,165.439,440.889,266.614,164.783,-307.327,-145.431,up,stay,2,1
1775924143883,3007,120852.70000004768,pvp,player_1,player_2,157.772,440.889,261.491,162.359,-307.327,-145.431,up,stay,2,1
1775924143883,3008,120869.10000002384,pvp,player_1,player_2,150.106,440.889,256.369,159.935,-307.327,-145.431,up,stay,2,1
1775924143883,3009,120886.20000004768,pvp,player_1,player_2,142.439,440.889,251.247,157.511,-307.327,-145.431,up,stay,2,1
1775924143883,3010,120902.70000004768,pvp,player_1,player_2,134.772,440.889,246.125,155.087,-307.327,-145.431,up,stay,2,1
1775924143883,3011,120919.30000007153,pvp,player_1,player_2,127.106,440.889,241.003,152.663,-307.327,-145.431,up,stay,2,1
1775924143883,3012,120935.80000007153,pvp,player_1,player_2,119.439,440.889,235.881,150.24,-307.327,-145.431,up,stay,2,1
1775924143883,3013,120952.70000004768,pvp,player_1,player_2,111.772,440.889,230.759,147.816,-307.327,-145.431,up,stay,2,1
1775924143883,3014,120968.80000007153,pvp,player_1,player_2,104.106,440.889,225.637,145.392,-307.327,-145.431,up,stay,2,1
1775924143883,3015,120985.39999997616,pvp,player_1,player_2,96.439,440.889,220.515,142.968,-307.327,-145.431,up,stay,2,1
1775924143883,3016,121002.20000004768,pvp,player_1,player_2,88.772,440.889,215.392,140.544,-307.327,-145.431,up,stay,2,1
1775924143883,3017,121018.80000007153,pvp,player_1,player_2,81.106,440.889,210.27,138.12,-307.327,-145.431,up,stay,2,1
1775924143883,3018,121036.20000004768,pvp,player_1,player_2,73.439,440.889,205.148,135.697,-307.327,-145.431,up,stay,2,1
1775924143883,3019,121052.30000007153,pvp,player_1,player_2,65.772,440.889,200.026,133.273,-307.327,-145.431,up,stay,2,1
1775924143883,3020,121069.30000007153,pvp,player_1,player_2,58.106,440.889,194.904,130.849,-307.327,-145.431,up,stay,2,1
1775924143883,3021,121085.60000002384,pvp,player_1,player_2,50.439,440.889,189.782,128.425,-307.327,-145.431,up,stay,2,1
1775924143883,3022,121102.60000002384,pvp,player_1,player_2,42.772,440.889,184.66,126.001,-307.327,-145.431,up,stay,2,1
1775924143883,3023,121118.89999997616,pvp,player_1,player_2,35.3,440.889,179.538,123.577,-307.327,-145.431,stay,stay,2,1
1775924143883,3024,121136.20000004768,pvp,player_1,player_2,28.022,440.889,174.416,121.153,-307.327,-145.431,stay,stay,2,1
1775924143883,3025,121152.89999997616,pvp,player_1,player_2,20.939,440.889,169.293,118.73,-307.327,-145.431,stay,stay,2,1
1775924143883,3026,121169.39999997616,pvp,player_1,player_2,14.05,440.889,164.171,116.306,-307.327,-145.431,stay,stay,2,1
1775924143883,3027,121185.89999997616,pvp,player_1,player_2,7.356,440.889,159.049,113.882,-307.327,-145.431,stay,stay,2,1
1775924143883,3028,121203.20000004768,pvp,player_1,player_2,0.856,440.889,153.927,111.458,-307.327,-145.431,stay,stay,2,1
1775924143883,3029,121219.60000002384,pvp,player_1,player_2,0,440.889,148.805,109.034,-307.327,-145.431,stay,stay,2,1
1775924143883,3030,121235.5,pvp,player_1,player_2,0,440.889,143.683,106.61,-307.327,-145.431,stay,stay,2,1
1775924143883,3031,121252.30000007153,pvp,player_1,player_2,0,440.889,138.561,104.186,-307.327,-145.431,stay,stay,2,1
1775924143883,3032,121269.20000004768,pvp,player_1,player_2,0,440.889,133.439,101.763,-307.327,-145.431,stay,stay,2,1
1775924143883,3033,121285.80000007153,pvp,player_1,player_2,0,440.889,128.316,99.339,-307.327,-145.431,stay,stay,2,1
1775924143883,3034,121302.80000007153,pvp,player_1,player_2,0,440.889,123.194,96.915,-307.327,-145.431,stay,stay,2,1
1775924143883,3035,121319.30000007153,pvp,player_1,player_2,0,440.889,118.072,94.491,-307.327,-145.431,stay,stay,2,1
1775924143883,3036,121336.10000002384,pvp,player_1,player_2,0,440.889,112.95,92.067,-307.327,-145.431,stay,stay,2,1
1775924143883,3037,121352.20000004768,pvp,player_1,player_2,0,440.889,107.828,89.643,-307.327,-145.431,down,stay,2,1
1775924143883,3038,121368.89999997616,pvp,player_1,player_2,0,440.889,102.706,87.219,-307.327,-145.431,down,stay,2,1
1775924143883,3039,121385.89999997616,pvp,player_1,player_2,0,440.889,97.584,84.796,-307.327,-145.431,down,stay,2,1
1775924143883,3040,121403,pvp,player_1,player_2,0,440.889,92.462,82.372,-307.327,-145.431,down,stay,2,1
1775924143883,3041,121419.20000004768,pvp,player_1,player_2,0,440.889,87.34,79.948,-307.327,-145.431,down,stay,2,1
1775924143883,3042,121436,pvp,player_1,player_2,0,440.889,82.217,77.524,-307.327,-145.431,down,stay,2,1
1775924143883,3043,121452.70000004768,pvp,player_1,player_2,0,440.889,77.095,75.1,-307.327,-145.431,down,stay,2,1
1775924143883,3044,121468.80000007153,pvp,player_1,player_2,0,440.889,71.973,72.676,-307.327,-145.431,down,stay,2,1
1775924143883,3045,121485.30000007153,pvp,player_1,player_2,0,440.889,66.851,70.253,-307.327,-145.431,down,stay,2,1
1775924143883,3046,121502.80000007153,pvp,player_1,player_2,0,440.889,61.729,67.829,-307.327,-145.431,down,stay,2,1
1775924143883,3047,121519.10000002384,pvp,player_1,player_2,0,440.889,56.607,65.405,-307.327,-145.431,down,stay,2,1
1775924143883,3048,121536,pvp,player_1,player_2,0,440.889,51.485,62.981,-307.327,-145.431,down,stay,2,1
1775924143883,3049,121552.80000007153,pvp,player_1,player_2,0,440.889,48,60.557,344.262,105.281,down,stay,2,1
1775924143883,3050,121569.30000007153,pvp,player_1,player_2,0.111,440.889,53.738,62.312,344.262,105.281,down,stay,2,1
1775924143883,3051,121586,pvp,player_1,player_2,0.478,440.889,59.475,64.066,344.262,105.281,down,stay,2,1
1775924143883,3052,121602.60000002384,pvp,player_1,player_2,1.1,440.889,65.213,65.821,344.262,105.281,down,stay,2,1
1775924143883,3053,121619.30000007153,pvp,player_1,player_2,1.978,440.889,70.951,67.576,344.262,105.281,down,stay,2,1
1775924143883,3054,121636,pvp,player_1,player_2,3.111,440.889,76.688,69.331,344.262,105.281,down,stay,2,1
1775924143883,3055,121653,pvp,player_1,player_2,4.5,440.889,82.426,71.085,344.262,105.281,down,stay,2,1
1775924143883,3056,121669.30000007153,pvp,player_1,player_2,6.144,440.889,88.164,72.84,344.262,105.281,down,stay,2,1
1775924143883,3057,121685.5,pvp,player_1,player_2,8.044,440.889,93.902,74.595,344.262,105.281,down,stay,2,1
1775924143883,3058,121702.20000004768,pvp,player_1,player_2,10.2,440.889,99.639,76.349,344.262,105.281,down,stay,2,1
1775924143883,3059,121719.30000007153,pvp,player_1,player_2,12.611,440.889,105.377,78.104,344.262,105.281,down,stay,2,1
1775924143883,3060,121736.10000002384,pvp,player_1,player_2,15.278,440.889,111.115,79.859,344.262,105.281,down,stay,2,1
1775924143883,3061,121752.60000002384,pvp,player_1,player_2,18.2,440.889,116.852,81.613,344.262,105.281,down,stay,2,1
1775924143883,3062,121769,pvp,player_1,player_2,21.378,440.889,122.59,83.368,344.262,105.281,down,stay,2,1
1775924143883,3063,121785.30000007153,pvp,player_1,player_2,24.811,440.889,128.328,85.123,344.262,105.281,down,stay,2,1
1775924143883,3064,121802.70000004768,pvp,player_1,player_2,28.5,440.889,134.065,86.877,344.262,105.281,down,stay,2,1
1775924143883,3065,121819.5,pvp,player_1,player_2,32.444,440.889,139.803,88.632,344.262,105.281,down,stay,2,1
1775924143883,3066,121836,pvp,player_1,player_2,36.644,440.889,145.541,90.387,344.262,105.281,down,stay,2,1
1775924143883,3067,121852.80000007153,pvp,player_1,player_2,41.1,440.889,151.278,92.141,344.262,105.281,down,stay,2,1
1775924143883,3068,121869.10000002384,pvp,player_1,player_2,45.811,440.889,157.016,93.896,344.262,105.281,down,stay,2,1
1775924143883,3069,121885.80000007153,pvp,player_1,player_2,50.778,440.889,162.754,95.651,344.262,105.281,down,stay,2,1
1775924143883,3070,121902.5,pvp,player_1,player_2,56,440.889,168.492,97.405,344.262,105.281,down,stay,2,1
1775924143883,3071,121919.10000002384,pvp,player_1,player_2,61.478,440.889,174.229,99.16,344.262,105.281,down,stay,2,1
1775924143883,3072,121935.70000004768,pvp,player_1,player_2,67.211,440.889,179.967,100.915,344.262,105.281,down,stay,2,1
1775924143883,3073,121952.20000004768,pvp,player_1,player_2,73.2,440.889,185.705,102.669,344.262,105.281,down,stay,2,1
1775924143883,3074,121969.20000004768,pvp,player_1,player_2,79.444,440.889,191.442,104.424,344.262,105.281,down,stay,2,1
1775924143883,3075,121985.30000007153,pvp,player_1,player_2,85.944,440.889,197.18,106.179,344.262,105.281,down,stay,2,1
1775924143883,3076,122002.30000007153,pvp,player_1,player_2,92.7,440.889,202.918,107.933,344.262,105.281,down,stay,2,1
1775924143883,3077,122018.80000007153,pvp,player_1,player_2,99.711,440.889,208.655,109.688,344.262,105.281,down,stay,2,1
1775924143883,3078,122035.89999997616,pvp,player_1,player_2,106.978,440.889,214.393,111.443,344.262,105.281,down,stay,2,1
1775924143883,3079,122052.39999997616,pvp,player_1,player_2,114.5,440.889,220.131,113.197,344.262,105.281,down,stay,2,1
1775924143883,3080,122069.20000004768,pvp,player_1,player_2,122.167,440.889,225.868,114.952,344.262,105.281,down,stay,2,1
1775924143883,3081,122086,pvp,player_1,player_2,129.833,440.889,231.606,116.707,344.262,105.281,down,stay,2,1
1775924143883,3082,122102.5,pvp,player_1,player_2,137.5,440.889,237.344,118.461,344.262,105.281,down,stay,2,1
1775924143883,3083,122119.39999997616,pvp,player_1,player_2,145.167,440.889,243.082,120.216,344.262,105.281,down,stay,2,1
1775924143883,3084,122136,pvp,player_1,player_2,152.833,440.889,248.819,121.971,344.262,105.281,down,stay,2,1
1775924143883,3085,122152.80000007153,pvp,player_1,player_2,160.306,440.889,254.557,123.725,344.262,105.281,stay,stay,2,1
1775924143883,3086,122169.10000002384,pvp,player_1,player_2,167.583,440.889,260.295,125.48,344.262,105.281,stay,stay,2,1
1775924143883,3087,122185.89999997616,pvp,player_1,player_2,174.667,440.889,266.032,127.235,344.262,105.281,stay,stay,2,1
1775924143883,3088,122202.20000004768,pvp,player_1,player_2,181.556,440.889,271.77,128.989,344.262,105.281,stay,stay,2,1
1775924143883,3089,122219.30000007153,pvp,player_1,player_2,188.25,440.889,277.508,130.744,344.262,105.281,stay,stay,2,1
1775924143883,3090,122236.10000002384,pvp,player_1,player_2,194.75,440.889,283.245,132.499,344.262,105.281,stay,stay,2,1
1775924143883,3091,122252.70000004768,pvp,player_1,player_2,201.056,440.889,288.983,134.254,344.262,105.281,stay,stay,2,1
1775924143883,3092,122269.30000007153,pvp,player_1,player_2,207.167,440.889,294.721,136.008,344.262,105.281,stay,stay,2,1
1775924143883,3093,122286,pvp,player_1,player_2,213.083,440.889,300.458,137.763,344.262,105.281,stay,stay,2,1
1775924143883,3094,122302.80000007153,pvp,player_1,player_2,218.806,440.889,306.196,139.518,344.262,105.281,stay,stay,2,1
1775924143883,3095,122319.39999997616,pvp,player_1,player_2,224.333,440.889,311.934,141.272,344.262,105.281,stay,stay,2,1
1775924143883,3096,122336.10000002384,pvp,player_1,player_2,229.667,440.889,317.672,143.027,344.262,105.281,stay,stay,2,1
1775924143883,3097,122352.89999997616,pvp,player_1,player_2,234.806,440.889,323.409,144.782,344.262,105.281,stay,stay,2,1
1775924143883,3098,122369.30000007153,pvp,player_1,player_2,239.75,440.889,329.147,146.536,344.262,105.281,stay,stay,2,1
1775924143883,3099,122386.10000002384,pvp,player_1,player_2,244.5,440.889,334.885,148.291,344.262,105.281,stay,stay,2,1
1775924143883,3100,122402.80000007153,pvp,player_1,player_2,249.056,440.889,340.622,150.046,344.262,105.281,stay,stay,2,1
1775924143883,3101,122419.20000004768,pvp,player_1,player_2,253.417,440.889,346.36,151.8,344.262,105.281,stay,stay,2,1
1775924143883,3102,122435.70000004768,pvp,player_1,player_2,257.583,440.889,352.098,153.555,344.262,105.281,stay,stay,2,1
1775924143883,3103,122452.10000002384,pvp,player_1,player_2,261.556,440.889,357.835,155.31,344.262,105.281,stay,stay,2,1
1775924143883,3104,122469.10000002384,pvp,player_1,player_2,265.333,440.889,363.573,157.064,344.262,105.281,stay,stay,2,1
1775924143883,3105,122485.89999997616,pvp,player_1,player_2,268.917,440.889,369.311,158.819,344.262,105.281,stay,stay,2,1
1775924143883,3106,122502,pvp,player_1,player_2,272.306,440.633,375.048,160.574,344.262,105.281,stay,up,2,1
1775924143883,3107,122519.5,pvp,player_1,player_2,275.5,440.122,380.786,162.328,344.262,105.281,stay,up,2,1
1775924143883,3108,122536.20000004768,pvp,player_1,player_2,278.5,439.356,386.524,164.083,344.262,105.281,stay,up,2,1
1775924143883,3109,122552.89999997616,pvp,player_1,player_2,281.306,438.333,392.262,165.838,344.262,105.281,stay,up,2,1
1775924143883,3110,122569.5,pvp,player_1,player_2,283.917,437.056,397.999,167.592,344.262,105.281,stay,up,2,1
1775924143883,3111,122585.30000007153,pvp,player_1,player_2,286.333,435.522,403.737,169.347,344.262,105.281,stay,up,2,1
1775924143883,3112,122601.89999997616,pvp,player_1,player_2,288.556,433.733,409.475,171.102,344.262,105.281,stay,up,2,1
1775924143883,3113,122618.5,pvp,player_1,player_2,290.583,431.689,415.212,172.856,344.262,105.281,stay,up,2,1
1775924143883,3114,122635.39999997616,pvp,player_1,player_2,292.417,429.389,420.95,174.611,344.262,105.281,stay,up,2,1
1775924143883,3115,122651.89999997616,pvp,player_1,player_2,294.056,426.833,426.688,176.366,344.262,105.281,stay,up,2,1
1775924143883,3116,122669.30000007153,pvp,player_1,player_2,295.5,424.022,432.425,178.12,344.262,105.281,stay,up,2,1
1775924143883,3117,122685.60000002384,pvp,player_1,player_2,296.75,420.956,438.163,179.875,344.262,105.281,stay,up,2,1
1775924143883,3118,122702.20000004768,pvp,player_1,player_2,297.806,417.633,443.901,181.63,344.262,105.281,stay,up,2,1
1775924143883,3119,122719.39999997616,pvp,player_1,player_2,298.667,414.056,449.638,183.384,344.262,105.281,stay,up,2,1
1775924143883,3120,122736,pvp,player_1,player_2,299.333,410.222,455.376,185.139,344.262,105.281,stay,up,2,1
1775924143883,3121,122752.70000004768,pvp,player_1,player_2,299.806,406.133,461.114,186.894,344.262,105.281,stay,up,2,1
1775924143883,3122,122768.80000007153,pvp,player_1,player_2,300.083,401.789,466.852,188.648,344.262,105.281,stay,up,2,1
1775924143883,3123,122786,pvp,player_1,player_2,300.083,397.189,472.589,190.403,344.262,105.281,stay,up,2,1
1775924143883,3124,122802.60000002384,pvp,player_1,player_2,300.083,392.333,478.327,192.158,344.262,105.281,stay,up,2,1
1775924143883,3125,122819.20000004768,pvp,player_1,player_2,300.083,387.222,484.065,193.912,344.262,105.281,stay,up,2,1
1775924143883,3126,122836,pvp,player_1,player_2,300.083,381.856,489.802,195.667,344.262,105.281,stay,up,2,1
1775924143883,3127,122852.89999997616,pvp,player_1,player_2,300.083,376.233,495.54,197.422,344.262,105.281,stay,up,2,1
1775924143883,3128,122869.10000002384,pvp,player_1,player_2,300.083,370.356,501.278,199.177,344.262,105.281,stay,up,2,1
1775924143883,3129,122885.20000004768,pvp,player_1,player_2,300.083,364.222,507.015,200.931,344.262,105.281,stay,up,2,1
1775924143883,3130,122901.89999997616,pvp,player_1,player_2,300.083,357.833,512.753,202.686,344.262,105.281,stay,up,2,1
1775924143883,3131,122918.60000002384,pvp,player_1,player_2,300.083,351.189,518.491,204.441,344.262,105.281,stay,up,2,1
1775924143883,3132,122935.60000002384,pvp,player_1,player_2,300.083,344.289,524.228,206.195,344.262,105.281,stay,up,2,1
1775924143883,3133,122952.5,pvp,player_1,player_2,300.083,337.133,529.966,207.95,344.262,105.281,stay,up,2,1
1775924143883,3134,122969.10000002384,pvp,player_1,player_2,300.083,329.722,535.704,209.705,344.262,105.281,stay,up,2,1
1775924143883,3135,122985.89999997616,pvp,player_1,player_2,300.083,322.056,541.442,211.459,344.262,105.281,stay,up,2,1
1775924143883,3136,123002.60000002384,pvp,player_1,player_2,300.083,314.389,547.179,213.214,344.262,105.281,stay,up,2,1
1775924143883,3137,123019.20000004768,pvp,player_1,player_2,300.083,306.917,552.917,214.969,344.262,105.281,stay,stay,2,1
1775924143883,3138,123035.89999997616,pvp,player_1,player_2,300.083,299.639,558.655,216.723,344.262,105.281,stay,stay,2,1
1775924143883,3139,123052.60000002384,pvp,player_1,player_2,300.083,292.556,564.392,218.478,344.262,105.281,stay,stay,2,1
1775924143883,3140,123069.39999997616,pvp,player_1,player_2,300.083,285.667,570.13,220.233,344.262,105.281,stay,stay,2,1
1775924143883,3141,123086.10000002384,pvp,player_1,player_2,300.083,278.972,575.868,221.987,344.262,105.281,stay,stay,2,1
1775924143883,3142,123102.89999997616,pvp,player_1,player_2,300.083,272.472,581.605,223.742,344.262,105.281,stay,stay,2,1
1775924143883,3143,123119.60000002384,pvp,player_1,player_2,300.083,266.167,587.343,225.497,344.262,105.281,stay,stay,2,1
1775924143883,3144,123135.39999997616,pvp,player_1,player_2,300.083,260.056,593.081,227.251,344.262,105.281,stay,stay,2,1
1775924143883,3145,123152.30000007153,pvp,player_1,player_2,300.083,254.139,598.818,229.006,344.262,105.281,stay,stay,2,1
1775924143883,3146,123169.20000004768,pvp,player_1,player_2,300.083,248.417,604.556,230.761,344.262,105.281,stay,stay,2,1
1775924143883,3147,123185.89999997616,pvp,player_1,player_2,300.083,242.889,610.294,232.515,344.262,105.281,stay,stay,2,1
1775924143883,3148,123202.80000007153,pvp,player_1,player_2,300.083,237.556,616.032,234.27,344.262,105.281,stay,stay,2,1
1775924143883,3149,123219.60000002384,pvp,player_1,player_2,300.083,232.417,621.769,236.025,344.262,105.281,stay,stay,2,1
1775924143883,3150,123235.89999997616,pvp,player_1,player_2,300.083,227.472,627.507,237.779,344.262,105.281,stay,stay,2,1
1775924143883,3151,123252.70000004768,pvp,player_1,player_2,300.083,222.722,633.245,239.534,344.262,105.281,stay,stay,2,1
1775924143883,3152,123269.39999997616,pvp,player_1,player_2,300.083,218.167,638.982,241.289,344.262,105.281,stay,stay,2,1
1775924143883,3153,123286.20000004768,pvp,player_1,player_2,300.083,213.806,644.72,243.043,344.262,105.281,stay,stay,2,1
1775924143883,3154,123302.60000002384,pvp,player_1,player_2,300.083,209.639,650.458,244.798,344.262,105.281,stay,stay,2,1
1775924143883,3155,123319.39999997616,pvp,player_1,player_2,300.083,205.667,656.195,246.553,344.262,105.281,stay,stay,2,1
1775924143883,3156,123336,pvp,player_1,player_2,300.083,201.889,661.933,248.307,344.262,105.281,stay,stay,2,1
1775924143883,3157,123352.39999997616,pvp,player_1,player_2,300.083,198.306,667.671,250.062,344.262,105.281,stay,stay,2,1
1775924143883,3158,123368.80000007153,pvp,player_1,player_2,300.083,194.917,673.408,251.817,344.262,105.281,stay,stay,2,1
1775924143883,3159,123385.39999997616,pvp,player_1,player_2,300.083,191.722,679.146,253.571,344.262,105.281,stay,stay,2,1
1775924143883,3160,123402.70000004768,pvp,player_1,player_2,300.083,188.722,684.884,255.326,344.262,105.281,stay,stay,2,1
1775924143883,3161,123419.20000004768,pvp,player_1,player_2,300.083,185.917,690.622,257.081,344.262,105.281,stay,stay,2,1
1775924143883,3162,123436,pvp,player_1,player_2,300.083,183.306,696.359,258.835,344.262,105.281,stay,stay,2,1
1775924143883,3163,123452.60000002384,pvp,player_1,player_2,300.083,180.889,702.097,260.59,344.262,105.281,stay,stay,2,1
1775924143883,3164,123469.70000004768,pvp,player_1,player_2,300.083,178.667,707.835,262.345,344.262,105.281,stay,stay,2,1
1775924143883,3165,123486.39999997616,pvp,player_1,player_2,300.083,176.639,713.572,264.1,344.262,105.281,stay,stay,2,1
1775924143883,3166,123502.20000004768,pvp,player_1,player_2,300.083,174.806,719.31,265.854,344.262,105.281,stay,stay,2,1
1775924143883,3167,123519.60000002384,pvp,player_1,player_2,300.083,173.333,725.048,267.609,344.262,105.281,stay,down,2,1
1775924143883,3168,123536.10000002384,pvp,player_1,player_2,300.083,172.222,730.785,269.364,344.262,105.281,stay,down,2,1
1775924143883,3169,123552.60000002384,pvp,player_1,player_2,300.083,171.472,736.523,271.118,344.262,105.281,stay,down,2,1
1775924143883,3170,123569.30000007153,pvp,player_1,player_2,300.083,171.083,742.261,272.873,344.262,105.281,stay,down,2,1
1775924143883,3171,123585.80000007153,pvp,player_1,player_2,300.083,171.056,747.998,274.628,344.262,105.281,stay,down,2,1
1775924143883,3172,123602.89999997616,pvp,player_1,player_2,300.083,171.389,753.736,276.382,344.262,105.281,stay,down,2,1
1775924143883,3173,123619.5,pvp,player_1,player_2,300.083,171.978,759.474,278.137,344.262,105.281,stay,down,2,1
1775924143883,3174,123635.39999997616,pvp,player_1,player_2,300.083,172.822,765.212,279.892,344.262,105.281,stay,down,2,1
1775924143883,3175,123652.39999997616,pvp,player_1,player_2,300.083,173.922,770.949,281.646,344.262,105.281,stay,down,2,1
1775924143883,3176,123669.39999997616,pvp,player_1,player_2,300.083,175.278,776.687,283.401,344.262,105.281,stay,down,2,1
1775924143883,3177,123685.70000004768,pvp,player_1,player_2,300.083,176.889,782.425,285.156,344.262,105.281,stay,down,2,1
1775924143883,3178,123702.5,pvp,player_1,player_2,300.083,178.756,788.162,286.91,344.262,105.281,stay,down,2,1
1775924143883,3179,123718.60000002384,pvp,player_1,player_2,300.083,180.878,793.9,288.665,344.262,105.281,stay,down,2,1
1775924143883,3180,123735.30000007153,pvp,player_1,player_2,300.083,183.256,799.638,290.42,344.262,105.281,stay,down,2,1
1775924143883,3181,123752,pvp,player_1,player_2,300.083,185.889,805.375,292.174,344.262,105.281,stay,down,2,1
1775924143883,3182,123768.39999997616,pvp,player_1,player_2,300.083,188.778,811.113,293.929,344.262,105.281,stay,down,2,1
1775924143883,3183,123786.10000002384,pvp,player_1,player_2,300.083,191.922,816.851,295.684,344.262,105.281,stay,down,2,1
1775924143883,3184,123802.39999997616,pvp,player_1,player_2,300.083,195.322,822.588,297.438,344.262,105.281,stay,down,2,1
1775924143883,3185,123819,pvp,player_1,player_2,300.083,198.978,828.326,299.193,344.262,105.281,stay,down,2,1
1775924143883,3186,123836.10000002384,pvp,player_1,player_2,300.083,202.889,834.064,300.948,344.262,105.281,stay,down,2,1
1775924143883,3187,123852.80000007153,pvp,player_1,player_2,300.083,207.056,839.802,302.702,344.262,105.281,stay,down,2,1
1775924143883,3188,123869,pvp,player_1,player_2,300.083,211.478,845.539,304.457,344.262,105.281,stay,down,2,1
1775924143883,3189,123885.70000004768,pvp,player_1,player_2,300.083,216.156,851.277,306.212,344.262,105.281,stay,down,2,1
1775924143883,3190,123902.60000002384,pvp,player_1,player_2,300.083,221.089,857.015,307.966,344.262,105.281,stay,down,2,1
1775924143883,3191,123919.30000007153,pvp,player_1,player_2,300.083,226.278,862.752,309.721,344.262,105.281,stay,down,2,1
1775924143883,3192,123935.60000002384,pvp,player_1,player_2,300.083,231.722,868.49,311.476,344.262,105.281,stay,down,2,1
1775924143883,3193,123952.70000004768,pvp,player_1,player_2,300.083,237.422,874.228,313.23,344.262,105.281,stay,down,2,1
1775924143883,3194,123969.30000007153,pvp,player_1,player_2,300.083,243.378,879.965,314.985,344.262,105.281,stay,down,2,1
1775924143883,3195,123986.10000002384,pvp,player_1,player_2,300.083,249.589,885.703,316.74,344.262,105.281,stay,down,2,1
1775924143883,3196,124002.60000002384,pvp,player_1,player_2,300.083,256.056,891.441,318.494,344.262,105.281,stay,down,2,1
1775924143883,3197,124019.30000007153,pvp,player_1,player_2,300.083,262.778,897.178,320.249,344.262,105.281,stay,down,2,1
1775924143883,3198,124035.89999997616,pvp,player_1,player_2,300.083,269.756,902.916,322.004,344.262,105.281,stay,down,2,1
1775924143883,3199,124052.80000007153,pvp,player_1,player_2,300.083,276.989,908.654,323.758,344.262,105.281,stay,down,2,1
1775924143883,3200,124069.60000002384,pvp,player_1,player_2,300.083,284.478,912,325.513,-374.864,-62.268,stay,down,2,1
1775924143883,3201,124085.60000002384,pvp,player_1,player_2,300.083,292.144,905.752,324.475,-374.864,-62.268,stay,down,2,1
1775924143883,3202,124102.39999997616,pvp,player_1,player_2,300.083,299.811,899.505,323.438,-374.864,-62.268,stay,down,2,1
1775924143883,3203,124119.30000007153,pvp,player_1,player_2,300.083,307.478,893.257,322.4,-374.864,-62.268,stay,down,2,1
1775924143883,3204,124135.80000007153,pvp,player_1,player_2,300.083,315.144,887.009,321.362,-374.864,-62.268,stay,down,2,1
1775924143883,3205,124152.5,pvp,player_1,player_2,300.083,322.811,880.761,320.324,-374.864,-62.268,stay,down,2,1
1775924143883,3206,124169.20000004768,pvp,player_1,player_2,300.083,330.478,874.514,319.286,-374.864,-62.268,stay,down,2,1
1775924143883,3207,124185.80000007153,pvp,player_1,player_2,300.083,338.144,868.266,318.249,-374.864,-62.268,stay,down,2,1
1775924143883,3208,124201.89999997616,pvp,player_1,player_2,300.083,345.811,862.018,317.211,-374.864,-62.268,stay,down,2,1
1775924143883,3209,124218.60000002384,pvp,player_1,player_2,300.083,353.478,855.77,316.173,-374.864,-62.268,stay,down,2,1
1775924143883,3210,124235.20000004768,pvp,player_1,player_2,300.083,361.144,849.523,315.135,-374.864,-62.268,stay,down,2,1
1775924143883,3211,124251.80000007153,pvp,player_1,player_2,300.083,368.811,843.275,314.097,-374.864,-62.268,stay,down,2,1
1775924143883,3212,124269.60000002384,pvp,player_1,player_2,300.083,376.478,837.027,313.06,-374.864,-62.268,stay,down,2,1
1775924143883,3213,124285.20000004768,pvp,player_1,player_2,300.083,384.144,830.78,312.022,-374.864,-62.268,stay,down,2,1
1775924143883,3214,124302.5,pvp,player_1,player_2,300.083,391.811,824.532,310.984,-374.864,-62.268,stay,down,2,1
1775924143883,3215,124319.10000002384,pvp,player_1,player_2,300.083,399.478,818.284,309.946,-374.864,-62.268,stay,down,2,1
1775924143883,3216,124335.70000004768,pvp,player_1,player_2,300.083,407.144,812.036,308.908,-374.864,-62.268,stay,down,2,1
1775924143883,3217,124352.60000002384,pvp,player_1,player_2,300.083,414.811,805.789,307.87,-374.864,-62.268,stay,down,2,1
1775924143883,3218,124369.20000004768,pvp,player_1,player_2,300.083,422.478,799.541,306.833,-374.864,-62.268,stay,down,2,1
1775924143883,3219,124385.60000002384,pvp,player_1,player_2,300.083,429.95,793.293,305.795,-374.864,-62.268,stay,stay,2,1
1775924143883,3220,124402.30000007153,pvp,player_1,player_2,300.083,437.228,787.045,304.757,-374.864,-62.268,stay,stay,2,1
1775924143883,3221,124419.30000007153,pvp,player_1,player_2,300.083,444,780.798,303.719,-374.864,-62.268,stay,stay,2,1
1775924143883,3222,124435.80000007153,pvp,player_1,player_2,300.083,444,774.55,302.681,-374.864,-62.268,stay,stay,2,1
1775924143883,3223,124452.20000004768,pvp,player_1,player_2,300.083,444,768.302,301.644,-374.864,-62.268,stay,stay,2,1
1775924143883,3224,124468.89999997616,pvp,player_1,player_2,300.083,444,762.055,300.606,-374.864,-62.268,stay,stay,2,1
1775924143883,3225,124486,pvp,player_1,player_2,300.083,444,755.807,299.568,-374.864,-62.268,stay,stay,2,1
1775924143883,3226,124502.80000007153,pvp,player_1,player_2,300.083,444,749.559,298.53,-374.864,-62.268,stay,stay,2,1
1775924143883,3227,124519.20000004768,pvp,player_1,player_2,300.083,444,743.311,297.492,-374.864,-62.268,stay,stay,2,1
1775924143883,3228,124535.80000007153,pvp,player_1,player_2,300.083,444,737.064,296.455,-374.864,-62.268,stay,stay,2,1
1775924143883,3229,124552.60000002384,pvp,player_1,player_2,300.083,444,730.816,295.417,-374.864,-62.268,stay,stay,2,1
1775924143883,3230,124569.10000002384,pvp,player_1,player_2,300.083,444,724.568,294.379,-374.864,-62.268,stay,stay,2,1
1775924143883,3231,124585.60000002384,pvp,player_1,player_2,300.083,444,718.321,293.341,-374.864,-62.268,stay,stay,2,1
1775924143883,3232,124602.20000004768,pvp,player_1,player_2,300.083,444,712.073,292.303,-374.864,-62.268,stay,stay,2,1
1775924143883,3233,124619.39999997616,pvp,player_1,player_2,300.083,444,705.825,291.266,-374.864,-62.268,stay,stay,2,1
1775924143883,3234,124635.89999997616,pvp,player_1,player_2,300.083,444,699.577,290.228,-374.864,-62.268,stay,stay,2,1
1775924143883,3235,124652.30000007153,pvp,player_1,player_2,300.083,444,693.33,289.19,-374.864,-62.268,stay,stay,2,1
1775924143883,3236,124669,pvp,player_1,player_2,300.083,444,687.082,288.152,-374.864,-62.268,stay,stay,2,1
1775924143883,3237,124685.30000007153,pvp,player_1,player_2,300.083,444,680.834,287.114,-374.864,-62.268,stay,stay,2,1
1775924143883,3238,124701.60000002384,pvp,player_1,player_2,300.083,444,674.586,286.077,-374.864,-62.268,stay,stay,2,1
1775924143883,3239,124718.5,pvp,player_1,player_2,300.083,444,668.339,285.039,-374.864,-62.268,stay,stay,2,1
1775924143883,3240,124735,pvp,player_1,player_2,300.083,444,662.091,284.001,-374.864,-62.268,stay,stay,2,1
1775924143883,3241,124752.39999997616,pvp,player_1,player_2,300.083,444,655.843,282.963,-374.864,-62.268,stay,stay,2,1
1775924143883,3242,124768.89999997616,pvp,player_1,player_2,300.083,444,649.596,281.925,-374.864,-62.268,stay,stay,2,1
1775924143883,3243,124785.70000004768,pvp,player_1,player_2,300.083,444,643.348,280.888,-374.864,-62.268,stay,stay,2,1
1775924143883,3244,124802.20000004768,pvp,player_1,player_2,299.828,444,637.1,279.85,-374.864,-62.268,up,stay,2,1
1775924143883,3245,124818.60000002384,pvp,player_1,player_2,299.317,444,630.852,278.812,-374.864,-62.268,up,stay,2,1
1775924143883,3246,124835,pvp,player_1,player_2,298.55,444,624.605,277.774,-374.864,-62.268,up,stay,2,1
1775924143883,3247,124851.89999997616,pvp,player_1,player_2,297.528,444,618.357,276.736,-374.864,-62.268,up,stay,2,1
1775924143883,3248,124868.89999997616,pvp,player_1,player_2,296.25,444,612.109,275.699,-374.864,-62.268,up,stay,2,1
1775924143883,3249,124885.89999997616,pvp,player_1,player_2,294.717,444,605.861,274.661,-374.864,-62.268,up,stay,2,1
1775924143883,3250,124902.39999997616,pvp,player_1,player_2,292.928,444,599.614,273.623,-374.864,-62.268,up,stay,2,1
1775924143883,3251,124919.20000004768,pvp,player_1,player_2,290.883,444,593.366,272.585,-374.864,-62.268,up,stay,2,1
1775924143883,3252,124935.89999997616,pvp,player_1,player_2,288.583,444,587.118,271.547,-374.864,-62.268,up,stay,2,1
1775924143883,3253,124953,pvp,player_1,player_2,286.028,444,580.871,270.509,-374.864,-62.268,up,stay,2,1
1775924143883,3254,124969.5,pvp,player_1,player_2,283.217,444,574.623,269.472,-374.864,-62.268,up,stay,2,1
1775924143883,3255,124985.80000007153,pvp,player_1,player_2,280.15,444,568.375,268.434,-374.864,-62.268,up,stay,2,1
1775924143883,3256,125002.5,pvp,player_1,player_2,276.828,444,562.127,267.396,-374.864,-62.268,up,stay,2,1
1775924143883,3257,125019.20000004768,pvp,player_1,player_2,273.25,444,555.88,266.358,-374.864,-62.268,up,stay,2,1
1775924143883,3258,125035.80000007153,pvp,player_1,player_2,269.417,444,549.632,265.32,-374.864,-62.268,up,stay,2,1
1775924143883,3259,125052.39999997616,pvp,player_1,player_2,265.778,444,543.384,264.283,-374.864,-62.268,stay,stay,2,1
1775924143883,3260,125069.5,pvp,player_1,player_2,262.333,444,537.136,263.245,-374.864,-62.268,stay,stay,2,1
1775924143883,3261,125085.80000007153,pvp,player_1,player_2,259.083,444,530.889,262.207,-374.864,-62.268,stay,stay,2,1
1775924143883,3262,125102.10000002384,pvp,player_1,player_2,256.028,444,524.641,261.169,-374.864,-62.268,stay,stay,2,1
1775924143883,3263,125119.30000007153,pvp,player_1,player_2,253.167,444,518.393,260.131,-374.864,-62.268,stay,stay,2,1
1775924143883,3264,125135.70000004768,pvp,player_1,player_2,250.5,444,512.146,259.094,-374.864,-62.268,stay,stay,2,1
1775924143883,3265,125152.39999997616,pvp,player_1,player_2,248.028,444,505.898,258.056,-374.864,-62.268,stay,stay,2,1
1775924143883,3266,125169.10000002384,pvp,player_1,player_2,245.75,444,499.65,257.018,-374.864,-62.268,stay,stay,2,1
1775924143883,3267,125186.30000007153,pvp,player_1,player_2,243.667,444,493.402,255.98,-374.864,-62.268,stay,stay,2,1
1775924143883,3268,125202.30000007153,pvp,player_1,player_2,241.778,444,487.155,254.942,-374.864,-62.268,stay,stay,2,1
1775924143883,3269,125219.10000002384,pvp,player_1,player_2,240.083,444,480.907,253.905,-374.864,-62.268,stay,stay,2,1
1775924143883,3270,125236.10000002384,pvp,player_1,player_2,238.583,444,474.659,252.867,-374.864,-62.268,stay,stay,2,1
1775924143883,3271,125252.89999997616,pvp,player_1,player_2,237.278,444,468.412,251.829,-374.864,-62.268,stay,stay,2,1
1775924143883,3272,125269.60000002384,pvp,player_1,player_2,236.167,444,462.164,250.791,-374.864,-62.268,stay,stay,2,1
1775924143883,3273,125286,pvp,player_1,player_2,235.25,444,455.916,249.753,-374.864,-62.268,stay,stay,2,1
1775924143883,3274,125302.70000004768,pvp,player_1,player_2,234.528,444,449.668,248.716,-374.864,-62.268,stay,stay,2,1
1775924143883,3275,125319.5,pvp,player_1,player_2,234,444,443.421,247.678,-374.864,-62.268,stay,stay,2,1
1775924143883,3276,125336.30000007153,pvp,player_1,player_2,233.667,444,437.173,246.64,-374.864,-62.268,stay,stay,2,1
1775924143883,3277,125351.89999997616,pvp,player_1,player_2,233.667,444,430.925,245.602,-374.864,-62.268,stay,stay,2,1
1775924143883,3278,125369.30000007153,pvp,player_1,player_2,233.667,444,424.677,244.564,-374.864,-62.268,stay,stay,2,1
1775924143883,3279,125385.5,pvp,player_1,player_2,233.411,444,418.43,243.527,-374.864,-62.268,up,stay,2,1
1775924143883,3280,125402.39999997616,pvp,player_1,player_2,232.9,444,412.182,242.489,-374.864,-62.268,up,stay,2,1
1775924143883,3281,125419.5,pvp,player_1,player_2,232.133,444,405.934,241.451,-374.864,-62.268,up,stay,2,1
1775924143883,3282,125436.10000002384,pvp,player_1,player_2,231.111,444,399.687,240.413,-374.864,-62.268,up,stay,2,1
1775924143883,3283,125452.70000004768,pvp,player_1,player_2,229.833,444,393.439,239.375,-374.864,-62.268,up,stay,2,1
1775924143883,3284,125469.30000007153,pvp,player_1,player_2,228.3,444,387.191,238.338,-374.864,-62.268,up,stay,2,1
1775924143883,3285,125486.10000002384,pvp,player_1,player_2,226.511,444,380.943,237.3,-374.864,-62.268,up,stay,2,1
1775924143883,3286,125502.80000007153,pvp,player_1,player_2,224.467,444,374.696,236.262,-374.864,-62.268,up,stay,2,1
1775924143883,3287,125519.5,pvp,player_1,player_2,222.617,444,368.448,235.224,-374.864,-62.268,stay,stay,2,1
1775924143883,3288,125535.30000007153,pvp,player_1,player_2,220.961,444,362.2,234.186,-374.864,-62.268,stay,stay,2,1
1775924143883,3289,125552.60000002384,pvp,player_1,player_2,219.5,444,355.952,233.148,-374.864,-62.268,stay,stay,2,1
1775924143883,3290,125569.80000007153,pvp,player_1,player_2,218.233,444,349.705,232.111,-374.864,-62.268,stay,stay,2,1
1775924143883,3291,125585.70000004768,pvp,player_1,player_2,217.161,444,343.457,231.073,-374.864,-62.268,stay,stay,2,1
1775924143883,3292,125602.10000002384,pvp,player_1,player_2,216.283,444,337.209,230.035,-374.864,-62.268,stay,stay,2,1
1775924143883,3293,125618.80000007153,pvp,player_1,player_2,215.6,444,330.962,228.997,-374.864,-62.268,stay,stay,2,1
1775924143883,3294,125635.89999997616,pvp,player_1,player_2,215.111,444,324.714,227.959,-374.864,-62.268,stay,stay,2,1
1775924143883,3295,125652,pvp,player_1,player_2,214.817,444,318.466,226.922,-374.864,-62.268,stay,stay,2,1
1775924143883,3296,125669.20000004768,pvp,player_1,player_2,214.817,444,312.218,225.884,-374.864,-62.268,stay,stay,2,1
1775924143883,3297,125686.20000004768,pvp,player_1,player_2,214.817,444,305.971,224.846,-374.864,-62.268,stay,stay,2,1
1775924143883,3298,125702.60000002384,pvp,player_1,player_2,214.817,444,299.723,223.808,-374.864,-62.268,stay,stay,2,1
1775924143883,3299,125719.10000002384,pvp,player_1,player_2,214.817,444,293.475,222.77,-374.864,-62.268,stay,stay,2,1
1775924143883,3300,125735.89999997616,pvp,player_1,player_2,214.817,444,287.227,221.733,-374.864,-62.268,stay,stay,2,1
1775924143883,3301,125752.80000007153,pvp,player_1,player_2,214.817,444,280.98,220.695,-374.864,-62.268,stay,stay,2,1
1775924143883,3302,125768.60000002384,pvp,player_1,player_2,214.561,444,274.732,219.657,-374.864,-62.268,up,stay,2,1
1775924143883,3303,125786,pvp,player_1,player_2,214.05,444,268.484,218.619,-374.864,-62.268,up,stay,2,1
1775924143883,3304,125802.30000007153,pvp,player_1,player_2,213.283,444,262.237,217.581,-374.864,-62.268,up,stay,2,1
1775924143883,3305,125819.30000007153,pvp,player_1,player_2,212.261,444,255.989,216.544,-374.864,-62.268,up,stay,2,1
1775924143883,3306,125835.80000007153,pvp,player_1,player_2,210.983,444,249.741,215.506,-374.864,-62.268,up,stay,2,1
1775924143883,3307,125852.5,pvp,player_1,player_2,209.45,444,243.493,214.468,-374.864,-62.268,up,stay,2,1
1775924143883,3308,125868.60000002384,pvp,player_1,player_2,207.661,444,237.246,213.43,-374.864,-62.268,up,stay,2,1
1775924143883,3309,125886,pvp,player_1,player_2,205.617,444,230.998,212.392,-374.864,-62.268,up,stay,2,1
1775924143883,3310,125902.39999997616,pvp,player_1,player_2,203.317,444,224.75,211.355,-374.864,-62.268,up,stay,2,1
1775924143883,3311,125919.39999997616,pvp,player_1,player_2,200.761,444,218.502,210.317,-374.864,-62.268,up,stay,2,1
1775924143883,3312,125935.70000004768,pvp,player_1,player_2,197.95,444,212.255,209.279,-374.864,-62.268,up,stay,2,1
1775924143883,3313,125952.5,pvp,player_1,player_2,194.883,444,206.007,208.241,-374.864,-62.268,up,stay,2,1
1775924143883,3314,125968.80000007153,pvp,player_1,player_2,191.561,444,199.759,207.203,-374.864,-62.268,up,stay,2,1
1775924143883,3315,125985.30000007153,pvp,player_1,player_2,187.983,444,193.512,206.166,-374.864,-62.268,up,stay,2,1
1775924143883,3316,126002.70000004768,pvp,player_1,player_2,184.15,444,187.264,205.128,-374.864,-62.268,up,stay,2,1
1775924143883,3317,126019.20000004768,pvp,player_1,player_2,180.061,444,181.016,204.09,-374.864,-62.268,up,stay,2,1
1775924143883,3318,126035.80000007153,pvp,player_1,player_2,175.717,444,174.768,203.052,-374.864,-62.268,up,stay,2,1
1775924143883,3319,126051.80000007153,pvp,player_1,player_2,171.117,444,168.521,202.014,-374.864,-62.268,up,stay,2,1
1775924143883,3320,126068.60000002384,pvp,player_1,player_2,166.261,444,162.273,200.977,-374.864,-62.268,up,stay,2,1
1775924143883,3321,126085.30000007153,pvp,player_1,player_2,161.15,444,156.025,199.939,-374.864,-62.268,up,stay,2,1
1775924143883,3322,126102.20000004768,pvp,player_1,player_2,155.783,444,149.778,198.901,-374.864,-62.268,up,stay,2,1
1775924143883,3323,126119.20000004768,pvp,player_1,player_2,150.161,444,143.53,197.863,-374.864,-62.268,up,stay,2,1
1775924143883,3324,126135.39999997616,pvp,player_1,player_2,144.283,444,137.282,196.825,-374.864,-62.268,up,stay,2,1
1775924143883,3325,126152.5,pvp,player_1,player_2,138.15,444,131.034,195.788,-374.864,-62.268,up,stay,2,1
1775924143883,3326,126169.5,pvp,player_1,player_2,131.761,444,124.787,194.75,-374.864,-62.268,up,stay,2,1
1775924143883,3327,126185.89999997616,pvp,player_1,player_2,125.117,444,118.539,193.712,-374.864,-62.268,up,stay,2,1
1775924143883,3328,126202.39999997616,pvp,player_1,player_2,118.217,444,112.291,192.674,-374.864,-62.268,up,stay,2,1
1775924143883,3329,126219.30000007153,pvp,player_1,player_2,111.061,444,106.043,191.636,-374.864,-62.268,up,stay,2,1
1775924143883,3330,126235.89999997616,pvp,player_1,player_2,103.65,444,99.796,190.598,-374.864,-62.268,up,stay,2,1
1775924143883,3331,126251.89999997616,pvp,player_1,player_2,96.433,444,93.548,189.561,-374.864,-62.268,stay,stay,2,1
1775924143883,3332,126268.60000002384,pvp,player_1,player_2,89.411,444,87.3,188.523,-374.864,-62.268,stay,stay,2,1
1775924143883,3333,126285.60000002384,pvp,player_1,player_2,82.583,444,81.053,187.485,-374.864,-62.268,stay,stay,2,1
1775924143883,3334,126302.5,pvp,player_1,player_2,75.95,444,74.805,186.447,-374.864,-62.268,stay,stay,2,1
1775924143883,3335,126319.39999997616,pvp,player_1,player_2,69.511,444,68.557,185.409,-374.864,-62.268,stay,stay,2,1
1775924143883,3336,126335.10000002384,pvp,player_1,player_2,63.267,444,62.309,184.372,-374.864,-62.268,stay,stay,2,1
1775924143883,3337,126351.70000004768,pvp,player_1,player_2,57.217,444,56.062,183.334,-374.864,-62.268,stay,stay,2,1
1775924143883,3338,126368.5,pvp,player_1,player_2,51.361,444,49.814,182.296,-374.864,-62.268,stay,stay,2,1
1775924143883,3339,126385.30000007153,pvp,player_1,player_2,45.7,444,43.566,181.258,-374.864,-62.268,stay,stay,2,1
1775924143883,3340,126402.30000007153,pvp,player_1,player_2,40.233,444,37.318,180.22,-374.864,-62.268,stay,stay,2,1
1775924143883,3341,126419.10000002384,pvp,player_1,player_2,34.961,444,31.071,179.183,-374.864,-62.268,stay,stay,2,1
1775924143883,3342,126435.60000002384,pvp,player_1,player_2,29.883,444,24.823,178.145,-374.864,-62.268,stay,stay,2,1
1775924143883,3343,126452.70000004768,pvp,player_1,player_2,25,444,18.575,177.107,-374.864,-62.268,stay,stay,2,1
1775924143883,3344,126469.60000002384,pvp,player_1,player_2,20.311,444,12.328,176.069,-374.864,-62.268,stay,stay,2,1
1775924143883,3345,126486,pvp,player_1,player_2,15.817,444,6.08,175.031,-374.864,-62.268,stay,stay,2,1
1775924143883,3346,126502.60000002384,pvp,player_1,player_2,11.517,444,-0.168,173.994,-374.864,-62.268,stay,stay,2,1
1775924143883,3347,126519.39999997616,pvp,player_1,player_2,7.411,444,-6.416,172.956,-374.864,-62.268,stay,stay,2,1
1775924143883,3348,126536.10000002384,pvp,player_1,player_2,3.5,444,480,270,-280,0,stay,stay,2,2
1775924143883,3349,126552,pvp,player_1,player_2,0,444,475.333,270,-280,0,down,stay,2,2
1775924143883,3350,126569.10000002384,pvp,player_1,player_2,0,444,470.667,270,-280,0,down,stay,2,2
1775924143883,3351,126585.5,pvp,player_1,player_2,0,444,466,270,-280,0,down,stay,2,2
1775924143883,3352,126602.20000004768,pvp,player_1,player_2,0,444,461.333,270,-280,0,down,stay,2,2
1775924143883,3353,126619.30000007153,pvp,player_1,player_2,0,444,456.667,270,-280,0,down,stay,2,2
1775924143883,3354,126635.89999997616,pvp,player_1,player_2,0,444,452,270,-280,0,down,stay,2,2
1775924143883,3355,126652.70000004768,pvp,player_1,player_2,0,444,447.333,270,-280,0,down,stay,2,2
1775924143883,3356,126669.10000002384,pvp,player_1,player_2,0,444,442.667,270,-280,0,down,stay,2,2
1775924143883,3357,126685.70000004768,pvp,player_1,player_2,0,444,438,270,-280,0,down,stay,2,2
1775924143883,3358,126702.60000002384,pvp,player_1,player_2,0,444,433.333,270,-280,0,down,stay,2,2
1775924143883,3359,126719.20000004768,pvp,player_1,player_2,0.061,444,428.667,270,-280,0,down,stay,2,2
1775924143883,3360,126735.89999997616,pvp,player_1,player_2,0.378,444,424,270,-280,0,down,stay,2,2
1775924143883,3361,126752.39999997616,pvp,player_1,player_2,0.95,444,419.333,270,-280,0,down,stay,2,2
1775924143883,3362,126768.70000004768,pvp,player_1,player_2,1.778,444,414.667,270,-280,0,down,stay,2,2
1775924143883,3363,126785.5,pvp,player_1,player_2,2.861,444,410,270,-280,0,down,stay,2,2
1775924143883,3364,126802.5,pvp,player_1,player_2,3.75,444,405.333,270,-280,0,stay,stay,2,2
1775924143883,3365,126819.30000007153,pvp,player_1,player_2,4.444,444,400.667,270,-280,0,stay,stay,2,2
1775924143883,3366,126836.20000004768,pvp,player_1,player_2,4.944,444,396,270,-280,0,stay,stay,2,2
1775924143883,3367,126852.20000004768,pvp,player_1,player_2,5.25,444,391.333,270,-280,0,stay,stay,2,2
1775924143883,3368,126868.39999997616,pvp,player_1,player_2,5.25,444,386.667,270,-280,0,stay,stay,2,2
1775924143883,3369,126885.5,pvp,player_1,player_2,5.25,444,382,270,-280,0,stay,stay,2,2
1775924143883,3370,126902.10000002384,pvp,player_1,player_2,5.25,444,377.333,270,-280,0,stay,stay,2,2
1775924143883,3371,126919.30000007153,pvp,player_1,player_2,5.25,444,372.667,270,-280,0,stay,stay,2,2
1775924143883,3372,126936.10000002384,pvp,player_1,player_2,5.25,444,368,270,-280,0,stay,stay,2,2
1775924143883,3373,126952.60000002384,pvp,player_1,player_2,5.25,444,363.333,270,-280,0,stay,stay,2,2
1775924143883,3374,126969.30000007153,pvp,player_1,player_2,5.25,444,358.667,270,-280,0,stay,stay,2,2
1775924143883,3375,126986.10000002384,pvp,player_1,player_2,5.25,444,354,270,-280,0,stay,stay,2,2
1775924143883,3376,127002.89999997616,pvp,player_1,player_2,5.25,444,349.333,270,-280,0,stay,stay,2,2
1775924143883,3377,127019.30000007153,pvp,player_1,player_2,5.25,444,344.667,270,-280,0,stay,stay,2,2
1775924143883,3378,127035.60000002384,pvp,player_1,player_2,4.994,444,340,270,-280,0,up,stay,2,2
1775924143883,3379,127052.5,pvp,player_1,player_2,4.483,444,335.333,270,-280,0,up,stay,2,2
1775924143883,3380,127068.70000004768,pvp,player_1,player_2,3.717,444,330.667,270,-280,0,up,stay,2,2
1775924143883,3381,127085.80000007153,pvp,player_1,player_2,2.694,444,326,270,-280,0,up,stay,2,2
1775924143883,3382,127102.30000007153,pvp,player_1,player_2,1.417,444,321.333,270,-280,0,up,stay,2,2
1775924143883,3383,127119.20000004768,pvp,player_1,player_2,0,444,316.667,270,-280,0,up,stay,2,2
1775924143883,3384,127136.20000004768,pvp,player_1,player_2,0,444,312,270,-280,0,up,stay,2,2
1775924143883,3385,127152.5,pvp,player_1,player_2,0,444,307.333,270,-280,0,stay,stay,2,2
1775924143883,3386,127169.20000004768,pvp,player_1,player_2,0,444,302.667,270,-280,0,stay,stay,2,2
1775924143883,3387,127186.20000004768,pvp,player_1,player_2,0,444,298,270,-280,0,stay,stay,2,2
1775924143883,3388,127202.60000002384,pvp,player_1,player_2,0,444,293.333,270,-280,0,stay,stay,2,2
1775924143883,3389,127219.20000004768,pvp,player_1,player_2,0,444,288.667,270,-280,0,stay,stay,2,2
1775924143883,3390,127236.20000004768,pvp,player_1,player_2,0,444,284,270,-280,0,stay,stay,2,2
1775924143883,3391,127252.20000004768,pvp,player_1,player_2,0,444,279.333,270,-280,0,stay,stay,2,2
1775924143883,3392,127269.30000007153,pvp,player_1,player_2,0,444,274.667,270,-280,0,down,stay,2,2
1775924143883,3393,127286,pvp,player_1,player_2,0.294,444,270,270,-280,0,down,stay,2,2
1775924143883,3394,127302.10000002384,pvp,player_1,player_2,0.844,444,265.333,270,-280,0,down,stay,2,2
1775924143883,3395,127319,pvp,player_1,player_2,1.65,444,260.667,270,-280,0,down,stay,2,2
1775924143883,3396,127335.39999997616,pvp,player_1,player_2,2.711,444,256,270,-280,0,down,stay,2,2
1775924143883,3397,127351.89999997616,pvp,player_1,player_2,4.028,444,251.333,270,-280,0,down,stay,2,2
1775924143883,3398,127369.30000007153,pvp,player_1,player_2,5.6,444,246.667,270,-280,0,down,stay,2,2
1775924143883,3399,127386.20000004768,pvp,player_1,player_2,7.428,444,242,270,-280,0,down,stay,2,2
1775924143883,3400,127402.30000007153,pvp,player_1,player_2,9.511,444,237.333,270,-280,0,down,stay,2,2
1775924143883,3401,127419.39999997616,pvp,player_1,player_2,11.85,444,232.667,270,-280,0,down,stay,2,2
1775924143883,3402,127436.10000002384,pvp,player_1,player_2,14.444,444,228,270,-280,0,down,stay,2,2
1775924143883,3403,127452.89999997616,pvp,player_1,player_2,17.294,444,223.333,270,-280,0,down,stay,2,2
1775924143883,3404,127469.39999997616,pvp,player_1,player_2,20.4,444,218.667,270,-280,0,down,stay,2,2
1775924143883,3405,127486.20000004768,pvp,player_1,player_2,23.761,444,214,270,-280,0,down,stay,2,2
1775924143883,3406,127502.5,pvp,player_1,player_2,27.378,444,209.333,270,-280,0,down,stay,2,2
1775924143883,3407,127519.39999997616,pvp,player_1,player_2,31.25,444,204.667,270,-280,0,down,stay,2,2
1775924143883,3408,127535.39999997616,pvp,player_1,player_2,35.378,444,200,270,-280,0,down,stay,2,2
1775924143883,3409,127551.89999997616,pvp,player_1,player_2,39.761,444,195.333,270,-280,0,down,stay,2,2
1775924143883,3410,127568.70000004768,pvp,player_1,player_2,44.4,444,190.667,270,-280,0,down,stay,2,2
1775924143883,3411,127585.10000002384,pvp,player_1,player_2,49.294,444,186,270,-280,0,down,stay,2,2
1775924143883,3412,127601.80000007153,pvp,player_1,player_2,54.444,444,181.333,270,-280,0,down,stay,2,2
1775924143883,3413,127618.5,pvp,player_1,player_2,59.85,444,176.667,270,-280,0,down,stay,2,2
1775924143883,3414,127635.10000002384,pvp,player_1,player_2,65.511,444,172,270,-280,0,down,stay,2,2
1775924143883,3415,127651.70000004768,pvp,player_1,player_2,71.428,444,167.333,270,-280,0,down,stay,2,2
1775924143883,3416,127668.39999997616,pvp,player_1,player_2,77.6,444,162.667,270,-280,0,down,stay,2,2
1775924143883,3417,127685.39999997616,pvp,player_1,player_2,84.028,444,158,270,-280,0,down,stay,2,2
1775924143883,3418,127701.80000007153,pvp,player_1,player_2,90.711,444,153.333,270,-280,0,down,stay,2,2
1775924143883,3419,127718.60000002384,pvp,player_1,player_2,97.65,444,148.667,270,-280,0,down,stay,2,2
1775924143883,3420,127735.39999997616,pvp,player_1,player_2,104.844,444,144,270,-280,0,down,stay,2,2
1775924143883,3421,127751.80000007153,pvp,player_1,player_2,112.294,444,139.333,270,-280,0,down,stay,2,2
1775924143883,3422,127768.5,pvp,player_1,player_2,119.961,444,134.667,270,-280,0,down,stay,2,2
1775924143883,3423,127786.10000002384,pvp,player_1,player_2,127.628,444,130,270,-280,0,down,stay,2,2
1775924143883,3424,127802.89999997616,pvp,player_1,player_2,135.294,444,125.333,270,-280,0,down,stay,2,2
1775924143883,3425,127819.10000002384,pvp,player_1,player_2,142.961,444,120.667,270,-280,0,down,stay,2,2
1775924143883,3426,127835.5,pvp,player_1,player_2,150.628,444,116,270,-280,0,down,stay,2,2
1775924143883,3427,127851.89999997616,pvp,player_1,player_2,158.294,444,111.333,270,-280,0,down,stay,2,2
1775924143883,3428,127869.30000007153,pvp,player_1,player_2,165.961,444,106.667,270,-280,0,down,stay,2,2
1775924143883,3429,127885.5,pvp,player_1,player_2,173.628,444,102,270,-280,0,down,stay,2,2
1775924143883,3430,127903.10000002384,pvp,player_1,player_2,181.294,444,97.333,270,-280,0,down,stay,2,2
1775924143883,3431,127919.30000007153,pvp,player_1,player_2,188.961,444,92.667,270,-280,0,down,stay,2,2
1775924143883,3432,127935.30000007153,pvp,player_1,player_2,196.628,444,88,270,-280,0,down,stay,2,2
1775924143883,3433,127951.89999997616,pvp,player_1,player_2,204.294,444,83.333,270,-280,0,down,stay,2,2
1775924143883,3434,127968.5,pvp,player_1,player_2,211.961,444,78.667,270,-280,0,down,stay,2,2
1775924143883,3435,127985.39999997616,pvp,player_1,player_2,219.628,444,74,270,-280,0,down,stay,2,2
1775924143883,3436,128002.70000004768,pvp,player_1,player_2,227.294,444,69.333,270,-280,0,down,stay,2,2
1775924143883,3437,128019.10000002384,pvp,player_1,player_2,234.961,444,64.667,270,-280,0,down,stay,2,2
1775924143883,3438,128035.5,pvp,player_1,player_2,242.628,444,60,270,-280,0,down,stay,2,2
1775924143883,3439,128051.70000004768,pvp,player_1,player_2,250.294,444,55.333,270,-280,0,down,stay,2,2
1775924143883,3440,128069,pvp,player_1,player_2,257.961,444,50.667,270,-280,0,down,stay,2,2
1775924143883,3441,128086,pvp,player_1,player_2,265.628,444,48,270,154.155,-257.364,down,stay,2,2
1775924143883,3442,128102.10000002384,pvp,player_1,player_2,273.294,444,50.569,265.711,154.155,-257.364,down,stay,2,2
1775924143883,3443,128119.10000002384,pvp,player_1,player_2,280.961,444,53.139,261.421,154.155,-257.364,down,stay,2,2
1775924143883,3444,128136,pvp,player_1,player_2,288.628,444,55.708,257.132,154.155,-257.364,down,stay,2,2
1775924143883,3445,128152.39999997616,pvp,player_1,player_2,296.294,444,58.277,252.842,154.155,-257.364,down,stay,2,2
1775924143883,3446,128169.20000004768,pvp,player_1,player_2,303.961,444,60.846,248.553,154.155,-257.364,down,stay,2,2
1775924143883,3447,128185.80000007153,pvp,player_1,player_2,311.628,444,63.416,244.264,154.155,-257.364,down,stay,2,2
1775924143883,3448,128202.39999997616,pvp,player_1,player_2,319.294,444,65.985,239.974,154.155,-257.364,down,stay,2,2
1775924143883,3449,128219.30000007153,pvp,player_1,player_2,326.961,444,68.554,235.685,154.155,-257.364,down,stay,2,2
1775924143883,3450,128235.89999997616,pvp,player_1,player_2,334.628,444,71.123,231.395,154.155,-257.364,down,stay,2,2
1775924143883,3451,128252,pvp,player_1,player_2,342.294,444,73.693,227.106,154.155,-257.364,down,stay,2,2
1775924143883,3452,128268.89999997616,pvp,player_1,player_2,349.961,444,76.262,222.817,154.155,-257.364,down,stay,2,2
1775924143883,3453,128285.20000004768,pvp,player_1,player_2,357.628,444,78.831,218.527,154.155,-257.364,down,stay,2,2
1775924143883,3454,128302.5,pvp,player_1,player_2,365.294,444,81.4,214.238,154.155,-257.364,down,stay,2,2
1775924143883,3455,128318.5,pvp,player_1,player_2,372.961,444,83.97,209.948,154.155,-257.364,down,stay,2,2
1775924143883,3456,128336.10000002384,pvp,player_1,player_2,380.628,444,86.539,205.659,154.155,-257.364,down,stay,2,2
1775924143883,3457,128352.60000002384,pvp,player_1,player_2,388.294,444,89.108,201.37,154.155,-257.364,down,stay,2,2
1775924143883,3458,128369.30000007153,pvp,player_1,player_2,395.961,444,91.677,197.08,154.155,-257.364,down,stay,2,2
1775924143883,3459,128385.89999997616,pvp,player_1,player_2,403.628,444,94.247,192.791,154.155,-257.364,down,stay,2,2
1775924143883,3460,128402.5,pvp,player_1,player_2,411.294,444,96.816,188.501,154.155,-257.364,down,stay,2,2
1775924143883,3461,128418.5,pvp,player_1,player_2,418.961,444,99.385,184.212,154.155,-257.364,down,stay,2,2
1775924143883,3462,128435.20000004768,pvp,player_1,player_2,426.628,444,101.954,179.923,154.155,-257.364,down,stay,2,2
1775924143883,3463,128451.60000002384,pvp,player_1,player_2,434.294,444,104.524,175.633,154.155,-257.364,down,stay,2,2
1775924143883,3464,128468.5,pvp,player_1,player_2,441.961,444,107.093,171.344,154.155,-257.364,down,stay,2,2
1775924143883,3465,128485.5,pvp,player_1,player_2,444,444,109.662,167.055,154.155,-257.364,down,stay,2,2
1775924143883,3466,128502.60000002384,pvp,player_1,player_2,444,444,112.231,162.765,154.155,-257.364,down,stay,2,2
1775924143883,3467,128518.5,pvp,player_1,player_2,444,444,114.801,158.476,154.155,-257.364,down,stay,2,2
1775924143883,3468,128536,pvp,player_1,player_2,444,444,117.37,154.186,154.155,-257.364,stay,stay,2,2
1775924143883,3469,128552.60000002384,pvp,player_1,player_2,444,444,119.939,149.897,154.155,-257.364,stay,stay,2,2
1775924143883,3470,128569,pvp,player_1,player_2,444,444,122.508,145.608,154.155,-257.364,stay,stay,2,2
1775924143883,3471,128585.89999997616,pvp,player_1,player_2,444,444,125.078,141.318,154.155,-257.364,stay,stay,2,2
1775924143883,3472,128602.39999997616,pvp,player_1,player_2,444,444,127.647,137.029,154.155,-257.364,stay,stay,2,2
1775924143883,3473,128619,pvp,player_1,player_2,444,444,130.216,132.739,154.155,-257.364,stay,stay,2,2
1775924143883,3474,128636.10000002384,pvp,player_1,player_2,444,444,132.785,128.45,154.155,-257.364,stay,stay,2,2
1775924143883,3475,128652.60000002384,pvp,player_1,player_2,444,444,135.355,124.161,154.155,-257.364,stay,stay,2,2
1775924143883,3476,128668.70000004768,pvp,player_1,player_2,444,444,137.924,119.871,154.155,-257.364,stay,stay,2,2
1775924143883,3477,128685.30000007153,pvp,player_1,player_2,444,444,140.493,115.582,154.155,-257.364,stay,stay,2,2
1775924143883,3478,128701.70000004768,pvp,player_1,player_2,444,444,143.063,111.292,154.155,-257.364,stay,stay,2,2
1775924143883,3479,128718.39999997616,pvp,player_1,player_2,444,444,145.632,107.003,154.155,-257.364,stay,stay,2,2
1775924143883,3480,128735.30000007153,pvp,player_1,player_2,444,444,148.201,102.714,154.155,-257.364,stay,stay,2,2
1775924143883,3481,128751.80000007153,pvp,player_1,player_2,444,444,150.77,98.424,154.155,-257.364,stay,stay,2,2
1775924143883,3482,128768.60000002384,pvp,player_1,player_2,444,444,153.34,94.135,154.155,-257.364,stay,stay,2,2
1775924143883,3483,128785.89999997616,pvp,player_1,player_2,444,444,155.909,89.845,154.155,-257.364,stay,stay,2,2
1775924143883,3484,128802.60000002384,pvp,player_1,player_2,444,444,158.478,85.556,154.155,-257.364,stay,stay,2,2
1775924143883,3485,128819.39999997616,pvp,player_1,player_2,444,444,161.047,81.267,154.155,-257.364,stay,stay,2,2
1775924143883,3486,128835.70000004768,pvp,player_1,player_2,444,444,163.617,76.977,154.155,-257.364,stay,stay,2,2
1775924143883,3487,128852,pvp,player_1,player_2,444,444,166.186,72.688,154.155,-257.364,stay,stay,2,2
1775924143883,3488,128869.30000007153,pvp,player_1,player_2,444,444,168.755,68.398,154.155,-257.364,stay,stay,2,2
1775924143883,3489,128885.60000002384,pvp,player_1,player_2,444,444,171.324,64.109,154.155,-257.364,stay,stay,2,2
1775924143883,3490,128901.89999997616,pvp,player_1,player_2,444,444,173.894,59.82,154.155,-257.364,stay,stay,2,2
1775924143883,3491,128918.89999997616,pvp,player_1,player_2,444,444,176.463,55.53,154.155,-257.364,stay,stay,2,2
1775924143883,3492,128935.60000002384,pvp,player_1,player_2,444,444,179.032,51.241,154.155,-257.364,stay,stay,2,2
1775924143883,3493,128952.39999997616,pvp,player_1,player_2,444,444,181.601,46.951,154.155,-257.364,stay,stay,2,2
1775924143883,3494,128969.30000007153,pvp,player_1,player_2,444,444,184.171,42.662,154.155,-257.364,stay,stay,2,2
1775924143883,3495,128985.80000007153,pvp,player_1,player_2,444,444,186.74,38.373,154.155,-257.364,stay,stay,2,2
1775924143883,3496,129002.5,pvp,player_1,player_2,444,444,189.309,34.083,154.155,-257.364,stay,stay,2,2
1775924143883,3497,129019.20000004768,pvp,player_1,player_2,444,444,191.878,29.794,154.155,-257.364,stay,stay,2,2
1775924143883,3498,129035.39999997616,pvp,player_1,player_2,444,444,194.448,25.504,154.155,-257.364,up,stay,2,2
1775924143883,3499,129052.70000004768,pvp,player_1,player_2,444,444,197.017,21.215,154.155,-257.364,up,stay,2,2
1775924143883,3500,129069.5,pvp,player_1,player_2,444,444,199.586,16.926,154.155,-257.364,up,stay,2,2
1775924143883,3501,129086,pvp,player_1,player_2,444,444,202.155,12.636,154.155,-257.364,up,stay,2,2
1775924143883,3502,129102.20000004768,pvp,player_1,player_2,444,444,204.725,10,154.155,257.364,up,stay,2,2
1775924143883,3503,129118.80000007153,pvp,player_1,player_2,443.667,444,207.294,14.289,154.155,257.364,up,stay,2,2
1775924143883,3504,129135.70000004768,pvp,player_1,player_2,443.078,444,209.863,18.579,154.155,257.364,up,stay,2,2
1775924143883,3505,129152.30000007153,pvp,player_1,player_2,442.233,444,212.432,22.868,154.155,257.364,up,stay,2,2
1775924143883,3506,129169.10000002384,pvp,player_1,player_2,441.133,444,215.002,27.158,154.155,257.364,up,stay,2,2
1775924143883,3507,129185.89999997616,pvp,player_1,player_2,439.778,444,217.571,31.447,154.155,257.364,up,stay,2,2
1775924143883,3508,129202.30000007153,pvp,player_1,player_2,438.167,444,220.14,35.736,154.155,257.364,up,stay,2,2
1775924143883,3509,129219.20000004768,pvp,player_1,player_2,436.75,444,222.71,40.026,154.155,257.364,stay,stay,2,2
1775924143883,3510,129235.89999997616,pvp,player_1,player_2,435.528,444,225.279,44.315,154.155,257.364,stay,stay,2,2
1775924143883,3511,129252.30000007153,pvp,player_1,player_2,434.5,444,227.848,48.605,154.155,257.364,stay,stay,2,2
1775924143883,3512,129269.30000007153,pvp,player_1,player_2,433.667,444,230.417,52.894,154.155,257.364,stay,stay,2,2
1775924143883,3513,129285.89999997616,pvp,player_1,player_2,433.028,444,232.987,57.183,154.155,257.364,stay,stay,2,2
1775924143883,3514,129302.70000004768,pvp,player_1,player_2,432.583,444,235.556,61.473,154.155,257.364,stay,stay,2,2
1775924143883,3515,129319.10000002384,pvp,player_1,player_2,432.333,444,238.125,65.762,154.155,257.364,stay,stay,2,2
1775924143883,3516,129335.89999997616,pvp,player_1,player_2,432.333,444,240.694,70.052,154.155,257.364,stay,stay,2,2
1775924143883,3517,129352.70000004768,pvp,player_1,player_2,432.333,444,243.264,74.341,154.155,257.364,stay,stay,2,2
1775924143883,3518,129369.39999997616,pvp,player_1,player_2,432.333,444,245.833,78.63,154.155,257.364,stay,stay,2,2
1775924143883,3519,129385.30000007153,pvp,player_1,player_2,432.333,444,248.402,82.92,154.155,257.364,stay,stay,2,2
1775924143883,3520,129402.60000002384,pvp,player_1,player_2,432.333,444,250.971,87.209,154.155,257.364,stay,stay,2,2
1775924143883,3521,129419.20000004768,pvp,player_1,player_2,432.333,444,253.541,91.499,154.155,257.364,stay,stay,2,2
1775924143883,3522,129435.89999997616,pvp,player_1,player_2,432.333,444,256.11,95.788,154.155,257.364,stay,stay,2,2
1775924143883,3523,129452.70000004768,pvp,player_1,player_2,432.333,444,258.679,100.077,154.155,257.364,stay,stay,2,2
1775924143883,3524,129469.30000007153,pvp,player_1,player_2,432.333,444,261.248,104.367,154.155,257.364,stay,stay,2,2
1775924143883,3525,129485.89999997616,pvp,player_1,player_2,432.333,444,263.818,108.656,154.155,257.364,stay,stay,2,2
1775924143883,3526,129502.5,pvp,player_1,player_2,432.333,444,266.387,112.945,154.155,257.364,stay,stay,2,2
1775924143883,3527,129519,pvp,player_1,player_2,432.333,444,268.956,117.235,154.155,257.364,stay,stay,2,2
1775924143883,3528,129535.89999997616,pvp,player_1,player_2,432.333,444,271.525,121.524,154.155,257.364,stay,stay,2,2
1775924143883,3529,129552.60000002384,pvp,player_1,player_2,432.333,444,274.095,125.814,154.155,257.364,stay,stay,2,2
1775924143883,3530,129569.20000004768,pvp,player_1,player_2,432.333,444,276.664,130.103,154.155,257.364,stay,stay,2,2
1775924143883,3531,129585.20000004768,pvp,player_1,player_2,432.333,444,279.233,134.392,154.155,257.364,stay,stay,2,2
1775924143883,3532,129602.10000002384,pvp,player_1,player_2,432.333,444,281.802,138.682,154.155,257.364,stay,stay,2,2
1775924143883,3533,129618.80000007153,pvp,player_1,player_2,432.333,444,284.372,142.971,154.155,257.364,stay,stay,2,2
1775924143883,3534,129635.60000002384,pvp,player_1,player_2,432.333,444,286.941,147.261,154.155,257.364,stay,stay,2,2
1775924143883,3535,129652.5,pvp,player_1,player_2,432.333,444,289.51,151.55,154.155,257.364,stay,stay,2,2
1775924143883,3536,129669.10000002384,pvp,player_1,player_2,432.333,444,292.079,155.839,154.155,257.364,stay,stay,2,2
1775924143883,3537,129685.80000007153,pvp,player_1,player_2,432.333,444,294.649,160.129,154.155,257.364,stay,stay,2,2
1775924143883,3538,129702.70000004768,pvp,player_1,player_2,432.333,444,297.218,164.418,154.155,257.364,stay,stay,2,2
1775924143883,3539,129719.30000007153,pvp,player_1,player_2,432.333,444,299.787,168.708,154.155,257.364,stay,stay,2,2
1775924143883,3540,129735.30000007153,pvp,player_1,player_2,432.333,444,302.356,172.997,154.155,257.364,stay,stay,2,2
1775924143883,3541,129751.80000007153,pvp,player_1,player_2,432.333,444,304.926,177.286,154.155,257.364,stay,stay,2,2
1775924143883,3542,129768.70000004768,pvp,player_1,player_2,432.333,443.744,307.495,181.576,154.155,257.364,stay,up,2,2
1775924143883,3543,129785,pvp,player_1,player_2,432.333,443.233,310.064,185.865,154.155,257.364,stay,up,2,2
1775924143883,3544,129801.5,pvp,player_1,player_2,432.333,442.467,312.634,190.155,154.155,257.364,stay,up,2,2
1775924143883,3545,129818.70000004768,pvp,player_1,player_2,432.333,441.444,315.203,194.444,154.155,257.364,stay,up,2,2
1775924143883,3546,129835.5,pvp,player_1,player_2,432.333,440.167,317.772,198.733,154.155,257.364,stay,up,2,2
1775924143883,3547,129851.80000007153,pvp,player_1,player_2,432.333,438.633,320.341,203.023,154.155,257.364,stay,up,2,2
1775924143883,3548,129868.89999997616,pvp,player_1,player_2,432.333,436.844,322.911,207.312,154.155,257.364,stay,up,2,2
1775924143883,3549,129885.30000007153,pvp,player_1,player_2,432.333,434.8,325.48,211.602,154.155,257.364,stay,up,2,2
1775924143883,3550,129902.5,pvp,player_1,player_2,432.333,432.5,328.049,215.891,154.155,257.364,stay,up,2,2
1775924143883,3551,129919.10000002384,pvp,player_1,player_2,432.333,429.944,330.618,220.18,154.155,257.364,stay,up,2,2
1775924143883,3552,129936.10000002384,pvp,player_1,player_2,432.333,427.133,333.188,224.47,154.155,257.364,stay,up,2,2
1775924143883,3553,129952.20000004768,pvp,player_1,player_2,432.333,424.067,335.757,228.759,154.155,257.364,stay,up,2,2
1775924143883,3554,129969.5,pvp,player_1,player_2,432.333,420.744,338.326,233.049,154.155,257.364,stay,up,2,2
1775924143883,3555,129985.80000007153,pvp,player_1,player_2,432.333,417.167,340.895,237.338,154.155,257.364,stay,up,2,2
1775924143883,3556,130002.5,pvp,player_1,player_2,432.333,413.333,343.465,241.627,154.155,257.364,stay,up,2,2
1775924143883,3557,130019.30000007153,pvp,player_1,player_2,432.333,409.244,346.034,245.917,154.155,257.364,stay,up,2,2
1775924143883,3558,130036.10000002384,pvp,player_1,player_2,432.333,404.9,348.603,250.206,154.155,257.364,stay,up,2,2
1775924143883,3559,130052.70000004768,pvp,player_1,player_2,432.333,400.3,351.172,254.496,154.155,257.364,stay,up,2,2
1775924143883,3560,130069.80000007153,pvp,player_1,player_2,432.333,395.444,353.742,258.785,154.155,257.364,stay,up,2,2
1775924143883,3561,130085.89999997616,pvp,player_1,player_2,432.333,390.333,356.311,263.074,154.155,257.364,stay,up,2,2
1775924143883,3562,130101.89999997616,pvp,player_1,player_2,432.333,384.967,358.88,267.364,154.155,257.364,stay,up,2,2
1775924143883,3563,130119,pvp,player_1,player_2,432.333,379.344,361.449,271.653,154.155,257.364,stay,up,2,2
1775924143883,3564,130135.39999997616,pvp,player_1,player_2,432.333,373.467,364.019,275.943,154.155,257.364,stay,up,2,2
1775924143883,3565,130152.5,pvp,player_1,player_2,432.333,367.333,366.588,280.232,154.155,257.364,stay,up,2,2
1775924143883,3566,130169.30000007153,pvp,player_1,player_2,432.333,360.944,369.157,284.521,154.155,257.364,stay,up,2,2
1775924143883,3567,130185.20000004768,pvp,player_1,player_2,432.333,354.3,371.726,288.811,154.155,257.364,stay,up,2,2
1775924143883,3568,130202.60000002384,pvp,player_1,player_2,432.333,347.4,374.296,293.1,154.155,257.364,stay,up,2,2
1775924143883,3569,130219.5,pvp,player_1,player_2,432.333,340.244,376.865,297.39,154.155,257.364,stay,up,2,2
1775924143883,3570,130235.89999997616,pvp,player_1,player_2,432.333,332.833,379.434,301.679,154.155,257.364,stay,up,2,2
1775924143883,3571,130252.30000007153,pvp,player_1,player_2,432.333,325.167,382.003,305.968,154.155,257.364,stay,up,2,2
1775924143883,3572,130269.20000004768,pvp,player_1,player_2,432.333,317.5,384.573,310.258,154.155,257.364,stay,up,2,2
1775924143883,3573,130286.10000002384,pvp,player_1,player_2,432.333,309.833,387.142,314.547,154.155,257.364,stay,up,2,2
1775924143883,3574,130302.30000007153,pvp,player_1,player_2,432.333,302.167,389.711,318.836,154.155,257.364,stay,up,2,2
1775924143883,3575,130319,pvp,player_1,player_2,432.333,294.5,392.28,323.126,154.155,257.364,stay,up,2,2
1775924143883,3576,130335.30000007153,pvp,player_1,player_2,432.333,286.833,394.85,327.415,154.155,257.364,stay,up,2,2
1775924143883,3577,130352.60000002384,pvp,player_1,player_2,432.333,279.167,397.419,331.705,154.155,257.364,stay,up,2,2
1775924143883,3578,130368.89999997616,pvp,player_1,player_2,432.333,271.5,399.988,335.994,154.155,257.364,stay,up,2,2
1775924143883,3579,130385.89999997616,pvp,player_1,player_2,432.333,263.833,402.558,340.283,154.155,257.364,stay,up,2,2
1775924143883,3580,130402.10000002384,pvp,player_1,player_2,432.333,256.361,405.127,344.573,154.155,257.364,stay,stay,2,2
1775924143883,3581,130419,pvp,player_1,player_2,432.333,249.083,407.696,348.862,154.155,257.364,stay,stay,2,2
1775924143883,3582,130435.89999997616,pvp,player_1,player_2,432.333,242,410.265,353.152,154.155,257.364,stay,stay,2,2
1775924143883,3583,130451.80000007153,pvp,player_1,player_2,432.333,235.111,412.835,357.441,154.155,257.364,stay,stay,2,2
1775924143883,3584,130468.5,pvp,player_1,player_2,432.333,228.417,415.404,361.73,154.155,257.364,stay,stay,2,2
1775924143883,3585,130485.20000004768,pvp,player_1,player_2,432.333,221.917,417.973,366.02,154.155,257.364,stay,stay,2,2
1775924143883,3586,130501.60000002384,pvp,player_1,player_2,432.333,215.611,420.542,370.309,154.155,257.364,stay,stay,2,2
1775924143883,3587,130518.20000004768,pvp,player_1,player_2,432.333,209.5,423.112,374.599,154.155,257.364,stay,stay,2,2
1775924143883,3588,130534.80000007153,pvp,player_1,player_2,432.333,203.583,425.681,378.888,154.155,257.364,stay,stay,2,2
1775924143883,3589,130551.39999997616,pvp,player_1,player_2,432.333,197.861,428.25,383.177,154.155,257.364,stay,stay,2,2
1775924143883,3590,130568.39999997616,pvp,player_1,player_2,432.333,192.333,430.819,387.467,154.155,257.364,stay,stay,2,2
1775924143883,3591,130585.20000004768,pvp,player_1,player_2,432.333,187,433.389,391.756,154.155,257.364,stay,stay,2,2
1775924143883,3592,130601.39999997616,pvp,player_1,player_2,432.333,181.861,435.958,396.046,154.155,257.364,stay,stay,2,2
1775924143883,3593,130618.60000002384,pvp,player_1,player_2,432.333,176.917,438.527,400.335,154.155,257.364,stay,stay,2,2
1775924143883,3594,130635.70000004768,pvp,player_1,player_2,432.333,172.167,441.096,404.624,154.155,257.364,stay,stay,2,2
1775924143883,3595,130652.70000004768,pvp,player_1,player_2,432.333,167.611,443.666,408.914,154.155,257.364,stay,stay,2,2
1775924143883,3596,130669.30000007153,pvp,player_1,player_2,432.333,163.25,446.235,413.203,154.155,257.364,stay,stay,2,2
1775924143883,3597,130685.89999997616,pvp,player_1,player_2,432.333,159.083,448.804,417.493,154.155,257.364,stay,stay,2,2
1775924143883,3598,130702.70000004768,pvp,player_1,player_2,432.333,155.111,451.373,421.782,154.155,257.364,stay,stay,2,2
1775924143883,3599,130719.30000007153,pvp,player_1,player_2,432.333,151.333,453.943,426.071,154.155,257.364,stay,stay,2,2
1775924143883,3600,130735.70000004768,pvp,player_1,player_2,432.333,147.75,456.512,430.361,154.155,257.364,stay,stay,2,2
1775924143883,3601,130752.80000007153,pvp,player_1,player_2,432.333,144.361,459.081,434.65,154.155,257.364,stay,stay,2,2
1775924143883,3602,130768.39999997616,pvp,player_1,player_2,432.333,141.167,461.65,438.94,154.155,257.364,stay,stay,2,2
1775924143883,3603,130785.80000007153,pvp,player_1,player_2,432.333,138.167,464.22,443.229,154.155,257.364,stay,stay,2,2
1775924143883,3604,130802.39999997616,pvp,player_1,player_2,432.333,135.361,466.789,447.518,154.155,257.364,stay,stay,2,2
1775924143883,3605,130818.39999997616,pvp,player_1,player_2,432.333,132.75,469.358,451.808,154.155,257.364,stay,stay,2,2
1775924143883,3606,130835.70000004768,pvp,player_1,player_2,432.333,130.333,471.927,456.097,154.155,257.364,stay,stay,2,2
1775924143883,3607,130852,pvp,player_1,player_2,432.333,128.111,474.497,460.387,154.155,257.364,stay,stay,2,2
1775924143883,3608,130868.70000004768,pvp,player_1,player_2,432.333,126.083,477.066,464.676,154.155,257.364,stay,stay,2,2
1775924143883,3609,130885.80000007153,pvp,player_1,player_2,432.333,124.25,479.635,468.965,154.155,257.364,stay,stay,2,2
1775924143883,3610,130902.60000002384,pvp,player_1,player_2,432.333,122.611,482.205,473.255,154.155,257.364,stay,stay,2,2
1775924143883,3611,130919.30000007153,pvp,player_1,player_2,432.333,121.167,484.774,477.544,154.155,257.364,stay,stay,2,2
1775924143883,3612,130935.89999997616,pvp,player_1,player_2,432.333,119.917,487.343,481.834,154.155,257.364,stay,stay,2,2
1775924143883,3613,130952.30000007153,pvp,player_1,player_2,432.333,118.861,489.912,486.123,154.155,257.364,stay,stay,2,2
1775924143883,3614,130969.30000007153,pvp,player_1,player_2,432.333,118,492.482,490.412,154.155,257.364,stay,stay,2,2
1775924143883,3615,130986.30000007153,pvp,player_1,player_2,432.333,117.333,495.051,494.702,154.155,257.364,stay,stay,2,2
1775924143883,3616,131002.30000007153,pvp,player_1,player_2,432.333,116.861,497.62,498.991,154.155,257.364,stay,stay,2,2
1775924143883,3617,131018.70000004768,pvp,player_1,player_2,432.333,116.583,500.189,503.281,154.155,257.364,stay,stay,2,2
1775924143883,3618,131035.5,pvp,player_1,player_2,432.333,116.583,502.759,507.57,154.155,257.364,stay,stay,2,2
1775924143883,3619,131052.39999997616,pvp,player_1,player_2,432.333,116.583,505.328,511.859,154.155,257.364,stay,stay,2,2
1775924143883,3620,131068.80000007153,pvp,player_1,player_2,432.333,116.583,507.897,516.149,154.155,257.364,stay,stay,2,2
1775924143883,3621,131085.80000007153,pvp,player_1,player_2,432.333,116.583,510.466,520.438,154.155,257.364,stay,stay,2,2
1775924143883,3622,131102.70000004768,pvp,player_1,player_2,432.333,116.583,513.036,524.727,154.155,257.364,stay,stay,2,2
1775924143883,3623,131119.20000004768,pvp,player_1,player_2,432.333,116.583,515.605,529.017,154.155,257.364,stay,stay,2,2
1775924143883,3624,131135.60000002384,pvp,player_1,player_2,432.333,116.583,518.174,530,154.155,-257.364,stay,stay,2,2
1775924143883,3625,131152.80000007153,pvp,player_1,player_2,432.333,116.583,520.743,525.711,154.155,-257.364,stay,stay,2,2
1775924143883,3626,131169.10000002384,pvp,player_1,player_2,432.333,116.583,523.313,521.421,154.155,-257.364,stay,stay,2,2
1775924143883,3627,131186.10000002384,pvp,player_1,player_2,432.333,116.583,525.882,517.132,154.155,-257.364,stay,stay,2,2
1775924143883,3628,131202.60000002384,pvp,player_1,player_2,432.333,116.583,528.451,512.842,154.155,-257.364,stay,stay,2,2
1775924143883,3629,131219.20000004768,pvp,player_1,player_2,432.333,116.583,531.02,508.553,154.155,-257.364,stay,stay,2,2
1775924143883,3630,131235.60000002384,pvp,player_1,player_2,432.333,116.583,533.59,504.264,154.155,-257.364,stay,stay,2,2
1775924143883,3631,131252.60000002384,pvp,player_1,player_2,432.333,116.583,536.159,499.974,154.155,-257.364,stay,stay,2,2
1775924143883,3632,131269.10000002384,pvp,player_1,player_2,432.333,116.583,538.728,495.685,154.155,-257.364,stay,stay,2,2
1775924143883,3633,131285.39999997616,pvp,player_1,player_2,432.333,116.583,541.297,491.395,154.155,-257.364,stay,stay,2,2
1775924143883,3634,131302.39999997616,pvp,player_1,player_2,432.333,116.583,543.867,487.106,154.155,-257.364,stay,stay,2,2
1775924143883,3635,131318.60000002384,pvp,player_1,player_2,432.333,116.583,546.436,482.817,154.155,-257.364,stay,stay,2,2
1775924143883,3636,131335.70000004768,pvp,player_1,player_2,432.333,116.583,549.005,478.527,154.155,-257.364,stay,stay,2,2
1775924143883,3637,131352,pvp,player_1,player_2,432.333,116.583,551.574,474.238,154.155,-257.364,stay,stay,2,2
1775924143883,3638,131368.5,pvp,player_1,player_2,432.333,116.583,554.144,469.948,154.155,-257.364,stay,stay,2,2
1775924143883,3639,131385.80000007153,pvp,player_1,player_2,432.333,116.583,556.713,465.659,154.155,-257.364,stay,stay,2,2
1775924143883,3640,131401.70000004768,pvp,player_1,player_2,432.333,116.583,559.282,461.37,154.155,-257.364,stay,stay,2,2
1775924143883,3641,131418.30000007153,pvp,player_1,player_2,432.333,116.583,561.851,457.08,154.155,-257.364,stay,stay,2,2
1775924143883,3642,131435.30000007153,pvp,player_1,player_2,432.333,116.583,564.421,452.791,154.155,-257.364,stay,stay,2,2
1775924143883,3643,131452.30000007153,pvp,player_1,player_2,432.333,116.583,566.99,448.501,154.155,-257.364,stay,stay,2,2
1775924143883,3644,131469.20000004768,pvp,player_1,player_2,432.333,116.583,569.559,444.212,154.155,-257.364,stay,stay,2,2
1775924143883,3645,131485.80000007153,pvp,player_1,player_2,432.333,116.583,572.129,439.923,154.155,-257.364,stay,stay,2,2
1775924143883,3646,131502.70000004768,pvp,player_1,player_2,432.333,116.583,574.698,435.633,154.155,-257.364,stay,stay,2,2
1775924143883,3647,131519,pvp,player_1,player_2,432.333,116.583,577.267,431.344,154.155,-257.364,stay,stay,2,2
1775924143883,3648,131535.89999997616,pvp,player_1,player_2,432.333,116.583,579.836,427.055,154.155,-257.364,stay,stay,2,2
1775924143883,3649,131552.30000007153,pvp,player_1,player_2,432.333,116.583,582.406,422.765,154.155,-257.364,stay,stay,2,2
1775924143883,3650,131568.80000007153,pvp,player_1,player_2,432.333,116.583,584.975,418.476,154.155,-257.364,stay,stay,2,2
1775924143883,3651,131585.39999997616,pvp,player_1,player_2,432.333,116.583,587.544,414.186,154.155,-257.364,stay,stay,2,2
1775924143883,3652,131602.10000002384,pvp,player_1,player_2,432.333,116.583,590.113,409.897,154.155,-257.364,stay,stay,2,2
1775924143883,3653,131618.80000007153,pvp,player_1,player_2,432.333,116.583,592.683,405.608,154.155,-257.364,stay,stay,2,2
1775924143883,3654,131635.70000004768,pvp,player_1,player_2,432.333,116.583,595.252,401.318,154.155,-257.364,stay,stay,2,2
1775924143883,3655,131652.80000007153,pvp,player_1,player_2,432.333,116.583,597.821,397.029,154.155,-257.364,stay,stay,2,2
1775924143883,3656,131669,pvp,player_1,player_2,432.333,116.583,600.39,392.739,154.155,-257.364,stay,stay,2,2
1775924143883,3657,131686.20000004768,pvp,player_1,player_2,432.333,116.583,602.96,388.45,154.155,-257.364,stay,stay,2,2
1775924143883,3658,131702.60000002384,pvp,player_1,player_2,432.333,116.583,605.529,384.161,154.155,-257.364,stay,stay,2,2
1775924143883,3659,131718.80000007153,pvp,player_1,player_2,432.333,116.583,608.098,379.871,154.155,-257.364,stay,stay,2,2
1775924143883,3660,131736.10000002384,pvp,player_1,player_2,432.333,116.583,610.667,375.582,154.155,-257.364,stay,stay,2,2
1775924143883,3661,131752.39999997616,pvp,player_1,player_2,432.333,116.583,613.237,371.292,154.155,-257.364,stay,stay,2,2
1775924143883,3662,131768.5,pvp,player_1,player_2,432.333,116.583,615.806,367.003,154.155,-257.364,stay,stay,2,2
1775924143883,3663,131785.89999997616,pvp,player_1,player_2,432.333,116.583,618.375,362.714,154.155,-257.364,stay,stay,2,2
1775924143883,3664,131802.10000002384,pvp,player_1,player_2,432.333,116.583,620.944,358.424,154.155,-257.364,stay,stay,2,2
1775924143883,3665,131818.60000002384,pvp,player_1,player_2,432.333,116.583,623.514,354.135,154.155,-257.364,stay,stay,2,2
1775924143883,3666,131835.5,pvp,player_1,player_2,432.333,116.583,626.083,349.845,154.155,-257.364,stay,stay,2,2
1775924143883,3667,131851.70000004768,pvp,player_1,player_2,432.333,116.583,628.652,345.556,154.155,-257.364,stay,stay,2,2
1775924143883,3668,131868.89999997616,pvp,player_1,player_2,432.333,116.583,631.221,341.267,154.155,-257.364,stay,stay,2,2
1775924143883,3669,131885.89999997616,pvp,player_1,player_2,432.333,116.583,633.791,336.977,154.155,-257.364,stay,stay,2,2
1775924143883,3670,131902,pvp,player_1,player_2,432.333,116.583,636.36,332.688,154.155,-257.364,stay,stay,2,2
1775924143883,3671,131918.70000004768,pvp,player_1,player_2,432.333,116.583,638.929,328.398,154.155,-257.364,stay,stay,2,2
1775924143883,3672,131936.10000002384,pvp,player_1,player_2,432.333,116.583,641.498,324.109,154.155,-257.364,stay,stay,2,2
1775924143883,3673,131952.5,pvp,player_1,player_2,432.333,116.583,644.068,319.82,154.155,-257.364,stay,stay,2,2
1775924143883,3674,131969.10000002384,pvp,player_1,player_2,432.333,116.583,646.637,315.53,154.155,-257.364,stay,stay,2,2
1775924143883,3675,131985.89999997616,pvp,player_1,player_2,432.333,116.583,649.206,311.241,154.155,-257.364,stay,stay,2,2
1775924143883,3676,132002.80000007153,pvp,player_1,player_2,432.333,116.583,651.775,306.951,154.155,-257.364,stay,stay,2,2
1775924143883,3677,132019,pvp,player_1,player_2,432.333,116.583,654.345,302.662,154.155,-257.364,stay,stay,2,2
1775924143883,3678,132035.89999997616,pvp,player_1,player_2,432.333,116.583,656.914,298.373,154.155,-257.364,stay,stay,2,2
1775924143883,3679,132052.89999997616,pvp,player_1,player_2,432.333,116.583,659.483,294.083,154.155,-257.364,stay,stay,2,2
1775924143883,3680,132068.70000004768,pvp,player_1,player_2,432.333,116.583,662.053,289.794,154.155,-257.364,stay,stay,2,2
1775924143883,3681,132085.39999997616,pvp,player_1,player_2,432.333,116.583,664.622,285.504,154.155,-257.364,stay,stay,2,2
1775924143883,3682,132102.70000004768,pvp,player_1,player_2,432.333,116.583,667.191,281.215,154.155,-257.364,stay,stay,2,2
1775924143883,3683,132119.5,pvp,player_1,player_2,432.333,116.583,669.76,276.926,154.155,-257.364,stay,stay,2,2
1775924143883,3684,132135.80000007153,pvp,player_1,player_2,432.333,116.583,672.33,272.636,154.155,-257.364,stay,stay,2,2
1775924143883,3685,132152,pvp,player_1,player_2,432.333,116.583,674.899,268.347,154.155,-257.364,stay,stay,2,2
1775924143883,3686,132169,pvp,player_1,player_2,432.333,116.583,677.468,264.057,154.155,-257.364,stay,stay,2,2
1775924143883,3687,132185.80000007153,pvp,player_1,player_2,432.333,116.583,680.037,259.768,154.155,-257.364,stay,stay,2,2
1775924143883,3688,132202.60000002384,pvp,player_1,player_2,432.333,116.583,682.607,255.479,154.155,-257.364,stay,stay,2,2
1775924143883,3689,132219.30000007153,pvp,player_1,player_2,432.333,116.583,685.176,251.189,154.155,-257.364,stay,stay,2,2
1775924143883,3690,132236,pvp,player_1,player_2,432.333,116.583,687.745,246.9,154.155,-257.364,stay,stay,2,2
1775924143883,3691,132252.39999997616,pvp,player_1,player_2,432.333,116.583,690.314,242.61,154.155,-257.364,stay,stay,2,2
1775924143883,3692,132268.89999997616,pvp,player_1,player_2,432.333,116.583,692.884,238.321,154.155,-257.364,stay,stay,2,2
1775924143883,3693,132285.70000004768,pvp,player_1,player_2,432.333,116.583,695.453,234.032,154.155,-257.364,stay,stay,2,2
1775924143883,3694,132302.30000007153,pvp,player_1,player_2,432.333,116.583,698.022,229.742,154.155,-257.364,stay,stay,2,2
1775924143883,3695,132319.20000004768,pvp,player_1,player_2,432.333,116.583,700.591,225.453,154.155,-257.364,stay,stay,2,2
1775924143883,3696,132335.89999997616,pvp,player_1,player_2,432.333,116.583,703.161,221.164,154.155,-257.364,stay,stay,2,2
1775924143883,3697,132352.39999997616,pvp,player_1,player_2,432.333,116.583,705.73,216.874,154.155,-257.364,stay,stay,2,2
1775924143883,3698,132369,pvp,player_1,player_2,432.333,116.583,708.299,212.585,154.155,-257.364,stay,stay,2,2
1775924143883,3699,132385.60000002384,pvp,player_1,player_2,432.333,116.583,710.868,208.295,154.155,-257.364,stay,stay,2,2
1775924143883,3700,132402.70000004768,pvp,player_1,player_2,432.333,116.583,713.438,204.006,154.155,-257.364,stay,stay,2,2
1775924143883,3701,132419,pvp,player_1,player_2,432.333,116.583,716.007,199.717,154.155,-257.364,stay,stay,2,2
1775924143883,3702,132436.10000002384,pvp,player_1,player_2,432.333,116.583,718.576,195.427,154.155,-257.364,stay,stay,2,2
1775924143883,3703,132452.39999997616,pvp,player_1,player_2,432.333,116.583,721.145,191.138,154.155,-257.364,stay,stay,2,2
1775924143883,3704,132468.89999997616,pvp,player_1,player_2,432.333,116.583,723.715,186.848,154.155,-257.364,stay,stay,2,2
1775924143883,3705,132485.70000004768,pvp,player_1,player_2,432.333,116.583,726.284,182.559,154.155,-257.364,stay,stay,2,2
1775924143883,3706,132502.60000002384,pvp,player_1,player_2,432.333,116.583,728.853,178.27,154.155,-257.364,stay,stay,2,2
1775924143883,3707,132519.10000002384,pvp,player_1,player_2,432.333,116.583,731.422,173.98,154.155,-257.364,stay,stay,2,2
1775924143883,3708,132536.20000004768,pvp,player_1,player_2,432.333,116.583,733.992,169.691,154.155,-257.364,stay,stay,2,2
1775924143883,3709,132552.39999997616,pvp,player_1,player_2,432.333,116.583,736.561,165.401,154.155,-257.364,stay,stay,2,2
1775924143883,3710,132568.70000004768,pvp,player_1,player_2,432.333,116.583,739.13,161.112,154.155,-257.364,stay,stay,2,2
1775924143883,3711,132585.89999997616,pvp,player_1,player_2,432.333,116.583,741.7,156.823,154.155,-257.364,stay,stay,2,2
1775924143883,3712,132601.89999997616,pvp,player_1,player_2,432.333,116.583,744.269,152.533,154.155,-257.364,stay,stay,2,2
1775924143883,3713,132619.10000002384,pvp,player_1,player_2,432.333,116.583,746.838,148.244,154.155,-257.364,stay,stay,2,2
1775924143883,3714,132636,pvp,player_1,player_2,432.333,116.583,749.407,143.954,154.155,-257.364,stay,stay,2,2
1775924143883,3715,132652.5,pvp,player_1,player_2,432.333,116.583,751.977,139.665,154.155,-257.364,stay,stay,2,2
1775924143883,3716,132669.10000002384,pvp,player_1,player_2,432.333,116.583,754.546,135.376,154.155,-257.364,stay,stay,2,2
1775924143883,3717,132685.80000007153,pvp,player_1,player_2,432.333,116.583,757.115,131.086,154.155,-257.364,stay,stay,2,2
1775924143883,3718,132702.5,pvp,player_1,player_2,432.333,116.583,759.684,126.797,154.155,-257.364,stay,stay,2,2
1775924143883,3719,132719.30000007153,pvp,player_1,player_2,432.333,116.583,762.254,122.507,154.155,-257.364,stay,stay,2,2
1775924143883,3720,132736.20000004768,pvp,player_1,player_2,432.333,116.583,764.823,118.218,154.155,-257.364,stay,stay,2,2
1775924143883,3721,132752.60000002384,pvp,player_1,player_2,432.333,116.583,767.392,113.929,154.155,-257.364,stay,stay,2,2
1775924143883,3722,132768.5,pvp,player_1,player_2,432.333,116.583,769.961,109.639,154.155,-257.364,stay,stay,2,2
1775924143883,3723,132785,pvp,player_1,player_2,432.333,116.583,772.531,105.35,154.155,-257.364,stay,stay,2,2
1775924143883,3724,132802,pvp,player_1,player_2,432.333,116.583,775.1,101.06,154.155,-257.364,stay,stay,2,2
1775924143883,3725,132818.5,pvp,player_1,player_2,432.333,116.583,777.669,96.771,154.155,-257.364,stay,stay,2,2
1775924143883,3726,132835.30000007153,pvp,player_1,player_2,432.333,116.583,780.238,92.482,154.155,-257.364,stay,stay,2,2
1775924143883,3727,132851.89999997616,pvp,player_1,player_2,432.333,116.583,782.808,88.192,154.155,-257.364,stay,stay,2,2
1775924143883,3728,132869.10000002384,pvp,player_1,player_2,432.333,116.583,785.377,83.903,154.155,-257.364,stay,stay,2,2
1775924143883,3729,132885.70000004768,pvp,player_1,player_2,432.333,116.583,787.946,79.613,154.155,-257.364,stay,stay,2,2
1775924143883,3730,132902.70000004768,pvp,player_1,player_2,432.333,116.583,790.515,75.324,154.155,-257.364,stay,stay,2,2
1775924143883,3731,132919.30000007153,pvp,player_1,player_2,432.333,116.583,793.085,71.035,154.155,-257.364,stay,stay,2,2
1775924143883,3732,132936,pvp,player_1,player_2,432.333,116.583,795.654,66.745,154.155,-257.364,stay,stay,2,2
1775924143883,3733,132952.30000007153,pvp,player_1,player_2,432.333,116.583,798.223,62.456,154.155,-257.364,stay,stay,2,2
1775924143883,3734,132969.20000004768,pvp,player_1,player_2,432.333,116.583,800.792,58.166,154.155,-257.364,stay,stay,2,2
1775924143883,3735,132986.10000002384,pvp,player_1,player_2,432.333,116.583,803.362,53.877,154.155,-257.364,stay,stay,2,2
1775924143883,3736,133002.70000004768,pvp,player_1,player_2,432.333,116.583,805.931,49.588,154.155,-257.364,stay,stay,2,2
1775924143883,3737,133019.89999997616,pvp,player_1,player_2,432.333,116.583,808.5,45.298,154.155,-257.364,stay,stay,2,2
1775924143883,3738,133035.10000002384,pvp,player_1,player_2,432.333,116.583,811.069,41.009,154.155,-257.364,stay,stay,2,2
1775924143883,3739,133052,pvp,player_1,player_2,432.333,116.583,813.639,36.719,154.155,-257.364,stay,stay,2,2
1775924143883,3740,133068.60000002384,pvp,player_1,player_2,432.333,116.583,816.208,32.43,154.155,-257.364,stay,stay,2,2
1775924143883,3741,133085.30000007153,pvp,player_1,player_2,432.333,116.583,818.777,28.141,154.155,-257.364,stay,stay,2,2
1775924143883,3742,133102.20000004768,pvp,player_1,player_2,432.333,116.583,821.346,23.851,154.155,-257.364,stay,stay,2,2
1775924143883,3743,133118.89999997616,pvp,player_1,player_2,432.333,116.583,823.916,19.562,154.155,-257.364,stay,stay,2,2
1775924143883,3744,133135.89999997616,pvp,player_1,player_2,432.333,116.583,826.485,15.273,154.155,-257.364,stay,stay,2,2
1775924143883,3745,133152.60000002384,pvp,player_1,player_2,432.333,116.583,829.054,10.983,154.155,-257.364,stay,stay,2,2
1775924143883,3746,133169.30000007153,pvp,player_1,player_2,432.333,116.583,831.624,10,154.155,257.364,stay,stay,2,2
1775924143883,3747,133185.80000007153,pvp,player_1,player_2,432.333,116.583,834.193,14.289,154.155,257.364,stay,stay,2,2
1775924143883,3748,133202.5,pvp,player_1,player_2,432.333,116.583,836.762,18.579,154.155,257.364,stay,stay,2,2
1775924143883,3749,133219.10000002384,pvp,player_1,player_2,432.333,116.583,839.331,22.868,154.155,257.364,stay,stay,2,2
1775924143883,3750,133236,pvp,player_1,player_2,432.333,116.583,841.901,27.158,154.155,257.364,stay,stay,2,2
1775924143883,3751,133252.30000007153,pvp,player_1,player_2,432.333,116.583,844.47,31.447,154.155,257.364,stay,stay,2,2
1775924143883,3752,133269.20000004768,pvp,player_1,player_2,432.333,116.583,847.039,35.736,154.155,257.364,stay,stay,2,2
1775924143883,3753,133285.70000004768,pvp,player_1,player_2,432.333,116.583,849.608,40.026,154.155,257.364,stay,stay,2,2
1775924143883,3754,133302.60000002384,pvp,player_1,player_2,432.333,116.583,852.178,44.315,154.155,257.364,stay,stay,2,2
1775924143883,3755,133318.80000007153,pvp,player_1,player_2,432.333,116.583,854.747,48.605,154.155,257.364,stay,stay,2,2
1775924143883,3756,133335.60000002384,pvp,player_1,player_2,432.333,116.583,857.316,52.894,154.155,257.364,stay,stay,2,2
1775924143883,3757,133352.39999997616,pvp,player_1,player_2,432.333,116.583,859.885,57.183,154.155,257.364,stay,stay,2,2
1775924143883,3758,133369.10000002384,pvp,player_1,player_2,432.333,116.583,862.455,61.473,154.155,257.364,stay,stay,2,2
1775924143883,3759,133385.60000002384,pvp,player_1,player_2,432.333,116.583,865.024,65.762,154.155,257.364,stay,stay,2,2
1775924143883,3760,133402.60000002384,pvp,player_1,player_2,432.333,116.583,867.593,70.052,154.155,257.364,stay,stay,2,2
1775924143883,3761,133419.10000002384,pvp,player_1,player_2,432.333,116.583,870.162,74.341,154.155,257.364,stay,stay,2,2
1775924143883,3762,133435.80000007153,pvp,player_1,player_2,432.333,116.583,872.732,78.63,154.155,257.364,stay,stay,2,2
1775924143883,3763,133452.5,pvp,player_1,player_2,432.333,116.583,875.301,82.92,154.155,257.364,stay,stay,2,2
1775924143883,3764,133469,pvp,player_1,player_2,432.333,116.839,877.87,87.209,154.155,257.364,stay,down,2,2
1775924143883,3765,133485.89999997616,pvp,player_1,player_2,432.333,117.35,880.439,91.499,154.155,257.364,stay,down,2,2
1775924143883,3766,133502.89999997616,pvp,player_1,player_2,432.333,118.117,883.009,95.788,154.155,257.364,stay,down,2,2
1775924143883,3767,133519,pvp,player_1,player_2,432.333,119.139,885.578,100.077,154.155,257.364,stay,down,2,2
1775924143883,3768,133535.60000002384,pvp,player_1,player_2,432.333,120.417,888.147,104.367,154.155,257.364,stay,down,2,2
1775924143883,3769,133552.10000002384,pvp,player_1,player_2,432.333,121.5,890.716,108.656,154.155,257.364,stay,stay,2,2
1775924143883,3770,133568.80000007153,pvp,player_1,player_2,432.333,122.389,893.286,112.945,154.155,257.364,stay,stay,2,2
1775924143883,3771,133585.5,pvp,player_1,player_2,432.333,123.083,895.855,117.235,154.155,257.364,stay,stay,2,2
1775924143883,3772,133601.60000002384,pvp,player_1,player_2,432.333,123.583,898.424,121.524,154.155,257.364,stay,stay,2,2
1775924143883,3773,133619.10000002384,pvp,player_1,player_2,432.333,123.722,900.993,125.814,154.155,257.364,stay,up,2,2
1775924143883,3774,133635.5,pvp,player_1,player_2,432.333,123.5,903.563,130.103,154.155,257.364,stay,up,2,2
1775924143883,3775,133652.5,pvp,player_1,player_2,432.333,123.022,906.132,134.392,154.155,257.364,stay,up,2,2
1775924143883,3776,133669.10000002384,pvp,player_1,player_2,432.333,122.289,908.701,138.682,154.155,257.364,stay,up,2,2
1775924143883,3777,133685.80000007153,pvp,player_1,player_2,432.333,121.3,911.27,142.971,154.155,257.364,stay,up,2,2
1775924143883,3778,133702.39999997616,pvp,player_1,player_2,432.333,120.056,912,147.261,-282.123,-151.018,stay,up,2,2
1775924143883,3779,133718.80000007153,pvp,player_1,player_2,432.333,118.556,907.298,144.744,-282.123,-151.018,stay,up,2,2
1775924143883,3780,133735.60000002384,pvp,player_1,player_2,432.333,116.8,902.596,142.227,-282.123,-151.018,stay,up,2,2
1775924143883,3781,133752.39999997616,pvp,player_1,player_2,432.333,114.789,897.894,139.71,-282.123,-151.018,stay,up,2,2
1775924143883,3782,133768.60000002384,pvp,player_1,player_2,432.333,112.522,893.192,137.193,-282.123,-151.018,stay,up,2,2
1775924143883,3783,133785.10000002384,pvp,player_1,player_2,432.333,110,888.49,134.676,-282.123,-151.018,stay,up,2,2
1775924143883,3784,133802.10000002384,pvp,player_1,player_2,432.333,107.222,883.788,132.159,-282.123,-151.018,stay,up,2,2
1775924143883,3785,133818.39999997616,pvp,player_1,player_2,432.333,104.189,879.086,129.642,-282.123,-151.018,stay,up,2,2
1775924143883,3786,133835,pvp,player_1,player_2,432.333,100.9,874.384,127.125,-282.123,-151.018,stay,up,2,2
1775924143883,3787,133851.70000004768,pvp,player_1,player_2,432.333,97.356,869.682,124.608,-282.123,-151.018,stay,up,2,2
1775924143883,3788,133868.39999997616,pvp,player_1,player_2,432.333,94.006,864.979,122.091,-282.123,-151.018,stay,stay,2,2
1775924143883,3789,133885,pvp,player_1,player_2,432.333,90.85,860.277,119.574,-282.123,-151.018,stay,stay,2,2
1775924143883,3790,133902.60000002384,pvp,player_1,player_2,432.333,87.889,855.575,117.057,-282.123,-151.018,stay,stay,2,2
1775924143883,3791,133919.30000007153,pvp,player_1,player_2,432.333,85.289,850.873,114.54,-282.123,-151.018,stay,down,2,2
1775924143883,3792,133936.10000002384,pvp,player_1,player_2,432.333,83.05,846.171,112.023,-282.123,-151.018,stay,down,2,2
1775924143883,3793,133952.5,pvp,player_1,player_2,432.333,81.172,841.469,109.506,-282.123,-151.018,stay,down,2,2
1775924143883,3794,133969.10000002384,pvp,player_1,player_2,432.333,79.656,836.767,106.989,-282.123,-151.018,stay,down,2,2
1775924143883,3795,133985.70000004768,pvp,player_1,player_2,432.333,78.5,832.065,104.472,-282.123,-151.018,stay,down,2,2
1775924143883,3796,134002.5,pvp,player_1,player_2,432.333,77.706,827.363,101.955,-282.123,-151.018,stay,down,2,2
1775924143883,3797,134019.20000004768,pvp,player_1,player_2,432.333,77.272,822.661,99.438,-282.123,-151.018,stay,down,2,2
1775924143883,3798,134035.39999997616,pvp,player_1,player_2,432.333,77.033,817.959,96.921,-282.123,-151.018,stay,stay,2,2
1775924143883,3799,134052.5,pvp,player_1,player_2,432.333,77.033,813.257,94.404,-282.123,-151.018,stay,stay,2,2
1775924143883,3800,134068.5,pvp,player_1,player_2,432.333,77.033,808.555,91.887,-282.123,-151.018,stay,stay,2,2
1775924143883,3801,134085.60000002384,pvp,player_1,player_2,432.333,77.033,803.853,89.37,-282.123,-151.018,stay,stay,2,2
1775924143883,3802,134102.30000007153,pvp,player_1,player_2,432.333,77.033,799.151,86.853,-282.123,-151.018,stay,stay,2,2
1775924143883,3803,134119,pvp,player_1,player_2,432.333,77.033,794.449,84.336,-282.123,-151.018,stay,stay,2,2
1775924143883,3804,134135.80000007153,pvp,player_1,player_2,432.333,77.033,789.747,81.819,-282.123,-151.018,stay,stay,2,2
1775924143883,3805,134152.5,pvp,player_1,player_2,432.333,77.033,785.045,79.303,-282.123,-151.018,stay,stay,2,2
1775924143883,3806,134169.39999997616,pvp,player_1,player_2,432.333,77.033,780.342,76.786,-282.123,-151.018,stay,stay,2,2
1775924143883,3807,134185.89999997616,pvp,player_1,player_2,432.333,77.033,775.64,74.269,-282.123,-151.018,stay,stay,2,2
1775924143883,3808,134202.39999997616,pvp,player_1,player_2,432.333,77.033,770.938,71.752,-282.123,-151.018,stay,stay,2,2
1775924143883,3809,134219.20000004768,pvp,player_1,player_2,432.333,77.033,766.236,69.235,-282.123,-151.018,stay,stay,2,2
1775924143883,3810,134236,pvp,player_1,player_2,432.333,77.033,761.534,66.718,-282.123,-151.018,stay,stay,2,2
1775924143883,3811,134252.20000004768,pvp,player_1,player_2,432.333,77.033,756.832,64.201,-282.123,-151.018,stay,stay,2,2
1775924143883,3812,134269.20000004768,pvp,player_1,player_2,432.333,77.033,752.13,61.684,-282.123,-151.018,stay,stay,2,2
1775924143883,3813,134285.30000007153,pvp,player_1,player_2,432.333,77.033,747.428,59.167,-282.123,-151.018,stay,stay,2,2
1775924143883,3814,134302.30000007153,pvp,player_1,player_2,432.333,77.033,742.726,56.65,-282.123,-151.018,stay,stay,2,2
1775924143883,3815,134319.20000004768,pvp,player_1,player_2,432.333,77.033,738.024,54.133,-282.123,-151.018,stay,stay,2,2
1775924143883,3816,134335.70000004768,pvp,player_1,player_2,432.333,77.033,733.322,51.616,-282.123,-151.018,stay,stay,2,2
1775924143883,3817,134352.60000002384,pvp,player_1,player_2,432.333,77.033,728.62,49.099,-282.123,-151.018,stay,stay,2,2
1775924143883,3818,134368.80000007153,pvp,player_1,player_2,432.333,77.033,723.918,46.582,-282.123,-151.018,stay,stay,2,2
1775924143883,3819,134386,pvp,player_1,player_2,432.333,77.033,719.216,44.065,-282.123,-151.018,stay,stay,2,2
1775924143883,3820,134402.5,pvp,player_1,player_2,432.333,77.033,714.514,41.548,-282.123,-151.018,stay,stay,2,2
1775924143883,3821,134418.70000004768,pvp,player_1,player_2,432.333,77.033,709.812,39.031,-282.123,-151.018,stay,stay,2,2
1775924143883,3822,134435.89999997616,pvp,player_1,player_2,432.333,77.033,705.11,36.514,-282.123,-151.018,stay,stay,2,2
1775924143883,3823,134452.39999997616,pvp,player_1,player_2,432.333,77.033,700.408,33.997,-282.123,-151.018,stay,stay,2,2
1775924143883,3824,134469.20000004768,pvp,player_1,player_2,432.333,77.033,695.705,31.48,-282.123,-151.018,stay,stay,2,2
1775924143883,3825,134485.80000007153,pvp,player_1,player_2,432.333,77.033,691.003,28.963,-282.123,-151.018,stay,stay,2,2
1775924143883,3826,134502.39999997616,pvp,player_1,player_2,432.333,77.033,686.301,26.446,-282.123,-151.018,stay,stay,2,2
1775924143883,3827,134518.70000004768,pvp,player_1,player_2,432.333,77.033,681.599,23.929,-282.123,-151.018,stay,stay,2,2
1775924143883,3828,134535.70000004768,pvp,player_1,player_2,432.333,77.033,676.897,21.412,-282.123,-151.018,stay,stay,2,2
1775924143883,3829,134552.39999997616,pvp,player_1,player_2,432.333,77.033,672.195,18.895,-282.123,-151.018,stay,stay,2,2
1775924143883,3830,134568.89999997616,pvp,player_1,player_2,432.333,77.033,667.493,16.378,-282.123,-151.018,stay,stay,2,2
1775924143883,3831,134585.89999997616,pvp,player_1,player_2,432.333,77.033,662.791,13.861,-282.123,-151.018,stay,stay,2,2
1775924143883,3832,134602.39999997616,pvp,player_1,player_2,432.333,77.033,658.089,11.344,-282.123,-151.018,stay,stay,2,2
1775924143883,3833,134618.89999997616,pvp,player_1,player_2,432.333,77.033,653.387,10,-282.123,151.018,stay,stay,2,2
1775924143883,3834,134635.60000002384,pvp,player_1,player_2,432.333,77.033,648.685,12.517,-282.123,151.018,stay,stay,2,2
1775924143883,3835,134652.70000004768,pvp,player_1,player_2,432.333,77.033,643.983,15.034,-282.123,151.018,stay,stay,2,2
1775924143883,3836,134669,pvp,player_1,player_2,432.333,77.033,639.281,17.551,-282.123,151.018,stay,stay,2,2
1775924143883,3837,134685.89999997616,pvp,player_1,player_2,432.333,77.033,634.579,20.068,-282.123,151.018,stay,stay,2,2
1775924143883,3838,134702.70000004768,pvp,player_1,player_2,432.333,77.033,629.877,22.585,-282.123,151.018,stay,stay,2,2
1775924143883,3839,134719.20000004768,pvp,player_1,player_2,432.333,77.033,625.175,25.102,-282.123,151.018,stay,stay,2,2
1775924143883,3840,134735.80000007153,pvp,player_1,player_2,432.333,77.033,620.473,27.619,-282.123,151.018,stay,stay,2,2
1775924143883,3841,134752.39999997616,pvp,player_1,player_2,432.333,77.033,615.771,30.136,-282.123,151.018,stay,stay,2,2
1775924143883,3842,134768.60000002384,pvp,player_1,player_2,432.333,77.033,611.069,32.653,-282.123,151.018,stay,stay,2,2
1775924143883,3843,134785.89999997616,pvp,player_1,player_2,432.333,77.033,606.366,35.17,-282.123,151.018,stay,stay,2,2
1775924143883,3844,134802.5,pvp,player_1,player_2,432.333,77.033,601.664,37.687,-282.123,151.018,stay,stay,2,2
1775924143883,3845,134819.10000002384,pvp,player_1,player_2,432.333,77.033,596.962,40.204,-282.123,151.018,stay,stay,2,2
1775924143883,3846,134835.80000007153,pvp,player_1,player_2,432.333,77.033,592.26,42.721,-282.123,151.018,stay,stay,2,2
1775924143883,3847,134851.70000004768,pvp,player_1,player_2,432.333,77.033,587.558,45.238,-282.123,151.018,stay,stay,2,2
1775924143883,3848,134868.60000002384,pvp,player_1,player_2,432.333,77.033,582.856,47.755,-282.123,151.018,stay,stay,2,2
1775924143883,3849,134884.89999997616,pvp,player_1,player_2,432.333,77.033,578.154,50.271,-282.123,151.018,stay,stay,2,2
1775924143883,3850,134901.89999997616,pvp,player_1,player_2,432.333,77.033,573.452,52.788,-282.123,151.018,stay,stay,2,2
1775924143883,3851,134918.5,pvp,player_1,player_2,432.333,77.033,568.75,55.305,-282.123,151.018,stay,stay,2,2
1775924143883,3852,134935.80000007153,pvp,player_1,player_2,432.333,77.033,564.048,57.822,-282.123,151.018,stay,stay,2,2
1775924143883,3853,134952.5,pvp,player_1,player_2,432.333,77.033,559.346,60.339,-282.123,151.018,stay,stay,2,2
1775924143883,3854,134969,pvp,player_1,player_2,432.333,77.033,554.644,62.856,-282.123,151.018,stay,stay,2,2
1775924143883,3855,134986,pvp,player_1,player_2,432.333,77.033,549.942,65.373,-282.123,151.018,stay,stay,2,2
1775924143883,3856,135002.39999997616,pvp,player_1,player_2,432.333,77.033,545.24,67.89,-282.123,151.018,stay,stay,2,2
1775924143883,3857,135019.39999997616,pvp,player_1,player_2,432.333,77.033,540.538,70.407,-282.123,151.018,stay,stay,2,2
1775924143883,3858,135035.20000004768,pvp,player_1,player_2,432.333,77.033,535.836,72.924,-282.123,151.018,stay,stay,2,2
1775924143883,3859,135052.30000007153,pvp,player_1,player_2,432.333,77.033,531.134,75.441,-282.123,151.018,stay,stay,2,2
1775924143883,3860,135068.89999997616,pvp,player_1,player_2,432.333,77.033,526.432,77.958,-282.123,151.018,stay,stay,2,2
1775924143883,3861,135085.70000004768,pvp,player_1,player_2,432.333,77.033,521.729,80.475,-282.123,151.018,stay,stay,2,2
1775924143883,3862,135102.60000002384,pvp,player_1,player_2,432.333,77.033,517.027,82.992,-282.123,151.018,stay,stay,2,2
1775924143883,3863,135118.89999997616,pvp,player_1,player_2,432.333,77.033,512.325,85.509,-282.123,151.018,stay,stay,2,2
1775924143883,3864,135135.80000007153,pvp,player_1,player_2,432.333,77.033,507.623,88.026,-282.123,151.018,stay,stay,2,2
1775924143883,3865,135152.10000002384,pvp,player_1,player_2,432.333,77.033,502.921,90.543,-282.123,151.018,stay,stay,2,2
1775924143883,3866,135168.89999997616,pvp,player_1,player_2,432.333,77.033,498.219,93.06,-282.123,151.018,stay,stay,2,2
1775924143883,3867,135186.10000002384,pvp,player_1,player_2,432.333,77.033,493.517,95.577,-282.123,151.018,stay,stay,2,2
1775924143883,3868,135202.70000004768,pvp,player_1,player_2,432.333,77.033,488.815,98.094,-282.123,151.018,stay,stay,2,2
1775924143883,3869,135219.10000002384,pvp,player_1,player_2,432.333,77.033,484.113,100.611,-282.123,151.018,stay,stay,2,2
1775924143883,3870,135236,pvp,player_1,player_2,432.333,77.033,479.411,103.128,-282.123,151.018,stay,stay,2,2
1775924143883,3871,135252.30000007153,pvp,player_1,player_2,432.333,77.033,474.709,105.645,-282.123,151.018,stay,stay,2,2
1775924143883,3872,135269.10000002384,pvp,player_1,player_2,432.333,77.033,470.007,108.162,-282.123,151.018,stay,stay,2,2
1775924143883,3873,135285.80000007153,pvp,player_1,player_2,432.333,77.033,465.305,110.679,-282.123,151.018,stay,stay,2,2
1775924143883,3874,135302.30000007153,pvp,player_1,player_2,432.333,77.033,460.603,113.196,-282.123,151.018,stay,stay,2,2
1775924143883,3875,135318.89999997616,pvp,player_1,player_2,432.333,77.033,455.901,115.713,-282.123,151.018,stay,stay,2,2
1775924143883,3876,135335.60000002384,pvp,player_1,player_2,432.333,77.033,451.199,118.23,-282.123,151.018,stay,stay,2,2
1775924143883,3877,135351.89999997616,pvp,player_1,player_2,432.333,77.033,446.497,120.747,-282.123,151.018,stay,stay,2,2
1775924143883,3878,135368.80000007153,pvp,player_1,player_2,432.333,77.033,441.795,123.264,-282.123,151.018,stay,stay,2,2
1775924143883,3879,135385.60000002384,pvp,player_1,player_2,432.333,77.033,437.092,125.781,-282.123,151.018,stay,stay,2,2
1775924143883,3880,135402,pvp,player_1,player_2,432.333,77.033,432.39,128.297,-282.123,151.018,stay,stay,2,2
1775924143883,3881,135418.60000002384,pvp,player_1,player_2,432.333,77.033,427.688,130.814,-282.123,151.018,stay,stay,2,2
1775924143883,3882,135435.10000002384,pvp,player_1,player_2,432.333,77.033,422.986,133.331,-282.123,151.018,stay,stay,2,2
1775924143883,3883,135452,pvp,player_1,player_2,432.333,77.033,418.284,135.848,-282.123,151.018,stay,stay,2,2
1775924143883,3884,135469.39999997616,pvp,player_1,player_2,432.333,77.033,413.582,138.365,-282.123,151.018,stay,stay,2,2
1775924143883,3885,135485.80000007153,pvp,player_1,player_2,432.333,77.033,408.88,140.882,-282.123,151.018,stay,stay,2,2
1775924143883,3886,135502.80000007153,pvp,player_1,player_2,432.333,77.033,404.178,143.399,-282.123,151.018,stay,stay,2,2
1775924143883,3887,135519.30000007153,pvp,player_1,player_2,432.333,77.033,399.476,145.916,-282.123,151.018,stay,stay,2,2
1775924143883,3888,135535.70000004768,pvp,player_1,player_2,432.333,77.033,394.774,148.433,-282.123,151.018,stay,stay,2,2
1775924143883,3889,135552.20000004768,pvp,player_1,player_2,432.333,77.033,390.072,150.95,-282.123,151.018,stay,stay,2,2
1775924143883,3890,135568.70000004768,pvp,player_1,player_2,432.333,77.033,385.37,153.467,-282.123,151.018,stay,stay,2,2
1775924143883,3891,135585.60000002384,pvp,player_1,player_2,432.333,77.033,380.668,155.984,-282.123,151.018,stay,stay,2,2
1775924143883,3892,135602.5,pvp,player_1,player_2,432.333,77.033,375.966,158.501,-282.123,151.018,stay,stay,2,2
1775924143883,3893,135618.39999997616,pvp,player_1,player_2,432.333,77.033,371.264,161.018,-282.123,151.018,stay,stay,2,2
1775924143883,3894,135635,pvp,player_1,player_2,432.333,77.033,366.562,163.535,-282.123,151.018,stay,stay,2,2
1775924143883,3895,135652.5,pvp,player_1,player_2,432.333,77.033,361.86,166.052,-282.123,151.018,stay,stay,2,2
1775924143883,3896,135668.5,pvp,player_1,player_2,432.333,77.033,357.158,168.569,-282.123,151.018,stay,stay,2,2
1775924143883,3897,135685.70000004768,pvp,player_1,player_2,432.333,77.033,352.456,171.086,-282.123,151.018,stay,stay,2,2
1775924143883,3898,135702.5,pvp,player_1,player_2,432.333,77.033,347.753,173.603,-282.123,151.018,stay,stay,2,2
1775924143883,3899,135719.20000004768,pvp,player_1,player_2,432.333,77.033,343.051,176.12,-282.123,151.018,stay,stay,2,2
1775924143883,3900,135735.70000004768,pvp,player_1,player_2,432.333,77.033,338.349,178.637,-282.123,151.018,stay,stay,2,2
1775924143883,3901,135752.60000002384,pvp,player_1,player_2,432.333,77.033,333.647,181.154,-282.123,151.018,stay,stay,2,2
1775924143883,3902,135768.5,pvp,player_1,player_2,432.333,77.033,328.945,183.671,-282.123,151.018,stay,stay,2,2
1775924143883,3903,135786,pvp,player_1,player_2,432.333,77.033,324.243,186.188,-282.123,151.018,stay,stay,2,2
1775924143883,3904,135802.30000007153,pvp,player_1,player_2,432.333,77.033,319.541,188.705,-282.123,151.018,stay,stay,2,2
1775924143883,3905,135818.60000002384,pvp,player_1,player_2,432.333,77.033,314.839,191.222,-282.123,151.018,stay,stay,2,2
1775924143883,3906,135835.80000007153,pvp,player_1,player_2,432.333,77.033,310.137,193.739,-282.123,151.018,stay,stay,2,2
1775924143883,3907,135851.80000007153,pvp,player_1,player_2,432.333,77.033,305.435,196.256,-282.123,151.018,stay,stay,2,2
1775924143883,3908,135868.70000004768,pvp,player_1,player_2,432.333,77.033,300.733,198.773,-282.123,151.018,stay,stay,2,2
1775924143883,3909,135885.80000007153,pvp,player_1,player_2,432.333,77.033,296.031,201.29,-282.123,151.018,stay,stay,2,2
1775924143883,3910,135902.30000007153,pvp,player_1,player_2,432.333,77.033,291.329,203.807,-282.123,151.018,stay,stay,2,2
1775924143883,3911,135919,pvp,player_1,player_2,432.333,77.033,286.627,206.324,-282.123,151.018,stay,stay,2,2
1775924143883,3912,135935.80000007153,pvp,player_1,player_2,432.333,77.033,281.925,208.84,-282.123,151.018,stay,stay,2,2
1775924143883,3913,135952.60000002384,pvp,player_1,player_2,432.333,77.033,277.223,211.357,-282.123,151.018,stay,stay,2,2
1775924143883,3914,135969.20000004768,pvp,player_1,player_2,432.333,77.033,272.521,213.874,-282.123,151.018,stay,stay,2,2
1775924143883,3915,135985.10000002384,pvp,player_1,player_2,432.078,77.033,267.819,216.391,-282.123,151.018,up,stay,2,2
1775924143883,3916,136002.60000002384,pvp,player_1,player_2,431.567,77.033,263.116,218.908,-282.123,151.018,up,stay,2,2
1775924143883,3917,136019.30000007153,pvp,player_1,player_2,430.8,77.033,258.414,221.425,-282.123,151.018,up,stay,2,2
1775924143883,3918,136035.80000007153,pvp,player_1,player_2,429.778,77.033,253.712,223.942,-282.123,151.018,up,stay,2,2
1775924143883,3919,136052.20000004768,pvp,player_1,player_2,428.5,77.033,249.01,226.459,-282.123,151.018,up,stay,2,2
1775924143883,3920,136068.80000007153,pvp,player_1,player_2,426.967,77.033,244.308,228.976,-282.123,151.018,up,stay,2,2
1775924143883,3921,136085.80000007153,pvp,player_1,player_2,425.178,77.033,239.606,231.493,-282.123,151.018,up,stay,2,2
1775924143883,3922,136102.30000007153,pvp,player_1,player_2,423.133,77.033,234.904,234.01,-282.123,151.018,up,stay,2,2
1775924143883,3923,136118.80000007153,pvp,player_1,player_2,420.833,77.033,230.202,236.527,-282.123,151.018,up,stay,2,2
1775924143883,3924,136135.80000007153,pvp,player_1,player_2,418.278,77.033,225.5,239.044,-282.123,151.018,up,stay,2,2
1775924143883,3925,136152.5,pvp,player_1,player_2,415.467,77.033,220.798,241.561,-282.123,151.018,up,stay,2,2
1775924143883,3926,136169.20000004768,pvp,player_1,player_2,412.4,77.033,216.096,244.078,-282.123,151.018,up,stay,2,2
1775924143883,3927,136185.80000007153,pvp,player_1,player_2,409.078,77.033,211.394,246.595,-282.123,151.018,up,stay,2,2
1775924143883,3928,136202.5,pvp,player_1,player_2,405.5,77.033,206.692,249.112,-282.123,151.018,up,stay,2,2
1775924143883,3929,136219.20000004768,pvp,player_1,player_2,401.667,77.033,201.99,251.629,-282.123,151.018,up,stay,2,2
1775924143883,3930,136235.80000007153,pvp,player_1,player_2,397.578,77.033,197.288,254.146,-282.123,151.018,up,stay,2,2
1775924143883,3931,136252.5,pvp,player_1,player_2,393.233,77.033,192.586,256.663,-282.123,151.018,up,stay,2,2
1775924143883,3932,136269,pvp,player_1,player_2,388.633,77.033,187.884,259.18,-282.123,151.018,up,stay,2,2
1775924143883,3933,136285.80000007153,pvp,player_1,player_2,383.778,77.033,183.182,261.697,-282.123,151.018,up,stay,2,2
1775924143883,3934,136302.5,pvp,player_1,player_2,378.667,77.033,178.479,264.214,-282.123,151.018,up,stay,2,2
1775924143883,3935,136318.89999997616,pvp,player_1,player_2,373.3,77.033,173.777,266.731,-282.123,151.018,up,stay,2,2
1775924143883,3936,136335.39999997616,pvp,player_1,player_2,368.128,77.033,169.075,269.248,-282.123,151.018,stay,stay,2,2
1775924143883,3937,136352.5,pvp,player_1,player_2,363.15,77.033,164.373,271.765,-282.123,151.018,stay,stay,2,2
1775924143883,3938,136369.20000004768,pvp,player_1,player_2,358.367,77.033,159.671,274.282,-282.123,151.018,stay,stay,2,2
1775924143883,3939,136385.80000007153,pvp,player_1,player_2,353.778,77.033,154.969,276.799,-282.123,151.018,stay,stay,2,2
1775924143883,3940,136402.30000007153,pvp,player_1,player_2,349.383,77.033,150.267,279.316,-282.123,151.018,stay,stay,2,2
1775924143883,3941,136418.39999997616,pvp,player_1,player_2,345.183,77.033,145.565,281.833,-282.123,151.018,stay,stay,2,2
1775924143883,3942,136435.30000007153,pvp,player_1,player_2,341.178,77.033,140.863,284.35,-282.123,151.018,stay,stay,2,2
1775924143883,3943,136451.80000007153,pvp,player_1,player_2,337.367,77.033,136.161,286.866,-282.123,151.018,stay,stay,2,2
1775924143883,3944,136468.70000004768,pvp,player_1,player_2,333.75,77.033,131.459,289.383,-282.123,151.018,stay,stay,2,2
1775924143883,3945,136485.10000002384,pvp,player_1,player_2,330.328,77.033,126.757,291.9,-282.123,151.018,stay,stay,2,2
1775924143883,3946,136502.80000007153,pvp,player_1,player_2,327.1,77.033,122.055,294.417,-282.123,151.018,stay,stay,2,2
1775924143883,3947,136519.39999997616,pvp,player_1,player_2,324.067,77.033,117.353,296.934,-282.123,151.018,stay,stay,2,2
1775924143883,3948,136536,pvp,player_1,player_2,321.228,77.033,112.651,299.451,-282.123,151.018,stay,stay,2,2
1775924143883,3949,136552.10000002384,pvp,player_1,player_2,318.583,77.033,107.949,301.968,-282.123,151.018,stay,stay,2,2
1775924143883,3950,136568.89999997616,pvp,player_1,player_2,316.133,77.033,103.247,304.485,-282.123,151.018,stay,stay,2,2
1775924143883,3951,136585.80000007153,pvp,player_1,player_2,313.878,77.033,98.545,307.002,-282.123,151.018,stay,stay,2,2
1775924143883,3952,136602.39999997616,pvp,player_1,player_2,311.817,77.033,93.843,309.519,-282.123,151.018,stay,stay,2,2
1775924143883,3953,136619,pvp,player_1,player_2,309.95,77.033,89.14,312.036,-282.123,151.018,stay,stay,2,2
1775924143883,3954,136635.89999997616,pvp,player_1,player_2,308.278,77.033,84.438,314.553,-282.123,151.018,stay,stay,2,2
1775924143883,3955,136652,pvp,player_1,player_2,306.8,77.033,79.736,317.07,-282.123,151.018,stay,stay,2,2
1775924143883,3956,136669,pvp,player_1,player_2,305.517,77.033,75.034,319.587,-282.123,151.018,stay,stay,2,2
1775924143883,3957,136685.80000007153,pvp,player_1,player_2,304.428,77.033,70.332,322.104,-282.123,151.018,stay,stay,2,2
1775924143883,3958,136702,pvp,player_1,player_2,303.533,77.033,65.63,324.621,-282.123,151.018,stay,stay,2,2
1775924143883,3959,136718.5,pvp,player_1,player_2,302.833,77.033,60.928,327.138,-282.123,151.018,stay,stay,2,2
1775924143883,3960,136735.20000004768,pvp,player_1,player_2,302.328,77.033,56.226,329.655,-282.123,151.018,stay,stay,2,2
1775924143883,3961,136752,pvp,player_1,player_2,302.017,77.033,51.524,332.172,-282.123,151.018,stay,stay,2,2
1775924143883,3962,136768.5,pvp,player_1,player_2,302.017,77.033,48,334.689,317.933,-120.494,stay,stay,2,2
1775924143883,3963,136785.20000004768,pvp,player_1,player_2,302.017,77.033,53.299,332.681,317.933,-120.494,stay,stay,2,2
1775924143883,3964,136802.10000002384,pvp,player_1,player_2,302.017,77.033,58.598,330.672,317.933,-120.494,stay,stay,2,2
1775924143883,3965,136818.89999997616,pvp,player_1,player_2,302.017,77.033,63.897,328.664,317.933,-120.494,stay,stay,2,2
1775924143883,3966,136835.70000004768,pvp,player_1,player_2,302.017,77.033,69.196,326.656,317.933,-120.494,stay,stay,2,2
1775924143883,3967,136851.89999997616,pvp,player_1,player_2,302.017,77.033,74.494,324.648,317.933,-120.494,stay,stay,2,2
1775924143883,3968,136868.80000007153,pvp,player_1,player_2,302.017,77.033,79.793,322.639,317.933,-120.494,stay,stay,2,2
1775924143883,3969,136885.5,pvp,player_1,player_2,302.017,77.033,85.092,320.631,317.933,-120.494,stay,stay,2,2
1775924143883,3970,136902.5,pvp,player_1,player_2,302.017,77.033,90.391,318.623,317.933,-120.494,stay,stay,2,2
1775924143883,3971,136919,pvp,player_1,player_2,302.017,77.033,95.69,316.615,317.933,-120.494,stay,stay,2,2
1775924143883,3972,136935.89999997616,pvp,player_1,player_2,302.017,77.033,100.989,314.606,317.933,-120.494,stay,stay,2,2
1775924143883,3973,136952.39999997616,pvp,player_1,player_2,302.017,77.033,106.288,312.598,317.933,-120.494,stay,stay,2,2
1775924143883,3974,136969,pvp,player_1,player_2,302.017,77.033,111.587,310.59,317.933,-120.494,stay,stay,2,2
1775924143883,3975,136985.5,pvp,player_1,player_2,302.017,77.033,116.885,308.582,317.933,-120.494,stay,stay,2,2
1775924143883,3976,137002,pvp,player_1,player_2,302.017,77.033,122.184,306.574,317.933,-120.494,stay,stay,2,2
1775924143883,3977,137018.70000004768,pvp,player_1,player_2,302.017,77.033,127.483,304.565,317.933,-120.494,stay,stay,2,2
1775924143883,3978,137035.70000004768,pvp,player_1,player_2,302.017,77.033,132.782,302.557,317.933,-120.494,stay,stay,2,2
1775924143883,3979,137052.39999997616,pvp,player_1,player_2,302.017,77.033,138.081,300.549,317.933,-120.494,stay,stay,2,2
1775924143883,3980,137069.20000004768,pvp,player_1,player_2,302.017,77.033,143.38,298.541,317.933,-120.494,stay,stay,2,2
1775924143883,3981,137085.70000004768,pvp,player_1,player_2,302.017,77.033,148.679,296.532,317.933,-120.494,stay,stay,2,2
1775924143883,3982,137102.5,pvp,player_1,player_2,302.017,77.033,153.978,294.524,317.933,-120.494,stay,stay,2,2
1775924143883,3983,137119.20000004768,pvp,player_1,player_2,302.017,77.033,159.276,292.516,317.933,-120.494,stay,stay,2,2
1775924143883,3984,137135.89999997616,pvp,player_1,player_2,302.017,77.033,164.575,290.508,317.933,-120.494,stay,stay,2,2
1775924143883,3985,137152.39999997616,pvp,player_1,player_2,302.017,77.033,169.874,288.499,317.933,-120.494,stay,stay,2,2
1775924143883,3986,137169.10000002384,pvp,player_1,player_2,302.017,77.033,175.173,286.491,317.933,-120.494,stay,stay,2,2
1775924143883,3987,137185.70000004768,pvp,player_1,player_2,302.017,77.033,180.472,284.483,317.933,-120.494,stay,stay,2,2
1775924143883,3988,137202.39999997616,pvp,player_1,player_2,302.017,77.033,185.771,282.475,317.933,-120.494,stay,stay,2,2
1775924143883,3989,137219,pvp,player_1,player_2,302.017,77.033,191.07,280.466,317.933,-120.494,stay,stay,2,2
1775924143883,3990,137235.70000004768,pvp,player_1,player_2,302.017,77.033,196.369,278.458,317.933,-120.494,stay,stay,2,2
1775924143883,3991,137252.5,pvp,player_1,player_2,302.017,77.033,201.667,276.45,317.933,-120.494,stay,stay,2,2
1775924143883,3992,137268.89999997616,pvp,player_1,player_2,302.017,77.033,206.966,274.442,317.933,-120.494,stay,stay,2,2
1775924143883,3993,137285.80000007153,pvp,player_1,player_2,302.017,77.033,212.265,272.433,317.933,-120.494,stay,stay,2,2
1775924143883,3994,137302.20000004768,pvp,player_1,player_2,302.017,77.033,217.564,270.425,317.933,-120.494,stay,stay,2,2
1775924143883,3995,137318.89999997616,pvp,player_1,player_2,302.017,77.033,222.863,268.417,317.933,-120.494,stay,stay,2,2
1775924143883,3996,137335.80000007153,pvp,player_1,player_2,302.017,77.033,228.162,266.409,317.933,-120.494,stay,stay,2,2
1775924143883,3997,137352.60000002384,pvp,player_1,player_2,302.017,77.033,233.461,264.4,317.933,-120.494,stay,stay,2,2
1775924143883,3998,137368.5,pvp,player_1,player_2,302.017,77.033,238.76,262.392,317.933,-120.494,stay,stay,2,2
1775924143883,3999,137385.80000007153,pvp,player_1,player_2,302.017,77.033,244.058,260.384,317.933,-120.494,stay,stay,2,2
1775924143883,4000,137402.39999997616,pvp,player_1,player_2,302.017,77.033,249.357,258.376,317.933,-120.494,stay,stay,2,2
1775924143883,4001,137419.10000002384,pvp,player_1,player_2,302.017,77.033,254.656,256.367,317.933,-120.494,stay,stay,2,2
1775924143883,4002,137436,pvp,player_1,player_2,302.017,77.033,259.955,254.359,317.933,-120.494,stay,stay,2,2
1775924143883,4003,137451.89999997616,pvp,player_1,player_2,302.017,77.033,265.254,252.351,317.933,-120.494,stay,stay,2,2
1775924143883,4004,137468.89999997616,pvp,player_1,player_2,302.017,77.033,270.553,250.343,317.933,-120.494,stay,stay,2,2
1775924143883,4005,137485.80000007153,pvp,player_1,player_2,302.017,77.033,275.852,248.335,317.933,-120.494,stay,stay,2,2
1775924143883,4006,137502.39999997616,pvp,player_1,player_2,302.017,77.033,281.151,246.326,317.933,-120.494,stay,stay,2,2
1775924143883,4007,137518.89999997616,pvp,player_1,player_2,302.017,77.033,286.449,244.318,317.933,-120.494,stay,stay,2,2
1775924143883,4008,137535.80000007153,pvp,player_1,player_2,302.017,77.033,291.748,242.31,317.933,-120.494,stay,stay,2,2
1775924143883,4009,137552.39999997616,pvp,player_1,player_2,302.017,77.033,297.047,240.302,317.933,-120.494,stay,stay,2,2
1775924143883,4010,137569.30000007153,pvp,player_1,player_2,302.017,77.033,302.346,238.293,317.933,-120.494,stay,stay,2,2
1775924143883,4011,137585.89999997616,pvp,player_1,player_2,302.017,77.033,307.645,236.285,317.933,-120.494,stay,stay,2,2
1775924143883,4012,137602.5,pvp,player_1,player_2,302.017,77.033,312.944,234.277,317.933,-120.494,stay,stay,2,2
1775924143883,4013,137619,pvp,player_1,player_2,302.017,77.033,318.243,232.269,317.933,-120.494,stay,stay,2,2
1775924143883,4014,137635.80000007153,pvp,player_1,player_2,302.017,77.033,323.542,230.26,317.933,-120.494,stay,stay,2,2
1775924143883,4015,137652.5,pvp,player_1,player_2,302.017,77.033,328.84,228.252,317.933,-120.494,stay,stay,2,2
1775924143883,4016,137668.5,pvp,player_1,player_2,302.017,77.033,334.139,226.244,317.933,-120.494,stay,stay,2,2
1775924143883,4017,137685.60000002384,pvp,player_1,player_2,302.017,77.033,339.438,224.236,317.933,-120.494,stay,stay,2,2
1775924143883,4018,137702.10000002384,pvp,player_1,player_2,302.017,77.033,344.737,222.227,317.933,-120.494,stay,stay,2,2
1775924143883,4019,137718.5,pvp,player_1,player_2,302.017,77.033,350.036,220.219,317.933,-120.494,stay,stay,2,2
1775924143883,4020,137735.70000004768,pvp,player_1,player_2,302.017,77.033,355.335,218.211,317.933,-120.494,stay,stay,2,2
1775924143883,4021,137752.30000007153,pvp,player_1,player_2,302.017,77.033,360.634,216.203,317.933,-120.494,stay,stay,2,2
1775924143883,4022,137768.5,pvp,player_1,player_2,302.017,77.033,365.933,214.194,317.933,-120.494,stay,stay,2,2
1775924143883,4023,137785.70000004768,pvp,player_1,player_2,302.017,77.033,371.231,212.186,317.933,-120.494,stay,stay,2,2
1775924143883,4024,137802.5,pvp,player_1,player_2,302.017,77.033,376.53,210.178,317.933,-120.494,stay,stay,2,2
1775924143883,4025,137819.20000004768,pvp,player_1,player_2,302.017,77.033,381.829,208.17,317.933,-120.494,stay,stay,2,2
1775924143883,4026,137835.80000007153,pvp,player_1,player_2,302.017,77.033,387.128,206.161,317.933,-120.494,stay,stay,2,2
1775924143883,4027,137851.80000007153,pvp,player_1,player_2,302.017,77.033,392.427,204.153,317.933,-120.494,stay,stay,2,2
1775924143883,4028,137869,pvp,player_1,player_2,302.017,77.033,397.726,202.145,317.933,-120.494,stay,stay,2,2
1775924143883,4029,137885.80000007153,pvp,player_1,player_2,302.017,77.033,403.025,200.137,317.933,-120.494,stay,stay,2,2
1775924143883,4030,137901.89999997616,pvp,player_1,player_2,302.017,77.033,408.324,198.129,317.933,-120.494,stay,stay,2,2
1775924143883,4031,137918.5,pvp,player_1,player_2,302.017,77.033,413.622,196.12,317.933,-120.494,stay,stay,2,2
1775924143883,4032,137935.70000004768,pvp,player_1,player_2,302.017,77.033,418.921,194.112,317.933,-120.494,stay,stay,2,2
1775924143883,4033,137952.20000004768,pvp,player_1,player_2,302.017,77.033,424.22,192.104,317.933,-120.494,stay,stay,2,2
1775924143883,4034,137968.89999997616,pvp,player_1,player_2,302.017,77.033,429.519,190.096,317.933,-120.494,stay,stay,2,2
1775924143883,4035,137985.80000007153,pvp,player_1,player_2,302.017,77.033,434.818,188.087,317.933,-120.494,stay,stay,2,2
1775924143883,4036,138002.60000002384,pvp,player_1,player_2,302.017,77.033,440.117,186.079,317.933,-120.494,stay,stay,2,2
1775924143883,4037,138019.10000002384,pvp,player_1,player_2,302.017,77.033,445.416,184.071,317.933,-120.494,stay,stay,2,2
1775924143883,4038,138035.80000007153,pvp,player_1,player_2,302.017,77.033,450.715,182.063,317.933,-120.494,stay,stay,2,2
1775924143883,4039,138052.5,pvp,player_1,player_2,302.017,77.033,456.013,180.054,317.933,-120.494,stay,stay,2,2
1775924143883,4040,138068.5,pvp,player_1,player_2,302.017,77.033,461.312,178.046,317.933,-120.494,stay,stay,2,2
1775924143883,4041,138085.30000007153,pvp,player_1,player_2,302.017,77.033,466.611,176.038,317.933,-120.494,stay,stay,2,2
1775924143883,4042,138102,pvp,player_1,player_2,302.017,77.033,471.91,174.03,317.933,-120.494,stay,stay,2,2
1775924143883,4043,138118.30000007153,pvp,player_1,player_2,302.017,77.033,477.209,172.021,317.933,-120.494,stay,stay,2,2
1775924143883,4044,138135.10000002384,pvp,player_1,player_2,302.017,77.033,482.508,170.013,317.933,-120.494,stay,stay,2,2
1775924143883,4045,138151.70000004768,pvp,player_1,player_2,302.017,77.033,487.807,168.005,317.933,-120.494,stay,stay,2,2
1775924143883,4046,138168.70000004768,pvp,player_1,player_2,302.017,77.033,493.106,165.997,317.933,-120.494,stay,stay,2,2
1775924143883,4047,138185.70000004768,pvp,player_1,player_2,302.017,77.033,498.404,163.988,317.933,-120.494,stay,stay,2,2
1775924143883,4048,138202.30000007153,pvp,player_1,player_2,302.017,77.033,503.703,161.98,317.933,-120.494,stay,stay,2,2
1775924143883,4049,138219,pvp,player_1,player_2,302.017,77.033,509.002,159.972,317.933,-120.494,stay,stay,2,2
1775924143883,4050,138235.5,pvp,player_1,player_2,302.017,77.033,514.301,157.964,317.933,-120.494,stay,stay,2,2
1775924143883,4051,138252.5,pvp,player_1,player_2,302.017,77.033,519.6,155.955,317.933,-120.494,stay,stay,2,2
1775924143883,4052,138269.10000002384,pvp,player_1,player_2,302.017,77.033,524.899,153.947,317.933,-120.494,stay,stay,2,2
1775924143883,4053,138285.80000007153,pvp,player_1,player_2,302.017,77.033,530.198,151.939,317.933,-120.494,stay,stay,2,2
1775924143883,4054,138302.30000007153,pvp,player_1,player_2,302.017,77.033,535.497,149.931,317.933,-120.494,stay,stay,2,2
1775924143883,4055,138319.10000002384,pvp,player_1,player_2,302.017,77.033,540.795,147.922,317.933,-120.494,stay,stay,2,2
1775924143883,4056,138335.80000007153,pvp,player_1,player_2,302.017,77.033,546.094,145.914,317.933,-120.494,stay,stay,2,2
1775924143883,4057,138352.39999997616,pvp,player_1,player_2,302.017,77.033,551.393,143.906,317.933,-120.494,stay,stay,2,2
1775924143883,4058,138369,pvp,player_1,player_2,302.017,77.033,556.692,141.898,317.933,-120.494,stay,stay,2,2
1775924143883,4059,138385.80000007153,pvp,player_1,player_2,302.017,77.033,561.991,139.89,317.933,-120.494,stay,stay,2,2
1775924143883,4060,138402.20000004768,pvp,player_1,player_2,302.017,77.033,567.29,137.881,317.933,-120.494,stay,stay,2,2
1775924143883,4061,138418.60000002384,pvp,player_1,player_2,302.017,77.033,572.589,135.873,317.933,-120.494,stay,stay,2,2
1775924143883,4062,138435.60000002384,pvp,player_1,player_2,302.017,77.033,577.888,133.865,317.933,-120.494,stay,stay,2,2
1775924143883,4063,138452.39999997616,pvp,player_1,player_2,302.017,77.033,583.186,131.857,317.933,-120.494,stay,stay,2,2
1775924143883,4064,138469.10000002384,pvp,player_1,player_2,302.017,77.033,588.485,129.848,317.933,-120.494,stay,stay,2,2
1775924143883,4065,138485.80000007153,pvp,player_1,player_2,302.017,77.033,593.784,127.84,317.933,-120.494,stay,stay,2,2
1775924143883,4066,138502.39999997616,pvp,player_1,player_2,302.017,77.033,599.083,125.832,317.933,-120.494,stay,stay,2,2
1775924143883,4067,138519.10000002384,pvp,player_1,player_2,302.017,77.033,604.382,123.824,317.933,-120.494,stay,stay,2,2
1775924143883,4068,138535.60000002384,pvp,player_1,player_2,302.017,77.033,609.681,121.815,317.933,-120.494,stay,stay,2,2
1775924143883,4069,138551.80000007153,pvp,player_1,player_2,302.017,77.033,614.98,119.807,317.933,-120.494,stay,stay,2,2
1775924143883,4070,138568.10000002384,pvp,player_1,player_2,302.017,77.033,620.279,117.799,317.933,-120.494,stay,stay,2,2
1775924143883,4071,138584.89999997616,pvp,player_1,player_2,302.017,77.033,625.577,115.791,317.933,-120.494,stay,stay,2,2
1775924143883,4072,138601.5,pvp,player_1,player_2,302.017,77.033,630.876,113.782,317.933,-120.494,stay,stay,2,2
1775924143883,4073,138618.89999997616,pvp,player_1,player_2,302.017,77.033,636.175,111.774,317.933,-120.494,stay,stay,2,2
1775924143883,4074,138635.39999997616,pvp,player_1,player_2,302.017,77.033,641.474,109.766,317.933,-120.494,stay,stay,2,2
1775924143883,4075,138652.39999997616,pvp,player_1,player_2,302.017,77.033,646.773,107.758,317.933,-120.494,stay,stay,2,2
1775924143883,4076,138668.89999997616,pvp,player_1,player_2,302.017,77.033,652.072,105.749,317.933,-120.494,stay,stay,2,2
1775924143883,4077,138685.60000002384,pvp,player_1,player_2,302.017,77.033,657.371,103.741,317.933,-120.494,stay,stay,2,2
1775924143883,4078,138702.39999997616,pvp,player_1,player_2,302.017,77.033,662.67,101.733,317.933,-120.494,stay,stay,2,2
1775924143883,4079,138718.70000004768,pvp,player_1,player_2,302.017,77.033,667.968,99.725,317.933,-120.494,stay,stay,2,2
1775924143883,4080,138735.39999997616,pvp,player_1,player_2,302.017,77.033,673.267,97.716,317.933,-120.494,stay,stay,2,2
1775924143883,4081,138752.39999997616,pvp,player_1,player_2,302.017,77.033,678.566,95.708,317.933,-120.494,stay,stay,2,2
1775924143883,4082,138768.5,pvp,player_1,player_2,302.017,77.033,683.865,93.7,317.933,-120.494,stay,stay,2,2
1775924143883,4083,138785.70000004768,pvp,player_1,player_2,302.017,77.033,689.164,91.692,317.933,-120.494,stay,stay,2,2
1775924143883,4084,138802.20000004768,pvp,player_1,player_2,302.017,77.033,694.463,89.684,317.933,-120.494,stay,stay,2,2
1775924143883,4085,138819.10000002384,pvp,player_1,player_2,302.017,77.033,699.762,87.675,317.933,-120.494,stay,stay,2,2
1775924143883,4086,138835.60000002384,pvp,player_1,player_2,302.017,77.033,705.061,85.667,317.933,-120.494,stay,stay,2,2
1775924143883,4087,138851.80000007153,pvp,player_1,player_2,302.017,77.033,710.359,83.659,317.933,-120.494,stay,stay,2,2
1775924143883,4088,138868.80000007153,pvp,player_1,player_2,302.017,77.033,715.658,81.651,317.933,-120.494,stay,stay,2,2
1775924143883,4089,138885.70000004768,pvp,player_1,player_2,302.017,77.033,720.957,79.642,317.933,-120.494,stay,stay,2,2
1775924143883,4090,138902.39999997616,pvp,player_1,player_2,302.017,77.033,726.256,77.634,317.933,-120.494,stay,stay,2,2
1775924143883,4091,138918.70000004768,pvp,player_1,player_2,302.017,77.033,731.555,75.626,317.933,-120.494,stay,stay,2,2
1775924143883,4092,138935.5,pvp,player_1,player_2,302.017,76.778,736.854,73.618,317.933,-120.494,stay,up,2,2
1775924143883,4093,138952.39999997616,pvp,player_1,player_2,302.017,76.267,742.153,71.609,317.933,-120.494,stay,up,2,2
1775924143883,4094,138968.80000007153,pvp,player_1,player_2,302.017,75.5,747.452,69.601,317.933,-120.494,stay,up,2,2
1775924143883,4095,138985.80000007153,pvp,player_1,player_2,302.017,74.478,752.75,67.593,317.933,-120.494,stay,up,2,2
1775924143883,4096,139002.30000007153,pvp,player_1,player_2,302.017,73.2,758.049,65.585,317.933,-120.494,stay,up,2,2
1775924143883,4097,139019,pvp,player_1,player_2,302.017,71.667,763.348,63.576,317.933,-120.494,stay,up,2,2
1775924143883,4098,139035,pvp,player_1,player_2,302.017,69.878,768.647,61.568,317.933,-120.494,stay,up,2,2
1775924143883,4099,139052,pvp,player_1,player_2,302.017,67.833,773.946,59.56,317.933,-120.494,stay,up,2,2
1775924143883,4100,139068.60000002384,pvp,player_1,player_2,302.017,65.533,779.245,57.552,317.933,-120.494,stay,up,2,2
1775924143883,4101,139085.10000002384,pvp,player_1,player_2,302.017,62.978,784.544,55.543,317.933,-120.494,stay,up,2,2
1775924143883,4102,139101.70000004768,pvp,player_1,player_2,302.017,60.167,789.843,53.535,317.933,-120.494,stay,up,2,2
1775924143883,4103,139118.39999997616,pvp,player_1,player_2,302.017,57.1,795.141,51.527,317.933,-120.494,stay,up,2,2
1775924143883,4104,139135.20000004768,pvp,player_1,player_2,302.017,53.778,800.44,49.519,317.933,-120.494,stay,up,2,2
1775924143883,4105,139151.70000004768,pvp,player_1,player_2,302.017,50.2,805.739,47.51,317.933,-120.494,stay,up,2,2
1775924143883,4106,139168.5,pvp,player_1,player_2,302.017,46.367,811.038,45.502,317.933,-120.494,stay,up,2,2
1775924143883,4107,139185.5,pvp,player_1,player_2,302.017,42.278,816.337,43.494,317.933,-120.494,stay,up,2,2
1775924143883,4108,139202.30000007153,pvp,player_1,player_2,302.017,37.933,821.636,41.486,317.933,-120.494,stay,up,2,2
1775924143883,4109,139219.10000002384,pvp,player_1,player_2,302.017,33.333,826.935,39.478,317.933,-120.494,stay,up,2,2
1775924143883,4110,139235.60000002384,pvp,player_1,player_2,302.017,28.478,832.234,37.469,317.933,-120.494,stay,up,2,2
1775924143883,4111,139252.30000007153,pvp,player_1,player_2,302.017,23.367,837.532,35.461,317.933,-120.494,stay,up,2,2
1775924143883,4112,139268.89999997616,pvp,player_1,player_2,302.017,18,842.831,33.453,317.933,-120.494,stay,up,2,2
1775924143883,4113,139285.60000002384,pvp,player_1,player_2,302.017,12.378,848.13,31.445,317.933,-120.494,stay,up,2,2
1775924143883,4114,139302.5,pvp,player_1,player_2,302.017,6.5,853.429,29.436,317.933,-120.494,stay,up,2,2
1775924143883,4115,139319.10000002384,pvp,player_1,player_2,302.017,0.367,858.728,27.428,317.933,-120.494,stay,up,2,2
1775924143883,4116,139335.89999997616,pvp,player_1,player_2,302.017,0,864.027,25.42,317.933,-120.494,stay,up,2,2
1775924143883,4117,139352.39999997616,pvp,player_1,player_2,302.017,0,869.326,23.412,317.933,-120.494,stay,stay,2,2
1775924143883,4118,139369.20000004768,pvp,player_1,player_2,302.017,0,874.625,21.403,317.933,-120.494,stay,stay,2,2
1775924143883,4119,139385.80000007153,pvp,player_1,player_2,302.017,0,879.923,19.395,317.933,-120.494,stay,stay,2,2
1775924143883,4120,139402.20000004768,pvp,player_1,player_2,302.017,0,885.222,17.387,317.933,-120.494,stay,stay,2,2
1775924143883,4121,139418.80000007153,pvp,player_1,player_2,302.017,0,890.521,15.379,317.933,-120.494,stay,stay,2,2
1775924143883,4122,139435.70000004768,pvp,player_1,player_2,302.017,0,895.82,13.37,317.933,-120.494,stay,stay,2,2
1775924143883,4123,139451.89999997616,pvp,player_1,player_2,302.017,0,901.119,11.362,317.933,-120.494,stay,stay,2,2
1775924143883,4124,139469.10000002384,pvp,player_1,player_2,302.017,0,906.418,10,317.933,120.494,stay,stay,2,2
1775924143883,4125,139485.80000007153,pvp,player_1,player_2,302.017,0,911.717,12.008,317.933,120.494,stay,stay,2,2
1775924143883,4126,139502.39999997616,pvp,player_1,player_2,302.017,0,912,14.016,-249.99,-259.047,stay,stay,2,2
1775924143883,4127,139519,pvp,player_1,player_2,302.017,0,907.834,10,-249.99,259.047,stay,stay,2,2
1775924143883,4128,139535.80000007153,pvp,player_1,player_2,302.017,0,903.667,14.317,-249.99,259.047,stay,stay,2,2
1775924143883,4129,139552.39999997616,pvp,player_1,player_2,302.017,0,899.501,18.635,-249.99,259.047,stay,stay,2,2
1775924143883,4130,139569.20000004768,pvp,player_1,player_2,302.017,0,895.334,22.952,-249.99,259.047,stay,down,2,2
1775924143883,4131,139585.80000007153,pvp,player_1,player_2,302.017,0,891.168,27.27,-249.99,259.047,stay,down,2,2
1775924143883,4132,139602.5,pvp,player_1,player_2,302.017,0,887.001,31.587,-249.99,259.047,stay,down,2,2
1775924143883,4133,139619.30000007153,pvp,player_1,player_2,302.017,0,882.835,35.905,-249.99,259.047,stay,down,2,2
1775924143883,4134,139635.70000004768,pvp,player_1,player_2,302.017,0,878.668,40.222,-249.99,259.047,stay,down,2,2
1775924143883,4135,139652.20000004768,pvp,player_1,player_2,302.017,0,874.502,44.54,-249.99,259.047,stay,down,2,2
1775924143883,4136,139668.89999997616,pvp,player_1,player_2,302.017,0,870.335,48.857,-249.99,259.047,stay,down,2,2
1775924143883,4137,139685.10000002384,pvp,player_1,player_2,302.017,0,866.169,53.174,-249.99,259.047,stay,down,2,2
1775924143883,4138,139701.80000007153,pvp,player_1,player_2,302.017,0,862.002,57.492,-249.99,259.047,stay,down,2,2
1775924143883,4139,139718.80000007153,pvp,player_1,player_2,302.017,0,857.836,61.809,-249.99,259.047,stay,down,2,2
1775924143883,4140,139735.5,pvp,player_1,player_2,302.017,0.111,853.669,66.127,-249.99,259.047,stay,down,2,2
1775924143883,4141,139752.30000007153,pvp,player_1,player_2,302.017,0.478,849.503,70.444,-249.99,259.047,stay,down,2,2
1775924143883,4142,139768.5,pvp,player_1,player_2,302.017,1.1,845.336,74.762,-249.99,259.047,stay,down,2,2
1775924143883,4143,139785,pvp,player_1,player_2,302.017,1.978,841.17,79.079,-249.99,259.047,stay,down,2,2
1775924143883,4144,139801.80000007153,pvp,player_1,player_2,302.017,3.111,837.003,83.397,-249.99,259.047,stay,down,2,2
1775924143883,4145,139818.20000004768,pvp,player_1,player_2,302.017,4.5,832.837,87.714,-249.99,259.047,stay,down,2,2
1775924143883,4146,139834.89999997616,pvp,player_1,player_2,302.017,6.144,828.67,92.031,-249.99,259.047,stay,down,2,2
1775924143883,4147,139851.5,pvp,player_1,player_2,302.017,8.044,824.504,96.349,-249.99,259.047,stay,down,2,2
1775924143883,4148,139868.30000007153,pvp,player_1,player_2,302.017,10.2,820.337,100.666,-249.99,259.047,stay,down,2,2
1775924143883,4149,139885,pvp,player_1,player_2,302.017,12.611,816.171,104.984,-249.99,259.047,stay,down,2,2
1775924143883,4150,139901.5,pvp,player_1,player_2,302.017,15.278,812.004,109.301,-249.99,259.047,stay,down,2,2
1775924143883,4151,139917.89999997616,pvp,player_1,player_2,302.017,18.2,807.838,113.619,-249.99,259.047,stay,down,2,2
1775924143883,4152,139934.89999997616,pvp,player_1,player_2,302.017,21.378,803.671,117.936,-249.99,259.047,stay,down,2,2
1775924143883,4153,139951.70000004768,pvp,player_1,player_2,302.017,24.811,799.505,122.254,-249.99,259.047,stay,down,2,2
1775924143883,4154,139968.30000007153,pvp,player_1,player_2,302.017,28.5,795.338,126.571,-249.99,259.047,stay,down,2,2
1775924143883,4155,139985.10000002384,pvp,player_1,player_2,302.017,31.994,791.172,130.888,-249.99,259.047,stay,stay,2,2
1775924143883,4156,140001.60000002384,pvp,player_1,player_2,302.017,35.294,787.005,135.206,-249.99,259.047,stay,stay,2,2
1775924143883,4157,140018.20000004768,pvp,player_1,player_2,302.017,38.4,782.839,139.523,-249.99,259.047,stay,stay,2,2
1775924143883,4158,140034.89999997616,pvp,player_1,player_2,302.017,41.311,778.672,143.841,-249.99,259.047,stay,stay,2,2
1775924143883,4159,140051.60000002384,pvp,player_1,player_2,302.017,44.028,774.506,148.158,-249.99,259.047,stay,stay,2,2
1775924143883,4160,140068.39999997616,pvp,player_1,player_2,302.017,46.55,770.339,152.476,-249.99,259.047,stay,stay,2,2
1775924143883,4161,140084.89999997616,pvp,player_1,player_2,302.017,48.878,766.173,156.793,-249.99,259.047,stay,stay,2,2
1775924143883,4162,140101.60000002384,pvp,player_1,player_2,302.017,51.011,762.006,161.111,-249.99,259.047,stay,stay,2,2
1775924143883,4163,140118.10000002384,pvp,player_1,player_2,302.017,52.95,757.84,165.428,-249.99,259.047,stay,stay,2,2
1775924143883,4164,140134.80000007153,pvp,player_1,player_2,302.017,54.694,753.673,169.746,-249.99,259.047,stay,stay,2,2
1775924143883,4165,140151.5,pvp,player_1,player_2,302.017,56.244,749.507,174.063,-249.99,259.047,stay,stay,2,2
1775924143883,4166,140168.30000007153,pvp,player_1,player_2,302.017,57.6,745.34,178.38,-249.99,259.047,stay,stay,2,2
1775924143883,4167,140184.80000007153,pvp,player_1,player_2,302.017,58.761,741.174,182.698,-249.99,259.047,stay,stay,2,2
1775924143883,4168,140201.70000004768,pvp,player_1,player_2,302.017,59.728,737.007,187.015,-249.99,259.047,stay,stay,2,2
1775924143883,4169,140218.89999997616,pvp,player_1,player_2,302.017,60.5,732.841,191.333,-249.99,259.047,stay,stay,2,2
1775924143883,4170,140235.70000004768,pvp,player_1,player_2,302.017,61.078,728.674,195.65,-249.99,259.047,stay,stay,2,2
1775924143883,4171,140252.39999997616,pvp,player_1,player_2,302.017,61.461,724.508,199.968,-249.99,259.047,stay,stay,2,2
1775924143883,4172,140268.80000007153,pvp,player_1,player_2,302.017,61.461,720.341,204.285,-249.99,259.047,stay,stay,2,2
1775924143883,4173,140285.80000007153,pvp,player_1,player_2,302.017,61.461,716.175,208.603,-249.99,259.047,stay,stay,2,2
1775924143883,4174,140302.39999997616,pvp,player_1,player_2,302.017,61.461,712.008,212.92,-249.99,259.047,stay,stay,2,2
1775924143883,4175,140319,pvp,player_1,player_2,302.017,61.461,707.842,217.237,-249.99,259.047,stay,stay,2,2
1775924143883,4176,140335.89999997616,pvp,player_1,player_2,302.017,61.461,703.675,221.555,-249.99,259.047,stay,stay,2,2
1775924143883,4177,140352.39999997616,pvp,player_1,player_2,302.017,61.461,699.509,225.872,-249.99,259.047,stay,stay,2,2
1775924143883,4178,140369,pvp,player_1,player_2,302.017,61.461,695.342,230.19,-249.99,259.047,stay,stay,2,2
1775924143883,4179,140385.70000004768,pvp,player_1,player_2,302.017,61.461,691.176,234.507,-249.99,259.047,stay,stay,2,2
1775924143883,4180,140402.30000007153,pvp,player_1,player_2,302.017,61.461,687.009,238.825,-249.99,259.047,stay,stay,2,2
1775924143883,4181,140419.39999997616,pvp,player_1,player_2,302.017,61.461,682.843,243.142,-249.99,259.047,stay,stay,2,2
1775924143883,4182,140435.10000002384,pvp,player_1,player_2,302.017,61.461,678.676,247.46,-249.99,259.047,stay,stay,2,2
1775924143883,4183,140452,pvp,player_1,player_2,302.017,61.461,674.51,251.777,-249.99,259.047,stay,stay,2,2
1775924143883,4184,140468.89999997616,pvp,player_1,player_2,302.017,61.461,670.343,256.094,-249.99,259.047,stay,stay,2,2
1775924143883,4185,140485.39999997616,pvp,player_1,player_2,302.017,61.461,666.177,260.412,-249.99,259.047,stay,stay,2,2
1775924143883,4186,140502.10000002384,pvp,player_1,player_2,302.017,61.461,662.01,264.729,-249.99,259.047,stay,stay,2,2
1775924143883,4187,140518.80000007153,pvp,player_1,player_2,302.017,61.461,657.844,269.047,-249.99,259.047,stay,stay,2,2
1775924143883,4188,140535.60000002384,pvp,player_1,player_2,302.017,61.461,653.677,273.364,-249.99,259.047,stay,stay,2,2
1775924143883,4189,140552.39999997616,pvp,player_1,player_2,302.017,61.461,649.511,277.682,-249.99,259.047,stay,stay,2,2
1775924143883,4190,140568.80000007153,pvp,player_1,player_2,302.017,61.461,645.344,281.999,-249.99,259.047,stay,stay,2,2
1775924143883,4191,140585.70000004768,pvp,player_1,player_2,302.017,61.461,641.178,286.317,-249.99,259.047,stay,stay,2,2
1775924143883,4192,140602.30000007153,pvp,player_1,player_2,302.017,61.461,637.011,290.634,-249.99,259.047,stay,stay,2,2
1775924143883,4193,140619,pvp,player_1,player_2,302.017,61.461,632.845,294.951,-249.99,259.047,stay,stay,2,2
1775924143883,4194,140635.70000004768,pvp,player_1,player_2,302.017,61.461,628.679,299.269,-249.99,259.047,stay,stay,2,2
1775924143883,4195,140652.60000002384,pvp,player_1,player_2,302.017,61.461,624.512,303.586,-249.99,259.047,stay,stay,2,2
1775924143883,4196,140668.80000007153,pvp,player_1,player_2,302.017,61.461,620.346,307.904,-249.99,259.047,stay,stay,2,2
1775924143883,4197,140685.70000004768,pvp,player_1,player_2,302.017,61.461,616.179,312.221,-249.99,259.047,stay,stay,2,2
1775924143883,4198,140702.10000002384,pvp,player_1,player_2,302.017,61.461,612.013,316.539,-249.99,259.047,stay,stay,2,2
1775924143883,4199,140719.30000007153,pvp,player_1,player_2,302.017,61.461,607.846,320.856,-249.99,259.047,stay,stay,2,2
1775924143883,4200,140735.80000007153,pvp,player_1,player_2,302.017,61.461,603.68,325.174,-249.99,259.047,stay,stay,2,2
1775924143883,4201,140752.20000004768,pvp,player_1,player_2,302.017,61.461,599.513,329.491,-249.99,259.047,stay,stay,2,2
1775924143883,4202,140768.30000007153,pvp,player_1,player_2,302.017,61.461,595.347,333.808,-249.99,259.047,stay,stay,2,2
1775924143883,4203,140785.39999997616,pvp,player_1,player_2,302.017,61.461,591.18,338.126,-249.99,259.047,stay,stay,2,2
1775924143883,4204,140802.39999997616,pvp,player_1,player_2,302.017,61.461,587.014,342.443,-249.99,259.047,stay,stay,2,2
1775924143883,4205,140819.10000002384,pvp,player_1,player_2,302.017,61.461,582.847,346.761,-249.99,259.047,stay,stay,2,2
1775924143883,4206,140835.80000007153,pvp,player_1,player_2,302.017,61.461,578.681,351.078,-249.99,259.047,stay,stay,2,2
1775924143883,4207,140851.80000007153,pvp,player_1,player_2,302.017,61.461,574.514,355.396,-249.99,259.047,stay,stay,2,2
1775924143883,4208,140868.20000004768,pvp,player_1,player_2,302.017,61.461,570.348,359.713,-249.99,259.047,stay,stay,2,2
1775924143883,4209,140885.80000007153,pvp,player_1,player_2,302.017,61.461,566.181,364.031,-249.99,259.047,stay,stay,2,2
1775924143883,4210,140902.20000004768,pvp,player_1,player_2,302.017,61.461,562.015,368.348,-249.99,259.047,stay,stay,2,2
1775924143883,4211,140918.5,pvp,player_1,player_2,302.017,61.461,557.848,372.665,-249.99,259.047,stay,stay,2,2
1775924143883,4212,140935.10000002384,pvp,player_1,player_2,302.017,61.461,553.682,376.983,-249.99,259.047,stay,stay,2,2
1775924143883,4213,140952.5,pvp,player_1,player_2,302.017,61.461,549.515,381.3,-249.99,259.047,stay,stay,2,2
1775924143883,4214,140968.70000004768,pvp,player_1,player_2,302.017,61.461,545.349,385.618,-249.99,259.047,stay,stay,2,2
1775924143883,4215,140985.80000007153,pvp,player_1,player_2,302.017,61.461,541.182,389.935,-249.99,259.047,stay,stay,2,2
1775924143883,4216,141002.5,pvp,player_1,player_2,302.017,61.461,537.016,394.253,-249.99,259.047,stay,stay,2,2
1775924143883,4217,141019,pvp,player_1,player_2,302.017,61.461,532.849,398.57,-249.99,259.047,stay,stay,2,2
1775924143883,4218,141035.70000004768,pvp,player_1,player_2,302.017,61.461,528.683,402.888,-249.99,259.047,stay,stay,2,2
1775924143883,4219,141052.30000007153,pvp,player_1,player_2,302.017,61.461,524.516,407.205,-249.99,259.047,stay,stay,2,2
1775924143883,4220,141069.20000004768,pvp,player_1,player_2,302.017,61.461,520.35,411.522,-249.99,259.047,stay,stay,2,2
1775924143883,4221,141085.70000004768,pvp,player_1,player_2,302.017,61.461,516.183,415.84,-249.99,259.047,stay,stay,2,2
1775924143883,4222,141102.39999997616,pvp,player_1,player_2,302.017,61.461,512.017,420.157,-249.99,259.047,stay,stay,2,2
1775924143883,4223,141119.10000002384,pvp,player_1,player_2,302.017,61.461,507.85,424.475,-249.99,259.047,stay,stay,2,2
1775924143883,4224,141135.20000004768,pvp,player_1,player_2,302.017,61.461,503.684,428.792,-249.99,259.047,stay,stay,2,2
1775924143883,4225,141151.80000007153,pvp,player_1,player_2,302.017,61.461,499.517,433.11,-249.99,259.047,stay,stay,2,2
1775924143883,4226,141168.89999997616,pvp,player_1,player_2,302.017,61.461,495.351,437.427,-249.99,259.047,stay,stay,2,2
1775924143883,4227,141185.5,pvp,player_1,player_2,302.017,61.461,491.184,441.745,-249.99,259.047,stay,stay,2,2
1775924143883,4228,141202.30000007153,pvp,player_1,player_2,302.017,61.461,487.018,446.062,-249.99,259.047,stay,stay,2,2
1775924143883,4229,141218.80000007153,pvp,player_1,player_2,302.017,61.461,482.851,450.379,-249.99,259.047,stay,stay,2,2
1775924143883,4230,141235.70000004768,pvp,player_1,player_2,302.017,61.461,478.685,454.697,-249.99,259.047,stay,stay,2,2
1775924143883,4231,141252.39999997616,pvp,player_1,player_2,302.017,61.461,474.518,459.014,-249.99,259.047,stay,stay,2,2
1775924143883,4232,141268.89999997616,pvp,player_1,player_2,302.017,61.461,470.352,463.332,-249.99,259.047,stay,stay,2,2
1775924143883,4233,141285.60000002384,pvp,player_1,player_2,302.017,61.461,466.185,467.649,-249.99,259.047,stay,stay,2,2
1775924143883,4234,141302,pvp,player_1,player_2,302.017,61.461,462.019,471.967,-249.99,259.047,stay,stay,2,2
1775924143883,4235,141319,pvp,player_1,player_2,302.017,61.461,457.852,476.284,-249.99,259.047,stay,stay,2,2
1775924143883,4236,141335.60000002384,pvp,player_1,player_2,302.017,61.461,453.686,480.602,-249.99,259.047,stay,stay,2,2
1775924143883,4237,141352.39999997616,pvp,player_1,player_2,302.017,61.461,449.519,484.919,-249.99,259.047,stay,stay,2,2
1775924143883,4238,141368.89999997616,pvp,player_1,player_2,302.017,61.461,445.353,489.237,-249.99,259.047,stay,stay,2,2
1775924143883,4239,141385.30000007153,pvp,player_1,player_2,302.017,61.461,441.186,493.554,-249.99,259.047,stay,stay,2,2
1775924143883,4240,141402,pvp,player_1,player_2,302.017,61.461,437.02,497.871,-249.99,259.047,stay,stay,2,2
1775924143883,4241,141418.80000007153,pvp,player_1,player_2,302.017,61.461,432.853,502.189,-249.99,259.047,stay,stay,2,2
1775924143883,4242,141435.10000002384,pvp,player_1,player_2,302.017,61.461,428.687,506.506,-249.99,259.047,stay,stay,2,2
1775924143883,4243,141451.60000002384,pvp,player_1,player_2,302.017,61.461,424.52,510.824,-249.99,259.047,stay,stay,2,2
1775924143883,4244,141468.10000002384,pvp,player_1,player_2,302.017,61.461,420.354,515.141,-249.99,259.047,stay,stay,2,2
1775924143883,4245,141484.80000007153,pvp,player_1,player_2,302.017,61.461,416.187,519.459,-249.99,259.047,stay,stay,2,2
1775924143883,4246,141501.5,pvp,player_1,player_2,302.017,61.461,412.021,523.776,-249.99,259.047,stay,stay,2,2
1775924143883,4247,141518.20000004768,pvp,player_1,player_2,302.017,61.461,407.854,528.094,-249.99,259.047,stay,stay,2,2
1775924143883,4248,141535.5,pvp,player_1,player_2,302.017,61.461,403.688,530,-249.99,-259.047,stay,stay,2,2
1775924143883,4249,141552.20000004768,pvp,player_1,player_2,302.017,61.461,399.521,525.683,-249.99,-259.047,stay,stay,2,2
1775924143883,4250,141569.10000002384,pvp,player_1,player_2,302.017,61.461,395.355,521.365,-249.99,-259.047,stay,stay,2,2
1775924143883,4251,141585.80000007153,pvp,player_1,player_2,302.017,61.461,391.188,517.048,-249.99,-259.047,stay,stay,2,2
1775924143883,4252,141602.30000007153,pvp,player_1,player_2,302.017,61.461,387.022,512.73,-249.99,-259.047,stay,stay,2,2
1775924143883,4253,141618.89999997616,pvp,player_1,player_2,302.017,61.461,382.855,508.413,-249.99,-259.047,stay,stay,2,2
1775924143883,4254,141635.5,pvp,player_1,player_2,302.017,61.461,378.689,504.095,-249.99,-259.047,stay,stay,2,2
1775924143883,4255,141652.30000007153,pvp,player_1,player_2,302.017,61.461,374.522,499.778,-249.99,-259.047,stay,stay,2,2
1775924143883,4256,141668.60000002384,pvp,player_1,player_2,302.017,61.461,370.356,495.46,-249.99,-259.047,stay,stay,2,2
1775924143883,4257,141685.39999997616,pvp,player_1,player_2,302.017,61.461,366.189,491.143,-249.99,-259.047,stay,stay,2,2
1775924143883,4258,141702.10000002384,pvp,player_1,player_2,302.017,61.461,362.023,486.826,-249.99,-259.047,stay,stay,2,2
1775924143883,4259,141718.39999997616,pvp,player_1,player_2,302.017,61.461,357.856,482.508,-249.99,-259.047,stay,stay,2,2
1775924143883,4260,141734.80000007153,pvp,player_1,player_2,302.017,61.461,353.69,478.191,-249.99,-259.047,stay,stay,2,2
1775924143883,4261,141751.5,pvp,player_1,player_2,302.017,61.461,349.524,473.873,-249.99,-259.047,stay,stay,2,2
1775924143883,4262,141768.30000007153,pvp,player_1,player_2,302.017,61.461,345.357,469.556,-249.99,-259.047,stay,stay,2,2
1775924143883,4263,141784.89999997616,pvp,player_1,player_2,302.017,61.461,341.191,465.238,-249.99,-259.047,stay,stay,2,2
1775924143883,4264,141801.60000002384,pvp,player_1,player_2,302.017,61.461,337.024,460.921,-249.99,-259.047,stay,stay,2,2
1775924143883,4265,141819,pvp,player_1,player_2,302.017,61.461,332.858,456.603,-249.99,-259.047,stay,stay,2,2
1775924143883,4266,141835.60000002384,pvp,player_1,player_2,302.017,61.461,328.691,452.286,-249.99,-259.047,stay,stay,2,2
1775924143883,4267,141851.89999997616,pvp,player_1,player_2,302.017,61.461,324.525,447.969,-249.99,-259.047,stay,stay,2,2
1775924143883,4268,141868.5,pvp,player_1,player_2,302.017,61.461,320.358,443.651,-249.99,-259.047,stay,stay,2,2
1775924143883,4269,141885.20000004768,pvp,player_1,player_2,302.017,61.461,316.192,439.334,-249.99,-259.047,stay,stay,2,2
1775924143883,4270,141902.30000007153,pvp,player_1,player_2,302.017,61.461,312.025,435.016,-249.99,-259.047,stay,stay,2,2
1775924143883,4271,141919.10000002384,pvp,player_1,player_2,302.017,61.461,307.859,430.699,-249.99,-259.047,stay,stay,2,2
1775924143883,4272,141935.5,pvp,player_1,player_2,302.017,61.461,303.692,426.381,-249.99,-259.047,stay,stay,2,2
1775924143883,4273,141951.80000007153,pvp,player_1,player_2,302.017,61.461,299.526,422.064,-249.99,-259.047,stay,stay,2,2
1775924143883,4274,141968.89999997616,pvp,player_1,player_2,302.017,61.461,295.359,417.746,-249.99,-259.047,stay,stay,2,2
1775924143883,4275,141985.39999997616,pvp,player_1,player_2,302.017,61.461,291.193,413.429,-249.99,-259.047,stay,stay,2,2
1775924143883,4276,142002.39999997616,pvp,player_1,player_2,302.017,61.461,287.026,409.112,-249.99,-259.047,stay,stay,2,2
1775924143883,4277,142019.20000004768,pvp,player_1,player_2,302.017,61.461,282.86,404.794,-249.99,-259.047,stay,stay,2,2
1775924143883,4278,142035.80000007153,pvp,player_1,player_2,302.017,61.461,278.693,400.477,-249.99,-259.047,stay,stay,2,2
1775924143883,4279,142052.20000004768,pvp,player_1,player_2,302.017,61.461,274.527,396.159,-249.99,-259.047,stay,stay,2,2
1775924143883,4280,142069.10000002384,pvp,player_1,player_2,302.017,61.461,270.36,391.842,-249.99,-259.047,stay,stay,2,2
1775924143883,4281,142085,pvp,player_1,player_2,302.017,61.461,266.194,387.524,-249.99,-259.047,stay,stay,2,2
1775924143883,4282,142102.30000007153,pvp,player_1,player_2,302.017,61.461,262.027,383.207,-249.99,-259.047,stay,stay,2,2
1775924143883,4283,142118.80000007153,pvp,player_1,player_2,302.017,61.461,257.861,378.889,-249.99,-259.047,stay,stay,2,2
1775924143883,4284,142135.60000002384,pvp,player_1,player_2,301.761,61.461,253.694,374.572,-249.99,-259.047,up,stay,2,2
1775924143883,4285,142152.39999997616,pvp,player_1,player_2,301.25,61.461,249.528,370.254,-249.99,-259.047,up,stay,2,2
1775924143883,4286,142169,pvp,player_1,player_2,300.483,61.461,245.361,365.937,-249.99,-259.047,up,stay,2,2
1775924143883,4287,142185.20000004768,pvp,player_1,player_2,299.461,61.461,241.195,361.62,-249.99,-259.047,up,stay,2,2
1775924143883,4288,142202.5,pvp,player_1,player_2,298.183,61.461,237.028,357.302,-249.99,-259.047,up,stay,2,2
1775924143883,4289,142219,pvp,player_1,player_2,296.65,61.461,232.862,352.985,-249.99,-259.047,up,stay,2,2
1775924143883,4290,142235.60000002384,pvp,player_1,player_2,294.861,61.461,228.695,348.667,-249.99,-259.047,up,stay,2,2
1775924143883,4291,142252.30000007153,pvp,player_1,player_2,292.817,61.461,224.529,344.35,-249.99,-259.047,up,stay,2,2
1775924143883,4292,142269.10000002384,pvp,player_1,player_2,290.517,61.461,220.362,340.032,-249.99,-259.047,up,stay,2,2
1775924143883,4293,142285.60000002384,pvp,player_1,player_2,287.961,61.461,216.196,335.715,-249.99,-259.047,up,stay,2,2
1775924143883,4294,142302.30000007153,pvp,player_1,player_2,285.15,61.461,212.029,331.397,-249.99,-259.047,up,stay,2,2
1775924143883,4295,142318.89999997616,pvp,player_1,player_2,282.083,61.461,207.863,327.08,-249.99,-259.047,up,stay,2,2
1775924143883,4296,142335.39999997616,pvp,player_1,player_2,278.761,61.461,203.696,322.763,-249.99,-259.047,up,stay,2,2
1775924143883,4297,142352.10000002384,pvp,player_1,player_2,275.183,61.461,199.53,318.445,-249.99,-259.047,up,stay,2,2
1775924143883,4298,142368.60000002384,pvp,player_1,player_2,271.35,61.461,195.363,314.128,-249.99,-259.047,up,stay,2,2
1775924143883,4299,142385.39999997616,pvp,player_1,player_2,267.261,61.461,191.197,309.81,-249.99,-259.047,up,stay,2,2
1775924143883,4300,142402.5,pvp,player_1,player_2,262.917,61.461,187.03,305.493,-249.99,-259.047,up,stay,2,2
1775924143883,4301,142418.80000007153,pvp,player_1,player_2,258.317,61.461,182.864,301.175,-249.99,-259.047,up,stay,2,2
1775924143883,4302,142435.5,pvp,player_1,player_2,253.461,61.461,178.697,296.858,-249.99,-259.047,up,stay,2,2
1775924143883,4303,142451.89999997616,pvp,player_1,player_2,248.35,61.461,174.531,292.54,-249.99,-259.047,up,stay,2,2
1775924143883,4304,142468.60000002384,pvp,player_1,player_2,242.983,61.461,170.364,288.223,-249.99,-259.047,up,stay,2,2
1775924143883,4305,142485.5,pvp,player_1,player_2,237.361,61.461,166.198,283.906,-249.99,-259.047,up,stay,2,2
1775924143883,4306,142502.30000007153,pvp,player_1,player_2,231.483,61.461,162.031,279.588,-249.99,-259.047,up,stay,2,2
1775924143883,4307,142518.89999997616,pvp,player_1,player_2,225.35,61.461,157.865,275.271,-249.99,-259.047,up,stay,2,2
1775924143883,4308,142535.80000007153,pvp,player_1,player_2,218.961,61.461,153.698,270.953,-249.99,-259.047,up,stay,2,2
1775924143883,4309,142552.20000004768,pvp,player_1,player_2,212.317,61.461,149.532,266.636,-249.99,-259.047,up,stay,2,2
1775924143883,4310,142568.80000007153,pvp,player_1,player_2,205.417,61.461,145.365,262.318,-249.99,-259.047,up,stay,2,2
1775924143883,4311,142585.10000002384,pvp,player_1,player_2,198.261,61.461,141.199,258.001,-249.99,-259.047,up,stay,2,2
1775924143883,4312,142602.30000007153,pvp,player_1,player_2,190.85,61.461,137.032,253.683,-249.99,-259.047,up,stay,2,2
1775924143883,4313,142618.70000004768,pvp,player_1,player_2,183.183,61.461,132.866,249.366,-249.99,-259.047,up,stay,2,2
1775924143883,4314,142635.20000004768,pvp,player_1,player_2,175.517,61.461,128.699,245.049,-249.99,-259.047,up,stay,2,2
1775924143883,4315,142652.10000002384,pvp,player_1,player_2,167.85,61.461,124.533,240.731,-249.99,-259.047,up,stay,2,2
1775924143883,4316,142668.70000004768,pvp,player_1,player_2,160.183,61.461,120.366,236.414,-249.99,-259.047,up,stay,2,2
1775924143883,4317,142685.39999997616,pvp,player_1,player_2,152.711,61.461,116.2,232.096,-249.99,-259.047,stay,stay,2,2
1775924143883,4318,142702.10000002384,pvp,player_1,player_2,145.433,61.461,112.033,227.779,-249.99,-259.047,stay,stay,2,2
1775924143883,4319,142719,pvp,player_1,player_2,138.35,61.461,107.867,223.461,-249.99,-259.047,stay,stay,2,2
1775924143883,4320,142735.70000004768,pvp,player_1,player_2,131.461,61.461,103.7,219.144,-249.99,-259.047,stay,stay,2,2
1775924143883,4321,142752.10000002384,pvp,player_1,player_2,124.767,61.461,99.534,214.826,-249.99,-259.047,stay,stay,2,2
1775924143883,4322,142768.39999997616,pvp,player_1,player_2,118.267,61.461,95.367,210.509,-249.99,-259.047,stay,stay,2,2
1775924143883,4323,142784.80000007153,pvp,player_1,player_2,111.961,61.461,91.201,206.192,-249.99,-259.047,stay,stay,2,2
1775924143883,4324,142801.60000002384,pvp,player_1,player_2,105.85,61.461,87.034,201.874,-249.99,-259.047,stay,stay,2,2
1775924143883,4325,142818.39999997616,pvp,player_1,player_2,99.933,61.461,82.868,197.557,-249.99,-259.047,stay,stay,2,2
1775924143883,4326,142835.60000002384,pvp,player_1,player_2,94.211,61.461,78.702,193.239,-249.99,-259.047,stay,stay,2,2
1775924143883,4327,142852,pvp,player_1,player_2,88.683,61.461,74.535,188.922,-249.99,-259.047,stay,stay,2,2
1775924143883,4328,142869,pvp,player_1,player_2,83.35,61.461,70.369,184.604,-249.99,-259.047,stay,stay,2,2
1775924143883,4329,142885.70000004768,pvp,player_1,player_2,78.211,61.461,66.202,180.287,-249.99,-259.047,stay,stay,2,2
1775924143883,4330,142902.39999997616,pvp,player_1,player_2,73.267,61.461,62.036,175.969,-249.99,-259.047,stay,stay,2,2
1775924143883,4331,142919,pvp,player_1,player_2,68.517,61.461,57.869,171.652,-249.99,-259.047,stay,stay,2,2
1775924143883,4332,142935.39999997616,pvp,player_1,player_2,63.961,61.461,53.703,167.335,-249.99,-259.047,stay,stay,2,2
1775924143883,4333,142952.39999997616,pvp,player_1,player_2,59.6,61.461,49.536,163.017,-249.99,-259.047,stay,stay,2,2
1775924143883,4334,142968.30000007153,pvp,player_1,player_2,55.433,61.461,45.37,158.7,-249.99,-259.047,stay,stay,2,2
1775924143883,4335,142985.5,pvp,player_1,player_2,51.461,61.461,48,154.382,160.595,344.397,stay,stay,2,2
1775924143883,4336,143002.5,pvp,player_1,player_2,47.683,61.461,50.677,160.122,160.595,344.397,stay,stay,2,2
1775924143883,4337,143018.89999997616,pvp,player_1,player_2,44.1,61.461,53.353,165.862,160.595,344.397,stay,stay,2,2
1775924143883,4338,143035.5,pvp,player_1,player_2,40.711,61.461,56.03,171.602,160.595,344.397,stay,stay,2,2
1775924143883,4339,143052.10000002384,pvp,player_1,player_2,37.517,61.461,58.706,177.342,160.595,344.397,stay,stay,2,2
1775924143883,4340,143068.80000007153,pvp,player_1,player_2,34.683,61.461,61.383,183.082,160.595,344.397,down,stay,2,2
1775924143883,4341,143085.70000004768,pvp,player_1,player_2,32.211,61.461,64.059,188.822,160.595,344.397,down,stay,2,2
1775924143883,4342,143102.39999997616,pvp,player_1,player_2,30.1,61.461,66.736,194.562,160.595,344.397,down,stay,2,2
1775924143883,4343,143119,pvp,player_1,player_2,28.35,61.461,69.413,200.302,160.595,344.397,down,stay,2,2
1775924143883,4344,143135.5,pvp,player_1,player_2,26.961,61.461,72.089,206.042,160.595,344.397,down,stay,2,2
1775924143883,4345,143152.30000007153,pvp,player_1,player_2,25.933,61.461,74.766,211.782,160.595,344.397,down,stay,2,2
1775924143883,4346,143169,pvp,player_1,player_2,25.267,61.461,77.442,217.522,160.595,344.397,down,stay,2,2
1775924143883,4347,143185.80000007153,pvp,player_1,player_2,24.961,61.461,80.119,223.262,160.595,344.397,down,stay,2,2
1775924143883,4348,143202.30000007153,pvp,player_1,player_2,25.017,61.461,82.796,229.002,160.595,344.397,down,stay,2,2
1775924143883,4349,143219.10000002384,pvp,player_1,player_2,25.328,61.461,85.472,234.741,160.595,344.397,down,stay,2,2
1775924143883,4350,143236,pvp,player_1,player_2,25.894,61.461,88.149,240.481,160.595,344.397,down,stay,2,2
1775924143883,4351,143251.70000004768,pvp,player_1,player_2,26.717,61.461,90.825,246.221,160.595,344.397,down,stay,2,2
1775924143883,4352,143268.60000002384,pvp,player_1,player_2,27.794,61.461,93.502,251.961,160.595,344.397,down,stay,2,2
1775924143883,4353,143285,pvp,player_1,player_2,29.128,61.461,96.178,257.701,160.595,344.397,down,stay,2,2
1775924143883,4354,143301.80000007153,pvp,player_1,player_2,30.717,61.461,98.855,263.441,160.595,344.397,down,stay,2,2
1775924143883,4355,143318.5,pvp,player_1,player_2,32.561,61.461,101.532,269.181,160.595,344.397,down,stay,2,2
1775924143883,4356,143335.39999997616,pvp,player_1,player_2,34.661,61.461,104.208,274.921,160.595,344.397,down,stay,2,2
1775924143883,4357,143351.89999997616,pvp,player_1,player_2,37.017,61.461,106.885,280.661,160.595,344.397,down,stay,2,2
1775924143883,4358,143368.60000002384,pvp,player_1,player_2,39.628,61.461,109.561,286.401,160.595,344.397,down,stay,2,2
1775924143883,4359,143385.5,pvp,player_1,player_2,42.494,61.461,112.238,292.141,160.595,344.397,down,stay,2,2
1775924143883,4360,143402,pvp,player_1,player_2,45.617,61.461,114.915,297.881,160.595,344.397,down,stay,2,2
1775924143883,4361,143419,pvp,player_1,player_2,48.994,61.461,117.591,303.621,160.595,344.397,down,stay,2,2
1775924143883,4362,143435.5,pvp,player_1,player_2,52.628,61.461,120.268,309.361,160.595,344.397,down,stay,2,2
1775924143883,4363,143452.10000002384,pvp,player_1,player_2,56.517,61.461,122.944,315.101,160.595,344.397,down,stay,2,2
1775924143883,4364,143469,pvp,player_1,player_2,60.661,61.461,125.621,320.841,160.595,344.397,down,stay,2,2
1775924143883,4365,143485.5,pvp,player_1,player_2,65.061,61.461,128.297,326.581,160.595,344.397,down,stay,2,2
1775924143883,4366,143502.39999997616,pvp,player_1,player_2,69.717,61.461,130.974,332.321,160.595,344.397,down,stay,2,2
1775924143883,4367,143518.80000007153,pvp,player_1,player_2,74.628,61.461,133.651,338.061,160.595,344.397,down,stay,2,2
1775924143883,4368,143534.80000007153,pvp,player_1,player_2,79.344,61.461,136.327,343.801,160.595,344.397,stay,stay,2,2
1775924143883,4369,143552.10000002384,pvp,player_1,player_2,83.867,61.461,139.004,349.54,160.595,344.397,stay,stay,2,2
1775924143883,4370,143568.80000007153,pvp,player_1,player_2,88.194,61.461,141.68,355.28,160.595,344.397,stay,stay,2,2
1775924143883,4371,143585.5,pvp,player_1,player_2,92.328,61.461,144.357,361.02,160.595,344.397,stay,stay,2,2
1775924143883,4372,143602.39999997616,pvp,player_1,player_2,96.267,61.461,147.034,366.76,160.595,344.397,stay,stay,2,2
1775924143883,4373,143618.60000002384,pvp,player_1,player_2,100.011,61.461,149.71,372.5,160.595,344.397,stay,stay,2,2
1775924143883,4374,143635.5,pvp,player_1,player_2,103.561,61.461,152.387,378.24,160.595,344.397,stay,stay,2,2
1775924143883,4375,143651.89999997616,pvp,player_1,player_2,106.917,61.461,155.063,383.98,160.595,344.397,stay,stay,2,2
1775924143883,4376,143668.5,pvp,player_1,player_2,110.078,61.461,157.74,389.72,160.595,344.397,stay,stay,2,2
1775924143883,4377,143685.70000004768,pvp,player_1,player_2,113.044,61.461,160.416,395.46,160.595,344.397,stay,stay,2,2
1775924143883,4378,143702.30000007153,pvp,player_1,player_2,115.817,61.461,163.093,401.2,160.595,344.397,stay,stay,2,2
1775924143883,4379,143719,pvp,player_1,player_2,118.394,61.461,165.77,406.94,160.595,344.397,stay,stay,2,2
1775924143883,4380,143735.5,pvp,player_1,player_2,120.778,61.461,168.446,412.68,160.595,344.397,stay,stay,2,2
1775924143883,4381,143752.30000007153,pvp,player_1,player_2,122.967,61.461,171.123,418.42,160.595,344.397,stay,stay,2,2
1775924143883,4382,143768.60000002384,pvp,player_1,player_2,124.961,61.461,173.799,424.16,160.595,344.397,stay,stay,2,2
1775924143883,4383,143785.39999997616,pvp,player_1,player_2,126.761,61.461,176.476,429.9,160.595,344.397,stay,stay,2,2
1775924143883,4384,143801.80000007153,pvp,player_1,player_2,128.367,61.461,179.153,435.64,160.595,344.397,stay,stay,2,2
1775924143883,4385,143818.89999997616,pvp,player_1,player_2,129.778,61.461,181.829,441.38,160.595,344.397,stay,stay,2,2
1775924143883,4386,143835.70000004768,pvp,player_1,player_2,130.994,61.461,184.506,447.12,160.595,344.397,stay,stay,2,2
1775924143883,4387,143852.10000002384,pvp,player_1,player_2,132.017,61.461,187.182,452.86,160.595,344.397,stay,stay,2,2
1775924143883,4388,143868.89999997616,pvp,player_1,player_2,132.844,61.461,189.859,458.6,160.595,344.397,stay,stay,2,2
1775924143883,4389,143885.80000007153,pvp,player_1,player_2,133.478,61.461,192.535,464.339,160.595,344.397,stay,stay,2,2
1775924143883,4390,143901.89999997616,pvp,player_1,player_2,133.917,61.461,195.212,470.079,160.595,344.397,stay,stay,2,2
1775924143883,4391,143918.30000007153,pvp,player_1,player_2,134.161,61.461,197.889,475.819,160.595,344.397,stay,stay,2,2
1775924143883,4392,143935.20000004768,pvp,player_1,player_2,134.161,61.461,200.565,481.559,160.595,344.397,stay,stay,2,2
1775924143883,4393,143951.70000004768,pvp,player_1,player_2,134.161,61.461,203.242,487.299,160.595,344.397,stay,stay,2,2
1775924143883,4394,143968.5,pvp,player_1,player_2,134.161,61.461,205.918,493.039,160.595,344.397,stay,stay,2,2
1775924143883,4395,143985.39999997616,pvp,player_1,player_2,134.161,61.461,208.595,498.779,160.595,344.397,stay,stay,2,2
1775924143883,4396,144002.30000007153,pvp,player_1,player_2,134.161,61.461,211.272,504.519,160.595,344.397,stay,stay,2,2
1775924143883,4397,144018.30000007153,pvp,player_1,player_2,134.161,61.461,213.948,510.259,160.595,344.397,stay,stay,2,2
1775924143883,4398,144035.30000007153,pvp,player_1,player_2,134.161,61.461,216.625,515.999,160.595,344.397,stay,stay,2,2
1775924143883,4399,144052.30000007153,pvp,player_1,player_2,134.161,61.461,219.301,521.739,160.595,344.397,stay,stay,2,2
1775924143883,4400,144068.70000004768,pvp,player_1,player_2,134.161,61.461,221.978,527.479,160.595,344.397,stay,stay,2,2
1775924143883,4401,144085.70000004768,pvp,player_1,player_2,134.161,61.461,224.654,530,160.595,-344.397,stay,stay,2,2
1775924143883,4402,144102.20000004768,pvp,player_1,player_2,134.161,61.461,227.331,524.26,160.595,-344.397,stay,stay,2,2
1775924143883,4403,144118.70000004768,pvp,player_1,player_2,134.161,61.461,230.008,518.52,160.595,-344.397,stay,stay,2,2
1775924143883,4404,144135.5,pvp,player_1,player_2,134.161,61.461,232.684,512.78,160.595,-344.397,stay,stay,2,2
1775924143883,4405,144152.30000007153,pvp,player_1,player_2,134.161,61.461,235.361,507.04,160.595,-344.397,stay,stay,2,2
1775924143883,4406,144168.89999997616,pvp,player_1,player_2,134.161,61.461,238.037,501.3,160.595,-344.397,stay,stay,2,2
1775924143883,4407,144185.80000007153,pvp,player_1,player_2,134.161,61.461,240.714,495.56,160.595,-344.397,stay,stay,2,2
1775924143883,4408,144202.10000002384,pvp,player_1,player_2,134.161,61.461,243.391,489.82,160.595,-344.397,stay,stay,2,2
1775924143883,4409,144218.89999997616,pvp,player_1,player_2,134.161,61.461,246.067,484.08,160.595,-344.397,stay,stay,2,2
1775924143883,4410,144235.60000002384,pvp,player_1,player_2,134.161,61.461,248.744,478.34,160.595,-344.397,stay,stay,2,2
1775924143883,4411,144252.39999997616,pvp,player_1,player_2,134.161,61.461,251.42,472.601,160.595,-344.397,stay,stay,2,2
1775924143883,4412,144268.60000002384,pvp,player_1,player_2,134.161,61.461,254.097,466.861,160.595,-344.397,stay,stay,2,2
1775924143883,4413,144285.5,pvp,player_1,player_2,134.161,61.461,256.773,461.121,160.595,-344.397,stay,stay,2,2
1775924143883,4414,144302.5,pvp,player_1,player_2,134.161,61.461,259.45,455.381,160.595,-344.397,stay,stay,2,2
1775924143883,4415,144318.80000007153,pvp,player_1,player_2,134.161,61.461,262.127,449.641,160.595,-344.397,stay,stay,2,2
1775924143883,4416,144335.60000002384,pvp,player_1,player_2,134.161,61.461,264.803,443.901,160.595,-344.397,stay,stay,2,2
1775924143883,4417,144352.60000002384,pvp,player_1,player_2,134.161,61.461,267.48,438.161,160.595,-344.397,stay,stay,2,2
1775924143883,4418,144368.80000007153,pvp,player_1,player_2,134.161,61.461,270.156,432.421,160.595,-344.397,stay,stay,2,2
1775924143883,4419,144385.20000004768,pvp,player_1,player_2,134.161,61.461,272.833,426.681,160.595,-344.397,stay,stay,2,2
1775924143883,4420,144402.10000002384,pvp,player_1,player_2,134.161,61.461,275.509,420.941,160.595,-344.397,stay,stay,2,2
1775924143883,4421,144418.39999997616,pvp,player_1,player_2,134.161,61.461,278.186,415.201,160.595,-344.397,stay,stay,2,2
1775924143883,4422,144435.20000004768,pvp,player_1,player_2,134.161,61.461,280.863,409.461,160.595,-344.397,stay,stay,2,2
1775924143883,4423,144451.80000007153,pvp,player_1,player_2,134.161,61.461,283.539,403.721,160.595,-344.397,stay,stay,2,2
1775924143883,4424,144468.39999997616,pvp,player_1,player_2,134.161,61.461,286.216,397.981,160.595,-344.397,stay,stay,2,2
1775924143883,4425,144485.5,pvp,player_1,player_2,134.161,61.461,288.892,392.241,160.595,-344.397,stay,stay,2,2
1775924143883,4426,144502.30000007153,pvp,player_1,player_2,134.161,61.461,291.569,386.501,160.595,-344.397,stay,stay,2,2
1775924143883,4427,144518.89999997616,pvp,player_1,player_2,134.161,61.461,294.246,380.761,160.595,-344.397,stay,stay,2,2
1775924143883,4428,144535.10000002384,pvp,player_1,player_2,134.161,61.461,296.922,375.021,160.595,-344.397,stay,stay,2,2
1775924143883,4429,144551.89999997616,pvp,player_1,player_2,134.161,61.461,299.599,369.281,160.595,-344.397,stay,stay,2,2
1775924143883,4430,144568.80000007153,pvp,player_1,player_2,134.161,61.461,302.275,363.541,160.595,-344.397,stay,stay,2,2
1775924143883,4431,144585.5,pvp,player_1,player_2,134.161,61.461,304.952,357.802,160.595,-344.397,stay,stay,2,2
1775924143883,4432,144602.60000002384,pvp,player_1,player_2,134.161,61.461,307.628,352.062,160.595,-344.397,stay,stay,2,2
1775924143883,4433,144619.10000002384,pvp,player_1,player_2,134.161,61.461,310.305,346.322,160.595,-344.397,stay,stay,2,2
1775924143883,4434,144635.60000002384,pvp,player_1,player_2,134.161,61.461,312.982,340.582,160.595,-344.397,stay,stay,2,2
1775924143883,4435,144652.30000007153,pvp,player_1,player_2,134.161,61.461,315.658,334.842,160.595,-344.397,stay,stay,2,2
1775924143883,4436,144668.70000004768,pvp,player_1,player_2,134.161,61.461,318.335,329.102,160.595,-344.397,stay,stay,2,2
1775924143883,4437,144685.70000004768,pvp,player_1,player_2,134.161,61.461,321.011,323.362,160.595,-344.397,stay,stay,2,2
1775924143883,4438,144702.20000004768,pvp,player_1,player_2,134.161,61.461,323.688,317.622,160.595,-344.397,stay,stay,2,2
1775924143883,4439,144719,pvp,player_1,player_2,134.161,61.461,326.365,311.882,160.595,-344.397,stay,stay,2,2
1775924143883,4440,144735.60000002384,pvp,player_1,player_2,134.161,61.461,329.041,306.142,160.595,-344.397,stay,stay,2,2
1775924143883,4441,144752.10000002384,pvp,player_1,player_2,134.161,61.461,331.718,300.402,160.595,-344.397,stay,stay,2,2
1775924143883,4442,144768.70000004768,pvp,player_1,player_2,134.161,61.461,334.394,294.662,160.595,-344.397,stay,stay,2,2
1775924143883,4443,144785.5,pvp,player_1,player_2,134.161,61.461,337.071,288.922,160.595,-344.397,stay,stay,2,2
1775924143883,4444,144802.30000007153,pvp,player_1,player_2,134.161,61.461,339.747,283.182,160.595,-344.397,stay,stay,2,2
1775924143883,4445,144818.89999997616,pvp,player_1,player_2,134.161,61.461,342.424,277.442,160.595,-344.397,stay,stay,2,2
1775924143883,4446,144835.60000002384,pvp,player_1,player_2,134.161,61.461,345.101,271.702,160.595,-344.397,stay,stay,2,2
1775924143883,4447,144852,pvp,player_1,player_2,134.161,61.461,347.777,265.962,160.595,-344.397,stay,stay,2,2
1775924143883,4448,144868.89999997616,pvp,player_1,player_2,134.161,61.461,350.454,260.222,160.595,-344.397,stay,stay,2,2
1775924143883,4449,144885.5,pvp,player_1,player_2,134.161,61.461,353.13,254.482,160.595,-344.397,stay,stay,2,2
1775924143883,4450,144902.39999997616,pvp,player_1,player_2,134.161,61.461,355.807,248.742,160.595,-344.397,stay,stay,2,2
1775924143883,4451,144919.10000002384,pvp,player_1,player_2,134.161,61.461,358.484,243.003,160.595,-344.397,stay,stay,2,2
1775924143883,4452,144935.60000002384,pvp,player_1,player_2,134.161,61.461,361.16,237.263,160.595,-344.397,stay,stay,2,2
1775924143883,4453,144952.39999997616,pvp,player_1,player_2,134.161,61.461,363.837,231.523,160.595,-344.397,stay,stay,2,2
1775924143883,4454,144968.89999997616,pvp,player_1,player_2,134.161,61.461,366.513,225.783,160.595,-344.397,stay,stay,2,2
1775924143883,4455,144985.89999997616,pvp,player_1,player_2,134.161,61.461,369.19,220.043,160.595,-344.397,stay,stay,2,2
1775924143883,4456,145002,pvp,player_1,player_2,134.161,61.461,371.866,214.303,160.595,-344.397,stay,stay,2,2
1775924143883,4457,145018.5,pvp,player_1,player_2,134.161,61.461,374.543,208.563,160.595,-344.397,stay,stay,2,2
1775924143883,4458,145035.30000007153,pvp,player_1,player_2,134.161,61.461,377.22,202.823,160.595,-344.397,stay,stay,2,2
1775924143883,4459,145052.60000002384,pvp,player_1,player_2,134.161,61.461,379.896,197.083,160.595,-344.397,stay,stay,2,2
1775924143883,4460,145068.89999997616,pvp,player_1,player_2,134.161,61.461,382.573,191.343,160.595,-344.397,stay,stay,2,2
1775924143883,4461,145085.5,pvp,player_1,player_2,134.161,61.461,385.249,185.603,160.595,-344.397,stay,stay,2,2
1775924143883,4462,145102.39999997616,pvp,player_1,player_2,134.161,61.461,387.926,179.863,160.595,-344.397,stay,stay,2,2
1775924143883,4463,145118.80000007153,pvp,player_1,player_2,134.161,61.461,390.603,174.123,160.595,-344.397,stay,stay,2,2
1775924143883,4464,145135.5,pvp,player_1,player_2,134.161,61.461,393.279,168.383,160.595,-344.397,stay,stay,2,2
1775924143883,4465,145152.5,pvp,player_1,player_2,134.161,61.461,395.956,162.643,160.595,-344.397,stay,stay,2,2
1775924143883,4466,145169,pvp,player_1,player_2,134.161,61.461,398.632,156.903,160.595,-344.397,stay,stay,2,2
1775924143883,4467,145185.80000007153,pvp,player_1,player_2,134.161,61.461,401.309,151.163,160.595,-344.397,stay,stay,2,2
1775924143883,4468,145202.39999997616,pvp,player_1,player_2,134.161,61.461,403.985,145.423,160.595,-344.397,stay,stay,2,2
1775924143883,4469,145219.10000002384,pvp,player_1,player_2,134.161,61.461,406.662,139.683,160.595,-344.397,stay,stay,2,2
1775924143883,4470,145235.60000002384,pvp,player_1,player_2,134.161,61.461,409.339,133.943,160.595,-344.397,stay,stay,2,2
1775924143883,4471,145252.20000004768,pvp,player_1,player_2,134.161,61.461,412.015,128.204,160.595,-344.397,stay,stay,2,2
1775924143883,4472,145268.60000002384,pvp,player_1,player_2,134.161,61.461,414.692,122.464,160.595,-344.397,stay,stay,2,2
1775924143883,4473,145285.70000004768,pvp,player_1,player_2,134.161,61.461,417.368,116.724,160.595,-344.397,stay,stay,2,2
1775924143883,4474,145301.60000002384,pvp,player_1,player_2,134.161,61.461,420.045,110.984,160.595,-344.397,stay,stay,2,2
1775924143883,4475,145318.70000004768,pvp,player_1,player_2,134.161,61.461,422.722,105.244,160.595,-344.397,stay,stay,2,2
1775924143883,4476,145335.60000002384,pvp,player_1,player_2,134.161,61.461,425.398,99.504,160.595,-344.397,stay,stay,2,2
1775924143883,4477,145352.39999997616,pvp,player_1,player_2,134.161,61.461,428.075,93.764,160.595,-344.397,stay,stay,2,2
1775924143883,4478,145369.20000004768,pvp,player_1,player_2,134.161,61.461,430.751,88.024,160.595,-344.397,stay,stay,2,2
1775924143883,4479,145385.60000002384,pvp,player_1,player_2,134.161,61.461,433.428,82.284,160.595,-344.397,stay,stay,2,2
1775924143883,4480,145402.5,pvp,player_1,player_2,134.161,61.461,436.104,76.544,160.595,-344.397,stay,stay,2,2
1775924143883,4481,145419.39999997616,pvp,player_1,player_2,134.161,61.461,438.781,70.804,160.595,-344.397,stay,stay,2,2
1775924143883,4482,145435.60000002384,pvp,player_1,player_2,134.161,61.461,441.458,65.064,160.595,-344.397,stay,stay,2,2
1775924143883,4483,145452.5,pvp,player_1,player_2,134.161,61.461,444.134,59.324,160.595,-344.397,stay,stay,2,2
1775924143883,4484,145468.80000007153,pvp,player_1,player_2,134.161,61.461,446.811,53.584,160.595,-344.397,stay,stay,2,2
1775924143883,4485,145485.20000004768,pvp,player_1,player_2,134.161,61.461,449.487,47.844,160.595,-344.397,stay,stay,2,2
1775924143883,4486,145502.30000007153,pvp,player_1,player_2,134.161,61.461,452.164,42.104,160.595,-344.397,stay,stay,2,2
1775924143883,4487,145518.70000004768,pvp,player_1,player_2,134.161,61.461,454.841,36.364,160.595,-344.397,stay,stay,2,2
1775924143883,4488,145535.70000004768,pvp,player_1,player_2,134.161,61.461,457.517,30.624,160.595,-344.397,stay,stay,2,2
1775924143883,4489,145552.80000007153,pvp,player_1,player_2,134.161,61.461,460.194,24.884,160.595,-344.397,stay,stay,2,2
1775924143883,4490,145568.80000007153,pvp,player_1,player_2,134.161,61.461,462.87,19.145,160.595,-344.397,stay,stay,2,2
1775924143883,4491,145585.60000002384,pvp,player_1,player_2,134.161,61.461,465.547,13.405,160.595,-344.397,stay,stay,2,2
1775924143883,4492,145602,pvp,player_1,player_2,134.161,61.461,468.223,10,160.595,344.397,stay,stay,2,2
1775924143883,4493,145618.80000007153,pvp,player_1,player_2,134.161,61.461,470.9,15.74,160.595,344.397,stay,stay,2,2
1775924143883,4494,145635.39999997616,pvp,player_1,player_2,134.161,61.461,473.577,21.48,160.595,344.397,stay,stay,2,2
1775924143883,4495,145652.30000007153,pvp,player_1,player_2,134.161,61.461,476.253,27.22,160.595,344.397,stay,stay,2,2
1775924143883,4496,145668.89999997616,pvp,player_1,player_2,134.161,61.461,478.93,32.96,160.595,344.397,stay,stay,2,2
1775924143883,4497,145685.80000007153,pvp,player_1,player_2,134.161,61.461,481.606,38.7,160.595,344.397,stay,stay,2,2
1775924143883,4498,145702,pvp,player_1,player_2,134.161,61.461,484.283,44.44,160.595,344.397,stay,stay,2,2
1775924143883,4499,145718.39999997616,pvp,player_1,player_2,134.161,61.461,486.96,50.18,160.595,344.397,stay,stay,2,2
1775924143883,4500,145735.39999997616,pvp,player_1,player_2,134.161,61.461,489.636,55.92,160.595,344.397,stay,stay,2,2
1775924143883,4501,145751.89999997616,pvp,player_1,player_2,134.161,61.461,492.313,61.66,160.595,344.397,stay,stay,2,2
1775924143883,4502,145768.5,pvp,player_1,player_2,134.161,61.461,494.989,67.399,160.595,344.397,stay,stay,2,2
1775924143883,4503,145785.39999997616,pvp,player_1,player_2,134.161,61.461,497.666,73.139,160.595,344.397,stay,stay,2,2
1775924143883,4504,145801.60000002384,pvp,player_1,player_2,134.161,61.461,500.342,78.879,160.595,344.397,stay,stay,2,2
1775924143883,4505,145818.39999997616,pvp,player_1,player_2,134.161,61.461,503.019,84.619,160.595,344.397,stay,stay,2,2
1775924143883,4506,145834.80000007153,pvp,player_1,player_2,134.161,61.461,505.696,90.359,160.595,344.397,stay,stay,2,2
1775924143883,4507,145851.60000002384,pvp,player_1,player_2,134.161,61.461,508.372,96.099,160.595,344.397,stay,stay,2,2
1775924143883,4508,145868.39999997616,pvp,player_1,player_2,134.161,61.461,511.049,101.839,160.595,344.397,stay,stay,2,2
1775924143883,4509,145885.20000004768,pvp,player_1,player_2,134.161,61.461,513.725,107.579,160.595,344.397,stay,stay,2,2
1775924143883,4510,145901.60000002384,pvp,player_1,player_2,134.161,61.461,516.402,113.319,160.595,344.397,stay,stay,2,2
1775924143883,4511,145918.5,pvp,player_1,player_2,134.161,61.461,519.078,119.059,160.595,344.397,stay,stay,2,2
1775924143883,4512,145935.10000002384,pvp,player_1,player_2,134.161,61.461,521.755,124.799,160.595,344.397,stay,stay,2,2
1775924143883,4513,145951.80000007153,pvp,player_1,player_2,134.161,61.461,524.432,130.539,160.595,344.397,stay,stay,2,2
1775924143883,4514,145968.20000004768,pvp,player_1,player_2,134.161,61.461,527.108,136.279,160.595,344.397,stay,stay,2,2
1775924143883,4515,145985,pvp,player_1,player_2,134.161,61.461,529.785,142.019,160.595,344.397,stay,stay,2,2
1775924143883,4516,146002,pvp,player_1,player_2,134.161,61.461,532.461,147.759,160.595,344.397,stay,stay,2,2
1775924143883,4517,146018.30000007153,pvp,player_1,player_2,134.161,61.461,535.138,153.499,160.595,344.397,stay,stay,2,2
1775924143883,4518,146035.10000002384,pvp,player_1,player_2,134.161,61.461,537.815,159.239,160.595,344.397,stay,stay,2,2
1775924143883,4519,146051.70000004768,pvp,player_1,player_2,134.161,61.461,540.491,164.979,160.595,344.397,stay,stay,2,2
1775924143883,4520,146068.60000002384,pvp,player_1,player_2,134.161,61.461,543.168,170.719,160.595,344.397,stay,stay,2,2
1775924143883,4521,146085,pvp,player_1,player_2,134.161,61.461,545.844,176.459,160.595,344.397,stay,stay,2,2
1775924143883,4522,146101.60000002384,pvp,player_1,player_2,134.161,61.461,548.521,182.198,160.595,344.397,stay,stay,2,2
1775924143883,4523,146118.60000002384,pvp,player_1,player_2,134.161,61.461,551.197,187.938,160.595,344.397,stay,stay,2,2
1775924143883,4524,146135.20000004768,pvp,player_1,player_2,134.161,61.461,553.874,193.678,160.595,344.397,stay,stay,2,2
1775924143883,4525,146151.89999997616,pvp,player_1,player_2,134.161,61.461,556.551,199.418,160.595,344.397,stay,stay,2,2
1775924143883,4526,146168.5,pvp,player_1,player_2,134.161,61.461,559.227,205.158,160.595,344.397,stay,stay,2,2
1775924143883,4527,146185,pvp,player_1,player_2,134.161,61.461,561.904,210.898,160.595,344.397,stay,stay,2,2
1775924143883,4528,146201.80000007153,pvp,player_1,player_2,134.161,61.461,564.58,216.638,160.595,344.397,stay,stay,2,2
1775924143883,4529,146218.39999997616,pvp,player_1,player_2,134.161,61.461,567.257,222.378,160.595,344.397,stay,stay,2,2
1775924143883,4530,146234.70000004768,pvp,player_1,player_2,134.161,61.461,569.934,228.118,160.595,344.397,stay,stay,2,2
1775924143883,4531,146251.70000004768,pvp,player_1,player_2,134.161,61.461,572.61,233.858,160.595,344.397,stay,stay,2,2
1775924143883,4532,146268.39999997616,pvp,player_1,player_2,134.161,61.461,575.287,239.598,160.595,344.397,stay,stay,2,2
1775924143883,4533,146285.39999997616,pvp,player_1,player_2,134.161,61.461,577.963,245.338,160.595,344.397,stay,stay,2,2
1775924143883,4534,146301.80000007153,pvp,player_1,player_2,134.161,61.461,580.64,251.078,160.595,344.397,stay,stay,2,2
1775924143883,4535,146318.70000004768,pvp,player_1,player_2,134.161,61.461,583.316,256.818,160.595,344.397,stay,stay,2,2
1775924143883,4536,146335.10000002384,pvp,player_1,player_2,134.161,61.461,585.993,262.558,160.595,344.397,stay,stay,2,2
1775924143883,4537,146351.80000007153,pvp,player_1,player_2,134.161,61.461,588.67,268.298,160.595,344.397,stay,stay,2,2
1775924143883,4538,146368.39999997616,pvp,player_1,player_2,134.161,61.461,591.346,274.038,160.595,344.397,stay,stay,2,2
1775924143883,4539,146384.89999997616,pvp,player_1,player_2,134.161,61.461,594.023,279.778,160.595,344.397,stay,stay,2,2
1775924143883,4540,146401.70000004768,pvp,player_1,player_2,134.161,61.461,596.699,285.518,160.595,344.397,stay,stay,2,2
1775924143883,4541,146418.30000007153,pvp,player_1,player_2,134.161,61.461,599.376,291.258,160.595,344.397,stay,stay,2,2
1775924143883,4542,146435.20000004768,pvp,player_1,player_2,134.161,61.461,602.053,296.997,160.595,344.397,stay,stay,2,2
1775924143883,4543,146451.5,pvp,player_1,player_2,134.161,61.461,604.729,302.737,160.595,344.397,stay,stay,2,2
1775924143883,4544,146468.30000007153,pvp,player_1,player_2,134.161,61.461,607.406,308.477,160.595,344.397,stay,stay,2,2
1775924143883,4545,146485.20000004768,pvp,player_1,player_2,134.161,61.461,610.082,314.217,160.595,344.397,stay,stay,2,2
1775924143883,4546,146501.5,pvp,player_1,player_2,134.161,61.461,612.759,319.957,160.595,344.397,stay,stay,2,2
1775924143883,4547,146518.30000007153,pvp,player_1,player_2,134.161,61.461,615.435,325.697,160.595,344.397,stay,stay,2,2
1775924143883,4548,146535,pvp,player_1,player_2,134.161,61.461,618.112,331.437,160.595,344.397,stay,stay,2,2
1775924143883,4549,146552.30000007153,pvp,player_1,player_2,134.161,61.461,620.789,337.177,160.595,344.397,stay,stay,2,2
1775924143883,4550,146568.5,pvp,player_1,player_2,134.161,61.461,623.465,342.917,160.595,344.397,stay,stay,2,2
1775924143883,4551,146584.70000004768,pvp,player_1,player_2,134.161,61.461,626.142,348.657,160.595,344.397,stay,stay,2,2
1775924143883,4552,146601.80000007153,pvp,player_1,player_2,134.161,61.461,628.818,354.397,160.595,344.397,stay,stay,2,2
1775924143883,4553,146618.10000002384,pvp,player_1,player_2,134.161,61.461,631.495,360.137,160.595,344.397,stay,stay,2,2
1775924143883,4554,146635.20000004768,pvp,player_1,player_2,134.161,61.461,634.172,365.877,160.595,344.397,stay,stay,2,2
1775924143883,4555,146651.70000004768,pvp,player_1,player_2,134.161,61.461,636.848,371.617,160.595,344.397,stay,stay,2,2
1775924143883,4556,146668.30000007153,pvp,player_1,player_2,134.161,61.461,639.525,377.357,160.595,344.397,stay,stay,2,2
1775924143883,4557,146685.10000002384,pvp,player_1,player_2,134.161,61.461,642.201,383.097,160.595,344.397,stay,stay,2,2
1775924143883,4558,146701.89999997616,pvp,player_1,player_2,134.161,61.461,644.878,388.837,160.595,344.397,stay,stay,2,2
1775924143883,4559,146718.5,pvp,player_1,player_2,134.161,61.461,647.554,394.577,160.595,344.397,stay,stay,2,2
1775924143883,4560,146735.20000004768,pvp,player_1,player_2,134.161,61.461,650.231,400.317,160.595,344.397,stay,stay,2,2
1775924143883,4561,146752,pvp,player_1,player_2,134.161,61.461,652.908,406.057,160.595,344.397,stay,stay,2,2
1775924143883,4562,146768.30000007153,pvp,player_1,player_2,134.161,61.461,655.584,411.796,160.595,344.397,stay,stay,2,2
1775924143883,4563,146785.30000007153,pvp,player_1,player_2,134.161,61.461,658.261,417.536,160.595,344.397,stay,stay,2,2
1775924143883,4564,146801.70000004768,pvp,player_1,player_2,134.161,61.461,660.937,423.276,160.595,344.397,stay,stay,2,2
1775924143883,4565,146818.39999997616,pvp,player_1,player_2,134.161,61.461,663.614,429.016,160.595,344.397,stay,stay,2,2
1775924143883,4566,146835.20000004768,pvp,player_1,player_2,134.161,61.461,666.291,434.756,160.595,344.397,stay,stay,2,2
1775924143883,4567,146851.5,pvp,player_1,player_2,134.161,61.461,668.967,440.496,160.595,344.397,stay,stay,2,2
1775924143883,4568,146868.39999997616,pvp,player_1,player_2,134.161,61.461,671.644,446.236,160.595,344.397,stay,stay,2,2
1775924143883,4569,146885.39999997616,pvp,player_1,player_2,134.161,61.461,674.32,451.976,160.595,344.397,stay,stay,2,2
1775924143883,4570,146902.20000004768,pvp,player_1,player_2,134.161,61.461,676.997,457.716,160.595,344.397,stay,stay,2,2
1775924143883,4571,146918.30000007153,pvp,player_1,player_2,134.161,61.461,679.673,463.456,160.595,344.397,stay,stay,2,2
1775924143883,4572,146935.39999997616,pvp,player_1,player_2,134.161,61.461,682.35,469.196,160.595,344.397,stay,stay,2,2
1775924143883,4573,146951.5,pvp,player_1,player_2,134.161,61.461,685.027,474.936,160.595,344.397,stay,stay,2,2
1775924143883,4574,146968.60000002384,pvp,player_1,player_2,134.161,61.461,687.703,480.676,160.595,344.397,stay,stay,2,2
1775924143883,4575,146985.39999997616,pvp,player_1,player_2,134.161,61.717,690.38,486.416,160.595,344.397,stay,down,2,2
1775924143883,4576,147001.89999997616,pvp,player_1,player_2,134.161,62.228,693.056,492.156,160.595,344.397,stay,down,2,2
1775924143883,4577,147018.70000004768,pvp,player_1,player_2,134.161,62.994,695.733,497.896,160.595,344.397,stay,down,2,2
1775924143883,4578,147035.20000004768,pvp,player_1,player_2,134.161,64.017,698.41,503.636,160.595,344.397,stay,down,2,2
1775924143883,4579,147051.80000007153,pvp,player_1,player_2,134.161,65.294,701.086,509.376,160.595,344.397,stay,down,2,2
1775924143883,4580,147068.70000004768,pvp,player_1,player_2,134.161,66.828,703.763,515.116,160.595,344.397,stay,down,2,2
1775924143883,4581,147085.20000004768,pvp,player_1,player_2,134.161,68.617,706.439,520.855,160.595,344.397,stay,down,2,2
1775924143883,4582,147102.30000007153,pvp,player_1,player_2,134.161,70.661,709.116,526.595,160.595,344.397,stay,down,2,2
1775924143883,4583,147118.89999997616,pvp,player_1,player_2,134.161,72.961,711.792,530,160.595,-344.397,stay,down,2,2
1775924143883,4584,147135.10000002384,pvp,player_1,player_2,134.161,75.517,714.469,524.26,160.595,-344.397,stay,down,2,2
1775924143883,4585,147152.30000007153,pvp,player_1,player_2,134.161,78.328,717.146,518.52,160.595,-344.397,stay,down,2,2
1775924143883,4586,147168.70000004768,pvp,player_1,player_2,134.161,81.394,719.822,512.78,160.595,-344.397,stay,down,2,2
1775924143883,4587,147185.5,pvp,player_1,player_2,134.161,84.717,722.499,507.04,160.595,-344.397,stay,down,2,2
1775924143883,4588,147202.10000002384,pvp,player_1,player_2,134.161,88.294,725.175,501.3,160.595,-344.397,stay,down,2,2
1775924143883,4589,147218.39999997616,pvp,player_1,player_2,134.161,92.128,727.852,495.56,160.595,-344.397,stay,down,2,2
1775924143883,4590,147235.70000004768,pvp,player_1,player_2,134.161,96.217,730.528,489.82,160.595,-344.397,stay,down,2,2
1775924143883,4591,147251.80000007153,pvp,player_1,player_2,134.161,100.561,733.205,484.08,160.595,-344.397,stay,down,2,2
1775924143883,4592,147268.70000004768,pvp,player_1,player_2,134.161,105.161,735.882,478.34,160.595,-344.397,stay,down,2,2
1775924143883,4593,147285,pvp,player_1,player_2,134.161,110.017,738.558,472.601,160.595,-344.397,stay,down,2,2
1775924143883,4594,147302.10000002384,pvp,player_1,player_2,134.161,115.128,741.235,466.861,160.595,-344.397,stay,down,2,2
1775924143883,4595,147318.80000007153,pvp,player_1,player_2,134.161,120.494,743.911,461.121,160.595,-344.397,stay,down,2,2
1775924143883,4596,147334.89999997616,pvp,player_1,player_2,134.161,126.117,746.588,455.381,160.595,-344.397,stay,down,2,2
1775924143883,4597,147351.70000004768,pvp,player_1,player_2,134.161,131.994,749.265,449.641,160.595,-344.397,stay,down,2,2
1775924143883,4598,147369,pvp,player_1,player_2,134.161,138.128,751.941,443.901,160.595,-344.397,stay,down,2,2
1775924143883,4599,147385.20000004768,pvp,player_1,player_2,134.161,144.517,754.618,438.161,160.595,-344.397,stay,down,2,2
1775924143883,4600,147402.10000002384,pvp,player_1,player_2,134.161,151.161,757.294,432.421,160.595,-344.397,stay,down,2,2
1775924143883,4601,147418.5,pvp,player_1,player_2,134.161,158.061,759.971,426.681,160.595,-344.397,stay,down,2,2
1775924143883,4602,147435.39999997616,pvp,player_1,player_2,134.161,165.217,762.647,420.941,160.595,-344.397,stay,down,2,2
1775924143883,4603,147451.89999997616,pvp,player_1,player_2,134.161,172.628,765.324,415.201,160.595,-344.397,stay,down,2,2
1775924143883,4604,147468.20000004768,pvp,player_1,player_2,134.161,180.294,768.001,409.461,160.595,-344.397,stay,down,2,2
1775924143883,4605,147485.20000004768,pvp,player_1,player_2,134.161,187.961,770.677,403.721,160.595,-344.397,stay,down,2,2
1775924143883,4606,147502.30000007153,pvp,player_1,player_2,134.161,195.628,773.354,397.981,160.595,-344.397,stay,down,2,2
1775924143883,4607,147518.39999997616,pvp,player_1,player_2,134.161,203.294,776.03,392.241,160.595,-344.397,stay,down,2,2
1775924143883,4608,147535.30000007153,pvp,player_1,player_2,134.161,210.961,778.707,386.501,160.595,-344.397,stay,down,2,2
1775924143883,4609,147552,pvp,player_1,player_2,134.161,218.628,781.384,380.761,160.595,-344.397,stay,down,2,2
1775924143883,4610,147568.70000004768,pvp,player_1,player_2,134.161,226.294,784.06,375.021,160.595,-344.397,stay,down,2,2
1775924143883,4611,147585.20000004768,pvp,player_1,player_2,134.161,233.961,786.737,369.281,160.595,-344.397,stay,down,2,2
1775924143883,4612,147601.60000002384,pvp,player_1,player_2,134.161,241.433,789.413,363.541,160.595,-344.397,stay,stay,2,2
1775924143883,4613,147618.60000002384,pvp,player_1,player_2,134.161,248.711,792.09,357.802,160.595,-344.397,stay,stay,2,2
1775924143883,4614,147635.39999997616,pvp,player_1,player_2,134.161,255.794,794.766,352.062,160.595,-344.397,stay,stay,2,2
1775924143883,4615,147651.5,pvp,player_1,player_2,134.161,262.683,797.443,346.322,160.595,-344.397,stay,stay,2,2
1775924143883,4616,147668.30000007153,pvp,player_1,player_2,134.161,269.378,800.12,340.582,160.595,-344.397,stay,stay,2,2
1775924143883,4617,147685,pvp,player_1,player_2,134.161,275.878,802.796,334.842,160.595,-344.397,stay,stay,2,2
1775924143883,4618,147701.60000002384,pvp,player_1,player_2,134.161,282.183,805.473,329.102,160.595,-344.397,stay,stay,2,2
1775924143883,4619,147718.70000004768,pvp,player_1,player_2,134.161,288.294,808.149,323.362,160.595,-344.397,stay,stay,2,2
1775924143883,4620,147735.30000007153,pvp,player_1,player_2,134.161,294.211,810.826,317.622,160.595,-344.397,stay,stay,2,2
1775924143883,4621,147751.60000002384,pvp,player_1,player_2,134.161,299.933,813.503,311.882,160.595,-344.397,stay,stay,2,2
1775924143883,4622,147768.30000007153,pvp,player_1,player_2,134.161,305.461,816.179,306.142,160.595,-344.397,stay,stay,2,2
1775924143883,4623,147785.20000004768,pvp,player_1,player_2,134.161,310.794,818.856,300.402,160.595,-344.397,stay,stay,2,2
1775924143883,4624,147801.80000007153,pvp,player_1,player_2,134.161,315.933,821.532,294.662,160.595,-344.397,stay,stay,2,2
1775924143883,4625,147818.70000004768,pvp,player_1,player_2,134.161,320.711,824.209,288.922,160.595,-344.397,stay,up,2,2
1775924143883,4626,147835.30000007153,pvp,player_1,player_2,134.161,325.128,826.885,283.182,160.595,-344.397,stay,up,2,2
1775924143883,4627,147852.20000004768,pvp,player_1,player_2,134.161,329.183,829.562,277.442,160.595,-344.397,stay,up,2,2
1775924143883,4628,147868.39999997616,pvp,player_1,player_2,134.161,332.878,832.239,271.702,160.595,-344.397,stay,up,2,2
1775924143883,4629,147885.39999997616,pvp,player_1,player_2,134.161,336.211,834.915,265.962,160.595,-344.397,stay,up,2,2
1775924143883,4630,147902.20000004768,pvp,player_1,player_2,134.161,339.183,837.592,260.222,160.595,-344.397,stay,up,2,2
1775924143883,4631,147918.89999997616,pvp,player_1,player_2,134.161,341.794,840.268,254.482,160.595,-344.397,stay,up,2,2
1775924143883,4632,147935.5,pvp,player_1,player_2,134.161,344.044,842.945,248.742,160.595,-344.397,stay,up,2,2
1775924143883,4633,147951.70000004768,pvp,player_1,player_2,134.161,345.933,845.622,243.003,160.595,-344.397,stay,up,2,2
1775924143883,4634,147968.30000007153,pvp,player_1,player_2,134.161,347.461,848.298,237.263,160.595,-344.397,stay,up,2,2
1775924143883,4635,147985.20000004768,pvp,player_1,player_2,134.161,348.628,850.975,231.523,160.595,-344.397,stay,up,2,2
1775924143883,4636,148002.20000004768,pvp,player_1,player_2,134.161,349.433,853.651,225.783,160.595,-344.397,stay,up,2,2
1775924143883,4637,148018.5,pvp,player_1,player_2,134.161,349.878,856.328,220.043,160.595,-344.397,stay,up,2,2
1775924143883,4638,148034.89999997616,pvp,player_1,player_2,134.161,349.961,859.004,214.303,160.595,-344.397,stay,up,2,2
1775924143883,4639,148051.80000007153,pvp,player_1,player_2,134.161,349.683,861.681,208.563,160.595,-344.397,stay,up,2,2
1775924143883,4640,148068.70000004768,pvp,player_1,player_2,134.161,349.15,864.358,202.823,160.595,-344.397,stay,up,2,2
1775924143883,4641,148084.70000004768,pvp,player_1,player_2,134.161,348.361,867.034,197.083,160.595,-344.397,stay,up,2,2
1775924143883,4642,148101.5,pvp,player_1,player_2,134.161,347.317,869.711,191.343,160.595,-344.397,stay,up,2,2
1775924143883,4643,148118.39999997616,pvp,player_1,player_2,134.161,346.017,872.387,185.603,160.595,-344.397,stay,up,2,2
1775924143883,4644,148135,pvp,player_1,player_2,134.161,344.461,875.064,179.863,160.595,-344.397,stay,up,2,2
1775924143883,4645,148151.80000007153,pvp,player_1,player_2,134.161,342.65,877.741,174.123,160.595,-344.397,stay,up,2,2
1775924143883,4646,148168.39999997616,pvp,player_1,player_2,134.161,340.583,880.417,168.383,160.595,-344.397,stay,up,2,2
1775924143883,4647,148185.10000002384,pvp,player_1,player_2,134.161,338.261,883.094,162.643,160.595,-344.397,stay,up,2,2
1775924143883,4648,148201.89999997616,pvp,player_1,player_2,134.161,335.683,885.77,156.903,160.595,-344.397,stay,up,2,2
1775924143883,4649,148218.60000002384,pvp,player_1,player_2,134.161,332.85,888.447,151.163,160.595,-344.397,stay,up,2,2
1775924143883,4650,148235,pvp,player_1,player_2,134.161,329.761,891.123,145.423,160.595,-344.397,stay,up,2,2
1775924143883,4651,148252.20000004768,pvp,player_1,player_2,134.161,326.417,893.8,139.683,160.595,-344.397,stay,up,2,2
1775924143883,4652,148268.80000007153,pvp,player_1,player_2,134.161,322.817,896.477,133.943,160.595,-344.397,stay,up,2,2
1775924143883,4653,148285.10000002384,pvp,player_1,player_2,134.161,318.961,899.153,128.204,160.595,-344.397,stay,up,2,2
1775924143883,4654,148301.80000007153,pvp,player_1,player_2,134.161,314.85,901.83,122.464,160.595,-344.397,stay,up,2,2
1775924143883,4655,148318.20000004768,pvp,player_1,player_2,134.161,310.483,904.506,116.724,160.595,-344.397,stay,up,2,2
1775924143883,4656,148335.30000007153,pvp,player_1,player_2,134.161,305.861,907.183,110.984,160.595,-344.397,stay,up,2,2
1775924143883,4657,148351.5,pvp,player_1,player_2,134.161,300.983,909.86,105.244,160.595,-344.397,stay,up,2,2
1775924143883,4658,148368.30000007153,pvp,player_1,player_2,134.161,295.85,912.536,99.504,160.595,-344.397,stay,up,2,2
1775924143883,4659,148385,pvp,player_1,player_2,134.161,290.461,915.213,93.764,160.595,-344.397,stay,up,2,2
1775924143883,4660,148401.60000002384,pvp,player_1,player_2,134.161,284.817,917.889,88.024,160.595,-344.397,stay,up,2,2
1775924143883,4661,148418.60000002384,pvp,player_1,player_2,134.161,278.917,920.566,82.284,160.595,-344.397,stay,up,2,2
1775924143883,4662,148435,pvp,player_1,player_2,134.161,272.761,923.242,76.544,160.595,-344.397,stay,up,2,2
1775924143883,4663,148451.5,pvp,player_1,player_2,134.161,266.35,925.919,70.804,160.595,-344.397,stay,up,2,2
1775924143883,4664,148468.60000002384,pvp,player_1,player_2,134.161,259.683,928.596,65.064,160.595,-344.397,stay,up,2,2
1775924143883,4665,148484.80000007153,pvp,player_1,player_2,134.161,252.761,931.272,59.324,160.595,-344.397,stay,up,2,2
1775924143883,4666,148501.89999997616,pvp,player_1,player_2,134.161,245.583,933.949,53.584,160.595,-344.397,stay,up,2,2
1775924143883,4667,148518.39999997616,pvp,player_1,player_2,134.161,238.15,936.625,47.844,160.595,-344.397,stay,up,2,2
1775924143883,4668,148535.10000002384,pvp,player_1,player_2,134.161,230.483,939.302,42.104,160.595,-344.397,stay,up,2,2
1775924143883,4669,148552.20000004768,pvp,player_1,player_2,134.161,222.817,941.978,36.364,160.595,-344.397,stay,up,2,2
1775924143883,4670,148568.20000004768,pvp,player_1,player_2,134.161,215.15,944.655,30.624,160.595,-344.397,stay,up,2,2
1775924143883,4671,148584.80000007153,pvp,player_1,player_2,134.161,207.483,947.332,24.884,160.595,-344.397,stay,up,2,2
1775924143883,4672,148601.60000002384,pvp,player_1,player_2,134.161,199.817,950.008,19.145,160.595,-344.397,stay,up,2,2
1775924143883,4673,148618.39999997616,pvp,player_1,player_2,134.161,192.15,952.685,13.405,160.595,-344.397,stay,up,2,2
1775924143883,4674,148635.10000002384,pvp,player_1,player_2,134.161,184.483,955.361,10,160.595,344.397,stay,up,2,2
1775924143883,4675,148651.89999997616,pvp,player_1,player_2,134.161,176.817,958.038,15.74,160.595,344.397,stay,up,2,2
1775924143883,4676,148668.39999997616,pvp,player_1,player_2,134.161,169.15,960.715,21.48,160.595,344.397,stay,up,2,2
1775924143883,4677,148685.20000004768,pvp,player_1,player_2,134.161,161.483,963.391,27.22,160.595,344.397,stay,up,2,2
1775924143883,4678,148701.70000004768,pvp,player_1,player_2,134.161,153.817,966.068,32.96,160.595,344.397,stay,up,2,2
1775924143883,4679,148718.60000002384,pvp,player_1,player_2,134.161,146.15,968.744,38.7,160.595,344.397,stay,up,2,2
1775924143883,4680,148735.30000007153,pvp,player_1,player_2,134.161,138.483,480,270,280,0,stay,up,3,2
1775924143883,4681,148752.30000007153,pvp,player_1,player_2,134.161,130.817,484.667,270,280,0,stay,up,3,2
1775924143883,4682,148768.30000007153,pvp,player_1,player_2,134.161,123.15,489.333,270,280,0,stay,up,3,2
1775924143883,4683,148785.30000007153,pvp,player_1,player_2,134.161,115.483,494,270,280,0,stay,up,3,2
1775924143883,4684,148802.30000007153,pvp,player_1,player_2,134.161,107.817,498.667,270,280,0,stay,up,3,2
1775924143883,4685,148818.70000004768,pvp,player_1,player_2,134.161,100.15,503.333,270,280,0,stay,up,3,2
1775924143883,4686,148834.89999997616,pvp,player_1,player_2,134.161,92.483,508,270,280,0,stay,up,3,2
1775924143883,4687,148851.89999997616,pvp,player_1,player_2,134.161,84.817,512.667,270,280,0,stay,up,3,2
1775924143883,4688,148868.60000002384,pvp,player_1,player_2,134.161,77.15,517.333,270,280,0,stay,up,3,2
1775924143883,4689,148885.10000002384,pvp,player_1,player_2,134.161,69.483,522,270,280,0,stay,up,3,2
1775924143883,4690,148901.70000004768,pvp,player_1,player_2,134.161,61.817,526.667,270,280,0,stay,up,3,2
1775924143883,4691,148918.5,pvp,player_1,player_2,134.161,54.15,531.333,270,280,0,stay,up,3,2
1775924143883,4692,148935,pvp,player_1,player_2,134.161,46.483,536,270,280,0,stay,up,3,2
1775924143883,4693,148951.80000007153,pvp,player_1,player_2,134.161,38.817,540.667,270,280,0,stay,up,3,2
1775924143883,4694,148968.10000002384,pvp,player_1,player_2,134.161,31.15,545.333,270,280,0,stay,up,3,2
1775924143883,4695,148985.10000002384,pvp,player_1,player_2,134.161,23.483,550,270,280,0,stay,up,3,2
1775924143883,4696,149001.60000002384,pvp,player_1,player_2,134.161,15.817,554.667,270,280,0,stay,up,3,2
1775924143883,4697,149018.39999997616,pvp,player_1,player_2,134.161,8.344,559.333,270,280,0,stay,stay,3,2
1775924143883,4698,149035.10000002384,pvp,player_1,player_2,134.161,1.067,564,270,280,0,stay,stay,3,2
1775924143883,4699,149051.89999997616,pvp,player_1,player_2,134.161,0,568.667,270,280,0,stay,stay,3,2
1775924143883,4700,149068.70000004768,pvp,player_1,player_2,134.161,0,573.333,270,280,0,stay,stay,3,2
1775924143883,4701,149085.20000004768,pvp,player_1,player_2,134.161,0,578,270,280,0,stay,stay,3,2
1775924143883,4702,149101.70000004768,pvp,player_1,player_2,134.161,0,582.667,270,280,0,stay,stay,3,2
1775924143883,4703,149118.80000007153,pvp,player_1,player_2,134.161,0,587.333,270,280,0,stay,stay,3,2
1775924143883,4704,149135.30000007153,pvp,player_1,player_2,134.161,0,592,270,280,0,stay,stay,3,2
1775924143883,4705,149151.89999997616,pvp,player_1,player_2,134.161,0,596.667,270,280,0,stay,stay,3,2
1775924143883,4706,149168.10000002384,pvp,player_1,player_2,134.161,0,601.333,270,280,0,stay,stay,3,2
1775924143883,4707,149184.89999997616,pvp,player_1,player_2,134.161,0,606,270,280,0,stay,stay,3,2
1775924143883,4708,149201.30000007153,pvp,player_1,player_2,134.161,0,610.667,270,280,0,stay,stay,3,2
1775924143883,4709,149218.39999997616,pvp,player_1,player_2,134.161,0,615.333,270,280,0,stay,stay,3,2
1775924143883,4710,149235.20000004768,pvp,player_1,player_2,134.161,0,620,270,280,0,stay,stay,3,2
1775924143883,4711,149251.60000002384,pvp,player_1,player_2,134.161,0,624.667,270,280,0,stay,stay,3,2
1775924143883,4712,149268.20000004768,pvp,player_1,player_2,134.161,0,629.333,270,280,0,stay,stay,3,2
1775924143883,4713,149284.89999997616,pvp,player_1,player_2,134.161,0,634,270,280,0,stay,stay,3,2
1775924143883,4714,149301.89999997616,pvp,player_1,player_2,134.161,0,638.667,270,280,0,stay,stay,3,2
1775924143883,4715,149318.20000004768,pvp,player_1,player_2,134.161,0,643.333,270,280,0,stay,stay,3,2
1775924143883,4716,149335.10000002384,pvp,player_1,player_2,134.161,0,648,270,280,0,stay,down,3,2
1775924143883,4717,149351.89999997616,pvp,player_1,player_2,134.161,0,652.667,270,280,0,stay,down,3,2
1775924143883,4718,149368.20000004768,pvp,player_1,player_2,134.161,0,657.333,270,280,0,stay,down,3,2
1775924143883,4719,149385.20000004768,pvp,player_1,player_2,134.161,0,662,270,280,0,stay,down,3,2
1775924143883,4720,149401.89999997616,pvp,player_1,player_2,134.161,0,666.667,270,280,0,stay,down,3,2
1775924143883,4721,149418.5,pvp,player_1,player_2,134.161,0,671.333,270,280,0,stay,down,3,2
1775924143883,4722,149435.20000004768,pvp,player_1,player_2,134.161,0,676,270,280,0,stay,down,3,2
1775924143883,4723,149451.80000007153,pvp,player_1,player_2,134.161,0,680.667,270,280,0,stay,down,3,2
1775924143883,4724,149468.39999997616,pvp,player_1,player_2,134.161,0,685.333,270,280,0,stay,down,3,2
1775924143883,4725,149484.80000007153,pvp,player_1,player_2,134.161,0,690,270,280,0,stay,down,3,2
1775924143883,4726,149501.60000002384,pvp,player_1,player_2,134.161,0,694.667,270,280,0,stay,down,3,2
1775924143883,4727,149518.30000007153,pvp,player_1,player_2,134.161,0.256,699.333,270,280,0,stay,down,3,2
1775924143883,4728,149534.89999997616,pvp,player_1,player_2,134.161,0.767,704,270,280,0,stay,down,3,2
1775924143883,4729,149551.60000002384,pvp,player_1,player_2,134.161,1.533,708.667,270,280,0,stay,down,3,2
1775924143883,4730,149568.30000007153,pvp,player_1,player_2,134.161,2.556,713.333,270,280,0,stay,down,3,2
1775924143883,4731,149585.10000002384,pvp,player_1,player_2,134.161,3.833,718,270,280,0,stay,down,3,2
1775924143883,4732,149601.5,pvp,player_1,player_2,134.161,5.367,722.667,270,280,0,stay,down,3,2
1775924143883,4733,149618.30000007153,pvp,player_1,player_2,134.161,7.156,727.333,270,280,0,stay,down,3,2
1775924143883,4734,149634.60000002384,pvp,player_1,player_2,134.161,9.2,732,270,280,0,stay,down,3,2
1775924143883,4735,149651.30000007153,pvp,player_1,player_2,134.161,11.5,736.667,270,280,0,stay,down,3,2
1775924143883,4736,149668.39999997616,pvp,player_1,player_2,134.161,14.056,741.333,270,280,0,stay,down,3,2
1775924143883,4737,149685.10000002384,pvp,player_1,player_2,134.161,16.867,746,270,280,0,stay,down,3,2
1775924143883,4738,149701.70000004768,pvp,player_1,player_2,134.161,19.933,750.667,270,280,0,stay,down,3,2
1775924143883,4739,149718.20000004768,pvp,player_1,player_2,134.161,23.256,755.333,270,280,0,stay,down,3,2
1775924143883,4740,149735.10000002384,pvp,player_1,player_2,134.161,26.833,760,270,280,0,stay,down,3,2
1775924143883,4741,149752.30000007153,pvp,player_1,player_2,134.161,30.667,764.667,270,280,0,stay,down,3,2
1775924143883,4742,149768.10000002384,pvp,player_1,player_2,134.161,34.756,769.333,270,280,0,stay,down,3,2
1775924143883,4743,149785,pvp,player_1,player_2,134.161,39.1,774,270,280,0,stay,down,3,2
1775924143883,4744,149802,pvp,player_1,player_2,134.161,43.7,778.667,270,280,0,stay,down,3,2
1775924143883,4745,149818.70000004768,pvp,player_1,player_2,134.161,48.556,783.333,270,280,0,stay,down,3,2
1775924143883,4746,149835.30000007153,pvp,player_1,player_2,134.161,53.667,788,270,280,0,stay,down,3,2
1775924143883,4747,149852.10000002384,pvp,player_1,player_2,134.161,59.033,792.667,270,280,0,stay,down,3,2
1775924143883,4748,149869,pvp,player_1,player_2,134.161,64.656,797.333,270,280,0,stay,down,3,2
1775924143883,4749,149885.5,pvp,player_1,player_2,134.161,70.533,802,270,280,0,stay,down,3,2
1775924143883,4750,149902.60000002384,pvp,player_1,player_2,134.161,76.667,806.667,270,280,0,stay,down,3,2
1775924143883,4751,149918.20000004768,pvp,player_1,player_2,134.161,83.056,811.333,270,280,0,stay,down,3,2
1775924143883,4752,149935.30000007153,pvp,player_1,player_2,134.161,89.7,816,270,280,0,stay,down,3,2
1775924143883,4753,149952.10000002384,pvp,player_1,player_2,134.161,96.6,820.667,270,280,0,stay,down,3,2
1775924143883,4754,149968.39999997616,pvp,player_1,player_2,134.161,103.756,825.333,270,280,0,stay,down,3,2
1775924143883,4755,149985.10000002384,pvp,player_1,player_2,134.161,111.167,830,270,280,0,stay,down,3,2
1775924143883,4756,150001.80000007153,pvp,player_1,player_2,134.161,118.833,834.667,270,280,0,stay,down,3,2
1775924143883,4757,150018.70000004768,pvp,player_1,player_2,134.161,126.5,839.333,270,280,0,stay,down,3,2
1775924143883,4758,150035.20000004768,pvp,player_1,player_2,134.161,134.167,844,270,280,0,stay,down,3,2
1775924143883,4759,150051.80000007153,pvp,player_1,player_2,134.161,141.833,848.667,270,280,0,stay,down,3,2
1775924143883,4760,150068.5,pvp,player_1,player_2,134.161,149.5,853.333,270,280,0,stay,down,3,2
1775924143883,4761,150085.30000007153,pvp,player_1,player_2,134.161,157.167,858,270,280,0,stay,down,3,2
1775924143883,4762,150101.89999997616,pvp,player_1,player_2,134.161,164.833,862.667,270,280,0,stay,down,3,2
1775924143883,4763,150118.39999997616,pvp,player_1,player_2,134.161,172.5,867.333,270,280,0,stay,down,3,2
1775924143883,4764,150135,pvp,player_1,player_2,134.161,180.167,872,270,280,0,stay,down,3,2
1775924143883,4765,150151.5,pvp,player_1,player_2,134.161,187.833,876.667,270,280,0,stay,down,3,2
1775924143883,4766,150168.30000007153,pvp,player_1,player_2,134.161,195.5,881.333,270,280,0,stay,down,3,2
1775924143883,4767,150185,pvp,player_1,player_2,134.161,203.167,886,270,280,0,stay,down,3,2
1775924143883,4768,150201.70000004768,pvp,player_1,player_2,134.161,210.833,890.667,270,280,0,stay,down,3,2
1775924143883,4769,150218.30000007153,pvp,player_1,player_2,134.161,218.5,895.333,270,280,0,stay,down,3,2
1775924143883,4770,150235,pvp,player_1,player_2,134.161,226.167,900,270,280,0,stay,down,3,2
1775924143883,4771,150252,pvp,player_1,player_2,134.161,233.833,904.667,270,280,0,stay,down,3,2
1775924143883,4772,150268.5,pvp,player_1,player_2,134.161,241.5,909.333,270,280,0,stay,down,3,2
1775924143883,4773,150285,pvp,player_1,player_2,134.161,249.167,912,270,-240.256,-179.658,stay,down,3,2
1775924143883,4774,150302,pvp,player_1,player_2,134.161,256.833,907.996,267.006,-240.256,-179.658,stay,down,3,2
1775924143883,4775,150319.10000002384,pvp,player_1,player_2,134.161,264.5,903.991,264.011,-240.256,-179.658,stay,down,3,2
1775924143883,4776,150335.70000004768,pvp,player_1,player_2,134.161,272.167,899.987,261.017,-240.256,-179.658,stay,down,3,2
1775924143883,4777,150352.20000004768,pvp,player_1,player_2,134.161,279.833,895.983,258.023,-240.256,-179.658,stay,down,3,2
1775924143883,4778,150369.30000007153,pvp,player_1,player_2,134.161,287.5,891.979,255.029,-240.256,-179.658,stay,down,3,2
1775924143883,4779,150385.30000007153,pvp,player_1,player_2,134.161,295.167,887.974,252.034,-240.256,-179.658,stay,down,3,2
1775924143883,4780,150402,pvp,player_1,player_2,134.161,302.833,883.97,249.04,-240.256,-179.658,stay,down,3,2
1775924143883,4781,150418.70000004768,pvp,player_1,player_2,134.161,310.5,879.966,246.046,-240.256,-179.658,stay,down,3,2
1775924143883,4782,150435.39999997616,pvp,player_1,player_2,134.161,318.167,875.962,243.051,-240.256,-179.658,stay,down,3,2
1775924143883,4783,150451.89999997616,pvp,player_1,player_2,134.161,325.833,871.957,240.057,-240.256,-179.658,stay,down,3,2
1775924143883,4784,150468.70000004768,pvp,player_1,player_2,134.161,333.5,867.953,237.063,-240.256,-179.658,stay,down,3,2
1775924143883,4785,150485.60000002384,pvp,player_1,player_2,134.161,341.167,863.949,234.068,-240.256,-179.658,stay,down,3,2
1775924143883,4786,150502,pvp,player_1,player_2,134.161,348.833,859.944,231.074,-240.256,-179.658,stay,down,3,2
1775924143883,4787,150518.80000007153,pvp,player_1,player_2,134.161,356.5,855.94,228.08,-240.256,-179.658,stay,down,3,2
1775924143883,4788,150535.60000002384,pvp,player_1,player_2,134.161,364.167,851.936,225.086,-240.256,-179.658,stay,down,3,2
1775924143883,4789,150552.70000004768,pvp,player_1,player_2,134.161,371.833,847.932,222.091,-240.256,-179.658,stay,down,3,2
1775924143883,4790,150568.89999997616,pvp,player_1,player_2,134.161,379.5,843.927,219.097,-240.256,-179.658,stay,down,3,2
1775924143883,4791,150585.60000002384,pvp,player_1,player_2,134.161,387.167,839.923,216.103,-240.256,-179.658,stay,down,3,2
1775924143883,4792,150602.39999997616,pvp,player_1,player_2,134.161,394.833,835.919,213.108,-240.256,-179.658,stay,down,3,2
1775924143883,4793,150619.10000002384,pvp,player_1,player_2,134.161,402.5,831.915,210.114,-240.256,-179.658,stay,down,3,2
1775924143883,4794,150635.10000002384,pvp,player_1,player_2,134.161,410.167,827.91,207.12,-240.256,-179.658,stay,down,3,2
1775924143883,4795,150651.70000004768,pvp,player_1,player_2,134.161,417.833,823.906,204.126,-240.256,-179.658,stay,down,3,2
1775924143883,4796,150668.80000007153,pvp,player_1,player_2,134.161,425.306,819.902,201.131,-240.256,-179.658,stay,stay,3,2
1775924143883,4797,150685.20000004768,pvp,player_1,player_2,134.161,432.583,815.897,198.137,-240.256,-179.658,stay,stay,3,2
1775924143883,4798,150702.30000007153,pvp,player_1,player_2,134.161,439.667,811.893,195.143,-240.256,-179.658,stay,stay,3,2
1775924143883,4799,150718.80000007153,pvp,player_1,player_2,134.161,444,807.889,192.148,-240.256,-179.658,stay,stay,3,2
1775924143883,4800,150735.39999997616,pvp,player_1,player_2,134.161,444,803.885,189.154,-240.256,-179.658,stay,stay,3,2
1775924143883,4801,150752.30000007153,pvp,player_1,player_2,134.161,444,799.88,186.16,-240.256,-179.658,stay,stay,3,2
1775924143883,4802,150768.10000002384,pvp,player_1,player_2,134.161,444,795.876,183.166,-240.256,-179.658,stay,stay,3,2
1775924143883,4803,150785.39999997616,pvp,player_1,player_2,134.161,444,791.872,180.171,-240.256,-179.658,stay,stay,3,2
1775924143883,4804,150802.39999997616,pvp,player_1,player_2,134.161,444,787.868,177.177,-240.256,-179.658,stay,stay,3,2
1775924143883,4805,150818.80000007153,pvp,player_1,player_2,134.161,444,783.863,174.183,-240.256,-179.658,stay,stay,3,2
1775924143883,4806,150835.10000002384,pvp,player_1,player_2,134.161,444,779.859,171.188,-240.256,-179.658,stay,stay,3,2
1775924143883,4807,150851.39999997616,pvp,player_1,player_2,134.161,444,775.855,168.194,-240.256,-179.658,stay,stay,3,2
1775924143883,4808,150868.39999997616,pvp,player_1,player_2,134.161,444,771.85,165.2,-240.256,-179.658,stay,stay,3,2
1775924143883,4809,150885.30000007153,pvp,player_1,player_2,134.161,444,767.846,162.205,-240.256,-179.658,stay,stay,3,2
1775924143883,4810,150902,pvp,player_1,player_2,134.161,444,763.842,159.211,-240.256,-179.658,stay,stay,3,2
1775924143883,4811,150918.80000007153,pvp,player_1,player_2,134.161,444,759.838,156.217,-240.256,-179.658,stay,stay,3,2
1775924143883,4812,150935.30000007153,pvp,player_1,player_2,134.161,444,755.833,153.223,-240.256,-179.658,stay,stay,3,2
1775924143883,4813,150952,pvp,player_1,player_2,134.161,444,751.829,150.228,-240.256,-179.658,stay,stay,3,2
1775924143883,4814,150968.70000004768,pvp,player_1,player_2,134.161,444,747.825,147.234,-240.256,-179.658,stay,stay,3,2
1775924143883,4815,150985.60000002384,pvp,player_1,player_2,134.161,444,743.82,144.24,-240.256,-179.658,stay,stay,3,2
1775924143883,4816,151002.20000004768,pvp,player_1,player_2,134.161,444,739.816,141.245,-240.256,-179.658,stay,stay,3,2
1775924143883,4817,151018.30000007153,pvp,player_1,player_2,134.161,444,735.812,138.251,-240.256,-179.658,stay,stay,3,2
1775924143883,4818,151035.20000004768,pvp,player_1,player_2,134.161,444,731.808,135.257,-240.256,-179.658,stay,stay,3,2
1775924143883,4819,151052.20000004768,pvp,player_1,player_2,134.161,444,727.803,132.263,-240.256,-179.658,stay,stay,3,2
1775924143883,4820,151069.30000007153,pvp,player_1,player_2,134.161,444,723.799,129.268,-240.256,-179.658,stay,stay,3,2
1775924143883,4821,151085.30000007153,pvp,player_1,player_2,134.161,444,719.795,126.274,-240.256,-179.658,stay,stay,3,2
1775924143883,4822,151101.80000007153,pvp,player_1,player_2,134.161,444,715.791,123.28,-240.256,-179.658,stay,stay,3,2
1775924143883,4823,151118.80000007153,pvp,player_1,player_2,134.161,444,711.786,120.285,-240.256,-179.658,stay,stay,3,2
1775924143883,4824,151135.20000004768,pvp,player_1,player_2,134.161,444,707.782,117.291,-240.256,-179.658,stay,stay,3,2
1775924143883,4825,151152.20000004768,pvp,player_1,player_2,134.161,444,703.778,114.297,-240.256,-179.658,stay,stay,3,2
1775924143883,4826,151168.89999997616,pvp,player_1,player_2,134.161,444,699.773,111.302,-240.256,-179.658,stay,stay,3,2
1775924143883,4827,151185.60000002384,pvp,player_1,player_2,134.161,444,695.769,108.308,-240.256,-179.658,stay,stay,3,2
1775924143883,4828,151202.10000002384,pvp,player_1,player_2,134.161,444,691.765,105.314,-240.256,-179.658,stay,stay,3,2
1775924143883,4829,151218.80000007153,pvp,player_1,player_2,134.161,444,687.761,102.32,-240.256,-179.658,stay,stay,3,2
1775924143883,4830,151235.30000007153,pvp,player_1,player_2,134.161,444,683.756,99.325,-240.256,-179.658,stay,stay,3,2
1775924143883,4831,151252.10000002384,pvp,player_1,player_2,134.161,444,679.752,96.331,-240.256,-179.658,stay,stay,3,2
1775924143883,4832,151268.5,pvp,player_1,player_2,134.161,444,675.748,93.337,-240.256,-179.658,stay,stay,3,2
1775924143883,4833,151285.39999997616,pvp,player_1,player_2,134.161,444,671.744,90.342,-240.256,-179.658,stay,stay,3,2
1775924143883,4834,151302.10000002384,pvp,player_1,player_2,134.161,444,667.739,87.348,-240.256,-179.658,stay,stay,3,2
1775924143883,4835,151318.5,pvp,player_1,player_2,134.161,444,663.735,84.354,-240.256,-179.658,stay,stay,3,2
1775924143883,4836,151335.70000004768,pvp,player_1,player_2,134.161,444,659.731,81.36,-240.256,-179.658,stay,stay,3,2
1775924143883,4837,151352,pvp,player_1,player_2,134.161,444,655.726,78.365,-240.256,-179.658,stay,stay,3,2
1775924143883,4838,151368.5,pvp,player_1,player_2,134.161,444,651.722,75.371,-240.256,-179.658,stay,stay,3,2
1775924143883,4839,151385.70000004768,pvp,player_1,player_2,134.161,444,647.718,72.377,-240.256,-179.658,stay,stay,3,2
1775924143883,4840,151401.39999997616,pvp,player_1,player_2,134.161,444,643.714,69.382,-240.256,-179.658,stay,stay,3,2
1775924143883,4841,151418.5,pvp,player_1,player_2,134.161,444,639.709,66.388,-240.256,-179.658,stay,stay,3,2
1775924143883,4842,151435.10000002384,pvp,player_1,player_2,134.161,444,635.705,63.394,-240.256,-179.658,stay,stay,3,2
1775924143883,4843,151452.30000007153,pvp,player_1,player_2,134.161,444,631.701,60.399,-240.256,-179.658,stay,stay,3,2
1775924143883,4844,151468.89999997616,pvp,player_1,player_2,134.161,444,627.697,57.405,-240.256,-179.658,stay,stay,3,2
1775924143883,4845,151485.30000007153,pvp,player_1,player_2,134.161,444,623.692,54.411,-240.256,-179.658,stay,stay,3,2
1775924143883,4846,151502.5,pvp,player_1,player_2,134.161,444,619.688,51.417,-240.256,-179.658,stay,stay,3,2
1775924143883,4847,151518.70000004768,pvp,player_1,player_2,134.161,444,615.684,48.422,-240.256,-179.658,stay,stay,3,2
1775924143883,4848,151535.20000004768,pvp,player_1,player_2,134.161,444,611.679,45.428,-240.256,-179.658,stay,stay,3,2
1775924143883,4849,151552.30000007153,pvp,player_1,player_2,134.161,444,607.675,42.434,-240.256,-179.658,stay,stay,3,2
1775924143883,4850,151568.89999997616,pvp,player_1,player_2,134.161,444,603.671,39.439,-240.256,-179.658,stay,stay,3,2
1775924143883,4851,151585.89999997616,pvp,player_1,player_2,134.161,444,599.667,36.445,-240.256,-179.658,stay,stay,3,2
1775924143883,4852,151601.5,pvp,player_1,player_2,134.161,444,595.662,33.451,-240.256,-179.658,stay,stay,3,2
1775924143883,4853,151618.10000002384,pvp,player_1,player_2,134.161,444,591.658,30.457,-240.256,-179.658,stay,stay,3,2
1775924143883,4854,151634.70000004768,pvp,player_1,player_2,134.161,444,587.654,27.462,-240.256,-179.658,stay,stay,3,2
1775924143883,4855,151651.89999997616,pvp,player_1,player_2,134.161,444,583.65,24.468,-240.256,-179.658,stay,stay,3,2
1775924143883,4856,151668.70000004768,pvp,player_1,player_2,134.161,444,579.645,21.474,-240.256,-179.658,stay,stay,3,2
1775924143883,4857,151685.30000007153,pvp,player_1,player_2,134.161,444,575.641,18.479,-240.256,-179.658,stay,stay,3,2
1775924143883,4858,151702.20000004768,pvp,player_1,player_2,134.161,444,571.637,15.485,-240.256,-179.658,stay,stay,3,2
1775924143883,4859,151719,pvp,player_1,player_2,134.161,444,567.632,12.491,-240.256,-179.658,stay,stay,3,2
1775924143883,4860,151735.39999997616,pvp,player_1,player_2,134.161,444,563.628,10,-240.256,179.658,stay,stay,3,2
1775924143883,4861,151752,pvp,player_1,player_2,134.161,444,559.624,12.994,-240.256,179.658,stay,stay,3,2
1775924143883,4862,151768.20000004768,pvp,player_1,player_2,134.161,444,555.62,15.989,-240.256,179.658,stay,stay,3,2
1775924143883,4863,151785.60000002384,pvp,player_1,player_2,134.161,444,551.615,18.983,-240.256,179.658,stay,stay,3,2
1775924143883,4864,151802.10000002384,pvp,player_1,player_2,134.161,444,547.611,21.977,-240.256,179.658,stay,stay,3,2
1775924143883,4865,151818.60000002384,pvp,player_1,player_2,134.161,444,543.607,24.971,-240.256,179.658,stay,stay,3,2
1775924143883,4866,151835.60000002384,pvp,player_1,player_2,134.161,444,539.603,27.966,-240.256,179.658,stay,stay,3,2
1775924143883,4867,151851.5,pvp,player_1,player_2,134.161,444,535.598,30.96,-240.256,179.658,stay,stay,3,2
1775924143883,4868,151868.30000007153,pvp,player_1,player_2,134.161,444,531.594,33.954,-240.256,179.658,stay,stay,3,2
1775924143883,4869,151885.39999997616,pvp,player_1,player_2,134.161,444,527.59,36.949,-240.256,179.658,stay,stay,3,2
1775924143883,4870,151902.39999997616,pvp,player_1,player_2,134.161,444,523.585,39.943,-240.256,179.658,stay,stay,3,2
1775924143883,4871,151919,pvp,player_1,player_2,134.161,444,519.581,42.937,-240.256,179.658,stay,stay,3,2
1775924143883,4872,151935.20000004768,pvp,player_1,player_2,134.161,444,515.577,45.932,-240.256,179.658,stay,stay,3,2
1775924143883,4873,151952,pvp,player_1,player_2,134.161,444,511.573,48.926,-240.256,179.658,stay,stay,3,2
1775924143883,4874,151968.70000004768,pvp,player_1,player_2,134.161,444,507.568,51.92,-240.256,179.658,stay,stay,3,2
1775924143883,4875,151985.5,pvp,player_1,player_2,134.161,444,503.564,54.914,-240.256,179.658,stay,stay,3,2
1775924143883,4876,152002.39999997616,pvp,player_1,player_2,134.161,444,499.56,57.909,-240.256,179.658,stay,stay,3,2
1775924143883,4877,152018.60000002384,pvp,player_1,player_2,134.161,444,495.556,60.903,-240.256,179.658,stay,stay,3,2
1775924143883,4878,152035.60000002384,pvp,player_1,player_2,134.161,444,491.551,63.897,-240.256,179.658,stay,stay,3,2
1775924143883,4879,152051.80000007153,pvp,player_1,player_2,134.161,444,487.547,66.892,-240.256,179.658,stay,stay,3,2
1775924143883,4880,152068.60000002384,pvp,player_1,player_2,134.161,444,483.543,69.886,-240.256,179.658,stay,stay,3,2
1775924143883,4881,152085.5,pvp,player_1,player_2,134.161,444,479.538,72.88,-240.256,179.658,stay,stay,3,2
1775924143883,4882,152101.80000007153,pvp,player_1,player_2,134.161,444,475.534,75.874,-240.256,179.658,stay,stay,3,2
1775924143883,4883,152118.60000002384,pvp,player_1,player_2,134.161,444,471.53,78.869,-240.256,179.658,stay,stay,3,2
1775924143883,4884,152135.10000002384,pvp,player_1,player_2,134.161,444,467.526,81.863,-240.256,179.658,stay,stay,3,2
1775924143883,4885,152152.10000002384,pvp,player_1,player_2,134.161,444,463.521,84.857,-240.256,179.658,stay,stay,3,2
1775924143883,4886,152168.70000004768,pvp,player_1,player_2,134.161,444,459.517,87.852,-240.256,179.658,stay,stay,3,2
1775924143883,4887,152185.39999997616,pvp,player_1,player_2,134.161,444,455.513,90.846,-240.256,179.658,stay,stay,3,2
1775924143883,4888,152201.89999997616,pvp,player_1,player_2,134.161,444,451.509,93.84,-240.256,179.658,stay,stay,3,2
1775924143883,4889,152218.10000002384,pvp,player_1,player_2,134.161,444,447.504,96.834,-240.256,179.658,stay,stay,3,2
1775924143883,4890,152234.80000007153,pvp,player_1,player_2,134.161,444,443.5,99.829,-240.256,179.658,stay,stay,3,2
1775924143883,4891,152251.39999997616,pvp,player_1,player_2,134.161,444,439.496,102.823,-240.256,179.658,stay,stay,3,2
1775924143883,4892,152268.10000002384,pvp,player_1,player_2,134.161,444,435.491,105.817,-240.256,179.658,stay,stay,3,2
1775924143883,4893,152284.70000004768,pvp,player_1,player_2,134.161,444,431.487,108.812,-240.256,179.658,stay,stay,3,2
1775924143883,4894,152301.30000007153,pvp,player_1,player_2,134.161,444,427.483,111.806,-240.256,179.658,stay,stay,3,2
1775924143883,4895,152318.20000004768,pvp,player_1,player_2,134.161,444,423.479,114.8,-240.256,179.658,stay,stay,3,2
1775924143883,4896,152334.80000007153,pvp,player_1,player_2,134.161,444,419.474,117.795,-240.256,179.658,stay,stay,3,2
1775924143883,4897,152351.30000007153,pvp,player_1,player_2,134.161,444,415.47,120.789,-240.256,179.658,stay,stay,3,2
1775924143883,4898,152368,pvp,player_1,player_2,134.161,444,411.466,123.783,-240.256,179.658,stay,stay,3,2
1775924143883,4899,152384.39999997616,pvp,player_1,player_2,134.161,444,407.461,126.777,-240.256,179.658,stay,stay,3,2
1775924143883,4900,152401.39999997616,pvp,player_1,player_2,134.161,444,403.457,129.772,-240.256,179.658,stay,stay,3,2
1775924143883,4901,152418.10000002384,pvp,player_1,player_2,134.417,444,399.453,132.766,-240.256,179.658,down,stay,3,2
1775924143883,4902,152435.20000004768,pvp,player_1,player_2,134.928,444,395.449,135.76,-240.256,179.658,down,stay,3,2
1775924143883,4903,152451.70000004768,pvp,player_1,player_2,135.694,444,391.444,138.755,-240.256,179.658,down,stay,3,2
1775924143883,4904,152468.89999997616,pvp,player_1,player_2,136.717,444,387.44,141.749,-240.256,179.658,down,stay,3,2
1775924143883,4905,152485.10000002384,pvp,player_1,player_2,137.994,444,383.436,144.743,-240.256,179.658,down,stay,3,2
1775924143883,4906,152502.20000004768,pvp,player_1,player_2,139.528,444,379.432,147.737,-240.256,179.658,down,stay,3,2
1775924143883,4907,152518.89999997616,pvp,player_1,player_2,141.317,444,375.427,150.732,-240.256,179.658,down,stay,3,2
1775924143883,4908,152535.5,pvp,player_1,player_2,143.361,444,371.423,153.726,-240.256,179.658,down,stay,3,2
1775924143883,4909,152552,pvp,player_1,player_2,145.661,444,367.419,156.72,-240.256,179.658,down,stay,3,2
1775924143883,4910,152569,pvp,player_1,player_2,148.217,444,363.414,159.715,-240.256,179.658,down,stay,3,2
1775924143883,4911,152585.70000004768,pvp,player_1,player_2,151.028,444,359.41,162.709,-240.256,179.658,down,stay,3,2
1775924143883,4912,152602.20000004768,pvp,player_1,player_2,154.094,444,355.406,165.703,-240.256,179.658,down,stay,3,2
1775924143883,4913,152618.20000004768,pvp,player_1,player_2,157.417,444,351.402,168.698,-240.256,179.658,down,stay,3,2
1775924143883,4914,152635,pvp,player_1,player_2,160.994,444,347.397,171.692,-240.256,179.658,down,stay,3,2
1775924143883,4915,152651.39999997616,pvp,player_1,player_2,164.828,444,343.393,174.686,-240.256,179.658,down,stay,3,2
1775924143883,4916,152668.5,pvp,player_1,player_2,168.917,444,339.389,177.68,-240.256,179.658,down,stay,3,2
1775924143883,4917,152685.70000004768,pvp,player_1,player_2,173.261,444,335.385,180.675,-240.256,179.658,down,stay,3,2
1775924143883,4918,152702.30000007153,pvp,player_1,player_2,177.861,444,331.38,183.669,-240.256,179.658,down,stay,3,2
1775924143883,4919,152718.70000004768,pvp,player_1,player_2,182.717,444,327.376,186.663,-240.256,179.658,down,stay,3,2
1775924143883,4920,152735.70000004768,pvp,player_1,player_2,187.828,444,323.372,189.658,-240.256,179.658,down,stay,3,2
1775924143883,4921,152752.20000004768,pvp,player_1,player_2,193.194,444,319.367,192.652,-240.256,179.658,down,stay,3,2
1775924143883,4922,152768.20000004768,pvp,player_1,player_2,198.817,444,315.363,195.646,-240.256,179.658,down,stay,3,2
1775924143883,4923,152784.5,pvp,player_1,player_2,204.694,444,311.359,198.64,-240.256,179.658,down,stay,3,2
1775924143883,4924,152802.10000002384,pvp,player_1,player_2,210.828,444,307.355,201.635,-240.256,179.658,down,stay,3,2
1775924143883,4925,152819,pvp,player_1,player_2,217.217,444,303.35,204.629,-240.256,179.658,down,stay,3,2
1775924143883,4926,152835.20000004768,pvp,player_1,player_2,223.861,444,299.346,207.623,-240.256,179.658,down,stay,3,2
1775924143883,4927,152851.39999997616,pvp,player_1,player_2,230.761,444,295.342,210.618,-240.256,179.658,down,stay,3,2
1775924143883,4928,152868.30000007153,pvp,player_1,player_2,237.917,444,291.338,213.612,-240.256,179.658,down,stay,3,2
1775924143883,4929,152885.5,pvp,player_1,player_2,245.328,444,287.333,216.606,-240.256,179.658,down,stay,3,2
1775924143883,4930,152901.89999997616,pvp,player_1,player_2,252.994,444,283.329,219.601,-240.256,179.658,down,stay,3,2
1775924143883,4931,152918.30000007153,pvp,player_1,player_2,260.661,444,279.325,222.595,-240.256,179.658,down,stay,3,2
1775924143883,4932,152935.30000007153,pvp,player_1,player_2,268.328,444,275.32,225.589,-240.256,179.658,down,stay,3,2
1775924143883,4933,152951.5,pvp,player_1,player_2,275.994,444,271.316,228.583,-240.256,179.658,down,stay,3,2
1775924143883,4934,152968.70000004768,pvp,player_1,player_2,283.661,444,267.312,231.578,-240.256,179.658,down,stay,3,2
1775924143883,4935,152985.5,pvp,player_1,player_2,291.328,444,263.308,234.572,-240.256,179.658,down,stay,3,2
1775924143883,4936,153002,pvp,player_1,player_2,298.994,444,259.303,237.566,-240.256,179.658,down,stay,3,2
1775924143883,4937,153018.89999997616,pvp,player_1,player_2,306.661,444,255.299,240.561,-240.256,179.658,down,stay,3,2
1775924143883,4938,153035.70000004768,pvp,player_1,player_2,314.133,444,251.295,243.555,-240.256,179.658,stay,stay,3,2
1775924143883,4939,153051.70000004768,pvp,player_1,player_2,321.411,444,247.291,246.549,-240.256,179.658,stay,stay,3,2
1775924143883,4940,153068.80000007153,pvp,player_1,player_2,328.494,444,243.286,249.543,-240.256,179.658,stay,stay,3,2
1775924143883,4941,153085.5,pvp,player_1,player_2,335.383,444,239.282,252.538,-240.256,179.658,stay,stay,3,2
1775924143883,4942,153101.60000002384,pvp,player_1,player_2,342.078,444,235.278,255.532,-240.256,179.658,stay,stay,3,2
1775924143883,4943,153118.70000004768,pvp,player_1,player_2,348.578,444,231.273,258.526,-240.256,179.658,stay,stay,3,2
1775924143883,4944,153135.39999997616,pvp,player_1,player_2,354.883,444,227.269,261.521,-240.256,179.658,stay,stay,3,2
1775924143883,4945,153152.30000007153,pvp,player_1,player_2,360.994,444,223.265,264.515,-240.256,179.658,stay,stay,3,2
1775924143883,4946,153168.89999997616,pvp,player_1,player_2,366.911,444,219.261,267.509,-240.256,179.658,stay,stay,3,2
1775924143883,4947,153185.5,pvp,player_1,player_2,372.633,444,215.256,270.503,-240.256,179.658,stay,stay,3,2
1775924143883,4948,153202.10000002384,pvp,player_1,player_2,378.161,444,211.252,273.498,-240.256,179.658,stay,stay,3,2
1775924143883,4949,153218.80000007153,pvp,player_1,player_2,383.494,444,207.248,276.492,-240.256,179.658,stay,stay,3,2
1775924143883,4950,153235.39999997616,pvp,player_1,player_2,388.633,444,203.244,279.486,-240.256,179.658,stay,stay,3,2
1775924143883,4951,153252.20000004768,pvp,player_1,player_2,393.578,444,199.239,282.481,-240.256,179.658,stay,stay,3,2
1775924143883,4952,153268.89999997616,pvp,player_1,player_2,398.328,444,195.235,285.475,-240.256,179.658,stay,stay,3,2
1775924143883,4953,153284.89999997616,pvp,player_1,player_2,402.883,444,191.231,288.469,-240.256,179.658,stay,stay,3,2
1775924143883,4954,153301.80000007153,pvp,player_1,player_2,407.244,444,187.226,291.464,-240.256,179.658,stay,stay,3,2
1775924143883,4955,153318.60000002384,pvp,player_1,player_2,411.411,444,183.222,294.458,-240.256,179.658,stay,stay,3,2
1775924143883,4956,153335.70000004768,pvp,player_1,player_2,415.383,444,179.218,297.452,-240.256,179.658,stay,stay,3,2
1775924143883,4957,153351.89999997616,pvp,player_1,player_2,419.161,444,175.214,300.446,-240.256,179.658,stay,stay,3,2
1775924143883,4958,153368.70000004768,pvp,player_1,player_2,422.744,444,171.209,303.441,-240.256,179.658,stay,stay,3,2
1775924143883,4959,153385.5,pvp,player_1,player_2,426.133,444,167.205,306.435,-240.256,179.658,stay,stay,3,2
1775924143883,4960,153401.89999997616,pvp,player_1,player_2,429.328,444,163.201,309.429,-240.256,179.658,stay,stay,3,2
1775924143883,4961,153418.70000004768,pvp,player_1,player_2,432.328,444,159.197,312.424,-240.256,179.658,stay,stay,3,2
1775924143883,4962,153434.60000002384,pvp,player_1,player_2,435.133,444,155.192,315.418,-240.256,179.658,stay,stay,3,2
1775924143883,4963,153451.5,pvp,player_1,player_2,437.744,444,151.188,318.412,-240.256,179.658,stay,stay,3,2
1775924143883,4964,153468.10000002384,pvp,player_1,player_2,440.161,444,147.184,321.406,-240.256,179.658,stay,stay,3,2
1775924143883,4965,153484.60000002384,pvp,player_1,player_2,442.383,444,143.179,324.401,-240.256,179.658,stay,stay,3,2
1775924143883,4966,153502.10000002384,pvp,player_1,player_2,444,444,139.175,327.395,-240.256,179.658,stay,stay,3,2
1775924143883,4967,153518.70000004768,pvp,player_1,player_2,444,444,135.171,330.389,-240.256,179.658,stay,stay,3,2
1775924143883,4968,153535.39999997616,pvp,player_1,player_2,444,444,131.167,333.384,-240.256,179.658,stay,stay,3,2
1775924143883,4969,153551.89999997616,pvp,player_1,player_2,444,444,127.162,336.378,-240.256,179.658,stay,stay,3,2
1775924143883,4970,153568.20000004768,pvp,player_1,player_2,444,444,123.158,339.372,-240.256,179.658,up,stay,3,2
1775924143883,4971,153584.5,pvp,player_1,player_2,444,444,119.154,342.367,-240.256,179.658,up,stay,3,2
1775924143883,4972,153601.5,pvp,player_1,player_2,444,444,115.149,345.361,-240.256,179.658,up,stay,3,2
1775924143883,4973,153618.39999997616,pvp,player_1,player_2,444,444,111.145,348.355,-240.256,179.658,up,stay,3,2
1775924143883,4974,153635.30000007153,pvp,player_1,player_2,443.744,444,107.141,351.349,-240.256,179.658,up,stay,3,2
1775924143883,4975,153652.10000002384,pvp,player_1,player_2,443.233,444,103.137,354.344,-240.256,179.658,up,stay,3,2
1775924143883,4976,153668.80000007153,pvp,player_1,player_2,442.467,444,99.132,357.338,-240.256,179.658,up,stay,3,2
1775924143883,4977,153685.39999997616,pvp,player_1,player_2,441.444,444,95.128,360.332,-240.256,179.658,up,stay,3,2
1775924143883,4978,153702,pvp,player_1,player_2,440.167,444,91.124,363.327,-240.256,179.658,up,stay,3,2
1775924143883,4979,153718.5,pvp,player_1,player_2,438.633,444,87.12,366.321,-240.256,179.658,up,stay,3,2
1775924143883,4980,153735.20000004768,pvp,player_1,player_2,436.844,444,83.115,369.315,-240.256,179.658,up,stay,3,2
1775924143883,4981,153752,pvp,player_1,player_2,434.8,444,79.111,372.309,-240.256,179.658,up,stay,3,2
1775924143883,4982,153768.30000007153,pvp,player_1,player_2,432.5,444,75.107,375.304,-240.256,179.658,up,stay,3,2
1775924143883,4983,153785.30000007153,pvp,player_1,player_2,429.944,444,71.102,378.298,-240.256,179.658,up,stay,3,2
1775924143883,4984,153801.60000002384,pvp,player_1,player_2,427.133,444,67.098,381.292,-240.256,179.658,up,stay,3,2
1775924143883,4985,153818.39999997616,pvp,player_1,player_2,424.067,444,63.094,384.287,-240.256,179.658,up,stay,3,2
1775924143883,4986,153835.30000007153,pvp,player_1,player_2,420.744,444,59.09,387.281,-240.256,179.658,up,stay,3,2
1775924143883,4987,153851.60000002384,pvp,player_1,player_2,417.167,444,55.085,390.275,-240.256,179.658,up,stay,3,2
1775924143883,4988,153868.89999997616,pvp,player_1,player_2,413.333,444,51.081,393.27,-240.256,179.658,up,stay,3,2
1775924143883,4989,153885.60000002384,pvp,player_1,player_2,409.244,444,47.077,396.264,-240.256,179.658,up,stay,3,2
1775924143883,4990,153901.5,pvp,player_1,player_2,404.9,444,48,399.258,135.238,-290.018,up,stay,3,2
1775924143883,4991,153919,pvp,player_1,player_2,400.3,444,50.254,394.424,135.238,-290.018,up,stay,3,2
1775924143883,4992,153935.20000004768,pvp,player_1,player_2,395.444,444,52.508,389.591,135.238,-290.018,up,stay,3,2
1775924143883,4993,153952.20000004768,pvp,player_1,player_2,390.333,444,54.762,384.757,135.238,-290.018,up,stay,3,2
1775924143883,4994,153968.5,pvp,player_1,player_2,384.967,444,57.016,379.924,135.238,-290.018,up,stay,3,2
1775924143883,4995,153985.39999997616,pvp,player_1,player_2,379.344,444,59.27,375.09,135.238,-290.018,up,stay,3,2
1775924143883,4996,154002.20000004768,pvp,player_1,player_2,373.467,444,61.524,370.256,135.238,-290.018,up,stay,3,2
1775924143883,4997,154018.60000002384,pvp,player_1,player_2,367.333,444,63.778,365.423,135.238,-290.018,up,stay,3,2
1775924143883,4998,154034.60000002384,pvp,player_1,player_2,360.944,444,66.032,360.589,135.238,-290.018,up,stay,3,2
1775924143883,4999,154051.89999997616,pvp,player_1,player_2,354.3,444,68.286,355.755,135.238,-290.018,up,stay,3,2
1775924143883,5000,154067.89999997616,pvp,player_1,player_2,347.4,444,70.54,350.922,135.238,-290.018,up,stay,3,2
1775924143883,5001,154085.39999997616,pvp,player_1,player_2,340.244,444,72.794,346.088,135.238,-290.018,up,stay,3,2
1775924143883,5002,154101.39999997616,pvp,player_1,player_2,332.833,444,75.048,341.254,135.238,-290.018,up,stay,3,2
1775924143883,5003,154118.39999997616,pvp,player_1,player_2,325.167,444,77.302,336.421,135.238,-290.018,up,stay,3,2
1775924143883,5004,154135.89999997616,pvp,player_1,player_2,317.5,444,79.555,331.587,135.238,-290.018,up,stay,3,2
1775924143883,5005,154151.70000004768,pvp,player_1,player_2,309.833,444,81.809,326.753,135.238,-290.018,up,stay,3,2
1775924143883,5006,154168.70000004768,pvp,player_1,player_2,302.167,444,84.063,321.92,135.238,-290.018,up,stay,3,2
1775924143883,5007,154185.39999997616,pvp,player_1,player_2,294.5,444,86.317,317.086,135.238,-290.018,up,stay,3,2
1775924143883,5008,154202.10000002384,pvp,player_1,player_2,286.833,444,88.571,312.253,135.238,-290.018,up,stay,3,2
1775924143883,5009,154218.60000002384,pvp,player_1,player_2,279.167,444,90.825,307.419,135.238,-290.018,up,stay,3,2
1775924143883,5010,154235.39999997616,pvp,player_1,player_2,271.5,444,93.079,302.585,135.238,-290.018,up,stay,3,2
1775924143883,5011,154251.89999997616,pvp,player_1,player_2,263.833,444,95.333,297.752,135.238,-290.018,up,stay,3,2
1775924143883,5012,154269.10000002384,pvp,player_1,player_2,256.167,444,97.587,292.918,135.238,-290.018,up,stay,3,2
1775924143883,5013,154285.10000002384,pvp,player_1,player_2,248.5,444,99.841,288.084,135.238,-290.018,up,stay,3,2
1775924143883,5014,154301.70000004768,pvp,player_1,player_2,240.833,444,102.095,283.251,135.238,-290.018,up,stay,3,2
1775924143883,5015,154319,pvp,player_1,player_2,233.167,444,104.349,278.417,135.238,-290.018,up,stay,3,2
1775924143883,5016,154335.39999997616,pvp,player_1,player_2,225.694,444,106.603,273.583,135.238,-290.018,stay,stay,3,2
1775924143883,5017,154352.30000007153,pvp,player_1,player_2,218.417,444,108.857,268.75,135.238,-290.018,stay,stay,3,2
1775924143883,5018,154369.20000004768,pvp,player_1,player_2,211.333,444,111.111,263.916,135.238,-290.018,stay,stay,3,2
1775924143883,5019,154385.70000004768,pvp,player_1,player_2,204.444,444,113.365,259.082,135.238,-290.018,stay,stay,3,2
1775924143883,5020,154402,pvp,player_1,player_2,197.75,444,115.619,254.249,135.238,-290.018,stay,stay,3,2
1775924143883,5021,154418.5,pvp,player_1,player_2,191.25,444,117.873,249.415,135.238,-290.018,stay,stay,3,2
1775924143883,5022,154435.5,pvp,player_1,player_2,184.944,444,120.127,244.582,135.238,-290.018,stay,stay,3,2
1775924143883,5023,154452,pvp,player_1,player_2,178.833,444,122.381,239.748,135.238,-290.018,stay,stay,3,2
1775924143883,5024,154468.80000007153,pvp,player_1,player_2,172.917,444,124.635,234.914,135.238,-290.018,stay,stay,3,2
1775924143883,5025,154485.10000002384,pvp,player_1,player_2,167.194,444,126.889,230.081,135.238,-290.018,stay,stay,3,2
1775924143883,5026,154502.30000007153,pvp,player_1,player_2,161.667,444,129.143,225.247,135.238,-290.018,stay,stay,3,2
1775924143883,5027,154518.89999997616,pvp,player_1,player_2,156.333,444,131.397,220.413,135.238,-290.018,stay,stay,3,2
1775924143883,5028,154535.70000004768,pvp,player_1,player_2,151.194,444,133.651,215.58,135.238,-290.018,stay,stay,3,2
1775924143883,5029,154551.89999997616,pvp,player_1,player_2,146.25,444,135.905,210.746,135.238,-290.018,stay,stay,3,2
1775924143883,5030,154568.60000002384,pvp,player_1,player_2,141.5,444,138.159,205.912,135.238,-290.018,stay,stay,3,2
1775924143883,5031,154585.10000002384,pvp,player_1,player_2,136.944,444,140.413,201.079,135.238,-290.018,stay,stay,3,2
1775924143883,5032,154601.89999997616,pvp,player_1,player_2,132.583,444,142.666,196.245,135.238,-290.018,stay,stay,3,2
1775924143883,5033,154619.10000002384,pvp,player_1,player_2,128.417,444,144.92,191.412,135.238,-290.018,stay,stay,3,2
1775924143883,5034,154635.20000004768,pvp,player_1,player_2,124.444,444,147.174,186.578,135.238,-290.018,stay,stay,3,2
1775924143883,5035,154652.20000004768,pvp,player_1,player_2,120.667,444,149.428,181.744,135.238,-290.018,stay,stay,3,2
1775924143883,5036,154668.89999997616,pvp,player_1,player_2,117.083,444,151.682,176.911,135.238,-290.018,stay,stay,3,2
1775924143883,5037,154685.39999997616,pvp,player_1,player_2,113.694,444,153.936,172.077,135.238,-290.018,stay,stay,3,2
1775924143883,5038,154702.10000002384,pvp,player_1,player_2,110.5,444,156.19,167.243,135.238,-290.018,stay,stay,3,2
1775924143883,5039,154718.80000007153,pvp,player_1,player_2,107.5,444,158.444,162.41,135.238,-290.018,stay,stay,3,2
1775924143883,5040,154735.5,pvp,player_1,player_2,104.694,444,160.698,157.576,135.238,-290.018,stay,stay,3,2
1775924143883,5041,154752,pvp,player_1,player_2,102.083,444,162.952,152.742,135.238,-290.018,stay,stay,3,2
1775924143883,5042,154768.39999997616,pvp,player_1,player_2,99.667,444,165.206,147.909,135.238,-290.018,stay,stay,3,2
1775924143883,5043,154785.10000002384,pvp,player_1,player_2,97.444,444,167.46,143.075,135.238,-290.018,stay,stay,3,2
1775924143883,5044,154801.89999997616,pvp,player_1,player_2,95.417,444,169.714,138.241,135.238,-290.018,stay,stay,3,2
1775924143883,5045,154818.70000004768,pvp,player_1,player_2,93.583,444,171.968,133.408,135.238,-290.018,stay,stay,3,2
1775924143883,5046,154835.30000007153,pvp,player_1,player_2,91.944,444,174.222,128.574,135.238,-290.018,stay,stay,3,2
1775924143883,5047,154851.80000007153,pvp,player_1,player_2,90.5,444,176.476,123.741,135.238,-290.018,stay,stay,3,2
1775924143883,5048,154868.89999997616,pvp,player_1,player_2,89.25,444,178.73,118.907,135.238,-290.018,stay,stay,3,2
1775924143883,5049,154885.39999997616,pvp,player_1,player_2,88.194,444,180.984,114.073,135.238,-290.018,stay,stay,3,2
1775924143883,5050,154902.10000002384,pvp,player_1,player_2,87.333,444,183.238,109.24,135.238,-290.018,stay,stay,3,2
1775924143883,5051,154918.70000004768,pvp,player_1,player_2,86.667,444,185.492,104.406,135.238,-290.018,stay,stay,3,2
1775924143883,5052,154935.5,pvp,player_1,player_2,86.194,444,187.746,99.572,135.238,-290.018,stay,stay,3,2
1775924143883,5053,154952.30000007153,pvp,player_1,player_2,85.917,444,190,94.739,135.238,-290.018,stay,stay,3,2
1775924143883,5054,154968.5,pvp,player_1,player_2,85.917,444,192.254,89.905,135.238,-290.018,stay,stay,3,2
1775924143883,5055,154985.39999997616,pvp,player_1,player_2,85.917,444,194.508,85.071,135.238,-290.018,stay,stay,3,2
1775924143883,5056,155002.20000004768,pvp,player_1,player_2,85.917,444,196.762,80.238,135.238,-290.018,stay,stay,3,2
1775924143883,5057,155018.89999997616,pvp,player_1,player_2,85.917,444,199.016,75.404,135.238,-290.018,stay,stay,3,2
1775924143883,5058,155035.5,pvp,player_1,player_2,85.917,444,201.27,70.57,135.238,-290.018,stay,stay,3,2
1775924143883,5059,155051.70000004768,pvp,player_1,player_2,85.917,444,203.524,65.737,135.238,-290.018,stay,stay,3,2
1775924143883,5060,155068.5,pvp,player_1,player_2,85.917,444,205.777,60.903,135.238,-290.018,stay,stay,3,2
1775924143883,5061,155085.80000007153,pvp,player_1,player_2,85.917,444,208.031,56.07,135.238,-290.018,stay,stay,3,2
1775924143883,5062,155102.20000004768,pvp,player_1,player_2,85.917,444,210.285,51.236,135.238,-290.018,stay,stay,3,2
1775924143883,5063,155118.39999997616,pvp,player_1,player_2,85.917,444,212.539,46.402,135.238,-290.018,stay,stay,3,2
1775924143883,5064,155135.20000004768,pvp,player_1,player_2,85.917,444,214.793,41.569,135.238,-290.018,stay,stay,3,2
1775924143883,5065,155152.10000002384,pvp,player_1,player_2,85.917,444,217.047,36.735,135.238,-290.018,stay,stay,3,2
1775924143883,5066,155168.39999997616,pvp,player_1,player_2,85.917,444,219.301,31.901,135.238,-290.018,stay,stay,3,2
1775924143883,5067,155185.80000007153,pvp,player_1,player_2,85.917,444,221.555,27.068,135.238,-290.018,stay,stay,3,2
1775924143883,5068,155202,pvp,player_1,player_2,85.917,444,223.809,22.234,135.238,-290.018,stay,stay,3,2
1775924143883,5069,155218.60000002384,pvp,player_1,player_2,85.917,444,226.063,17.4,135.238,-290.018,stay,stay,3,2
1775924143883,5070,155235.39999997616,pvp,player_1,player_2,85.917,444,228.317,12.567,135.238,-290.018,stay,stay,3,2
1775924143883,5071,155252.20000004768,pvp,player_1,player_2,85.917,444,230.571,10,135.238,290.018,stay,stay,3,2
1775924143883,5072,155268.60000002384,pvp,player_1,player_2,85.917,444,232.825,14.834,135.238,290.018,stay,stay,3,2
1775924143883,5073,155285,pvp,player_1,player_2,85.917,444,235.079,19.667,135.238,290.018,stay,stay,3,2
1775924143883,5074,155301.80000007153,pvp,player_1,player_2,85.917,444,237.333,24.501,135.238,290.018,stay,stay,3,2
1775924143883,5075,155318.80000007153,pvp,player_1,player_2,85.917,444,239.587,29.335,135.238,290.018,stay,stay,3,2
1775924143883,5076,155335.39999997616,pvp,player_1,player_2,85.917,444,241.841,34.168,135.238,290.018,stay,stay,3,2
1775924143883,5077,155352.20000004768,pvp,player_1,player_2,85.917,444,244.095,39.002,135.238,290.018,stay,stay,3,2
1775924143883,5078,155368.70000004768,pvp,player_1,player_2,85.917,444,246.349,43.835,135.238,290.018,stay,stay,3,2
1775924143883,5079,155385.60000002384,pvp,player_1,player_2,85.917,444,248.603,48.669,135.238,290.018,stay,stay,3,2
1775924143883,5080,155402,pvp,player_1,player_2,85.917,444,250.857,53.503,135.238,290.018,stay,stay,3,2
1775924143883,5081,155418.39999997616,pvp,player_1,player_2,86.172,444,253.111,58.336,135.238,290.018,down,stay,3,2
1775924143883,5082,155435.39999997616,pvp,player_1,player_2,86.683,444,255.365,63.17,135.238,290.018,down,stay,3,2
1775924143883,5083,155452.30000007153,pvp,player_1,player_2,87.45,444,257.619,68.004,135.238,290.018,down,stay,3,2
1775924143883,5084,155468.80000007153,pvp,player_1,player_2,88.472,444,259.873,72.837,135.238,290.018,down,stay,3,2
1775924143883,5085,155485.10000002384,pvp,player_1,player_2,89.75,444,262.127,77.671,135.238,290.018,down,stay,3,2
1775924143883,5086,155502.20000004768,pvp,player_1,player_2,91.283,444,264.381,82.505,135.238,290.018,down,stay,3,2
1775924143883,5087,155518.30000007153,pvp,player_1,player_2,93.072,444,266.635,87.338,135.238,290.018,down,stay,3,2
1775924143883,5088,155535,pvp,player_1,player_2,95.117,444,268.888,92.172,135.238,290.018,down,stay,3,2
1775924143883,5089,155552.30000007153,pvp,player_1,player_2,97.417,444,271.142,97.006,135.238,290.018,down,stay,3,2
1775924143883,5090,155568.80000007153,pvp,player_1,player_2,99.972,444,273.396,101.839,135.238,290.018,down,stay,3,2
1775924143883,5091,155585.60000002384,pvp,player_1,player_2,102.783,444,275.65,106.673,135.238,290.018,down,stay,3,2
1775924143883,5092,155601.89999997616,pvp,player_1,player_2,105.85,444,277.904,111.506,135.238,290.018,down,stay,3,2
1775924143883,5093,155618.80000007153,pvp,player_1,player_2,109.172,444,280.158,116.34,135.238,290.018,down,stay,3,2
1775924143883,5094,155635.20000004768,pvp,player_1,player_2,112.75,444,282.412,121.174,135.238,290.018,down,stay,3,2
1775924143883,5095,155652.10000002384,pvp,player_1,player_2,116.583,444,284.666,126.007,135.238,290.018,down,stay,3,2
1775924143883,5096,155669.70000004768,pvp,player_1,player_2,120.672,444,286.92,130.841,135.238,290.018,down,stay,3,2
1775924143883,5097,155685.20000004768,pvp,player_1,player_2,125.017,444,289.174,135.675,135.238,290.018,down,stay,3,2
1775924143883,5098,155702.10000002384,pvp,player_1,player_2,129.617,444,291.428,140.508,135.238,290.018,down,stay,3,2
1775924143883,5099,155718.5,pvp,player_1,player_2,134.472,444,293.682,145.342,135.238,290.018,down,stay,3,2
1775924143883,5100,155735.10000002384,pvp,player_1,player_2,139.583,444,295.936,150.176,135.238,290.018,down,stay,3,2
1775924143883,5101,155751.80000007153,pvp,player_1,player_2,144.5,444,298.19,155.009,135.238,290.018,stay,stay,3,2
1775924143883,5102,155768.20000004768,pvp,player_1,player_2,149.222,444,300.444,159.843,135.238,290.018,stay,stay,3,2
1775924143883,5103,155785.30000007153,pvp,player_1,player_2,153.75,444,302.698,164.677,135.238,290.018,stay,stay,3,2
1775924143883,5104,155802,pvp,player_1,player_2,158.083,444,304.952,169.51,135.238,290.018,stay,stay,3,2
1775924143883,5105,155818.70000004768,pvp,player_1,player_2,162.222,444,307.206,174.344,135.238,290.018,stay,stay,3,2
1775924143883,5106,155835.30000007153,pvp,player_1,player_2,166.167,444,309.46,179.177,135.238,290.018,stay,stay,3,2
1775924143883,5107,155852.10000002384,pvp,player_1,player_2,169.917,444,311.714,184.011,135.238,290.018,stay,stay,3,2
1775924143883,5108,155868.5,pvp,player_1,player_2,173.472,444,313.968,188.845,135.238,290.018,stay,stay,3,2
1775924143883,5109,155885.70000004768,pvp,player_1,player_2,176.833,444,316.222,193.678,135.238,290.018,stay,stay,3,2
1775924143883,5110,155902.30000007153,pvp,player_1,player_2,180,444,318.476,198.512,135.238,290.018,stay,stay,3,2
1775924143883,5111,155918.80000007153,pvp,player_1,player_2,182.972,444,320.73,203.346,135.238,290.018,stay,stay,3,2
1775924143883,5112,155934.80000007153,pvp,player_1,player_2,185.75,444,322.984,208.179,135.238,290.018,stay,stay,3,2
1775924143883,5113,155951.80000007153,pvp,player_1,player_2,188.333,444,325.238,213.013,135.238,290.018,stay,stay,3,2
1775924143883,5114,155968.70000004768,pvp,player_1,player_2,190.722,444,327.492,217.847,135.238,290.018,stay,stay,3,2
1775924143883,5115,155985.5,pvp,player_1,player_2,192.917,444,329.746,222.68,135.238,290.018,stay,stay,3,2
1775924143883,5116,156001.80000007153,pvp,player_1,player_2,194.917,444,331.999,227.514,135.238,290.018,stay,stay,3,2
1775924143883,5117,156018.60000002384,pvp,player_1,player_2,196.722,444,334.253,232.348,135.238,290.018,stay,stay,3,2
1775924143883,5118,156035.5,pvp,player_1,player_2,198.333,444,336.507,237.181,135.238,290.018,stay,stay,3,2
1775924143883,5119,156052.20000004768,pvp,player_1,player_2,199.75,444,338.761,242.015,135.238,290.018,stay,stay,3,2
1775924143883,5120,156068.70000004768,pvp,player_1,player_2,200.972,444,341.015,246.848,135.238,290.018,stay,stay,3,2
1775924143883,5121,156085.39999997616,pvp,player_1,player_2,202,444,343.269,251.682,135.238,290.018,stay,stay,3,2
1775924143883,5122,156102.10000002384,pvp,player_1,player_2,202.833,444,345.523,256.516,135.238,290.018,stay,stay,3,2
1775924143883,5123,156118.70000004768,pvp,player_1,player_2,203.472,444,347.777,261.349,135.238,290.018,stay,stay,3,2
1775924143883,5124,156135.5,pvp,player_1,player_2,203.917,444,350.031,266.183,135.238,290.018,stay,stay,3,2
1775924143883,5125,156152.10000002384,pvp,player_1,player_2,204.167,444,352.285,271.017,135.238,290.018,stay,stay,3,2
1775924143883,5126,156168.89999997616,pvp,player_1,player_2,204.167,444,354.539,275.85,135.238,290.018,stay,stay,3,2
1775924143883,5127,156185.30000007153,pvp,player_1,player_2,204.167,444,356.793,280.684,135.238,290.018,stay,stay,3,2
1775924143883,5128,156201.80000007153,pvp,player_1,player_2,204.167,444,359.047,285.518,135.238,290.018,stay,stay,3,2
1775924143883,5129,156218.30000007153,pvp,player_1,player_2,204.167,444,361.301,290.351,135.238,290.018,stay,stay,3,2
1775924143883,5130,156235,pvp,player_1,player_2,204.167,444,363.555,295.185,135.238,290.018,stay,stay,3,2
1775924143883,5131,156252.20000004768,pvp,player_1,player_2,204.167,444,365.809,300.018,135.238,290.018,stay,stay,3,2
1775924143883,5132,156268.60000002384,pvp,player_1,player_2,204.167,444,368.063,304.852,135.238,290.018,stay,stay,3,2
1775924143883,5133,156285.30000007153,pvp,player_1,player_2,204.167,444,370.317,309.686,135.238,290.018,stay,stay,3,2
1775924143883,5134,156302.10000002384,pvp,player_1,player_2,204.167,444,372.571,314.519,135.238,290.018,stay,stay,3,2
1775924143883,5135,156319,pvp,player_1,player_2,204.167,444,374.825,319.353,135.238,290.018,stay,stay,3,2
1775924143883,5136,156335.39999997616,pvp,player_1,player_2,204.167,444,377.079,324.187,135.238,290.018,stay,stay,3,2
1775924143883,5137,156352,pvp,player_1,player_2,204.167,443.744,379.333,329.02,135.238,290.018,stay,up,3,2
1775924143883,5138,156368.80000007153,pvp,player_1,player_2,204.167,443.233,381.587,333.854,135.238,290.018,stay,up,3,2
1775924143883,5139,156385.30000007153,pvp,player_1,player_2,204.167,442.467,383.841,338.688,135.238,290.018,stay,up,3,2
1775924143883,5140,156401.89999997616,pvp,player_1,player_2,204.167,441.444,386.095,343.521,135.238,290.018,stay,up,3,2
1775924143883,5141,156418.80000007153,pvp,player_1,player_2,204.167,440.167,388.349,348.355,135.238,290.018,stay,up,3,2
1775924143883,5142,156435.20000004768,pvp,player_1,player_2,204.167,438.633,390.603,353.189,135.238,290.018,stay,up,3,2
1775924143883,5143,156452,pvp,player_1,player_2,204.167,436.844,392.857,358.022,135.238,290.018,stay,up,3,2
1775924143883,5144,156468.80000007153,pvp,player_1,player_2,204.167,434.8,395.11,362.856,135.238,290.018,stay,up,3,2
1775924143883,5145,156485.30000007153,pvp,player_1,player_2,204.167,432.5,397.364,367.689,135.238,290.018,stay,up,3,2
1775924143883,5146,156501.80000007153,pvp,player_1,player_2,204.167,429.944,399.618,372.523,135.238,290.018,stay,up,3,2
1775924143883,5147,156518.5,pvp,player_1,player_2,204.167,427.133,401.872,377.357,135.238,290.018,stay,up,3,2
1775924143883,5148,156535.5,pvp,player_1,player_2,204.167,424.067,404.126,382.19,135.238,290.018,stay,up,3,2
1775924143883,5149,156551.60000002384,pvp,player_1,player_2,204.167,420.744,406.38,387.024,135.238,290.018,stay,up,3,2
1775924143883,5150,156568.80000007153,pvp,player_1,player_2,204.167,417.167,408.634,391.858,135.238,290.018,stay,up,3,2
1775924143883,5151,156585.39999997616,pvp,player_1,player_2,204.167,413.333,410.888,396.691,135.238,290.018,stay,up,3,2
1775924143883,5152,156601.80000007153,pvp,player_1,player_2,204.167,409.244,413.142,401.525,135.238,290.018,stay,up,3,2
1775924143883,5153,156618.70000004768,pvp,player_1,player_2,204.167,404.9,415.396,406.359,135.238,290.018,stay,up,3,2
1775924143883,5154,156635.30000007153,pvp,player_1,player_2,204.167,400.3,417.65,411.192,135.238,290.018,stay,up,3,2
1775924143883,5155,156652,pvp,player_1,player_2,204.167,395.444,419.904,416.026,135.238,290.018,stay,up,3,2
1775924143883,5156,156669,pvp,player_1,player_2,204.167,390.333,422.158,420.86,135.238,290.018,stay,up,3,2
1775924143883,5157,156685.89999997616,pvp,player_1,player_2,204.167,384.967,424.412,425.693,135.238,290.018,stay,up,3,2
1775924143883,5158,156702,pvp,player_1,player_2,204.167,379.344,426.666,430.527,135.238,290.018,stay,up,3,2
1775924143883,5159,156718.39999997616,pvp,player_1,player_2,204.167,373.467,428.92,435.36,135.238,290.018,stay,up,3,2
1775924143883,5160,156735.30000007153,pvp,player_1,player_2,204.167,367.333,431.174,440.194,135.238,290.018,stay,up,3,2
1775924143883,5161,156752.10000002384,pvp,player_1,player_2,204.167,360.944,433.428,445.028,135.238,290.018,stay,up,3,2
1775924143883,5162,156768.39999997616,pvp,player_1,player_2,204.167,354.3,435.682,449.861,135.238,290.018,stay,up,3,2
1775924143883,5163,156785.5,pvp,player_1,player_2,204.167,347.4,437.936,454.695,135.238,290.018,stay,up,3,2
1775924143883,5164,156802.5,pvp,player_1,player_2,204.167,340.244,440.19,459.529,135.238,290.018,stay,up,3,2
1775924143883,5165,156818.60000002384,pvp,player_1,player_2,204.167,332.833,442.444,464.362,135.238,290.018,stay,up,3,2
1775924143883,5166,156835.30000007153,pvp,player_1,player_2,204.167,325.167,444.698,469.196,135.238,290.018,stay,up,3,2
1775924143883,5167,156852.10000002384,pvp,player_1,player_2,204.167,317.5,446.952,474.03,135.238,290.018,stay,up,3,2
1775924143883,5168,156868.60000002384,pvp,player_1,player_2,204.167,310.028,449.206,478.863,135.238,290.018,stay,stay,3,2
1775924143883,5169,156885.5,pvp,player_1,player_2,204.167,302.75,451.46,483.697,135.238,290.018,stay,stay,3,2
1775924143883,5170,156902,pvp,player_1,player_2,204.167,295.667,453.714,488.531,135.238,290.018,stay,stay,3,2
1775924143883,5171,156918.89999997616,pvp,player_1,player_2,204.167,288.778,455.967,493.364,135.238,290.018,stay,stay,3,2
1775924143883,5172,156935.5,pvp,player_1,player_2,204.167,282.083,458.221,498.198,135.238,290.018,stay,stay,3,2
1775924143883,5173,156952.10000002384,pvp,player_1,player_2,204.167,275.583,460.475,503.031,135.238,290.018,stay,stay,3,2
1775924143883,5174,156968.5,pvp,player_1,player_2,204.167,269.278,462.729,507.865,135.238,290.018,stay,stay,3,2
1775924143883,5175,156985.39999997616,pvp,player_1,player_2,204.167,263.167,464.983,512.699,135.238,290.018,stay,stay,3,2
1775924143883,5176,157002.20000004768,pvp,player_1,player_2,204.167,257.25,467.237,517.532,135.238,290.018,stay,stay,3,2
1775924143883,5177,157018.70000004768,pvp,player_1,player_2,204.167,251.528,469.491,522.366,135.238,290.018,stay,stay,3,2
1775924143883,5178,157035.30000007153,pvp,player_1,player_2,204.167,246,471.745,527.2,135.238,290.018,stay,stay,3,2
1775924143883,5179,157052.10000002384,pvp,player_1,player_2,204.167,240.667,473.999,530,135.238,-290.018,stay,stay,3,2
1775924143883,5180,157068.60000002384,pvp,player_1,player_2,204.167,235.528,476.253,525.166,135.238,-290.018,stay,stay,3,2
1775924143883,5181,157085.5,pvp,player_1,player_2,204.167,230.583,478.507,520.333,135.238,-290.018,stay,stay,3,2
1775924143883,5182,157102.30000007153,pvp,player_1,player_2,204.167,225.833,480.761,515.499,135.238,-290.018,stay,stay,3,2
1775924143883,5183,157118.70000004768,pvp,player_1,player_2,204.167,221.278,483.015,510.665,135.238,-290.018,stay,stay,3,2
1775924143883,5184,157135.20000004768,pvp,player_1,player_2,204.167,216.917,485.269,505.832,135.238,-290.018,stay,stay,3,2
1775924143883,5185,157152,pvp,player_1,player_2,204.167,212.75,487.523,500.998,135.238,-290.018,stay,stay,3,2
1775924143883,5186,157168.39999997616,pvp,player_1,player_2,204.167,208.778,489.777,496.165,135.238,-290.018,stay,stay,3,2
1775924143883,5187,157185.20000004768,pvp,player_1,player_2,204.167,205,492.031,491.331,135.238,-290.018,stay,stay,3,2
1775924143883,5188,157202,pvp,player_1,player_2,204.167,201.417,494.285,486.497,135.238,-290.018,stay,stay,3,2
1775924143883,5189,157218.39999997616,pvp,player_1,player_2,204.167,198.028,496.539,481.664,135.238,-290.018,stay,stay,3,2
1775924143883,5190,157235.60000002384,pvp,player_1,player_2,204.167,194.833,498.793,476.83,135.238,-290.018,stay,stay,3,2
1775924143883,5191,157252.20000004768,pvp,player_1,player_2,204.167,191.833,501.047,471.996,135.238,-290.018,stay,stay,3,2
1775924143883,5192,157268.5,pvp,player_1,player_2,204.167,189.028,503.301,467.163,135.238,-290.018,stay,stay,3,2
1775924143883,5193,157285.39999997616,pvp,player_1,player_2,204.167,186.417,505.555,462.329,135.238,-290.018,stay,stay,3,2
1775924143883,5194,157301.89999997616,pvp,player_1,player_2,204.167,184,507.809,457.495,135.238,-290.018,stay,stay,3,2
1775924143883,5195,157318.89999997616,pvp,player_1,player_2,204.167,181.778,510.063,452.662,135.238,-290.018,stay,stay,3,2
1775924143883,5196,157335.39999997616,pvp,player_1,player_2,204.167,179.75,512.317,447.828,135.238,-290.018,stay,stay,3,2
1775924143883,5197,157351.89999997616,pvp,player_1,player_2,204.167,177.917,514.571,442.994,135.238,-290.018,stay,stay,3,2
1775924143883,5198,157368.70000004768,pvp,player_1,player_2,204.167,176.278,516.825,438.161,135.238,-290.018,stay,stay,3,2
1775924143883,5199,157385.5,pvp,player_1,player_2,204.167,174.833,519.078,433.327,135.238,-290.018,stay,stay,3,2
1775924143883,5200,157402.20000004768,pvp,player_1,player_2,204.167,173.583,521.332,428.494,135.238,-290.018,stay,stay,3,2
1775924143883,5201,157418.60000002384,pvp,player_1,player_2,204.167,172.528,523.586,423.66,135.238,-290.018,stay,stay,3,2
1775924143883,5202,157435.10000002384,pvp,player_1,player_2,204.167,171.667,525.84,418.826,135.238,-290.018,stay,stay,3,2
1775924143883,5203,157451.60000002384,pvp,player_1,player_2,204.167,171,528.094,413.993,135.238,-290.018,stay,stay,3,2
1775924143883,5204,157468.30000007153,pvp,player_1,player_2,204.167,170.528,530.348,409.159,135.238,-290.018,stay,stay,3,2
1775924143883,5205,157485.10000002384,pvp,player_1,player_2,204.167,170.25,532.602,404.325,135.238,-290.018,stay,stay,3,2
1775924143883,5206,157501.80000007153,pvp,player_1,player_2,204.167,170.25,534.856,399.492,135.238,-290.018,stay,stay,3,2
1775924143883,5207,157518.20000004768,pvp,player_1,player_2,204.167,170.25,537.11,394.658,135.238,-290.018,stay,stay,3,2
1775924143883,5208,157535.30000007153,pvp,player_1,player_2,204.167,170.25,539.364,389.824,135.238,-290.018,stay,stay,3,2
1775924143883,5209,157551.70000004768,pvp,player_1,player_2,204.167,170.25,541.618,384.991,135.238,-290.018,stay,stay,3,2
1775924143883,5210,157568.70000004768,pvp,player_1,player_2,204.167,170.25,543.872,380.157,135.238,-290.018,stay,stay,3,2
1775924143883,5211,157585.60000002384,pvp,player_1,player_2,204.167,170.25,546.126,375.323,135.238,-290.018,stay,stay,3,2
1775924143883,5212,157602,pvp,player_1,player_2,204.167,170.25,548.38,370.49,135.238,-290.018,stay,stay,3,2
1775924143883,5213,157618.60000002384,pvp,player_1,player_2,204.167,170.25,550.634,365.656,135.238,-290.018,stay,stay,3,2
1775924143883,5214,157635.20000004768,pvp,player_1,player_2,204.167,170.25,552.888,360.823,135.238,-290.018,stay,stay,3,2
1775924143883,5215,157652.10000002384,pvp,player_1,player_2,204.167,170.25,555.142,355.989,135.238,-290.018,stay,stay,3,2
1775924143883,5216,157669.10000002384,pvp,player_1,player_2,204.167,170.25,557.396,351.155,135.238,-290.018,stay,stay,3,2
1775924143883,5217,157684.89999997616,pvp,player_1,player_2,204.167,170.25,559.65,346.322,135.238,-290.018,stay,stay,3,2
1775924143883,5218,157701.80000007153,pvp,player_1,player_2,204.167,170.25,561.904,341.488,135.238,-290.018,stay,stay,3,2
1775924143883,5219,157718.5,pvp,player_1,player_2,204.167,170.25,564.158,336.654,135.238,-290.018,stay,stay,3,2
1775924143883,5220,157735.30000007153,pvp,player_1,player_2,204.167,170.25,566.412,331.821,135.238,-290.018,stay,stay,3,2
1775924143883,5221,157752,pvp,player_1,player_2,204.167,170.25,568.666,326.987,135.238,-290.018,stay,stay,3,2
1775924143883,5222,157768.5,pvp,player_1,player_2,204.167,170.25,570.92,322.153,135.238,-290.018,stay,stay,3,2
1775924143883,5223,157785.39999997616,pvp,player_1,player_2,204.167,170.25,573.174,317.32,135.238,-290.018,stay,stay,3,2
1775924143883,5224,157802.10000002384,pvp,player_1,player_2,204.167,170.25,575.428,312.486,135.238,-290.018,stay,stay,3,2
1775924143883,5225,157818.5,pvp,player_1,player_2,204.167,170.25,577.682,307.652,135.238,-290.018,stay,stay,3,2
1775924143883,5226,157835.30000007153,pvp,player_1,player_2,204.167,170.25,579.936,302.819,135.238,-290.018,stay,stay,3,2
1775924143883,5227,157851.89999997616,pvp,player_1,player_2,204.167,170.25,582.189,297.985,135.238,-290.018,stay,stay,3,2
1775924143883,5228,157868.80000007153,pvp,player_1,player_2,204.167,170.25,584.443,293.152,135.238,-290.018,stay,stay,3,2
1775924143883,5229,157885.60000002384,pvp,player_1,player_2,204.167,170.25,586.697,288.318,135.238,-290.018,stay,stay,3,2
1775924143883,5230,157901.89999997616,pvp,player_1,player_2,204.167,170.25,588.951,283.484,135.238,-290.018,stay,stay,3,2
1775924143883,5231,157918.5,pvp,player_1,player_2,204.167,170.25,591.205,278.651,135.238,-290.018,stay,stay,3,2
1775924143883,5232,157935,pvp,player_1,player_2,204.167,170.25,593.459,273.817,135.238,-290.018,stay,stay,3,2
1775924143883,5233,157951.80000007153,pvp,player_1,player_2,204.167,170.25,595.713,268.983,135.238,-290.018,stay,stay,3,2
1775924143883,5234,157968.20000004768,pvp,player_1,player_2,204.167,170.25,597.967,264.15,135.238,-290.018,stay,stay,3,2
1775924143883,5235,157985,pvp,player_1,player_2,204.167,170.25,600.221,259.316,135.238,-290.018,stay,stay,3,2
1775924143883,5236,158002.5,pvp,player_1,player_2,204.167,170.25,602.475,254.482,135.238,-290.018,stay,stay,3,2
1775924143883,5237,158018.5,pvp,player_1,player_2,204.167,170.25,604.729,249.649,135.238,-290.018,stay,stay,3,2
1775924143883,5238,158035.5,pvp,player_1,player_2,204.167,170.25,606.983,244.815,135.238,-290.018,stay,stay,3,2
1775924143883,5239,158051.89999997616,pvp,player_1,player_2,204.167,170.25,609.237,239.982,135.238,-290.018,stay,stay,3,2
1775924143883,5240,158068.60000002384,pvp,player_1,player_2,204.167,170.25,611.491,235.148,135.238,-290.018,stay,stay,3,2
1775924143883,5241,158085.30000007153,pvp,player_1,player_2,204.167,170.25,613.745,230.314,135.238,-290.018,stay,stay,3,2
1775924143883,5242,158102.20000004768,pvp,player_1,player_2,204.167,170.25,615.999,225.481,135.238,-290.018,stay,stay,3,2
1775924143883,5243,158118.60000002384,pvp,player_1,player_2,204.167,170.25,618.253,220.647,135.238,-290.018,stay,stay,3,2
1775924143883,5244,158135.39999997616,pvp,player_1,player_2,204.167,170.25,620.507,215.813,135.238,-290.018,stay,stay,3,2
1775924143883,5245,158151.80000007153,pvp,player_1,player_2,204.167,170.25,622.761,210.98,135.238,-290.018,stay,stay,3,2
1775924143883,5246,158168.30000007153,pvp,player_1,player_2,204.167,170.25,625.015,206.146,135.238,-290.018,stay,stay,3,2
1775924143883,5247,158184.89999997616,pvp,player_1,player_2,204.167,170.25,627.269,201.312,135.238,-290.018,stay,stay,3,2
1775924143883,5248,158202.30000007153,pvp,player_1,player_2,204.167,170.25,629.523,196.479,135.238,-290.018,stay,stay,3,2
1775924143883,5249,158219.10000002384,pvp,player_1,player_2,204.167,170.25,631.777,191.645,135.238,-290.018,stay,stay,3,2
1775924143883,5250,158235.20000004768,pvp,player_1,player_2,204.167,170.25,634.031,186.811,135.238,-290.018,stay,stay,3,2
1775924143883,5251,158252.20000004768,pvp,player_1,player_2,204.167,170.25,636.285,181.978,135.238,-290.018,stay,stay,3,2
1775924143883,5252,158268.70000004768,pvp,player_1,player_2,204.167,170.25,638.539,177.144,135.238,-290.018,stay,stay,3,2
1775924143883,5253,158285.30000007153,pvp,player_1,player_2,204.167,170.25,640.793,172.311,135.238,-290.018,stay,stay,3,2
1775924143883,5254,158302,pvp,player_1,player_2,204.167,170.25,643.047,167.477,135.238,-290.018,stay,stay,3,2
1775924143883,5255,158318.80000007153,pvp,player_1,player_2,204.167,170.25,645.3,162.643,135.238,-290.018,stay,stay,3,2
1775924143883,5256,158335.20000004768,pvp,player_1,player_2,204.167,170.25,647.554,157.81,135.238,-290.018,stay,stay,3,2
1775924143883,5257,158352.20000004768,pvp,player_1,player_2,204.167,170.25,649.808,152.976,135.238,-290.018,stay,stay,3,2
1775924143883,5258,158368.5,pvp,player_1,player_2,204.167,170.25,652.062,148.142,135.238,-290.018,stay,stay,3,2
1775924143883,5259,158385.30000007153,pvp,player_1,player_2,204.167,170.25,654.316,143.309,135.238,-290.018,stay,stay,3,2
1775924143883,5260,158401.89999997616,pvp,player_1,player_2,204.167,170.25,656.57,138.475,135.238,-290.018,stay,stay,3,2
1775924143883,5261,158418.70000004768,pvp,player_1,player_2,204.167,170.25,658.824,133.641,135.238,-290.018,stay,stay,3,2
1775924143883,5262,158435.20000004768,pvp,player_1,player_2,204.167,170.25,661.078,128.808,135.238,-290.018,stay,stay,3,2
1775924143883,5263,158452,pvp,player_1,player_2,204.167,170.25,663.332,123.974,135.238,-290.018,stay,stay,3,2
1775924143883,5264,158468.80000007153,pvp,player_1,player_2,204.167,170.25,665.586,119.14,135.238,-290.018,stay,stay,3,2
1775924143883,5265,158485.30000007153,pvp,player_1,player_2,204.167,170.25,667.84,114.307,135.238,-290.018,stay,stay,3,2
1775924143883,5266,158501.89999997616,pvp,player_1,player_2,204.167,170.25,670.094,109.473,135.238,-290.018,stay,stay,3,2
1775924143883,5267,158518.60000002384,pvp,player_1,player_2,204.167,170.25,672.348,104.64,135.238,-290.018,stay,stay,3,2
1775924143883,5268,158535.20000004768,pvp,player_1,player_2,204.167,170.25,674.602,99.806,135.238,-290.018,stay,stay,3,2
1775924143883,5269,158551.89999997616,pvp,player_1,player_2,204.167,170.25,676.856,94.972,135.238,-290.018,stay,stay,3,2
1775924143883,5270,158568.60000002384,pvp,player_1,player_2,204.167,170.25,679.11,90.139,135.238,-290.018,stay,stay,3,2
1775924143883,5271,158585.60000002384,pvp,player_1,player_2,204.167,170.25,681.364,85.305,135.238,-290.018,stay,stay,3,2
1775924143883,5272,158602.30000007153,pvp,player_1,player_2,204.167,170.25,683.618,80.471,135.238,-290.018,stay,stay,3,2
1775924143883,5273,158618.5,pvp,player_1,player_2,204.167,170.25,685.872,75.638,135.238,-290.018,stay,stay,3,2
1775924143883,5274,158635.20000004768,pvp,player_1,player_2,204.167,170.25,688.126,70.804,135.238,-290.018,stay,stay,3,2
1775924143883,5275,158652,pvp,player_1,player_2,204.167,170.25,690.38,65.97,135.238,-290.018,stay,stay,3,2
1775924143883,5276,158668.80000007153,pvp,player_1,player_2,204.167,170.25,692.634,61.137,135.238,-290.018,stay,stay,3,2
1775924143883,5277,158685.80000007153,pvp,player_1,player_2,204.167,170.25,694.888,56.303,135.238,-290.018,stay,stay,3,2
1775924143883,5278,158702.10000002384,pvp,player_1,player_2,204.167,170.25,697.142,51.469,135.238,-290.018,stay,stay,3,2
1775924143883,5279,158718.60000002384,pvp,player_1,player_2,204.167,170.25,699.396,46.636,135.238,-290.018,stay,stay,3,2
1775924143883,5280,158735.39999997616,pvp,player_1,player_2,204.167,170.25,701.65,41.802,135.238,-290.018,stay,stay,3,2
1775924143883,5281,158751.80000007153,pvp,player_1,player_2,204.167,170.25,703.904,36.969,135.238,-290.018,stay,stay,3,2
1775924143883,5282,158768.39999997616,pvp,player_1,player_2,204.167,170.25,706.158,32.135,135.238,-290.018,stay,stay,3,2
1775924143883,5283,158785.20000004768,pvp,player_1,player_2,204.167,170.25,708.411,27.301,135.238,-290.018,stay,stay,3,2
1775924143883,5284,158801.89999997616,pvp,player_1,player_2,204.167,170.25,710.665,22.468,135.238,-290.018,stay,stay,3,2
1775924143883,5285,158818.70000004768,pvp,player_1,player_2,204.167,170.25,712.919,17.634,135.238,-290.018,stay,stay,3,2
1775924143883,5286,158835.30000007153,pvp,player_1,player_2,204.167,170.25,715.173,12.8,135.238,-290.018,stay,stay,3,2
1775924143883,5287,158852.10000002384,pvp,player_1,player_2,204.167,170.25,717.427,10,135.238,290.018,stay,stay,3,2
1775924143883,5288,158868.39999997616,pvp,player_1,player_2,204.167,170.25,719.681,14.834,135.238,290.018,stay,stay,3,2
1775924143883,5289,158885.20000004768,pvp,player_1,player_2,204.167,170.25,721.935,19.667,135.238,290.018,stay,stay,3,2
1775924143883,5290,158901.80000007153,pvp,player_1,player_2,204.167,170.25,724.189,24.501,135.238,290.018,stay,stay,3,2
1775924143883,5291,158918.70000004768,pvp,player_1,player_2,204.167,170.25,726.443,29.335,135.238,290.018,stay,stay,3,2
1775924143883,5292,158935.20000004768,pvp,player_1,player_2,204.167,170.25,728.697,34.168,135.238,290.018,stay,stay,3,2
1775924143883,5293,158952,pvp,player_1,player_2,204.167,170.25,730.951,39.002,135.238,290.018,stay,stay,3,2
1775924143883,5294,158968.5,pvp,player_1,player_2,204.167,170.25,733.205,43.835,135.238,290.018,stay,stay,3,2
1775924143883,5295,158985.39999997616,pvp,player_1,player_2,204.167,170.25,735.459,48.669,135.238,290.018,stay,stay,3,2
1775924143883,5296,159002,pvp,player_1,player_2,204.167,170.25,737.713,53.503,135.238,290.018,stay,stay,3,2
1775924143883,5297,159018.70000004768,pvp,player_1,player_2,204.167,170.25,739.967,58.336,135.238,290.018,stay,stay,3,2
1775924143883,5298,159035.20000004768,pvp,player_1,player_2,204.167,170.25,742.221,63.17,135.238,290.018,stay,stay,3,2
1775924143883,5299,159052.20000004768,pvp,player_1,player_2,204.167,170.25,744.475,68.004,135.238,290.018,stay,stay,3,2
1775924143883,5300,159068.60000002384,pvp,player_1,player_2,204.167,170.25,746.729,72.837,135.238,290.018,stay,stay,3,2
1775924143883,5301,159085.70000004768,pvp,player_1,player_2,204.167,170.25,748.983,77.671,135.238,290.018,stay,stay,3,2
1775924143883,5302,159101.89999997616,pvp,player_1,player_2,204.167,170.25,751.237,82.505,135.238,290.018,stay,stay,3,2
1775924143883,5303,159118.70000004768,pvp,player_1,player_2,204.167,170.25,753.491,87.338,135.238,290.018,stay,stay,3,2
1775924143883,5304,159135.20000004768,pvp,player_1,player_2,204.167,170.25,755.745,92.172,135.238,290.018,stay,stay,3,2
1775924143883,5305,159151.89999997616,pvp,player_1,player_2,204.167,170.25,757.999,97.006,135.238,290.018,stay,stay,3,2
1775924143883,5306,159169.20000004768,pvp,player_1,player_2,204.167,170.25,760.253,101.839,135.238,290.018,stay,stay,3,2
1775924143883,5307,159184.89999997616,pvp,player_1,player_2,204.167,170.25,762.507,106.673,135.238,290.018,stay,stay,3,2
1775924143883,5308,159202.10000002384,pvp,player_1,player_2,204.167,170.25,764.761,111.506,135.238,290.018,stay,stay,3,2
1775924143883,5309,159218.70000004768,pvp,player_1,player_2,204.167,170.25,767.015,116.34,135.238,290.018,stay,stay,3,2
1775924143883,5310,159235.39999997616,pvp,player_1,player_2,204.167,170.25,769.269,121.174,135.238,290.018,stay,stay,3,2
1775924143883,5311,159251.89999997616,pvp,player_1,player_2,204.167,170.25,771.522,126.007,135.238,290.018,stay,stay,3,2
1775924143883,5312,159268.80000007153,pvp,player_1,player_2,204.167,170.25,773.776,130.841,135.238,290.018,stay,stay,3,2
1775924143883,5313,159285.60000002384,pvp,player_1,player_2,204.167,170.25,776.03,135.675,135.238,290.018,stay,stay,3,2
1775924143883,5314,159301.80000007153,pvp,player_1,player_2,204.167,170.25,778.284,140.508,135.238,290.018,stay,stay,3,2
1775924143883,5315,159318.5,pvp,player_1,player_2,204.167,170.25,780.538,145.342,135.238,290.018,stay,stay,3,2
1775924143883,5316,159335.20000004768,pvp,player_1,player_2,204.167,170.506,782.792,150.176,135.238,290.018,stay,down,3,2
1775924143883,5317,159351.80000007153,pvp,player_1,player_2,204.167,171.017,785.046,155.009,135.238,290.018,stay,down,3,2
1775924143883,5318,159368.89999997616,pvp,player_1,player_2,204.167,171.783,787.3,159.843,135.238,290.018,stay,down,3,2
1775924143883,5319,159385.30000007153,pvp,player_1,player_2,204.167,172.806,789.554,164.677,135.238,290.018,stay,down,3,2
1775924143883,5320,159402,pvp,player_1,player_2,204.167,174.083,791.808,169.51,135.238,290.018,stay,down,3,2
1775924143883,5321,159419.10000002384,pvp,player_1,player_2,204.167,175.617,794.062,174.344,135.238,290.018,stay,down,3,2
1775924143883,5322,159435.10000002384,pvp,player_1,player_2,204.167,177.406,796.316,179.177,135.238,290.018,stay,down,3,2
1775924143883,5323,159452.10000002384,pvp,player_1,player_2,204.167,179.45,798.57,184.011,135.238,290.018,stay,down,3,2
1775924143883,5324,159469,pvp,player_1,player_2,204.167,181.75,800.824,188.845,135.238,290.018,stay,down,3,2
1775924143883,5325,159485.5,pvp,player_1,player_2,204.167,184.306,803.078,193.678,135.238,290.018,stay,down,3,2
1775924143883,5326,159502.30000007153,pvp,player_1,player_2,204.167,187.117,805.332,198.512,135.238,290.018,stay,down,3,2
1775924143883,5327,159518.60000002384,pvp,player_1,player_2,204.167,190.183,807.586,203.346,135.238,290.018,stay,down,3,2
1775924143883,5328,159535.30000007153,pvp,player_1,player_2,204.167,193.506,809.84,208.179,135.238,290.018,stay,down,3,2
1775924143883,5329,159552,pvp,player_1,player_2,204.167,197.083,812.094,213.013,135.238,290.018,stay,down,3,2
1775924143883,5330,159568.89999997616,pvp,player_1,player_2,204.167,200.917,814.348,217.847,135.238,290.018,stay,down,3,2
1775924143883,5331,159585.10000002384,pvp,player_1,player_2,204.167,205.006,816.602,222.68,135.238,290.018,stay,down,3,2
1775924143883,5332,159601.5,pvp,player_1,player_2,204.167,209.35,818.856,227.514,135.238,290.018,stay,down,3,2
1775924143883,5333,159619.10000002384,pvp,player_1,player_2,204.167,213.95,821.11,232.348,135.238,290.018,stay,down,3,2
1775924143883,5334,159635.39999997616,pvp,player_1,player_2,204.167,218.806,823.364,237.181,135.238,290.018,stay,down,3,2
1775924143883,5335,159652.10000002384,pvp,player_1,player_2,204.167,223.917,825.618,242.015,135.238,290.018,stay,down,3,2
1775924143883,5336,159668.70000004768,pvp,player_1,player_2,204.167,229.283,827.872,246.848,135.238,290.018,stay,down,3,2
1775924143883,5337,159685.20000004768,pvp,player_1,player_2,204.167,234.906,830.126,251.682,135.238,290.018,stay,down,3,2
1775924143883,5338,159702.20000004768,pvp,player_1,player_2,204.167,240.783,832.379,256.516,135.238,290.018,stay,down,3,2
1775924143883,5339,159718.5,pvp,player_1,player_2,204.167,246.917,834.633,261.349,135.238,290.018,stay,down,3,2
1775924143883,5340,159735.5,pvp,player_1,player_2,204.167,253.306,836.887,266.183,135.238,290.018,stay,down,3,2
1775924143883,5341,159752.20000004768,pvp,player_1,player_2,204.167,259.95,839.141,271.017,135.238,290.018,stay,down,3,2
1775924143883,5342,159768.5,pvp,player_1,player_2,204.167,266.85,841.395,275.85,135.238,290.018,stay,down,3,2
1775924143883,5343,159785.30000007153,pvp,player_1,player_2,204.167,274.006,843.649,280.684,135.238,290.018,stay,down,3,2
1775924143883,5344,159802.10000002384,pvp,player_1,player_2,204.167,281.417,845.903,285.518,135.238,290.018,stay,down,3,2
1775924143883,5345,159818.89999997616,pvp,player_1,player_2,204.167,289.083,848.157,290.351,135.238,290.018,stay,down,3,2
1775924143883,5346,159835.10000002384,pvp,player_1,player_2,204.167,296.75,850.411,295.185,135.238,290.018,stay,down,3,2
1775924143883,5347,159851.39999997616,pvp,player_1,player_2,204.167,304.417,852.665,300.018,135.238,290.018,stay,down,3,2
1775924143883,5348,159868.70000004768,pvp,player_1,player_2,204.167,312.083,854.919,304.852,135.238,290.018,stay,down,3,2
1775924143883,5349,159885.20000004768,pvp,player_1,player_2,204.167,319.75,857.173,309.686,135.238,290.018,stay,down,3,2
1775924143883,5350,159901.70000004768,pvp,player_1,player_2,204.167,327.417,859.427,314.519,135.238,290.018,stay,down,3,2
1775924143883,5351,159918.5,pvp,player_1,player_2,204.167,335.083,861.681,319.353,135.238,290.018,stay,down,3,2
1775924143883,5352,159935.60000002384,pvp,player_1,player_2,204.167,342.75,863.935,324.187,135.238,290.018,stay,down,3,2
1775924143883,5353,159951.89999997616,pvp,player_1,player_2,204.167,350.417,866.189,329.02,135.238,290.018,stay,down,3,2
1775924143883,5354,159968.80000007153,pvp,player_1,player_2,204.167,358.083,868.443,333.854,135.238,290.018,stay,down,3,2
1775924143883,5355,159985,pvp,player_1,player_2,204.167,365.75,870.697,338.688,135.238,290.018,stay,down,3,2
1775924143883,5356,160002.20000004768,pvp,player_1,player_2,204.167,373.417,872.951,343.521,135.238,290.018,stay,down,3,2
1775924143883,5357,160018.70000004768,pvp,player_1,player_2,204.167,381.083,875.205,348.355,135.238,290.018,stay,down,3,2
1775924143883,5358,160035.30000007153,pvp,player_1,player_2,204.167,388.75,877.459,353.189,135.238,290.018,stay,down,3,2
1775924143883,5359,160052,pvp,player_1,player_2,204.167,396.417,879.713,358.022,135.238,290.018,stay,down,3,2
1775924143883,5360,160069.10000002384,pvp,player_1,player_2,204.167,404.083,881.967,362.856,135.238,290.018,stay,down,3,2
1775924143883,5361,160084.60000002384,pvp,player_1,player_2,204.167,411.75,884.221,367.689,135.238,290.018,stay,down,3,2
1775924143883,5362,160101.70000004768,pvp,player_1,player_2,204.167,419.222,886.475,372.523,135.238,290.018,stay,stay,3,2
1775924143883,5363,160118.30000007153,pvp,player_1,player_2,204.167,426.5,888.729,377.357,135.238,290.018,stay,stay,3,2
1775924143883,5364,160135,pvp,player_1,player_2,204.167,433.583,890.983,382.19,135.238,290.018,stay,stay,3,2
1775924143883,5365,160152,pvp,player_1,player_2,204.167,440.472,893.237,387.024,135.238,290.018,stay,stay,3,2
1775924143883,5366,160168.5,pvp,player_1,player_2,204.167,444,895.49,391.858,135.238,290.018,stay,up,3,2
1775924143883,5367,160185.30000007153,pvp,player_1,player_2,204.167,444,897.744,396.691,135.238,290.018,stay,up,3,2
1775924143883,5368,160201.60000002384,pvp,player_1,player_2,204.167,444,899.998,401.525,135.238,290.018,stay,up,3,2
1775924143883,5369,160218.60000002384,pvp,player_1,player_2,204.167,444,902.252,406.359,135.238,290.018,stay,up,3,2
1775924143883,5370,160235.30000007153,pvp,player_1,player_2,204.167,444,904.506,411.192,135.238,290.018,stay,up,3,2
1775924143883,5371,160252.10000002384,pvp,player_1,player_2,204.167,444,906.76,416.026,135.238,290.018,stay,up,3,2
1775924143883,5372,160268.5,pvp,player_1,player_2,204.167,444,909.014,420.86,135.238,290.018,stay,up,3,2
1775924143883,5373,160285.5,pvp,player_1,player_2,204.167,444,911.268,425.693,135.238,290.018,stay,up,3,2
1775924143883,5374,160301.89999997616,pvp,player_1,player_2,204.167,444,913.522,430.527,135.238,290.018,stay,up,3,2
1775924143883,5375,160318.39999997616,pvp,player_1,player_2,204.167,444,915.776,435.36,135.238,290.018,stay,up,3,2
1775924143883,5376,160335.10000002384,pvp,player_1,player_2,204.167,444,912,440.194,-143.69,-308.145,stay,up,3,2
1775924143883,5377,160351.80000007153,pvp,player_1,player_2,204.167,444,909.605,435.058,-143.69,-308.145,stay,up,3,2
1775924143883,5378,160368.10000002384,pvp,player_1,player_2,204.167,444,907.21,429.923,-143.69,-308.145,stay,up,3,2
1775924143883,5379,160385.20000004768,pvp,player_1,player_2,204.167,444,904.815,424.787,-143.69,-308.145,stay,up,3,2
1775924143883,5380,160401.80000007153,pvp,player_1,player_2,204.167,444,902.421,419.651,-143.69,-308.145,stay,up,3,2
1775924143883,5381,160418.60000002384,pvp,player_1,player_2,204.167,444,900.026,414.515,-143.69,-308.145,stay,up,3,2
1775924143883,5382,160435.20000004768,pvp,player_1,player_2,204.167,444,897.631,409.38,-143.69,-308.145,stay,up,3,2
1775924143883,5383,160452,pvp,player_1,player_2,204.167,444,895.236,404.244,-143.69,-308.145,stay,up,3,2
1775924143883,5384,160468.80000007153,pvp,player_1,player_2,204.167,444,892.841,399.108,-143.69,-308.145,stay,up,3,2
1775924143883,5385,160485.5,pvp,player_1,player_2,204.167,443.667,890.446,393.972,-143.69,-308.145,stay,up,3,2
1775924143883,5386,160501.89999997616,pvp,player_1,player_2,204.167,443.078,888.052,388.837,-143.69,-308.145,stay,up,3,2
1775924143883,5387,160518.80000007153,pvp,player_1,player_2,204.167,442.233,885.657,383.701,-143.69,-308.145,stay,up,3,2
1775924143883,5388,160535.30000007153,pvp,player_1,player_2,204.167,441.133,883.262,378.565,-143.69,-308.145,stay,up,3,2
1775924143883,5389,160551.89999997616,pvp,player_1,player_2,204.167,439.778,880.867,373.429,-143.69,-308.145,stay,up,3,2
1775924143883,5390,160568.70000004768,pvp,player_1,player_2,204.167,438.167,878.472,368.294,-143.69,-308.145,stay,up,3,2
1775924143883,5391,160585,pvp,player_1,player_2,204.167,436.3,876.077,363.158,-143.69,-308.145,stay,up,3,2
1775924143883,5392,160602,pvp,player_1,player_2,204.167,434.178,873.683,358.022,-143.69,-308.145,stay,up,3,2
1775924143883,5393,160618.30000007153,pvp,player_1,player_2,204.167,431.8,871.288,352.886,-143.69,-308.145,stay,up,3,2
1775924143883,5394,160635,pvp,player_1,player_2,204.167,429.167,868.893,347.751,-143.69,-308.145,stay,up,3,2
1775924143883,5395,160651.89999997616,pvp,player_1,player_2,204.167,426.278,866.498,342.615,-143.69,-308.145,stay,up,3,2
1775924143883,5396,160668.70000004768,pvp,player_1,player_2,204.167,423.133,864.103,337.479,-143.69,-308.145,stay,up,3,2
1775924143883,5397,160685.39999997616,pvp,player_1,player_2,204.167,419.733,861.708,332.343,-143.69,-308.145,stay,up,3,2
1775924143883,5398,160701.89999997616,pvp,player_1,player_2,204.167,416.078,859.314,327.208,-143.69,-308.145,stay,up,3,2
1775924143883,5399,160718.60000002384,pvp,player_1,player_2,204.167,412.167,856.919,322.072,-143.69,-308.145,stay,up,3,2
1775924143883,5400,160735.30000007153,pvp,player_1,player_2,204.167,408,854.524,316.936,-143.69,-308.145,stay,up,3,2
1775924143883,5401,160751.89999997616,pvp,player_1,player_2,204.167,403.578,852.129,311.8,-143.69,-308.145,stay,up,3,2
1775924143883,5402,160768.70000004768,pvp,player_1,player_2,204.167,398.9,849.734,306.665,-143.69,-308.145,stay,up,3,2
1775924143883,5403,160785.20000004768,pvp,player_1,player_2,204.167,393.967,847.339,301.529,-143.69,-308.145,stay,up,3,2
1775924143883,5404,160801.70000004768,pvp,player_1,player_2,204.167,388.778,844.945,296.393,-143.69,-308.145,stay,up,3,2
1775924143883,5405,160818.89999997616,pvp,player_1,player_2,204.167,383.333,842.55,291.258,-143.69,-308.145,stay,up,3,2
1775924143883,5406,160835.30000007153,pvp,player_1,player_2,204.167,377.633,840.155,286.122,-143.69,-308.145,stay,up,3,2
1775924143883,5407,160851.60000002384,pvp,player_1,player_2,204.167,371.678,837.76,280.986,-143.69,-308.145,stay,up,3,2
1775924143883,5408,160868.30000007153,pvp,player_1,player_2,204.167,365.917,835.365,275.85,-143.69,-308.145,stay,stay,3,2
1775924143883,5409,160885.20000004768,pvp,player_1,player_2,204.167,360.35,832.97,270.715,-143.69,-308.145,stay,stay,3,2
1775924143883,5410,160902.10000002384,pvp,player_1,player_2,204.167,354.978,830.576,265.579,-143.69,-308.145,stay,stay,3,2
1775924143883,5411,160918.60000002384,pvp,player_1,player_2,204.167,349.8,828.181,260.443,-143.69,-308.145,stay,stay,3,2
1775924143883,5412,160935.10000002384,pvp,player_1,player_2,204.167,344.817,825.786,255.307,-143.69,-308.145,stay,stay,3,2
1775924143883,5413,160951.89999997616,pvp,player_1,player_2,204.167,340.028,823.391,250.172,-143.69,-308.145,stay,stay,3,2
1775924143883,5414,160968.60000002384,pvp,player_1,player_2,204.167,335.433,820.996,245.036,-143.69,-308.145,stay,stay,3,2
1775924143883,5415,160985.10000002384,pvp,player_1,player_2,204.167,331.033,818.601,239.9,-143.69,-308.145,stay,stay,3,2
1775924143883,5416,161002.20000004768,pvp,player_1,player_2,204.167,326.828,816.207,234.764,-143.69,-308.145,stay,stay,3,2
1775924143883,5417,161018.5,pvp,player_1,player_2,204.167,322.817,813.812,229.629,-143.69,-308.145,stay,stay,3,2
1775924143883,5418,161035.20000004768,pvp,player_1,player_2,204.167,319,811.417,224.493,-143.69,-308.145,stay,stay,3,2
1775924143883,5419,161051.80000007153,pvp,player_1,player_2,204.167,315.378,809.022,219.357,-143.69,-308.145,stay,stay,3,2
1775924143883,5420,161068.60000002384,pvp,player_1,player_2,204.167,311.95,806.627,214.221,-143.69,-308.145,stay,stay,3,2
1775924143883,5421,161085.10000002384,pvp,player_1,player_2,204.167,308.717,804.232,209.086,-143.69,-308.145,stay,stay,3,2
1775924143883,5422,161101.80000007153,pvp,player_1,player_2,204.167,305.678,801.838,203.95,-143.69,-308.145,stay,stay,3,2
1775924143883,5423,161118.70000004768,pvp,player_1,player_2,204.167,302.833,799.443,198.814,-143.69,-308.145,stay,stay,3,2
1775924143883,5424,161135.30000007153,pvp,player_1,player_2,204.167,300.183,797.048,193.678,-143.69,-308.145,stay,stay,3,2
1775924143883,5425,161151.80000007153,pvp,player_1,player_2,204.167,297.728,794.653,188.543,-143.69,-308.145,stay,stay,3,2
1775924143883,5426,161168.70000004768,pvp,player_1,player_2,204.167,295.467,792.258,183.407,-143.69,-308.145,stay,stay,3,2
1775924143883,5427,161185.80000007153,pvp,player_1,player_2,204.167,293.4,789.863,178.271,-143.69,-308.145,stay,stay,3,2
1775924143883,5428,161202.20000004768,pvp,player_1,player_2,204.167,291.528,787.468,173.135,-143.69,-308.145,stay,stay,3,2
1775924143883,5429,161218.60000002384,pvp,player_1,player_2,204.167,289.85,785.074,168,-143.69,-308.145,stay,stay,3,2
1775924143883,5430,161234.89999997616,pvp,player_1,player_2,204.167,288.367,782.679,162.864,-143.69,-308.145,stay,stay,3,2
1775924143883,5431,161252.20000004768,pvp,player_1,player_2,204.167,287.078,780.284,157.728,-143.69,-308.145,stay,stay,3,2
1775924143883,5432,161268,pvp,player_1,player_2,204.167,285.983,777.889,152.592,-143.69,-308.145,stay,stay,3,2
1775924143883,5433,161285.5,pvp,player_1,player_2,204.167,285.083,775.494,147.457,-143.69,-308.145,stay,stay,3,2
1775924143883,5434,161301.80000007153,pvp,player_1,player_2,204.167,284.378,773.099,142.321,-143.69,-308.145,stay,stay,3,2
1775924143883,5435,161318.5,pvp,player_1,player_2,204.167,283.867,770.705,137.185,-143.69,-308.145,stay,stay,3,2
1775924143883,5436,161335,pvp,player_1,player_2,204.167,283.55,768.31,132.049,-143.69,-308.145,stay,stay,3,2
1775924143883,5437,161352.10000002384,pvp,player_1,player_2,204.167,283.55,765.915,126.914,-143.69,-308.145,stay,stay,3,2
1775924143883,5438,161368.70000004768,pvp,player_1,player_2,204.167,283.55,763.52,121.778,-143.69,-308.145,stay,stay,3,2
1775924143883,5439,161385,pvp,player_1,player_2,204.167,283.55,761.125,116.642,-143.69,-308.145,stay,stay,3,2
1775924143883,5440,161401.70000004768,pvp,player_1,player_2,204.167,283.55,758.73,111.506,-143.69,-308.145,stay,stay,3,2
1775924143883,5441,161419.10000002384,pvp,player_1,player_2,204.167,283.55,756.336,106.371,-143.69,-308.145,stay,stay,3,2
1775924143883,5442,161435.30000007153,pvp,player_1,player_2,204.167,283.55,753.941,101.235,-143.69,-308.145,stay,stay,3,2
1775924143883,5443,161451.89999997616,pvp,player_1,player_2,204.422,283.55,751.546,96.099,-143.69,-308.145,down,stay,3,2
1775924143883,5444,161468.39999997616,pvp,player_1,player_2,204.933,283.55,749.151,90.963,-143.69,-308.145,down,stay,3,2
1775924143883,5445,161485.30000007153,pvp,player_1,player_2,205.7,283.55,746.756,85.828,-143.69,-308.145,down,stay,3,2
1775924143883,5446,161501.89999997616,pvp,player_1,player_2,206.722,283.55,744.361,80.692,-143.69,-308.145,down,stay,3,2
1775924143883,5447,161518.80000007153,pvp,player_1,player_2,208,283.55,741.967,75.556,-143.69,-308.145,down,stay,3,2
1775924143883,5448,161534.70000004768,pvp,player_1,player_2,209.533,283.55,739.572,70.421,-143.69,-308.145,down,stay,3,2
1775924143883,5449,161551.80000007153,pvp,player_1,player_2,211.322,283.55,737.177,65.285,-143.69,-308.145,down,stay,3,2
1775924143883,5450,161568.70000004768,pvp,player_1,player_2,213.367,283.55,734.782,60.149,-143.69,-308.145,down,stay,3,2
1775924143883,5451,161585.10000002384,pvp,player_1,player_2,215.667,283.55,732.387,55.013,-143.69,-308.145,down,stay,3,2
1775924143883,5452,161601.89999997616,pvp,player_1,player_2,218.222,283.55,729.992,49.878,-143.69,-308.145,down,stay,3,2
1775924143883,5453,161618.60000002384,pvp,player_1,player_2,221.033,283.55,727.598,44.742,-143.69,-308.145,down,stay,3,2
1775924143883,5454,161635.20000004768,pvp,player_1,player_2,224.1,283.55,725.203,39.606,-143.69,-308.145,down,stay,3,2
1775924143883,5455,161651.89999997616,pvp,player_1,player_2,227.422,283.55,722.808,34.47,-143.69,-308.145,down,stay,3,2
1775924143883,5456,161668.5,pvp,player_1,player_2,231,283.55,720.413,29.335,-143.69,-308.145,down,stay,3,2
1775924143883,5457,161685.10000002384,pvp,player_1,player_2,234.833,283.55,718.018,24.199,-143.69,-308.145,down,stay,3,2
1775924143883,5458,161701.89999997616,pvp,player_1,player_2,238.922,283.55,715.623,19.063,-143.69,-308.145,down,stay,3,2
1775924143883,5459,161718.70000004768,pvp,player_1,player_2,243.267,283.55,713.229,13.927,-143.69,-308.145,down,stay,3,2
1775924143883,5460,161735.60000002384,pvp,player_1,player_2,247.867,283.55,710.834,10,-143.69,308.145,down,stay,3,2
1775924143883,5461,161751.60000002384,pvp,player_1,player_2,252.272,283.55,708.439,15.136,-143.69,308.145,stay,stay,3,2
1775924143883,5462,161768.20000004768,pvp,player_1,player_2,256.483,283.55,706.044,20.271,-143.69,308.145,stay,stay,3,2
1775924143883,5463,161784.89999997616,pvp,player_1,player_2,260.5,283.55,703.649,25.407,-143.69,308.145,stay,stay,3,2
1775924143883,5464,161802.20000004768,pvp,player_1,player_2,264.322,283.55,701.254,30.543,-143.69,308.145,stay,stay,3,2
1775924143883,5465,161818.30000007153,pvp,player_1,player_2,267.95,283.55,698.86,35.679,-143.69,308.145,stay,stay,3,2
1775924143883,5466,161835.30000007153,pvp,player_1,player_2,271.383,283.55,696.465,40.814,-143.69,308.145,stay,stay,3,2
1775924143883,5467,161851.60000002384,pvp,player_1,player_2,274.622,283.55,694.07,45.95,-143.69,308.145,stay,stay,3,2
1775924143883,5468,161868.5,pvp,player_1,player_2,277.667,283.55,691.675,51.086,-143.69,308.145,stay,stay,3,2
1775924143883,5469,161885.10000002384,pvp,player_1,player_2,280.517,283.55,689.28,56.222,-143.69,308.145,stay,stay,3,2
1775924143883,5470,161902.10000002384,pvp,player_1,player_2,283.172,283.55,686.885,61.357,-143.69,308.145,stay,stay,3,2
1775924143883,5471,161918.89999997616,pvp,player_1,player_2,285.633,283.55,684.491,66.493,-143.69,308.145,stay,stay,3,2
1775924143883,5472,161935.70000004768,pvp,player_1,player_2,287.9,283.55,682.096,71.629,-143.69,308.145,stay,stay,3,2
1775924143883,5473,161951.89999997616,pvp,player_1,player_2,289.972,283.55,679.701,76.765,-143.69,308.145,stay,stay,3,2
1775924143883,5474,161969.10000002384,pvp,player_1,player_2,291.85,283.55,677.306,81.9,-143.69,308.145,stay,stay,3,2
1775924143883,5475,161985.20000004768,pvp,player_1,player_2,293.533,283.55,674.911,87.036,-143.69,308.145,stay,stay,3,2
1775924143883,5476,162002.20000004768,pvp,player_1,player_2,295.022,283.55,672.516,92.172,-143.69,308.145,stay,stay,3,2
1775924143883,5477,162018.20000004768,pvp,player_1,player_2,296.317,283.55,670.121,97.308,-143.69,308.145,stay,stay,3,2
1775924143883,5478,162035.30000007153,pvp,player_1,player_2,297.417,283.55,667.727,102.443,-143.69,308.145,stay,stay,3,2
1775924143883,5479,162051.89999997616,pvp,player_1,player_2,298.322,283.55,665.332,107.579,-143.69,308.145,stay,stay,3,2
1775924143883,5480,162068.70000004768,pvp,player_1,player_2,299.033,283.55,662.937,112.715,-143.69,308.145,stay,stay,3,2
1775924143883,5481,162085.30000007153,pvp,player_1,player_2,299.55,283.55,660.542,117.851,-143.69,308.145,stay,stay,3,2
1775924143883,5482,162102,pvp,player_1,player_2,299.872,283.55,658.147,122.986,-143.69,308.145,stay,stay,3,2
1775924143883,5483,162118.60000002384,pvp,player_1,player_2,299.872,283.55,655.752,128.122,-143.69,308.145,stay,stay,3,2
1775924143883,5484,162135.39999997616,pvp,player_1,player_2,299.872,283.55,653.358,133.258,-143.69,308.145,stay,stay,3,2
1775924143883,5485,162151.80000007153,pvp,player_1,player_2,299.872,283.55,650.963,138.394,-143.69,308.145,stay,stay,3,2
1775924143883,5486,162168.70000004768,pvp,player_1,player_2,299.872,283.55,648.568,143.529,-143.69,308.145,stay,stay,3,2
1775924143883,5487,162185.30000007153,pvp,player_1,player_2,299.872,283.55,646.173,148.665,-143.69,308.145,stay,stay,3,2
1775924143883,5488,162202.10000002384,pvp,player_1,player_2,299.872,283.55,643.778,153.801,-143.69,308.145,stay,stay,3,2
1775924143883,5489,162218.89999997616,pvp,player_1,player_2,299.872,283.55,641.383,158.937,-143.69,308.145,stay,stay,3,2
1775924143883,5490,162234.60000002384,pvp,player_1,player_2,299.872,283.55,638.989,164.072,-143.69,308.145,stay,stay,3,2
1775924143883,5491,162251.39999997616,pvp,player_1,player_2,299.872,283.55,636.594,169.208,-143.69,308.145,stay,stay,3,2
1775924143883,5492,162267.89999997616,pvp,player_1,player_2,299.872,283.55,634.199,174.344,-143.69,308.145,stay,stay,3,2
1775924143883,5493,162284.70000004768,pvp,player_1,player_2,299.872,283.55,631.804,179.48,-143.69,308.145,stay,stay,3,2
1775924143883,5494,162301.39999997616,pvp,player_1,player_2,299.872,283.55,629.409,184.615,-143.69,308.145,stay,stay,3,2
1775924143883,5495,162318.30000007153,pvp,player_1,player_2,299.872,283.55,627.014,189.751,-143.69,308.145,stay,stay,3,2
1775924143883,5496,162335.5,pvp,player_1,player_2,299.872,283.55,624.62,194.887,-143.69,308.145,stay,stay,3,2
1775924143883,5497,162352,pvp,player_1,player_2,299.872,283.55,622.225,200.023,-143.69,308.145,stay,stay,3,2
1775924143883,5498,162368.60000002384,pvp,player_1,player_2,299.872,283.55,619.83,205.158,-143.69,308.145,stay,stay,3,2
1775924143883,5499,162385.39999997616,pvp,player_1,player_2,299.872,283.55,617.435,210.294,-143.69,308.145,stay,stay,3,2
1775924143883,5500,162401.89999997616,pvp,player_1,player_2,299.872,283.55,615.04,215.43,-143.69,308.145,stay,stay,3,2
1775924143883,5501,162418.70000004768,pvp,player_1,player_2,299.872,283.55,612.645,220.566,-143.69,308.145,stay,stay,3,2
1775924143883,5502,162435.10000002384,pvp,player_1,player_2,299.872,283.55,610.251,225.701,-143.69,308.145,stay,stay,3,2
1775924143883,5503,162451.80000007153,pvp,player_1,player_2,299.872,283.55,607.856,230.837,-143.69,308.145,stay,stay,3,2
1775924143883,5504,162468.80000007153,pvp,player_1,player_2,299.872,283.55,605.461,235.973,-143.69,308.145,stay,stay,3,2
1775924143883,5505,162484.89999997616,pvp,player_1,player_2,299.872,283.55,603.066,241.108,-143.69,308.145,stay,stay,3,2
1775924143883,5506,162501.5,pvp,player_1,player_2,299.872,283.55,600.671,246.244,-143.69,308.145,stay,stay,3,2
1775924143883,5507,162518.80000007153,pvp,player_1,player_2,299.872,283.55,598.276,251.38,-143.69,308.145,stay,stay,3,2
1775924143883,5508,162535.20000004768,pvp,player_1,player_2,299.872,283.55,595.882,256.516,-143.69,308.145,stay,stay,3,2
1775924143883,5509,162551.89999997616,pvp,player_1,player_2,299.872,283.55,593.487,261.651,-143.69,308.145,stay,stay,3,2
1775924143883,5510,162568.70000004768,pvp,player_1,player_2,299.872,283.55,591.092,266.787,-143.69,308.145,stay,stay,3,2
1775924143883,5511,162585.39999997616,pvp,player_1,player_2,299.872,283.55,588.697,271.923,-143.69,308.145,stay,stay,3,2
1775924143883,5512,162601.89999997616,pvp,player_1,player_2,299.872,283.55,586.302,277.059,-143.69,308.145,stay,stay,3,2
1775924143883,5513,162618.80000007153,pvp,player_1,player_2,299.872,283.55,583.907,282.194,-143.69,308.145,stay,stay,3,2
1775924143883,5514,162635.20000004768,pvp,player_1,player_2,299.872,283.55,581.513,287.33,-143.69,308.145,stay,stay,3,2
1775924143883,5515,162651.80000007153,pvp,player_1,player_2,299.872,283.55,579.118,292.466,-143.69,308.145,stay,stay,3,2
1775924143883,5516,162668.60000002384,pvp,player_1,player_2,299.872,283.55,576.723,297.602,-143.69,308.145,stay,stay,3,2
1775924143883,5517,162685.80000007153,pvp,player_1,player_2,299.872,283.55,574.328,302.737,-143.69,308.145,stay,stay,3,2
1775924143883,5518,162702.20000004768,pvp,player_1,player_2,299.872,283.55,571.933,307.873,-143.69,308.145,stay,stay,3,2
1775924143883,5519,162718.10000002384,pvp,player_1,player_2,299.872,283.55,569.538,313.009,-143.69,308.145,stay,stay,3,2
1775924143883,5520,162735,pvp,player_1,player_2,299.872,283.55,567.143,318.145,-143.69,308.145,stay,stay,3,2
1775924143883,5521,162751.89999997616,pvp,player_1,player_2,299.872,283.55,564.749,323.28,-143.69,308.145,stay,stay,3,2
1775924143883,5522,162768.30000007153,pvp,player_1,player_2,299.872,283.55,562.354,328.416,-143.69,308.145,stay,stay,3,2
1775924143883,5523,162785,pvp,player_1,player_2,299.872,283.55,559.959,333.552,-143.69,308.145,stay,stay,3,2
1775924143883,5524,162801.70000004768,pvp,player_1,player_2,299.872,283.55,557.564,338.688,-143.69,308.145,stay,stay,3,2
1775924143883,5525,162818.60000002384,pvp,player_1,player_2,299.872,283.55,555.169,343.823,-143.69,308.145,stay,stay,3,2
1775924143883,5526,162835.10000002384,pvp,player_1,player_2,299.872,283.55,552.774,348.959,-143.69,308.145,stay,stay,3,2
1775924143883,5527,162851.70000004768,pvp,player_1,player_2,299.872,283.55,550.38,354.095,-143.69,308.145,stay,stay,3,2
1775924143883,5528,162868.60000002384,pvp,player_1,player_2,299.872,283.55,547.985,359.231,-143.69,308.145,stay,stay,3,2
1775924143883,5529,162885.20000004768,pvp,player_1,player_2,299.872,283.55,545.59,364.366,-143.69,308.145,stay,stay,3,2
1775924143883,5530,162901.70000004768,pvp,player_1,player_2,299.872,283.55,543.195,369.502,-143.69,308.145,stay,stay,3,2
1775924143883,5531,162918.70000004768,pvp,player_1,player_2,299.872,283.55,540.8,374.638,-143.69,308.145,stay,stay,3,2
1775924143883,5532,162935.30000007153,pvp,player_1,player_2,299.872,283.55,538.405,379.774,-143.69,308.145,stay,stay,3,2
1775924143883,5533,162951.80000007153,pvp,player_1,player_2,299.872,283.55,536.011,384.909,-143.69,308.145,stay,stay,3,2
1775924143883,5534,162968.60000002384,pvp,player_1,player_2,299.872,283.55,533.616,390.045,-143.69,308.145,stay,stay,3,2
1775924143883,5535,162985.39999997616,pvp,player_1,player_2,299.872,283.55,531.221,395.181,-143.69,308.145,stay,stay,3,2
1775924143883,5536,163001.89999997616,pvp,player_1,player_2,299.872,283.55,528.826,400.317,-143.69,308.145,stay,stay,3,2
1775924143883,5537,163018.39999997616,pvp,player_1,player_2,299.872,283.55,526.431,405.452,-143.69,308.145,stay,stay,3,2
1775924143883,5538,163035,pvp,player_1,player_2,299.872,283.55,524.036,410.588,-143.69,308.145,stay,stay,3,2
1775924143883,5539,163051.89999997616,pvp,player_1,player_2,299.872,283.55,521.642,415.724,-143.69,308.145,stay,stay,3,2
1775924143883,5540,163068.30000007153,pvp,player_1,player_2,299.872,283.55,519.247,420.86,-143.69,308.145,stay,stay,3,2
1775924143883,5541,163085.5,pvp,player_1,player_2,299.872,283.55,516.852,425.995,-143.69,308.145,stay,stay,3,2
1775924143883,5542,163102.30000007153,pvp,player_1,player_2,299.872,283.55,514.457,431.131,-143.69,308.145,stay,stay,3,2
1775924143883,5543,163118.5,pvp,player_1,player_2,299.872,283.55,512.062,436.267,-143.69,308.145,stay,stay,3,2
1775924143883,5544,163134.70000004768,pvp,player_1,player_2,299.872,283.55,509.667,441.403,-143.69,308.145,stay,stay,3,2
1775924143883,5545,163151.20000004768,pvp,player_1,player_2,299.872,283.55,507.273,446.538,-143.69,308.145,stay,stay,3,2
1775924143883,5546,163168.10000002384,pvp,player_1,player_2,299.872,283.55,504.878,451.674,-143.69,308.145,stay,stay,3,2
1775924143883,5547,163184.70000004768,pvp,player_1,player_2,299.872,283.55,502.483,456.81,-143.69,308.145,stay,stay,3,2
1775924143883,5548,163201.30000007153,pvp,player_1,player_2,299.872,283.55,500.088,461.945,-143.69,308.145,stay,stay,3,2
1775924143883,5549,163218.20000004768,pvp,player_1,player_2,299.872,283.55,497.693,467.081,-143.69,308.145,stay,stay,3,2
1775924143883,5550,163235,pvp,player_1,player_2,299.872,283.55,495.298,472.217,-143.69,308.145,stay,stay,3,2
1775924143883,5551,163251.70000004768,pvp,player_1,player_2,299.872,283.55,492.904,477.353,-143.69,308.145,stay,stay,3,2
1775924143883,5552,163268,pvp,player_1,player_2,299.872,283.55,490.509,482.488,-143.69,308.145,stay,stay,3,2
1775924143883,5553,163284.5,pvp,player_1,player_2,299.872,283.55,488.114,487.624,-143.69,308.145,stay,stay,3,2
1775924143883,5554,163301.20000004768,pvp,player_1,player_2,299.872,283.55,485.719,492.76,-143.69,308.145,stay,stay,3,2
1775924143883,5555,163317.70000004768,pvp,player_1,player_2,299.872,283.55,483.324,497.896,-143.69,308.145,stay,stay,3,2
1775924143883,5556,163334.20000004768,pvp,player_1,player_2,299.872,283.55,480.929,503.031,-143.69,308.145,stay,stay,3,2
1775924143883,5557,163351.30000007153,pvp,player_1,player_2,299.872,283.55,478.535,508.167,-143.69,308.145,stay,stay,3,2
1775924143883,5558,163368.20000004768,pvp,player_1,player_2,299.872,283.55,476.14,513.303,-143.69,308.145,stay,stay,3,2
1775924143883,5559,163385,pvp,player_1,player_2,299.872,283.55,473.745,518.439,-143.69,308.145,stay,stay,3,2
1775924143883,5560,163401.60000002384,pvp,player_1,player_2,299.872,283.55,471.35,523.574,-143.69,308.145,stay,stay,3,2
1775924143883,5561,163418.60000002384,pvp,player_1,player_2,299.872,283.55,468.955,528.71,-143.69,308.145,stay,stay,3,2
1775924143883,5562,163435.20000004768,pvp,player_1,player_2,299.872,283.55,466.56,530,-143.69,-308.145,stay,stay,3,2
1775924143883,5563,163451.80000007153,pvp,player_1,player_2,299.872,283.55,464.166,524.864,-143.69,-308.145,stay,stay,3,2
1775924143883,5564,163468.5,pvp,player_1,player_2,299.872,283.55,461.771,519.729,-143.69,-308.145,stay,stay,3,2
1775924143883,5565,163485.20000004768,pvp,player_1,player_2,299.872,283.55,459.376,514.593,-143.69,-308.145,stay,stay,3,2
1775924143883,5566,163502,pvp,player_1,player_2,299.872,283.55,456.981,509.457,-143.69,-308.145,stay,stay,3,2
1775924143883,5567,163518.10000002384,pvp,player_1,player_2,299.872,283.55,454.586,504.321,-143.69,-308.145,stay,stay,3,2
1775924143883,5568,163535.5,pvp,player_1,player_2,299.872,283.55,452.191,499.186,-143.69,-308.145,stay,stay,3,2
1775924143883,5569,163551.60000002384,pvp,player_1,player_2,299.872,283.55,449.796,494.05,-143.69,-308.145,stay,stay,3,2
1775924143883,5570,163568.39999997616,pvp,player_1,player_2,299.872,283.55,447.402,488.914,-143.69,-308.145,stay,stay,3,2
1775924143883,5571,163585.20000004768,pvp,player_1,player_2,299.872,283.55,445.007,483.778,-143.69,-308.145,stay,stay,3,2
1775924143883,5572,163601.30000007153,pvp,player_1,player_2,299.872,283.55,442.612,478.643,-143.69,-308.145,stay,stay,3,2
1775924143883,5573,163617.89999997616,pvp,player_1,player_2,299.872,283.55,440.217,473.507,-143.69,-308.145,stay,stay,3,2
1775924143883,5574,163634.5,pvp,player_1,player_2,299.872,283.55,437.822,468.371,-143.69,-308.145,stay,stay,3,2
1775924143883,5575,163651.10000002384,pvp,player_1,player_2,299.872,283.55,435.427,463.235,-143.69,-308.145,stay,stay,3,2
1775924143883,5576,163668.70000004768,pvp,player_1,player_2,299.872,283.55,433.033,458.1,-143.69,-308.145,stay,stay,3,2
1775924143883,5577,163684.89999997616,pvp,player_1,player_2,299.872,283.55,430.638,452.964,-143.69,-308.145,stay,stay,3,2
1775924143883,5578,163701.10000002384,pvp,player_1,player_2,299.872,283.55,428.243,447.828,-143.69,-308.145,stay,stay,3,2
1775924143883,5579,163718.70000004768,pvp,player_1,player_2,299.872,283.55,425.848,442.692,-143.69,-308.145,stay,stay,3,2
1775924143883,5580,163735.30000007153,pvp,player_1,player_2,299.872,283.55,423.453,437.557,-143.69,-308.145,stay,stay,3,2
1775924143883,5581,163752,pvp,player_1,player_2,299.872,283.55,421.058,432.421,-143.69,-308.145,stay,stay,3,2
1775924143883,5582,163767.89999997616,pvp,player_1,player_2,299.872,283.55,418.664,427.285,-143.69,-308.145,stay,stay,3,2
1775924143883,5583,163784.70000004768,pvp,player_1,player_2,299.872,283.55,416.269,422.149,-143.69,-308.145,stay,stay,3,2
1775924143883,5584,163801.30000007153,pvp,player_1,player_2,299.872,283.55,413.874,417.014,-143.69,-308.145,stay,stay,3,2
1775924143883,5585,163818.39999997616,pvp,player_1,player_2,299.872,283.55,411.479,411.878,-143.69,-308.145,stay,stay,3,2
1775924143883,5586,163835.30000007153,pvp,player_1,player_2,299.872,283.55,409.084,406.742,-143.69,-308.145,stay,stay,3,2
1775924143883,5587,163851.20000004768,pvp,player_1,player_2,299.872,283.55,406.689,401.606,-143.69,-308.145,stay,stay,3,2
1775924143883,5588,163868.30000007153,pvp,player_1,player_2,299.872,283.55,404.295,396.471,-143.69,-308.145,stay,stay,3,2
1775924143883,5589,163885.20000004768,pvp,player_1,player_2,299.872,283.55,401.9,391.335,-143.69,-308.145,stay,stay,3,2
1775924143883,5590,163901.80000007153,pvp,player_1,player_2,299.872,283.55,399.505,386.199,-143.69,-308.145,stay,stay,3,2
1775924143883,5591,163918.39999997616,pvp,player_1,player_2,299.872,283.55,397.11,381.063,-143.69,-308.145,stay,stay,3,2
1775924143883,5592,163935,pvp,player_1,player_2,299.872,283.55,394.715,375.928,-143.69,-308.145,stay,stay,3,2
1775924143883,5593,163951.80000007153,pvp,player_1,player_2,299.872,283.55,392.32,370.792,-143.69,-308.145,stay,stay,3,2
1775924143883,5594,163968.39999997616,pvp,player_1,player_2,299.872,283.55,389.926,365.656,-143.69,-308.145,stay,stay,3,2
1775924143883,5595,163984.70000004768,pvp,player_1,player_2,299.872,283.55,387.531,360.52,-143.69,-308.145,stay,stay,3,2
1775924143883,5596,164001.80000007153,pvp,player_1,player_2,299.872,283.55,385.136,355.385,-143.69,-308.145,stay,stay,3,2
1775924143883,5597,164018.20000004768,pvp,player_1,player_2,299.872,283.55,382.741,350.249,-143.69,-308.145,stay,stay,3,2
1775924143883,5598,164034.70000004768,pvp,player_1,player_2,299.872,283.55,380.346,345.113,-143.69,-308.145,stay,stay,3,2
1775924143883,5599,164051.70000004768,pvp,player_1,player_2,299.872,283.55,377.951,339.977,-143.69,-308.145,stay,stay,3,2
1775924143883,5600,164068.70000004768,pvp,player_1,player_2,299.872,283.55,375.557,334.842,-143.69,-308.145,stay,stay,3,2
1775924143883,5601,164085.20000004768,pvp,player_1,player_2,299.872,283.55,373.162,329.706,-143.69,-308.145,stay,stay,3,2
1775924143883,5602,164102.10000002384,pvp,player_1,player_2,299.872,283.55,370.767,324.57,-143.69,-308.145,stay,stay,3,2
1775924143883,5603,164118.70000004768,pvp,player_1,player_2,299.872,283.55,368.372,319.434,-143.69,-308.145,stay,stay,3,2
1775924143883,5604,164135.30000007153,pvp,player_1,player_2,299.872,283.55,365.977,314.299,-143.69,-308.145,stay,stay,3,2
1775924143883,5605,164151.89999997616,pvp,player_1,player_2,299.872,283.55,363.582,309.163,-143.69,-308.145,stay,stay,3,2
1775924143883,5606,164168.60000002384,pvp,player_1,player_2,299.617,283.55,361.188,304.027,-143.69,-308.145,up,stay,3,2
1775924143883,5607,164184.89999997616,pvp,player_1,player_2,299.106,283.55,358.793,298.892,-143.69,-308.145,up,stay,3,2
1775924143883,5608,164201.60000002384,pvp,player_1,player_2,298.339,283.55,356.398,293.756,-143.69,-308.145,up,stay,3,2
1775924143883,5609,164218.10000002384,pvp,player_1,player_2,297.317,283.55,354.003,288.62,-143.69,-308.145,up,stay,3,2
1775924143883,5610,164235.10000002384,pvp,player_1,player_2,296.039,283.55,351.608,283.484,-143.69,-308.145,up,stay,3,2
1775924143883,5611,164251.30000007153,pvp,player_1,player_2,294.506,283.55,349.213,278.349,-143.69,-308.145,up,stay,3,2
1775924143883,5612,164268.60000002384,pvp,player_1,player_2,292.717,283.55,346.819,273.213,-143.69,-308.145,up,stay,3,2
1775924143883,5613,164285.30000007153,pvp,player_1,player_2,290.672,283.55,344.424,268.077,-143.69,-308.145,up,stay,3,2
1775924143883,5614,164301.89999997616,pvp,player_1,player_2,288.372,283.55,342.029,262.941,-143.69,-308.145,up,stay,3,2
1775924143883,5615,164318.30000007153,pvp,player_1,player_2,285.817,283.55,339.634,257.806,-143.69,-308.145,up,stay,3,2
1775924143883,5616,164335,pvp,player_1,player_2,283.006,283.55,337.239,252.67,-143.69,-308.145,up,stay,3,2
1775924143883,5617,164351.89999997616,pvp,player_1,player_2,279.939,283.55,334.844,247.534,-143.69,-308.145,up,stay,3,2
1775924143883,5618,164368.80000007153,pvp,player_1,player_2,276.617,283.55,332.449,242.398,-143.69,-308.145,up,stay,3,2
1775924143883,5619,164384.60000002384,pvp,player_1,player_2,273.039,283.55,330.055,237.263,-143.69,-308.145,up,stay,3,2
1775924143883,5620,164401.80000007153,pvp,player_1,player_2,269.206,283.55,327.66,232.127,-143.69,-308.145,up,stay,3,2
1775924143883,5621,164418.5,pvp,player_1,player_2,265.117,283.55,325.265,226.991,-143.69,-308.145,up,stay,3,2
1775924143883,5622,164434.39999997616,pvp,player_1,player_2,260.772,283.55,322.87,221.855,-143.69,-308.145,up,stay,3,2
1775924143883,5623,164451.20000004768,pvp,player_1,player_2,256.172,283.55,320.475,216.72,-143.69,-308.145,up,stay,3,2
1775924143883,5624,164467.60000002384,pvp,player_1,player_2,251.317,283.55,318.08,211.584,-143.69,-308.145,up,stay,3,2
1775924143883,5625,164484.5,pvp,player_1,player_2,246.206,283.55,315.686,206.448,-143.69,-308.145,up,stay,3,2
1775924143883,5626,164501.10000002384,pvp,player_1,player_2,240.839,283.55,313.291,201.312,-143.69,-308.145,up,stay,3,2
1775924143883,5627,164518,pvp,player_1,player_2,235.217,283.55,310.896,196.177,-143.69,-308.145,up,stay,3,2
1775924143883,5628,164534.60000002384,pvp,player_1,player_2,229.339,283.55,308.501,191.041,-143.69,-308.145,up,stay,3,2
1775924143883,5629,164551.10000002384,pvp,player_1,player_2,223.206,283.55,306.106,185.905,-143.69,-308.145,up,stay,3,2
1775924143883,5630,164568,pvp,player_1,player_2,216.817,283.55,303.711,180.769,-143.69,-308.145,up,stay,3,2
1775924143883,5631,164584.39999997616,pvp,player_1,player_2,210.172,283.55,301.317,175.634,-143.69,-308.145,up,stay,3,2
1775924143883,5632,164601.10000002384,pvp,player_1,player_2,203.272,283.55,298.922,170.498,-143.69,-308.145,up,stay,3,2
1775924143883,5633,164617.80000007153,pvp,player_1,player_2,196.117,283.55,296.527,165.362,-143.69,-308.145,up,stay,3,2
1775924143883,5634,164634.5,pvp,player_1,player_2,188.706,283.55,294.132,160.226,-143.69,-308.145,up,stay,3,2
1775924143883,5635,164651.20000004768,pvp,player_1,player_2,181.489,283.55,291.737,155.091,-143.69,-308.145,stay,stay,3,2
1775924143883,5636,164667.70000004768,pvp,player_1,player_2,174.467,283.55,289.342,149.955,-143.69,-308.145,stay,stay,3,2
1775924143883,5637,164684.30000007153,pvp,player_1,player_2,167.639,283.55,286.948,144.819,-143.69,-308.145,stay,stay,3,2
1775924143883,5638,164701.20000004768,pvp,player_1,player_2,161.006,283.55,284.553,139.683,-143.69,-308.145,stay,stay,3,2
1775924143883,5639,164717.80000007153,pvp,player_1,player_2,154.567,283.55,282.158,134.548,-143.69,-308.145,stay,stay,3,2
1775924143883,5640,164734.30000007153,pvp,player_1,player_2,148.322,283.55,279.763,129.412,-143.69,-308.145,stay,stay,3,2
1775924143883,5641,164751,pvp,player_1,player_2,142.272,283.55,277.368,124.276,-143.69,-308.145,stay,stay,3,2
1775924143883,5642,164767.80000007153,pvp,player_1,player_2,136.417,283.55,274.973,119.14,-143.69,-308.145,stay,stay,3,2
1775924143883,5643,164784.39999997616,pvp,player_1,player_2,130.756,283.55,272.579,114.005,-143.69,-308.145,stay,stay,3,2
1775924143883,5644,164801,pvp,player_1,player_2,125.289,283.55,270.184,108.869,-143.69,-308.145,stay,stay,3,2
1775924143883,5645,164817.80000007153,pvp,player_1,player_2,120.017,283.55,267.789,103.733,-143.69,-308.145,stay,stay,3,2
1775924143883,5646,164834.5,pvp,player_1,player_2,114.939,283.55,265.394,98.597,-143.69,-308.145,stay,stay,3,2
1775924143883,5647,164851.20000004768,pvp,player_1,player_2,110.056,283.55,262.999,93.462,-143.69,-308.145,stay,stay,3,2
1775924143883,5648,164868.70000004768,pvp,player_1,player_2,105.367,283.55,260.604,88.326,-143.69,-308.145,stay,stay,3,2
1775924143883,5649,164885.20000004768,pvp,player_1,player_2,100.872,283.55,258.21,83.19,-143.69,-308.145,stay,stay,3,2
1775924143883,5650,164901.89999997616,pvp,player_1,player_2,96.572,283.55,255.815,78.055,-143.69,-308.145,stay,stay,3,2
1775924143883,5651,164918.20000004768,pvp,player_1,player_2,92.467,283.55,253.42,72.919,-143.69,-308.145,stay,stay,3,2
1775924143883,5652,164935.20000004768,pvp,player_1,player_2,88.556,283.55,251.025,67.783,-143.69,-308.145,stay,stay,3,2
1775924143883,5653,164952.10000002384,pvp,player_1,player_2,84.839,283.55,248.63,62.647,-143.69,-308.145,stay,stay,3,2
1775924143883,5654,164968.30000007153,pvp,player_1,player_2,81.317,283.55,246.235,57.512,-143.69,-308.145,stay,stay,3,2
1775924143883,5655,164985,pvp,player_1,player_2,77.989,283.55,243.841,52.376,-143.69,-308.145,stay,stay,3,2
1775924143883,5656,165001.70000004768,pvp,player_1,player_2,74.856,283.55,241.446,47.24,-143.69,-308.145,stay,stay,3,2
1775924143883,5657,165018.20000004768,pvp,player_1,player_2,71.917,283.55,239.051,42.104,-143.69,-308.145,stay,stay,3,2
1775924143883,5658,165034.89999997616,pvp,player_1,player_2,69.172,283.55,236.656,36.969,-143.69,-308.145,stay,stay,3,2
1775924143883,5659,165052,pvp,player_1,player_2,66.622,283.55,234.261,31.833,-143.69,-308.145,stay,stay,3,2
1775924143883,5660,165068.70000004768,pvp,player_1,player_2,64.267,283.55,231.866,26.697,-143.69,-308.145,stay,stay,3,2
1775924143883,5661,165085.20000004768,pvp,player_1,player_2,62.106,283.55,229.472,21.561,-143.69,-308.145,stay,stay,3,2
1775924143883,5662,165101.89999997616,pvp,player_1,player_2,60.139,283.55,227.077,16.426,-143.69,-308.145,stay,stay,3,2
1775924143883,5663,165118.80000007153,pvp,player_1,player_2,58.367,283.55,224.682,11.29,-143.69,-308.145,stay,stay,3,2
1775924143883,5664,165135.39999997616,pvp,player_1,player_2,56.789,283.55,222.287,10,-143.69,308.145,stay,stay,3,2
1775924143883,5665,165152,pvp,player_1,player_2,55.406,283.55,219.892,15.136,-143.69,308.145,stay,stay,3,2
1775924143883,5666,165168.70000004768,pvp,player_1,player_2,54.217,283.55,217.497,20.271,-143.69,308.145,stay,stay,3,2
1775924143883,5667,165185.20000004768,pvp,player_1,player_2,53.222,283.55,215.102,25.407,-143.69,308.145,stay,stay,3,2
1775924143883,5668,165203.10000002384,pvp,player_1,player_2,52.422,283.55,212.708,30.543,-143.69,308.145,stay,stay,3,2
1775924143883,5669,165217.80000007153,pvp,player_1,player_2,51.817,283.55,210.313,35.679,-143.69,308.145,stay,stay,3,2
1775924143883,5670,165234.80000007153,pvp,player_1,player_2,51.406,283.55,207.918,40.814,-143.69,308.145,stay,stay,3,2
1775924143883,5671,165251.89999997616,pvp,player_1,player_2,51.189,283.55,205.523,45.95,-143.69,308.145,stay,stay,3,2
1775924143883,5672,165267.89999997616,pvp,player_1,player_2,51.189,283.55,203.128,51.086,-143.69,308.145,stay,stay,3,2
1775924143883,5673,165285.30000007153,pvp,player_1,player_2,51.189,283.55,200.733,56.222,-143.69,308.145,stay,stay,3,2
1775924143883,5674,165302,pvp,player_1,player_2,51.189,283.55,198.339,61.357,-143.69,308.145,stay,stay,3,2
1775924143883,5675,165318.89999997616,pvp,player_1,player_2,51.189,283.55,195.944,66.493,-143.69,308.145,stay,stay,3,2
1775924143883,5676,165335.30000007153,pvp,player_1,player_2,51.189,283.55,193.549,71.629,-143.69,308.145,stay,stay,3,2
1775924143883,5677,165351.89999997616,pvp,player_1,player_2,51.189,283.55,191.154,76.765,-143.69,308.145,stay,stay,3,2
1775924143883,5678,165368.10000002384,pvp,player_1,player_2,51.189,283.55,188.759,81.9,-143.69,308.145,stay,stay,3,2
1775924143883,5679,165385.20000004768,pvp,player_1,player_2,51.189,283.55,186.364,87.036,-143.69,308.145,stay,stay,3,2
1775924143883,5680,165402.10000002384,pvp,player_1,player_2,51.189,283.55,183.97,92.172,-143.69,308.145,stay,stay,3,2
1775924143883,5681,165418.70000004768,pvp,player_1,player_2,51.189,283.55,181.575,97.308,-143.69,308.145,stay,stay,3,2
1775924143883,5682,165435.20000004768,pvp,player_1,player_2,51.189,283.55,179.18,102.443,-143.69,308.145,stay,stay,3,2
1775924143883,5683,165451.20000004768,pvp,player_1,player_2,51.189,283.55,176.785,107.579,-143.69,308.145,stay,stay,3,2
1775924143883,5684,165468.5,pvp,player_1,player_2,51.444,283.55,174.39,112.715,-143.69,308.145,down,stay,3,2
1775924143883,5685,165485.10000002384,pvp,player_1,player_2,51.956,283.55,171.995,117.851,-143.69,308.145,down,stay,3,2
1775924143883,5686,165501.89999997616,pvp,player_1,player_2,52.722,283.55,169.601,122.986,-143.69,308.145,down,stay,3,2
1775924143883,5687,165518.60000002384,pvp,player_1,player_2,53.744,283.55,167.206,128.122,-143.69,308.145,down,stay,3,2
1775924143883,5688,165535.30000007153,pvp,player_1,player_2,55.022,283.55,164.811,133.258,-143.69,308.145,down,stay,3,2
1775924143883,5689,165551.89999997616,pvp,player_1,player_2,56.556,283.55,162.416,138.394,-143.69,308.145,down,stay,3,2
1775924143883,5690,165568.5,pvp,player_1,player_2,58.344,283.55,160.021,143.529,-143.69,308.145,down,stay,3,2
1775924143883,5691,165585.10000002384,pvp,player_1,player_2,60.389,283.55,157.626,148.665,-143.69,308.145,down,stay,3,2
1775924143883,5692,165601.89999997616,pvp,player_1,player_2,62.689,283.55,155.232,153.801,-143.69,308.145,down,stay,3,2
1775924143883,5693,165618.5,pvp,player_1,player_2,65.244,283.55,152.837,158.937,-143.69,308.145,down,stay,3,2
1775924143883,5694,165635.20000004768,pvp,player_1,player_2,68.056,283.55,150.442,164.072,-143.69,308.145,down,stay,3,2
1775924143883,5695,165651.89999997616,pvp,player_1,player_2,71.122,283.55,148.047,169.208,-143.69,308.145,down,stay,3,2
1775924143883,5696,165668.5,pvp,player_1,player_2,74.444,283.55,145.652,174.344,-143.69,308.145,down,stay,3,2
1775924143883,5697,165684.60000002384,pvp,player_1,player_2,78.022,283.55,143.257,179.48,-143.69,308.145,down,stay,3,2
1775924143883,5698,165701.70000004768,pvp,player_1,player_2,81.856,283.55,140.863,184.615,-143.69,308.145,down,stay,3,2
1775924143883,5699,165717.60000002384,pvp,player_1,player_2,85.944,283.55,138.468,189.751,-143.69,308.145,down,stay,3,2
1775924143883,5700,165735.20000004768,pvp,player_1,player_2,90.289,283.55,136.073,194.887,-143.69,308.145,down,stay,3,2
1775924143883,5701,165752.10000002384,pvp,player_1,player_2,94.889,283.55,133.678,200.023,-143.69,308.145,down,stay,3,2
1775924143883,5702,165767.89999997616,pvp,player_1,player_2,99.744,283.55,131.283,205.158,-143.69,308.145,down,stay,3,2
1775924143883,5703,165785.30000007153,pvp,player_1,player_2,104.856,283.55,128.888,210.294,-143.69,308.145,down,stay,3,2
1775924143883,5704,165801.89999997616,pvp,player_1,player_2,110.222,283.55,126.494,215.43,-143.69,308.145,down,stay,3,2
1775924143883,5705,165818.5,pvp,player_1,player_2,115.844,283.55,124.099,220.566,-143.69,308.145,down,stay,3,2
1775924143883,5706,165835.5,pvp,player_1,player_2,121.722,283.55,121.704,225.701,-143.69,308.145,down,stay,3,2
1775924143883,5707,165852,pvp,player_1,player_2,127.856,283.55,119.309,230.837,-143.69,308.145,down,stay,3,2
1775924143883,5708,165868.60000002384,pvp,player_1,player_2,134.244,283.55,116.914,235.973,-143.69,308.145,down,stay,3,2
1775924143883,5709,165885.10000002384,pvp,player_1,player_2,140.889,283.55,114.519,241.108,-143.69,308.145,down,stay,3,2
1775924143883,5710,165901.20000004768,pvp,player_1,player_2,147.789,283.55,112.125,246.244,-143.69,308.145,down,stay,3,2
1775924143883,5711,165918.10000002384,pvp,player_1,player_2,154.944,283.55,109.73,251.38,-143.69,308.145,down,stay,3,2
1775924143883,5712,165935.20000004768,pvp,player_1,player_2,162.356,283.55,107.335,256.516,-143.69,308.145,down,stay,3,2
1775924143883,5713,165951.89999997616,pvp,player_1,player_2,170.022,283.55,104.94,261.651,-143.69,308.145,down,stay,3,2
1775924143883,5714,165968.10000002384,pvp,player_1,player_2,177.689,283.55,102.545,266.787,-143.69,308.145,down,stay,3,2
1775924143883,5715,165984.60000002384,pvp,player_1,player_2,185.356,283.55,100.15,271.923,-143.69,308.145,down,stay,3,2
1775924143883,5716,166001.89999997616,pvp,player_1,player_2,193.022,283.55,97.755,277.059,-143.69,308.145,down,stay,3,2
1775924143883,5717,166018.30000007153,pvp,player_1,player_2,200.689,283.55,95.361,282.194,-143.69,308.145,down,stay,3,2
1775924143883,5718,166034.89999997616,pvp,player_1,player_2,208.356,283.55,92.966,287.33,-143.69,308.145,down,stay,3,2
1775924143883,5719,166051.70000004768,pvp,player_1,player_2,216.022,283.55,90.571,292.466,-143.69,308.145,down,stay,3,2
1775924143883,5720,166067.80000007153,pvp,player_1,player_2,223.689,283.55,88.176,297.602,-143.69,308.145,down,stay,3,2
1775924143883,5721,166085.10000002384,pvp,player_1,player_2,231.356,283.55,85.781,302.737,-143.69,308.145,down,stay,3,2
1775924143883,5722,166101.70000004768,pvp,player_1,player_2,239.022,283.55,83.386,307.873,-143.69,308.145,down,stay,3,2
1775924143883,5723,166118.5,pvp,player_1,player_2,246.689,283.55,80.992,313.009,-143.69,308.145,down,stay,3,2
1775924143883,5724,166135.10000002384,pvp,player_1,player_2,254.356,283.55,78.597,318.145,-143.69,308.145,down,stay,3,2
1775924143883,5725,166151.80000007153,pvp,player_1,player_2,262.022,283.55,76.202,323.28,-143.69,308.145,down,stay,3,2
1775924143883,5726,166167.80000007153,pvp,player_1,player_2,269.689,283.55,73.807,328.416,-143.69,308.145,down,stay,3,2
1775924143883,5727,166184.70000004768,pvp,player_1,player_2,277.356,283.55,71.412,333.552,-143.69,308.145,down,stay,3,2
1775924143883,5728,166202,pvp,player_1,player_2,285.022,283.55,69.017,338.688,-143.69,308.145,down,stay,3,2
1775924143883,5729,166218.5,pvp,player_1,player_2,292.689,283.55,66.623,343.823,-143.69,308.145,down,stay,3,2
1775924143883,5730,166234.70000004768,pvp,player_1,player_2,300.356,283.55,64.228,348.959,-143.69,308.145,down,stay,3,2
1775924143883,5731,166251.89999997616,pvp,player_1,player_2,308.022,283.55,61.833,354.095,-143.69,308.145,down,stay,3,2
1775924143883,5732,166268,pvp,player_1,player_2,315.689,283.55,59.438,359.231,-143.69,308.145,down,stay,3,2
1775924143883,5733,166285,pvp,player_1,player_2,323.356,283.55,57.043,364.366,-143.69,308.145,down,stay,3,2
1775924143883,5734,166301.89999997616,pvp,player_1,player_2,331.022,283.55,54.648,369.502,-143.69,308.145,down,stay,3,2
1775924143883,5735,166318.80000007153,pvp,player_1,player_2,338.689,283.55,52.254,374.638,-143.69,308.145,down,stay,3,2
1775924143883,5736,166335.20000004768,pvp,player_1,player_2,346.356,283.55,49.859,379.774,-143.69,308.145,down,stay,3,2
1775924143883,5737,166352.10000002384,pvp,player_1,player_2,354.022,283.55,48,384.909,330.954,-141.667,down,stay,3,2
1775924143883,5738,166368.30000007153,pvp,player_1,player_2,361.689,283.55,53.516,382.548,330.954,-141.667,down,stay,3,2
1775924143883,5739,166385.20000004768,pvp,player_1,player_2,369.356,283.55,59.032,380.187,330.954,-141.667,down,stay,3,2
1775924143883,5740,166401.70000004768,pvp,player_1,player_2,377.022,283.55,64.548,377.826,330.954,-141.667,down,stay,3,2
1775924143883,5741,166418.5,pvp,player_1,player_2,384.689,283.55,70.064,375.465,330.954,-141.667,down,stay,3,2
1775924143883,5742,166434.70000004768,pvp,player_1,player_2,392.356,283.55,75.579,373.104,330.954,-141.667,down,stay,3,2
1775924143883,5743,166451.89999997616,pvp,player_1,player_2,400.022,283.55,81.095,370.743,330.954,-141.667,down,stay,3,2
1775924143883,5744,166468.5,pvp,player_1,player_2,407.689,283.55,86.611,368.381,330.954,-141.667,down,stay,3,2
1775924143883,5745,166484.5,pvp,player_1,player_2,415.356,283.55,92.127,366.02,330.954,-141.667,down,stay,3,2
1775924143883,5746,166501.60000002384,pvp,player_1,player_2,423.022,283.55,97.643,363.659,330.954,-141.667,down,stay,3,2
1775924143883,5747,166518.70000004768,pvp,player_1,player_2,430.689,283.55,103.159,361.298,330.954,-141.667,down,stay,3,2
1775924143883,5748,166535.10000002384,pvp,player_1,player_2,438.356,283.55,108.675,358.937,330.954,-141.667,down,stay,3,2
1775924143883,5749,166551.89999997616,pvp,player_1,player_2,444,283.55,114.191,356.576,330.954,-141.667,down,stay,3,2
1775924143883,5750,166568.30000007153,pvp,player_1,player_2,444,283.55,119.707,354.215,330.954,-141.667,down,stay,3,2
1775924143883,5751,166585.20000004768,pvp,player_1,player_2,444,283.55,125.223,351.854,330.954,-141.667,down,stay,3,2
1775924143883,5752,166601.60000002384,pvp,player_1,player_2,444,283.55,130.738,349.492,330.954,-141.667,down,stay,3,2
1775924143883,5753,166618.80000007153,pvp,player_1,player_2,444,283.55,136.254,347.131,330.954,-141.667,down,stay,3,2
1775924143883,5754,166635.20000004768,pvp,player_1,player_2,444,283.55,141.77,344.77,330.954,-141.667,down,stay,3,2
1775924143883,5755,166651.70000004768,pvp,player_1,player_2,444,283.55,147.286,342.409,330.954,-141.667,down,stay,3,2
1775924143883,5756,166667.89999997616,pvp,player_1,player_2,444,283.55,152.802,340.048,330.954,-141.667,down,stay,3,2
1775924143883,5757,166684.5,pvp,player_1,player_2,444,283.55,158.318,337.687,330.954,-141.667,down,stay,3,2
1775924143883,5758,166701.80000007153,pvp,player_1,player_2,444,283.55,163.834,335.326,330.954,-141.667,down,stay,3,2
1775924143883,5759,166717.89999997616,pvp,player_1,player_2,444,283.55,169.35,332.965,330.954,-141.667,down,stay,3,2
1775924143883,5760,166734.70000004768,pvp,player_1,player_2,444,283.55,174.866,330.604,330.954,-141.667,down,stay,3,2
1775924143883,5761,166751.5,pvp,player_1,player_2,444,283.55,180.381,328.242,330.954,-141.667,stay,stay,3,2
1775924143883,5762,166767.80000007153,pvp,player_1,player_2,444,283.55,185.897,325.881,330.954,-141.667,stay,stay,3,2
1775924143883,5763,166785,pvp,player_1,player_2,444,283.55,191.413,323.52,330.954,-141.667,stay,stay,3,2
1775924143883,5764,166801.89999997616,pvp,player_1,player_2,444,283.55,196.929,321.159,330.954,-141.667,stay,stay,3,2
1775924143883,5765,166818.60000002384,pvp,player_1,player_2,444,283.55,202.445,318.798,330.954,-141.667,stay,stay,3,2
1775924143883,5766,166835.5,pvp,player_1,player_2,444,283.55,207.961,316.437,330.954,-141.667,stay,stay,3,2
1775924143883,5767,166851.39999997616,pvp,player_1,player_2,444,283.55,213.477,314.076,330.954,-141.667,stay,stay,3,2
1775924143883,5768,166868.39999997616,pvp,player_1,player_2,444,283.55,218.993,311.715,330.954,-141.667,stay,stay,3,2
1775924143883,5769,166885.39999997616,pvp,player_1,player_2,444,283.55,224.509,309.353,330.954,-141.667,stay,stay,3,2
1775924143883,5770,166901.20000004768,pvp,player_1,player_2,444,283.55,230.025,306.992,330.954,-141.667,stay,stay,3,2
1775924143883,5771,166918.5,pvp,player_1,player_2,444,283.55,235.54,304.631,330.954,-141.667,stay,stay,3,2
1775924143883,5772,166934.5,pvp,player_1,player_2,444,283.55,241.056,302.27,330.954,-141.667,stay,stay,3,2
1775924143883,5773,166951.70000004768,pvp,player_1,player_2,444,283.55,246.572,299.909,330.954,-141.667,stay,stay,3,2
1775924143883,5774,166968.5,pvp,player_1,player_2,444,283.55,252.088,297.548,330.954,-141.667,stay,stay,3,2
1775924143883,5775,166985.20000004768,pvp,player_1,player_2,444,283.55,257.604,295.187,330.954,-141.667,stay,stay,3,2
1775924143883,5776,167001.80000007153,pvp,player_1,player_2,444,283.55,263.12,292.826,330.954,-141.667,stay,stay,3,2
1775924143883,5777,167018.60000002384,pvp,player_1,player_2,444,283.55,268.636,290.464,330.954,-141.667,stay,stay,3,2
1775924143883,5778,167035.30000007153,pvp,player_1,player_2,444,283.55,274.152,288.103,330.954,-141.667,stay,stay,3,2
1775924143883,5779,167051.89999997616,pvp,player_1,player_2,444,283.55,279.668,285.742,330.954,-141.667,stay,stay,3,2
1775924143883,5780,167068.60000002384,pvp,player_1,player_2,444,283.55,285.184,283.381,330.954,-141.667,stay,stay,3,2
1775924143883,5781,167085,pvp,player_1,player_2,444,283.55,290.699,281.02,330.954,-141.667,stay,stay,3,2
1775924143883,5782,167101.80000007153,pvp,player_1,player_2,444,283.55,296.215,278.659,330.954,-141.667,stay,stay,3,2
1775924143883,5783,167118.30000007153,pvp,player_1,player_2,444,283.55,301.731,276.298,330.954,-141.667,stay,stay,3,2
1775924143883,5784,167135.10000002384,pvp,player_1,player_2,444,283.55,307.247,273.937,330.954,-141.667,stay,stay,3,2
1775924143883,5785,167151.80000007153,pvp,player_1,player_2,444,283.55,312.763,271.575,330.954,-141.667,stay,stay,3,2
1775924143883,5786,167168.5,pvp,player_1,player_2,444,283.55,318.279,269.214,330.954,-141.667,stay,stay,3,2
1775924143883,5787,167184.60000002384,pvp,player_1,player_2,444,283.55,323.795,266.853,330.954,-141.667,stay,stay,3,2
1775924143883,5788,167201.89999997616,pvp,player_1,player_2,444,283.55,329.311,264.492,330.954,-141.667,stay,stay,3,2
1775924143883,5789,167218.5,pvp,player_1,player_2,444,283.55,334.827,262.131,330.954,-141.667,stay,stay,3,2
1775924143883,5790,167235.30000007153,pvp,player_1,player_2,444,283.55,340.342,259.77,330.954,-141.667,stay,stay,3,2
1775924143883,5791,167251.89999997616,pvp,player_1,player_2,444,283.55,345.858,257.409,330.954,-141.667,stay,stay,3,2
1775924143883,5792,167268.30000007153,pvp,player_1,player_2,444,283.55,351.374,255.048,330.954,-141.667,stay,stay,3,2
1775924143883,5793,167285.20000004768,pvp,player_1,player_2,444,283.55,356.89,252.687,330.954,-141.667,stay,stay,3,2
1775924143883,5794,167301.5,pvp,player_1,player_2,444,283.55,362.406,250.325,330.954,-141.667,stay,stay,3,2
1775924143883,5795,167318.60000002384,pvp,player_1,player_2,444,283.55,367.922,247.964,330.954,-141.667,stay,stay,3,2
1775924143883,5796,167335,pvp,player_1,player_2,444,283.55,373.438,245.603,330.954,-141.667,stay,stay,3,2
1775924143883,5797,167351.70000004768,pvp,player_1,player_2,444,283.55,378.954,243.242,330.954,-141.667,stay,stay,3,2
1775924143883,5798,167368.5,pvp,player_1,player_2,444,283.55,384.47,240.881,330.954,-141.667,stay,stay,3,2
1775924143883,5799,167384.89999997616,pvp,player_1,player_2,444,283.294,389.986,238.52,330.954,-141.667,stay,up,3,2
1775924143883,5800,167401.80000007153,pvp,player_1,player_2,444,282.783,395.501,236.159,330.954,-141.667,stay,up,3,2
1775924143883,5801,167418.5,pvp,player_1,player_2,444,282.017,401.017,233.798,330.954,-141.667,stay,up,3,2
1775924143883,5802,167434.60000002384,pvp,player_1,player_2,444,280.994,406.533,231.436,330.954,-141.667,stay,up,3,2
1775924143883,5803,167451.80000007153,pvp,player_1,player_2,444,279.717,412.049,229.075,330.954,-141.667,stay,up,3,2
1775924143883,5804,167468.5,pvp,player_1,player_2,444,278.183,417.565,226.714,330.954,-141.667,stay,up,3,2
1775924143883,5805,167484.5,pvp,player_1,player_2,444,276.394,423.081,224.353,330.954,-141.667,stay,up,3,2
1775924143883,5806,167501.60000002384,pvp,player_1,player_2,444,274.35,428.597,221.992,330.954,-141.667,stay,up,3,2
1775924143883,5807,167518.5,pvp,player_1,player_2,444,272.05,434.113,219.631,330.954,-141.667,stay,up,3,2
1775924143883,5808,167535.10000002384,pvp,player_1,player_2,444,269.494,439.629,217.27,330.954,-141.667,stay,up,3,2
1775924143883,5809,167551.80000007153,pvp,player_1,player_2,444,266.683,445.144,214.909,330.954,-141.667,stay,up,3,2
1775924143883,5810,167568.5,pvp,player_1,player_2,444,263.617,450.66,212.547,330.954,-141.667,stay,up,3,2
1775924143883,5811,167585.20000004768,pvp,player_1,player_2,444,260.294,456.176,210.186,330.954,-141.667,stay,up,3,2
1775924143883,5812,167602,pvp,player_1,player_2,444,256.717,461.692,207.825,330.954,-141.667,stay,up,3,2
1775924143883,5813,167618.80000007153,pvp,player_1,player_2,444,252.883,467.208,205.464,330.954,-141.667,stay,up,3,2
1775924143883,5814,167635.39999997616,pvp,player_1,player_2,444,248.794,472.724,203.103,330.954,-141.667,stay,up,3,2
1775924143883,5815,167651.89999997616,pvp,player_1,player_2,444,244.45,478.24,200.742,330.954,-141.667,stay,up,3,2
1775924143883,5816,167668.70000004768,pvp,player_1,player_2,444,239.85,483.756,198.381,330.954,-141.667,stay,up,3,2
1775924143883,5817,167685,pvp,player_1,player_2,444,234.994,489.272,196.02,330.954,-141.667,stay,up,3,2
1775924143883,5818,167701.60000002384,pvp,player_1,player_2,444,229.883,494.788,193.658,330.954,-141.667,stay,up,3,2
1775924143883,5819,167718.10000002384,pvp,player_1,player_2,444,224.517,500.303,191.297,330.954,-141.667,stay,up,3,2
1775924143883,5820,167735.10000002384,pvp,player_1,player_2,444,218.894,505.819,188.936,330.954,-141.667,stay,up,3,2
1775924143883,5821,167751.60000002384,pvp,player_1,player_2,444,213.017,511.335,186.575,330.954,-141.667,stay,up,3,2
1775924143883,5822,167768,pvp,player_1,player_2,444,206.883,516.851,184.214,330.954,-141.667,stay,up,3,2
1775924143883,5823,167785.20000004768,pvp,player_1,player_2,444,200.494,522.367,181.853,330.954,-141.667,stay,up,3,2
1775924143883,5824,167801.70000004768,pvp,player_1,player_2,444,193.85,527.883,179.492,330.954,-141.667,stay,up,3,2
1775924143883,5825,167818.80000007153,pvp,player_1,player_2,444,186.95,533.399,177.131,330.954,-141.667,stay,up,3,2
1775924143883,5826,167835.30000007153,pvp,player_1,player_2,444,179.794,538.915,174.769,330.954,-141.667,stay,up,3,2
1775924143883,5827,167851.60000002384,pvp,player_1,player_2,444,172.383,544.431,172.408,330.954,-141.667,stay,up,3,2
1775924143883,5828,167868.39999997616,pvp,player_1,player_2,444,164.717,549.946,170.047,330.954,-141.667,stay,up,3,2
1775924143883,5829,167884.89999997616,pvp,player_1,player_2,444,157.05,555.462,167.686,330.954,-141.667,stay,up,3,2
1775924143883,5830,167901.80000007153,pvp,player_1,player_2,444,149.383,560.978,165.325,330.954,-141.667,stay,up,3,2
1775924143883,5831,167918.60000002384,pvp,player_1,player_2,444,141.717,566.494,162.964,330.954,-141.667,stay,up,3,2
1775924143883,5832,167934.39999997616,pvp,player_1,player_2,444,134.244,572.01,160.603,330.954,-141.667,stay,stay,3,2
1775924143883,5833,167951.70000004768,pvp,player_1,player_2,444,126.967,577.526,158.242,330.954,-141.667,stay,stay,3,2
1775924143883,5834,167968.39999997616,pvp,player_1,player_2,444,119.883,583.042,155.881,330.954,-141.667,stay,stay,3,2
1775924143883,5835,167984.89999997616,pvp,player_1,player_2,444,112.994,588.558,153.519,330.954,-141.667,stay,stay,3,2
1775924143883,5836,168001.5,pvp,player_1,player_2,444,106.3,594.074,151.158,330.954,-141.667,stay,stay,3,2
1775924143883,5837,168018.60000002384,pvp,player_1,player_2,444,99.8,599.59,148.797,330.954,-141.667,stay,stay,3,2
1775924143883,5838,168035.20000004768,pvp,player_1,player_2,444,93.494,605.105,146.436,330.954,-141.667,stay,stay,3,2
1775924143883,5839,168051.70000004768,pvp,player_1,player_2,444,87.383,610.621,144.075,330.954,-141.667,stay,stay,3,2
1775924143883,5840,168068.30000007153,pvp,player_1,player_2,444,81.467,616.137,141.714,330.954,-141.667,stay,stay,3,2
1775924143883,5841,168085.30000007153,pvp,player_1,player_2,444,75.744,621.653,139.353,330.954,-141.667,stay,stay,3,2
1775924143883,5842,168101.60000002384,pvp,player_1,player_2,444,70.217,627.169,136.992,330.954,-141.667,stay,stay,3,2
1775924143883,5843,168118.70000004768,pvp,player_1,player_2,444,64.883,632.685,134.63,330.954,-141.667,stay,stay,3,2
1775924143883,5844,168135.20000004768,pvp,player_1,player_2,444,59.744,638.201,132.269,330.954,-141.667,stay,stay,3,2
1775924143883,5845,168151.70000004768,pvp,player_1,player_2,444,54.8,643.717,129.908,330.954,-141.667,stay,stay,3,2
1775924143883,5846,168168.5,pvp,player_1,player_2,444,50.05,649.233,127.547,330.954,-141.667,stay,stay,3,2
1775924143883,5847,168185.10000002384,pvp,player_1,player_2,444,45.494,654.749,125.186,330.954,-141.667,stay,stay,3,2
1775924143883,5848,168201.70000004768,pvp,player_1,player_2,444,41.133,660.264,122.825,330.954,-141.667,stay,stay,3,2
1775924143883,5849,168218.60000002384,pvp,player_1,player_2,444,36.967,665.78,120.464,330.954,-141.667,stay,stay,3,2
1775924143883,5850,168235.10000002384,pvp,player_1,player_2,444,32.994,671.296,118.103,330.954,-141.667,stay,stay,3,2
1775924143883,5851,168251.70000004768,pvp,player_1,player_2,444,29.217,676.812,115.741,330.954,-141.667,stay,stay,3,2
1775924143883,5852,168268.70000004768,pvp,player_1,player_2,444,25.633,682.328,113.38,330.954,-141.667,stay,stay,3,2
1775924143883,5853,168285.20000004768,pvp,player_1,player_2,444,22.244,687.844,111.019,330.954,-141.667,stay,stay,3,2
1775924143883,5854,168301.70000004768,pvp,player_1,player_2,444,19.05,693.36,108.658,330.954,-141.667,stay,stay,3,2
1775924143883,5855,168318.39999997616,pvp,player_1,player_2,444,16.05,698.876,106.297,330.954,-141.667,stay,stay,3,2
1775924143883,5856,168335.30000007153,pvp,player_1,player_2,444,13.244,704.392,103.936,330.954,-141.667,stay,stay,3,2
1775924143883,5857,168351.60000002384,pvp,player_1,player_2,444,10.633,709.907,101.575,330.954,-141.667,stay,stay,3,2
1775924143883,5858,168368.10000002384,pvp,player_1,player_2,444,8.217,715.423,99.214,330.954,-141.667,stay,stay,3,2
1775924143883,5859,168385.20000004768,pvp,player_1,player_2,444,5.994,720.939,96.852,330.954,-141.667,stay,stay,3,2
1775924143883,5860,168401.60000002384,pvp,player_1,player_2,444,3.967,726.455,94.491,330.954,-141.667,stay,stay,3,2
1775924143883,5861,168418.80000007153,pvp,player_1,player_2,444,2.133,731.971,92.13,330.954,-141.667,stay,stay,3,2
1775924143883,5862,168435.20000004768,pvp,player_1,player_2,444,0.494,737.487,89.769,330.954,-141.667,stay,stay,3,2
1775924143883,5863,168451.80000007153,pvp,player_1,player_2,444,0,743.003,87.408,330.954,-141.667,stay,stay,3,2
1775924143883,5864,168468.5,pvp,player_1,player_2,444,0,748.519,85.047,330.954,-141.667,stay,stay,3,2
1775924143883,5865,168485.30000007153,pvp,player_1,player_2,444,0,754.035,82.686,330.954,-141.667,stay,stay,3,2
1775924143883,5866,168501.89999997616,pvp,player_1,player_2,444,0,759.551,80.325,330.954,-141.667,stay,stay,3,2
1775924143883,5867,168518.39999997616,pvp,player_1,player_2,444,0,765.066,77.963,330.954,-141.667,stay,stay,3,2
1775924143883,5868,168535.5,pvp,player_1,player_2,444,0,770.582,75.602,330.954,-141.667,stay,stay,3,2
1775924143883,5869,168552,pvp,player_1,player_2,444,0,776.098,73.241,330.954,-141.667,stay,stay,3,2
1775924143883,5870,168568.5,pvp,player_1,player_2,444,0,781.614,70.88,330.954,-141.667,stay,stay,3,2
1775924143883,5871,168585.10000002384,pvp,player_1,player_2,444,0,787.13,68.519,330.954,-141.667,stay,stay,3,2
1775924143883,5872,168601.70000004768,pvp,player_1,player_2,444,0,792.646,66.158,330.954,-141.667,stay,stay,3,2
1775924143883,5873,168618.20000004768,pvp,player_1,player_2,444,0,798.162,63.797,330.954,-141.667,stay,stay,3,2
1775924143883,5874,168634.80000007153,pvp,player_1,player_2,444,0,803.678,61.436,330.954,-141.667,stay,stay,3,2
1775924143883,5875,168651.60000002384,pvp,player_1,player_2,444,0,809.194,59.075,330.954,-141.667,stay,stay,3,2
1775924143883,5876,168668.60000002384,pvp,player_1,player_2,444,0,814.709,56.713,330.954,-141.667,stay,stay,3,2
1775924143883,5877,168685,pvp,player_1,player_2,444,0,820.225,54.352,330.954,-141.667,stay,stay,3,2
1775924143883,5878,168702,pvp,player_1,player_2,444,0,825.741,51.991,330.954,-141.667,stay,stay,3,2
1775924143883,5879,168718.5,pvp,player_1,player_2,444,0,831.257,49.63,330.954,-141.667,stay,stay,3,2
1775924143883,5880,168735.39999997616,pvp,player_1,player_2,444,0,836.773,47.269,330.954,-141.667,stay,stay,3,2
1775924143883,5881,168751.80000007153,pvp,player_1,player_2,444,0,842.289,44.908,330.954,-141.667,stay,stay,3,2
1775924143883,5882,168768.20000004768,pvp,player_1,player_2,444,0,847.805,42.547,330.954,-141.667,stay,stay,3,2
1775924143883,5883,168785.20000004768,pvp,player_1,player_2,444,0,853.321,40.186,330.954,-141.667,stay,stay,3,2
1775924143883,5884,168801.80000007153,pvp,player_1,player_2,444,0,858.837,37.824,330.954,-141.667,stay,stay,3,2
1775924143883,5885,168818.80000007153,pvp,player_1,player_2,444,0,864.353,35.463,330.954,-141.667,stay,stay,3,2
1775924143883,5886,168835.20000004768,pvp,player_1,player_2,444,0.256,869.868,33.102,330.954,-141.667,stay,down,3,2
1775924143883,5887,168851.80000007153,pvp,player_1,player_2,444,0.767,875.384,30.741,330.954,-141.667,stay,down,3,2
1775924143883,5888,168867.89999997616,pvp,player_1,player_2,444,1.533,880.9,28.38,330.954,-141.667,stay,down,3,2
1775924143883,5889,168885,pvp,player_1,player_2,444,2.556,886.416,26.019,330.954,-141.667,stay,down,3,2
1775924143883,5890,168901.60000002384,pvp,player_1,player_2,444,3.833,891.932,23.658,330.954,-141.667,stay,down,3,2
1775924143883,5891,168918.30000007153,pvp,player_1,player_2,444,5.367,897.448,21.297,330.954,-141.667,stay,down,3,2
1775924143883,5892,168935,pvp,player_1,player_2,444,7.156,902.964,18.935,330.954,-141.667,stay,down,3,2
1775924143883,5893,168951.5,pvp,player_1,player_2,444,9.2,908.48,16.574,330.954,-141.667,stay,down,3,2
1775924143883,5894,168968.39999997616,pvp,player_1,player_2,444,11.5,912,14.213,-182.334,-333.398,stay,down,3,2
1775924143883,5895,168984.89999997616,pvp,player_1,player_2,444,14.056,908.961,10,-182.334,333.398,stay,down,3,2
1775924143883,5896,169001.89999997616,pvp,player_1,player_2,444,16.867,905.922,15.557,-182.334,333.398,stay,down,3,2
1775924143883,5897,169018.30000007153,pvp,player_1,player_2,444,19.933,902.883,21.113,-182.334,333.398,stay,down,3,2
1775924143883,5898,169035.20000004768,pvp,player_1,player_2,444,23.256,899.844,26.67,-182.334,333.398,stay,down,3,2
1775924143883,5899,169051.89999997616,pvp,player_1,player_2,444,26.833,896.805,32.227,-182.334,333.398,stay,down,3,2
1775924143883,5900,169068.5,pvp,player_1,player_2,444,30.667,893.767,37.783,-182.334,333.398,stay,down,3,2
1775924143883,5901,169085.39999997616,pvp,player_1,player_2,444,34.756,890.728,43.34,-182.334,333.398,stay,down,3,2
1775924143883,5902,169101.89999997616,pvp,player_1,player_2,444,39.1,887.689,48.896,-182.334,333.398,stay,down,3,2
1775924143883,5903,169118.20000004768,pvp,player_1,player_2,444,43.7,884.65,54.453,-182.334,333.398,stay,down,3,2
1775924143883,5904,169134.89999997616,pvp,player_1,player_2,444,48.556,881.611,60.01,-182.334,333.398,stay,down,3,2
1775924143883,5905,169151.80000007153,pvp,player_1,player_2,444,53.667,878.572,65.566,-182.334,333.398,stay,down,3,2
1775924143883,5906,169168.5,pvp,player_1,player_2,444,59.033,875.533,71.123,-182.334,333.398,stay,down,3,2
1775924143883,5907,169185.30000007153,pvp,player_1,player_2,444,64.656,872.494,76.68,-182.334,333.398,stay,down,3,2
1775924143883,5908,169201.89999997616,pvp,player_1,player_2,444,70.533,869.455,82.236,-182.334,333.398,stay,down,3,2
1775924143883,5909,169218.70000004768,pvp,player_1,player_2,444,76.667,866.416,87.793,-182.334,333.398,stay,down,3,2
1775924143883,5910,169234.89999997616,pvp,player_1,player_2,444,83.056,863.377,93.349,-182.334,333.398,stay,down,3,2
1775924143883,5911,169251.80000007153,pvp,player_1,player_2,444,89.7,860.339,98.906,-182.334,333.398,stay,down,3,2
1775924143883,5912,169268.60000002384,pvp,player_1,player_2,444,96.6,857.3,104.463,-182.334,333.398,stay,down,3,2
1775924143883,5913,169285.5,pvp,player_1,player_2,444,103.756,854.261,110.019,-182.334,333.398,stay,down,3,2
1775924143883,5914,169301.80000007153,pvp,player_1,player_2,444,111.167,851.222,115.576,-182.334,333.398,stay,down,3,2
1775924143883,5915,169319,pvp,player_1,player_2,444,118.833,848.183,121.133,-182.334,333.398,stay,down,3,2
1775924143883,5916,169335.30000007153,pvp,player_1,player_2,444,126.5,845.144,126.689,-182.334,333.398,stay,down,3,2
1775924143883,5917,169351.60000002384,pvp,player_1,player_2,444,134.167,842.105,132.246,-182.334,333.398,stay,down,3,2
1775924143883,5918,169368.30000007153,pvp,player_1,player_2,444,141.833,839.066,137.803,-182.334,333.398,stay,down,3,2
1775924143883,5919,169384.80000007153,pvp,player_1,player_2,444,149.5,836.027,143.359,-182.334,333.398,stay,down,3,2
1775924143883,5920,169401.89999997616,pvp,player_1,player_2,444,157.167,832.988,148.916,-182.334,333.398,stay,down,3,2
1775924143883,5921,169418.30000007153,pvp,player_1,player_2,444,164.639,829.949,154.472,-182.334,333.398,stay,stay,3,2
1775924143883,5922,169435.20000004768,pvp,player_1,player_2,444,171.917,826.911,160.029,-182.334,333.398,stay,stay,3,2
1775924143883,5923,169452,pvp,player_1,player_2,444,179,823.872,165.586,-182.334,333.398,stay,stay,3,2
1775924143883,5924,169468.70000004768,pvp,player_1,player_2,444,185.889,820.833,171.142,-182.334,333.398,stay,stay,3,2
1775924143883,5925,169485.30000007153,pvp,player_1,player_2,444,192.583,817.794,176.699,-182.334,333.398,stay,stay,3,2
1775924143883,5926,169501.89999997616,pvp,player_1,player_2,444,199.083,814.755,182.256,-182.334,333.398,stay,stay,3,2
1775924143883,5927,169518.5,pvp,player_1,player_2,444,205.389,811.716,187.812,-182.334,333.398,stay,stay,3,2
1775924143883,5928,169535.10000002384,pvp,player_1,player_2,444,211.5,808.677,193.369,-182.334,333.398,stay,stay,3,2
1775924143883,5929,169551.80000007153,pvp,player_1,player_2,444,217.417,805.638,198.925,-182.334,333.398,stay,stay,3,2
1775924143883,5930,169568.39999997616,pvp,player_1,player_2,444,223.139,802.599,204.482,-182.334,333.398,stay,stay,3,2
1775924143883,5931,169584.89999997616,pvp,player_1,player_2,444,228.667,799.56,210.039,-182.334,333.398,stay,stay,3,2
1775924143883,5932,169601.60000002384,pvp,player_1,player_2,444,234,796.522,215.595,-182.334,333.398,stay,stay,3,2
1775924143883,5933,169618.20000004768,pvp,player_1,player_2,444,239.139,793.483,221.152,-182.334,333.398,stay,stay,3,2
1775924143883,5934,169635,pvp,player_1,player_2,444,244.083,790.444,226.709,-182.334,333.398,stay,stay,3,2
1775924143883,5935,169651.89999997616,pvp,player_1,player_2,444,248.833,787.405,232.265,-182.334,333.398,stay,stay,3,2
1775924143883,5936,169668.60000002384,pvp,player_1,player_2,444,253.389,784.366,237.822,-182.334,333.398,stay,stay,3,2
1775924143883,5937,169685.5,pvp,player_1,player_2,444,257.75,781.327,243.379,-182.334,333.398,stay,stay,3,2
1775924143883,5938,169702,pvp,player_1,player_2,444,261.917,778.288,248.935,-182.334,333.398,stay,stay,3,2
1775924143883,5939,169718.60000002384,pvp,player_1,player_2,444,265.889,775.249,254.492,-182.334,333.398,stay,stay,3,2
1775924143883,5940,169735.20000004768,pvp,player_1,player_2,444,269.667,772.21,260.048,-182.334,333.398,stay,stay,3,2
1775924143883,5941,169751.89999997616,pvp,player_1,player_2,444,273.25,769.171,265.605,-182.334,333.398,stay,stay,3,2
1775924143883,5942,169768.20000004768,pvp,player_1,player_2,444,276.639,766.132,271.162,-182.334,333.398,stay,stay,3,2
1775924143883,5943,169785.30000007153,pvp,player_1,player_2,444,279.833,763.094,276.718,-182.334,333.398,stay,stay,3,2
1775924143883,5944,169801.89999997616,pvp,player_1,player_2,444,282.833,760.055,282.275,-182.334,333.398,stay,stay,3,2
1775924143883,5945,169818.80000007153,pvp,player_1,player_2,444,285.639,757.016,287.832,-182.334,333.398,stay,stay,3,2
1775924143883,5946,169835.10000002384,pvp,player_1,player_2,444,288.25,753.977,293.388,-182.334,333.398,stay,stay,3,2
1775924143883,5947,169851.60000002384,pvp,player_1,player_2,444,290.667,750.938,298.945,-182.334,333.398,stay,stay,3,2
1775924143883,5948,169868.20000004768,pvp,player_1,player_2,444,292.889,747.899,304.501,-182.334,333.398,stay,stay,3,2
1775924143883,5949,169884.89999997616,pvp,player_1,player_2,444,294.917,744.86,310.058,-182.334,333.398,stay,stay,3,2
1775924143883,5950,169901.60000002384,pvp,player_1,player_2,444,296.75,741.821,315.615,-182.334,333.398,stay,stay,3,2
1775924143883,5951,169918.60000002384,pvp,player_1,player_2,444,298.389,738.782,321.171,-182.334,333.398,stay,stay,3,2
1775924143883,5952,169934.70000004768,pvp,player_1,player_2,444,299.833,735.743,326.728,-182.334,333.398,stay,stay,3,2
1775924143883,5953,169951.39999997616,pvp,player_1,player_2,444,301.083,732.704,332.285,-182.334,333.398,stay,stay,3,2
1775924143883,5954,169968.80000007153,pvp,player_1,player_2,444,302.139,729.666,337.841,-182.334,333.398,stay,stay,3,2
1775924143883,5955,169985.10000002384,pvp,player_1,player_2,444,303,726.627,343.398,-182.334,333.398,stay,stay,3,2
1775924143883,5956,170002.20000004768,pvp,player_1,player_2,444,303.667,723.588,348.955,-182.334,333.398,stay,stay,3,2
1775924143883,5957,170018.30000007153,pvp,player_1,player_2,444,304.139,720.549,354.511,-182.334,333.398,stay,stay,3,2
1775924143883,5958,170035.20000004768,pvp,player_1,player_2,444,304.417,717.51,360.068,-182.334,333.398,stay,stay,3,2
1775924143883,5959,170051.70000004768,pvp,player_1,player_2,444,304.417,714.471,365.624,-182.334,333.398,stay,stay,3,2
1775924143883,5960,170068.60000002384,pvp,player_1,player_2,444,304.417,711.432,371.181,-182.334,333.398,stay,stay,3,2
1775924143883,5961,170084.89999997616,pvp,player_1,player_2,444,304.417,708.393,376.738,-182.334,333.398,stay,stay,3,2
1775924143883,5962,170101.5,pvp,player_1,player_2,444,304.417,705.354,382.294,-182.334,333.398,stay,stay,3,2
1775924143883,5963,170118.39999997616,pvp,player_1,player_2,444,304.417,702.315,387.851,-182.334,333.398,stay,stay,3,2
1775924143883,5964,170134.80000007153,pvp,player_1,player_2,444,304.417,699.276,393.408,-182.334,333.398,stay,stay,3,2
1775924143883,5965,170151.70000004768,pvp,player_1,player_2,444,304.417,696.238,398.964,-182.334,333.398,stay,stay,3,2
1775924143883,5966,170168.20000004768,pvp,player_1,player_2,444,304.417,693.199,404.521,-182.334,333.398,stay,stay,3,2
1775924143883,5967,170184.80000007153,pvp,player_1,player_2,444,304.417,690.16,410.077,-182.334,333.398,stay,stay,3,2
1775924143883,5968,170201.80000007153,pvp,player_1,player_2,444,304.417,687.121,415.634,-182.334,333.398,stay,stay,3,2
1775924143883,5969,170218.60000002384,pvp,player_1,player_2,444,304.417,684.082,421.191,-182.334,333.398,stay,stay,3,2
1775924143883,5970,170235.20000004768,pvp,player_1,player_2,444,304.417,681.043,426.747,-182.334,333.398,stay,stay,3,2
1775924143883,5971,170251.89999997616,pvp,player_1,player_2,444,304.417,678.004,432.304,-182.334,333.398,stay,stay,3,2
1775924143883,5972,170268.39999997616,pvp,player_1,player_2,444,304.417,674.965,437.861,-182.334,333.398,stay,stay,3,2
1775924143883,5973,170285.10000002384,pvp,player_1,player_2,444,304.417,671.926,443.417,-182.334,333.398,stay,stay,3,2
1775924143883,5974,170301.80000007153,pvp,player_1,player_2,444,304.417,668.887,448.974,-182.334,333.398,stay,stay,3,2
1775924143883,5975,170318.30000007153,pvp,player_1,player_2,444,304.417,665.848,454.53,-182.334,333.398,stay,stay,3,2
1775924143883,5976,170335.39999997616,pvp,player_1,player_2,444,304.417,662.81,460.087,-182.334,333.398,stay,stay,3,2
1775924143883,5977,170351.60000002384,pvp,player_1,player_2,444,304.417,659.771,465.644,-182.334,333.398,stay,stay,3,2
1775924143883,5978,170368,pvp,player_1,player_2,444,304.417,656.732,471.2,-182.334,333.398,stay,stay,3,2
1775924143883,5979,170385,pvp,player_1,player_2,444,304.417,653.693,476.757,-182.334,333.398,stay,stay,3,2
1775924143883,5980,170401.60000002384,pvp,player_1,player_2,444,304.417,650.654,482.314,-182.334,333.398,stay,stay,3,2
1775924143883,5981,170418.60000002384,pvp,player_1,player_2,444,304.417,647.615,487.87,-182.334,333.398,stay,stay,3,2
1775924143883,5982,170435.30000007153,pvp,player_1,player_2,444,304.417,644.576,493.427,-182.334,333.398,stay,stay,3,2
1775924143883,5983,170451.60000002384,pvp,player_1,player_2,444,304.417,641.537,498.984,-182.334,333.398,stay,stay,3,2
1775924143883,5984,170468.80000007153,pvp,player_1,player_2,444,304.417,638.498,504.54,-182.334,333.398,stay,stay,3,2
1775924143883,5985,170485.10000002384,pvp,player_1,player_2,444,304.417,635.459,510.097,-182.334,333.398,stay,stay,3,2
1775924143883,5986,170501.89999997616,pvp,player_1,player_2,444,304.417,632.42,515.653,-182.334,333.398,stay,stay,3,2
1775924143883,5987,170518,pvp,player_1,player_2,444,304.417,629.382,521.21,-182.334,333.398,stay,stay,3,2
1775924143883,5988,170535,pvp,player_1,player_2,444,304.417,626.343,526.767,-182.334,333.398,stay,stay,3,2
1775924143883,5989,170551.80000007153,pvp,player_1,player_2,444,304.417,623.304,530,-182.334,-333.398,stay,stay,3,2
1775924143883,5990,170568.5,pvp,player_1,player_2,444,304.417,620.265,524.443,-182.334,-333.398,stay,stay,3,2
1775924143883,5991,170584.89999997616,pvp,player_1,player_2,444,304.417,617.226,518.887,-182.334,-333.398,stay,stay,3,2
1775924143883,5992,170601.70000004768,pvp,player_1,player_2,444,304.417,614.187,513.33,-182.334,-333.398,stay,stay,3,2
1775924143883,5993,170618.39999997616,pvp,player_1,player_2,444,304.417,611.148,507.773,-182.334,-333.398,stay,stay,3,2
1775924143883,5994,170635,pvp,player_1,player_2,444,304.417,608.109,502.217,-182.334,-333.398,stay,stay,3,2
1775924143883,5995,170651.70000004768,pvp,player_1,player_2,444,304.417,605.07,496.66,-182.334,-333.398,stay,stay,3,2
1775924143883,5996,170668.60000002384,pvp,player_1,player_2,444,304.417,602.031,491.104,-182.334,-333.398,stay,stay,3,2
1775924143883,5997,170685.20000004768,pvp,player_1,player_2,444,304.417,598.992,485.547,-182.334,-333.398,stay,stay,3,2
1775924143883,5998,170701.80000007153,pvp,player_1,player_2,444,304.417,595.954,479.99,-182.334,-333.398,stay,stay,3,2
1775924143883,5999,170718.30000007153,pvp,player_1,player_2,444,304.417,592.915,474.434,-182.334,-333.398,stay,stay,3,2
1775924143883,6000,170735.10000002384,pvp,player_1,player_2,444,304.417,589.876,468.877,-182.334,-333.398,stay,stay,3,2
1775924143883,6001,170751.30000007153,pvp,player_1,player_2,444,304.417,586.837,463.32,-182.334,-333.398,stay,stay,3,2
1775924143883,6002,170767.89999997616,pvp,player_1,player_2,444,304.417,583.798,457.764,-182.334,-333.398,stay,stay,3,2
1775924143883,6003,170784.60000002384,pvp,player_1,player_2,444,304.417,580.759,452.207,-182.334,-333.398,stay,stay,3,2
1775924143883,6004,170802.20000004768,pvp,player_1,player_2,444,304.417,577.72,446.651,-182.334,-333.398,stay,stay,3,2
1775924143883,6005,170818.89999997616,pvp,player_1,player_2,444,304.417,574.681,441.094,-182.334,-333.398,stay,stay,3,2
1775924143883,6006,170834.89999997616,pvp,player_1,player_2,444,304.417,571.642,435.537,-182.334,-333.398,stay,stay,3,2
1775924143883,6007,170851.39999997616,pvp,player_1,player_2,444,304.417,568.603,429.981,-182.334,-333.398,stay,stay,3,2
1775924143883,6008,170868.20000004768,pvp,player_1,player_2,444,304.417,565.565,424.424,-182.334,-333.398,stay,stay,3,2
1775924143883,6009,170885.20000004768,pvp,player_1,player_2,444,304.417,562.526,418.867,-182.334,-333.398,stay,stay,3,2
1775924143883,6010,170901.70000004768,pvp,player_1,player_2,444,304.417,559.487,413.311,-182.334,-333.398,stay,stay,3,2
1775924143883,6011,170918.39999997616,pvp,player_1,player_2,444,304.417,556.448,407.754,-182.334,-333.398,stay,stay,3,2
1775924143883,6012,170935.39999997616,pvp,player_1,player_2,444,304.417,553.409,402.197,-182.334,-333.398,stay,stay,3,2
1775924143883,6013,170951.70000004768,pvp,player_1,player_2,444,304.417,550.37,396.641,-182.334,-333.398,stay,stay,3,2
1775924143883,6014,170968.39999997616,pvp,player_1,player_2,444,304.417,547.331,391.084,-182.334,-333.398,stay,stay,3,2
1775924143883,6015,170985,pvp,player_1,player_2,444,304.417,544.292,385.528,-182.334,-333.398,stay,stay,3,2
1775924143883,6016,171001.60000002384,pvp,player_1,player_2,444,304.417,541.253,379.971,-182.334,-333.398,stay,stay,3,2
1775924143883,6017,171018.70000004768,pvp,player_1,player_2,444,304.417,538.214,374.414,-182.334,-333.398,stay,stay,3,2
1775924143883,6018,171035.20000004768,pvp,player_1,player_2,444,304.417,535.175,368.858,-182.334,-333.398,stay,stay,3,2
1775924143883,6019,171051.70000004768,pvp,player_1,player_2,443.744,304.417,532.137,363.301,-182.334,-333.398,up,stay,3,2
1775924143883,6020,171068.30000007153,pvp,player_1,player_2,443.233,304.417,529.098,357.744,-182.334,-333.398,up,stay,3,2
1775924143883,6021,171085.10000002384,pvp,player_1,player_2,442.467,304.417,526.059,352.188,-182.334,-333.398,up,stay,3,2
1775924143883,6022,171101.39999997616,pvp,player_1,player_2,441.444,304.417,523.02,346.631,-182.334,-333.398,up,stay,3,2
1775924143883,6023,171118.5,pvp,player_1,player_2,440.167,304.417,519.981,341.075,-182.334,-333.398,up,stay,3,2
1775924143883,6024,171135.20000004768,pvp,player_1,player_2,438.633,304.417,516.942,335.518,-182.334,-333.398,up,stay,3,2
1775924143883,6025,171151.70000004768,pvp,player_1,player_2,436.844,304.417,513.903,329.961,-182.334,-333.398,up,stay,3,2
1775924143883,6026,171168.20000004768,pvp,player_1,player_2,434.8,304.417,510.864,324.405,-182.334,-333.398,up,stay,3,2
1775924143883,6027,171185.10000002384,pvp,player_1,player_2,432.5,304.417,507.825,318.848,-182.334,-333.398,up,stay,3,2
1775924143883,6028,171201.80000007153,pvp,player_1,player_2,429.944,304.417,504.786,313.291,-182.334,-333.398,up,stay,3,2
1775924143883,6029,171218.39999997616,pvp,player_1,player_2,427.133,304.417,501.747,307.735,-182.334,-333.398,up,stay,3,2
1775924143883,6030,171235,pvp,player_1,player_2,424.067,304.417,498.709,302.178,-182.334,-333.398,up,stay,3,2
1775924143883,6031,171252.10000002384,pvp,player_1,player_2,420.744,304.417,495.67,296.621,-182.334,-333.398,up,stay,3,2
1775924143883,6032,171268.5,pvp,player_1,player_2,417.167,304.417,492.631,291.065,-182.334,-333.398,up,stay,3,2
1775924143883,6033,171285.20000004768,pvp,player_1,player_2,413.333,304.417,489.592,285.508,-182.334,-333.398,up,stay,3,2
1775924143883,6034,171301.5,pvp,player_1,player_2,409.244,304.417,486.553,279.952,-182.334,-333.398,up,stay,3,2
1775924143883,6035,171318.30000007153,pvp,player_1,player_2,404.9,304.417,483.514,274.395,-182.334,-333.398,up,stay,3,2
1775924143883,6036,171334.70000004768,pvp,player_1,player_2,400.3,304.417,480.475,268.838,-182.334,-333.398,up,stay,3,2
1775924143883,6037,171351.5,pvp,player_1,player_2,395.444,304.417,477.436,263.282,-182.334,-333.398,up,stay,3,2
1775924143883,6038,171368.5,pvp,player_1,player_2,390.333,304.417,474.397,257.725,-182.334,-333.398,up,stay,3,2
1775924143883,6039,171385.20000004768,pvp,player_1,player_2,384.967,304.417,471.358,252.168,-182.334,-333.398,up,stay,3,2
1775924143883,6040,171401.60000002384,pvp,player_1,player_2,379.344,304.417,468.319,246.612,-182.334,-333.398,up,stay,3,2
1775924143883,6041,171418.39999997616,pvp,player_1,player_2,373.467,304.417,465.281,241.055,-182.334,-333.398,up,stay,3,2
1775924143883,6042,171435,pvp,player_1,player_2,367.333,304.417,462.242,235.499,-182.334,-333.398,up,stay,3,2
1775924143883,6043,171451.70000004768,pvp,player_1,player_2,360.944,304.417,459.203,229.942,-182.334,-333.398,up,stay,3,2
1775924143883,6044,171468.30000007153,pvp,player_1,player_2,354.3,304.417,456.164,224.385,-182.334,-333.398,up,stay,3,2
1775924143883,6045,171485.20000004768,pvp,player_1,player_2,347.4,304.417,453.125,218.829,-182.334,-333.398,up,stay,3,2
1775924143883,6046,171501.89999997616,pvp,player_1,player_2,340.244,304.417,450.086,213.272,-182.334,-333.398,up,stay,3,2
1775924143883,6047,171518.60000002384,pvp,player_1,player_2,332.833,304.417,447.047,207.715,-182.334,-333.398,up,stay,3,2
1775924143883,6048,171534.89999997616,pvp,player_1,player_2,325.167,304.417,444.008,202.159,-182.334,-333.398,up,stay,3,2
1775924143883,6049,171551.80000007153,pvp,player_1,player_2,317.5,304.417,440.969,196.602,-182.334,-333.398,up,stay,3,2
1775924143883,6050,171568,pvp,player_1,player_2,309.833,304.417,437.93,191.045,-182.334,-333.398,up,stay,3,2
1775924143883,6051,171584.89999997616,pvp,player_1,player_2,302.167,304.417,434.891,185.489,-182.334,-333.398,up,stay,3,2
1775924143883,6052,171601.60000002384,pvp,player_1,player_2,294.5,304.417,431.853,179.932,-182.334,-333.398,up,stay,3,2
1775924143883,6053,171617.89999997616,pvp,player_1,player_2,286.833,304.417,428.814,174.376,-182.334,-333.398,up,stay,3,2
1775924143883,6054,171635.39999997616,pvp,player_1,player_2,279.167,304.417,425.775,168.819,-182.334,-333.398,up,stay,3,2
1775924143883,6055,171651.20000004768,pvp,player_1,player_2,271.5,304.417,422.736,163.262,-182.334,-333.398,up,stay,3,2
1775924143883,6056,171668.39999997616,pvp,player_1,player_2,263.833,304.417,419.697,157.706,-182.334,-333.398,up,stay,3,2
1775924143883,6057,171684.80000007153,pvp,player_1,player_2,256.167,304.417,416.658,152.149,-182.334,-333.398,up,stay,3,2
1775924143883,6058,171701.80000007153,pvp,player_1,player_2,248.5,304.417,413.619,146.592,-182.334,-333.398,up,stay,3,2
1775924143883,6059,171718.30000007153,pvp,player_1,player_2,240.833,304.417,410.58,141.036,-182.334,-333.398,up,stay,3,2
1775924143883,6060,171734.89999997616,pvp,player_1,player_2,233.167,304.417,407.541,135.479,-182.334,-333.398,up,stay,3,2
1775924143883,6061,171751.80000007153,pvp,player_1,player_2,225.5,304.417,404.502,129.923,-182.334,-333.398,up,stay,3,2
1775924143883,6062,171768.39999997616,pvp,player_1,player_2,217.833,304.417,401.463,124.366,-182.334,-333.398,up,stay,3,2
1775924143883,6063,171785.20000004768,pvp,player_1,player_2,210.167,304.417,398.425,118.809,-182.334,-333.398,up,stay,3,2
1775924143883,6064,171801.80000007153,pvp,player_1,player_2,202.5,304.417,395.386,113.253,-182.334,-333.398,up,stay,3,2
1775924143883,6065,171818.5,pvp,player_1,player_2,194.833,304.417,392.347,107.696,-182.334,-333.398,up,stay,3,2
1775924143883,6066,171834.89999997616,pvp,player_1,player_2,187.167,304.417,389.308,102.139,-182.334,-333.398,up,stay,3,2
1775924143883,6067,171851.70000004768,pvp,player_1,player_2,179.5,304.417,386.269,96.583,-182.334,-333.398,up,stay,3,2
1775924143883,6068,171868.60000002384,pvp,player_1,player_2,171.833,304.417,383.23,91.026,-182.334,-333.398,up,stay,3,2
1775924143883,6069,171884.70000004768,pvp,player_1,player_2,164.167,304.417,380.191,85.47,-182.334,-333.398,up,stay,3,2
1775924143883,6070,171901.89999997616,pvp,player_1,player_2,156.5,304.417,377.152,79.913,-182.334,-333.398,up,stay,3,2
1775924143883,6071,171918,pvp,player_1,player_2,148.833,304.417,374.113,74.356,-182.334,-333.398,up,stay,3,2
1775924143883,6072,171935.10000002384,pvp,player_1,player_2,141.167,304.417,371.074,68.8,-182.334,-333.398,up,stay,3,2
1775924143883,6073,171951.5,pvp,player_1,player_2,133.694,304.417,368.036,63.243,-182.334,-333.398,stay,stay,3,2
1775924143883,6074,171968.5,pvp,player_1,player_2,126.417,304.417,364.997,57.686,-182.334,-333.398,stay,stay,3,2
1775924143883,6075,171985,pvp,player_1,player_2,119.333,304.417,361.958,52.13,-182.334,-333.398,stay,stay,3,2
1775924143883,6076,172001.70000004768,pvp,player_1,player_2,112.444,304.417,358.919,46.573,-182.334,-333.398,stay,stay,3,2
1775924143883,6077,172018.5,pvp,player_1,player_2,105.75,304.417,355.88,41.016,-182.334,-333.398,stay,stay,3,2
1775924143883,6078,172034.89999997616,pvp,player_1,player_2,99.25,304.417,352.841,35.46,-182.334,-333.398,stay,stay,3,2
1775924143883,6079,172051.39999997616,pvp,player_1,player_2,92.944,304.417,349.802,29.903,-182.334,-333.398,stay,stay,3,2
1775924143883,6080,172068.39999997616,pvp,player_1,player_2,86.833,304.417,346.763,24.347,-182.334,-333.398,stay,stay,3,2
1775924143883,6081,172085.10000002384,pvp,player_1,player_2,80.917,304.417,343.724,18.79,-182.334,-333.398,stay,stay,3,2
1775924143883,6082,172101.89999997616,pvp,player_1,player_2,75.194,304.417,340.685,13.233,-182.334,-333.398,stay,stay,3,2
1775924143883,6083,172118.10000002384,pvp,player_1,player_2,69.667,304.417,337.646,10,-182.334,333.398,stay,stay,3,2
1775924143883,6084,172135,pvp,player_1,player_2,64.333,304.417,334.608,15.557,-182.334,333.398,stay,stay,3,2
1775924143883,6085,172151.30000007153,pvp,player_1,player_2,59.194,304.417,331.569,21.113,-182.334,333.398,stay,stay,3,2
1775924143883,6086,172168.39999997616,pvp,player_1,player_2,54.25,304.417,328.53,26.67,-182.334,333.398,stay,stay,3,2
1775924143883,6087,172185,pvp,player_1,player_2,49.5,304.417,325.491,32.227,-182.334,333.398,stay,stay,3,2
1775924143883,6088,172201.80000007153,pvp,player_1,player_2,44.944,304.417,322.452,37.783,-182.334,333.398,stay,stay,3,2
1775924143883,6089,172218.39999997616,pvp,player_1,player_2,40.583,304.417,319.413,43.34,-182.334,333.398,stay,stay,3,2
1775924143883,6090,172235,pvp,player_1,player_2,36.417,304.417,316.374,48.896,-182.334,333.398,stay,stay,3,2
1775924143883,6091,172252.30000007153,pvp,player_1,player_2,32.444,304.417,313.335,54.453,-182.334,333.398,stay,stay,3,2
1775924143883,6092,172268.39999997616,pvp,player_1,player_2,28.667,304.417,310.296,60.01,-182.334,333.398,stay,stay,3,2
1775924143883,6093,172284.89999997616,pvp,player_1,player_2,25.083,304.417,307.257,65.566,-182.334,333.398,stay,stay,3,2
1775924143883,6094,172301.60000002384,pvp,player_1,player_2,21.694,304.417,304.218,71.123,-182.334,333.398,stay,stay,3,2
1775924143883,6095,172318.5,pvp,player_1,player_2,18.5,304.417,301.18,76.68,-182.334,333.398,stay,stay,3,2
1775924143883,6096,172335.10000002384,pvp,player_1,player_2,15.5,304.417,298.141,82.236,-182.334,333.398,stay,stay,3,2
1775924143883,6097,172351.89999997616,pvp,player_1,player_2,12.694,304.417,295.102,87.793,-182.334,333.398,stay,stay,3,2
1775924143883,6098,172368.10000002384,pvp,player_1,player_2,10.083,304.417,292.063,93.349,-182.334,333.398,stay,stay,3,2
1775924143883,6099,172385.10000002384,pvp,player_1,player_2,7.667,304.417,289.024,98.906,-182.334,333.398,stay,stay,3,2
1775924143883,6100,172401.70000004768,pvp,player_1,player_2,5.444,304.417,285.985,104.463,-182.334,333.398,stay,stay,3,2
1775924143883,6101,172418.30000007153,pvp,player_1,player_2,3.417,304.417,282.946,110.019,-182.334,333.398,stay,stay,3,2
1775924143883,6102,172435.10000002384,pvp,player_1,player_2,1.583,304.417,279.907,115.576,-182.334,333.398,stay,stay,3,2
1775924143883,6103,172451.80000007153,pvp,player_1,player_2,0,304.417,276.868,121.133,-182.334,333.398,stay,stay,3,2
1775924143883,6104,172468.60000002384,pvp,player_1,player_2,0,304.417,273.829,126.689,-182.334,333.398,stay,stay,3,2
1775924143883,6105,172485.20000004768,pvp,player_1,player_2,0,304.417,270.79,132.246,-182.334,333.398,stay,stay,3,2
1775924143883,6106,172501.39999997616,pvp,player_1,player_2,0,304.417,267.752,137.803,-182.334,333.398,down,stay,3,2
1775924143883,6107,172518.5,pvp,player_1,player_2,0,304.417,264.713,143.359,-182.334,333.398,down,stay,3,2
1775924143883,6108,172534.80000007153,pvp,player_1,player_2,0,304.417,261.674,148.916,-182.334,333.398,down,stay,3,2
1775924143883,6109,172551.5,pvp,player_1,player_2,0.194,304.417,258.635,154.472,-182.334,333.398,down,stay,3,2
1775924143883,6110,172568.30000007153,pvp,player_1,player_2,0.644,304.417,255.596,160.029,-182.334,333.398,down,stay,3,2
1775924143883,6111,172584.60000002384,pvp,player_1,player_2,1.35,304.417,252.557,165.586,-182.334,333.398,down,stay,3,2
1775924143883,6112,172601.20000004768,pvp,player_1,player_2,2.311,304.417,249.518,171.142,-182.334,333.398,down,stay,3,2
1775924143883,6113,172618,pvp,player_1,player_2,3.528,304.417,246.479,176.699,-182.334,333.398,down,stay,3,2
1775924143883,6114,172634.80000007153,pvp,player_1,player_2,5,304.417,243.44,182.256,-182.334,333.398,down,stay,3,2
1775924143883,6115,172651.60000002384,pvp,player_1,player_2,6.728,304.417,240.401,187.812,-182.334,333.398,down,stay,3,2
1775924143883,6116,172668.39999997616,pvp,player_1,player_2,8.711,304.417,237.362,193.369,-182.334,333.398,down,stay,3,2
1775924143883,6117,172685,pvp,player_1,player_2,10.95,304.417,234.324,198.925,-182.334,333.398,down,stay,3,2
1775924143883,6118,172701.60000002384,pvp,player_1,player_2,13.444,304.417,231.285,204.482,-182.334,333.398,down,stay,3,2
1775924143883,6119,172718.39999997616,pvp,player_1,player_2,16.194,304.417,228.246,210.039,-182.334,333.398,down,stay,3,2
1775924143883,6120,172735.10000002384,pvp,player_1,player_2,19.2,304.417,225.207,215.595,-182.334,333.398,down,stay,3,2
1775924143883,6121,172751.70000004768,pvp,player_1,player_2,22.461,304.417,222.168,221.152,-182.334,333.398,down,stay,3,2
1775924143883,6122,172768.10000002384,pvp,player_1,player_2,25.978,304.417,219.129,226.709,-182.334,333.398,down,stay,3,2
1775924143883,6123,172784.5,pvp,player_1,player_2,29.75,304.417,216.09,232.265,-182.334,333.398,down,stay,3,2
1775924143883,6124,172801.5,pvp,player_1,player_2,33.778,304.417,213.051,237.822,-182.334,333.398,down,stay,3,2
1775924143883,6125,172818.5,pvp,player_1,player_2,38.061,304.417,210.012,243.379,-182.334,333.398,down,stay,3,2
1775924143883,6126,172834.89999997616,pvp,player_1,player_2,42.6,304.417,206.973,248.935,-182.334,333.398,down,stay,3,2
1775924143883,6127,172851.5,pvp,player_1,player_2,47.394,304.417,203.934,254.492,-182.334,333.398,down,stay,3,2
1775924143883,6128,172868.20000004768,pvp,player_1,player_2,52.444,304.417,200.896,260.048,-182.334,333.398,down,stay,3,2
1775924143883,6129,172885.10000002384,pvp,player_1,player_2,57.75,304.417,197.857,265.605,-182.334,333.398,down,stay,3,2
1775924143883,6130,172901.60000002384,pvp,player_1,player_2,63.311,304.417,194.818,271.162,-182.334,333.398,down,stay,3,2
1775924143883,6131,172918.20000004768,pvp,player_1,player_2,69.128,304.417,191.779,276.718,-182.334,333.398,down,stay,3,2
1775924143883,6132,172935,pvp,player_1,player_2,75.2,304.417,188.74,282.275,-182.334,333.398,down,stay,3,2
1775924143883,6133,172951.80000007153,pvp,player_1,player_2,81.528,304.417,185.701,287.832,-182.334,333.398,down,stay,3,2
1775924143883,6134,172968.39999997616,pvp,player_1,player_2,88.111,304.417,182.662,293.388,-182.334,333.398,down,stay,3,2
1775924143883,6135,172984.60000002384,pvp,player_1,player_2,94.95,304.417,179.623,298.945,-182.334,333.398,down,stay,3,2
1775924143883,6136,173001.80000007153,pvp,player_1,player_2,102.044,304.417,176.584,304.501,-182.334,333.398,down,stay,3,2
1775924143883,6137,173018.10000002384,pvp,player_1,player_2,109.394,304.417,173.545,310.058,-182.334,333.398,down,stay,3,2
1775924143883,6138,173035,pvp,player_1,player_2,117,304.417,170.507,315.615,-182.334,333.398,down,stay,3,2
1775924143883,6139,173051.80000007153,pvp,player_1,player_2,124.667,304.417,167.468,321.171,-182.334,333.398,down,stay,3,2
1775924143883,6140,173068.10000002384,pvp,player_1,player_2,132.333,304.417,164.429,326.728,-182.334,333.398,down,stay,3,2
1775924143883,6141,173085.10000002384,pvp,player_1,player_2,140,304.417,161.39,332.285,-182.334,333.398,down,stay,3,2
1775924143883,6142,173101.60000002384,pvp,player_1,player_2,147.667,304.417,158.351,337.841,-182.334,333.398,down,stay,3,2
1775924143883,6143,173118.39999997616,pvp,player_1,player_2,155.333,304.417,155.312,343.398,-182.334,333.398,down,stay,3,2
1775924143883,6144,173135.30000007153,pvp,player_1,player_2,163,304.417,152.273,348.955,-182.334,333.398,down,stay,3,2
1775924143883,6145,173151.70000004768,pvp,player_1,player_2,170.667,304.417,149.234,354.511,-182.334,333.398,down,stay,3,2
1775924143883,6146,173168.5,pvp,player_1,player_2,178.333,304.417,146.195,360.068,-182.334,333.398,down,stay,3,2
1775924143883,6147,173184.70000004768,pvp,player_1,player_2,186,304.417,143.156,365.624,-182.334,333.398,down,stay,3,2
1775924143883,6148,173201.70000004768,pvp,player_1,player_2,193.667,304.417,140.117,371.181,-182.334,333.398,down,stay,3,2
1775924143883,6149,173218.10000002384,pvp,player_1,player_2,201.333,304.417,137.079,376.738,-182.334,333.398,down,stay,3,2
1775924143883,6150,173235,pvp,player_1,player_2,209,304.417,134.04,382.294,-182.334,333.398,down,stay,3,2
1775924143883,6151,173251.80000007153,pvp,player_1,player_2,216.667,304.417,131.001,387.851,-182.334,333.398,down,stay,3,2
1775924143883,6152,173268.39999997616,pvp,player_1,player_2,224.333,304.417,127.962,393.408,-182.334,333.398,down,stay,3,2
1775924143883,6153,173285.10000002384,pvp,player_1,player_2,232,304.417,124.923,398.964,-182.334,333.398,down,stay,3,2
1775924143883,6154,173301.60000002384,pvp,player_1,player_2,239.667,304.417,121.884,404.521,-182.334,333.398,down,stay,3,2
1775924143883,6155,173318.39999997616,pvp,player_1,player_2,247.333,304.417,118.845,410.077,-182.334,333.398,down,stay,3,2
1775924143883,6156,173334.89999997616,pvp,player_1,player_2,255,304.417,115.806,415.634,-182.334,333.398,down,stay,3,2
1775924143883,6157,173351.60000002384,pvp,player_1,player_2,262.667,304.417,112.767,421.191,-182.334,333.398,down,stay,3,2
1775924143883,6158,173368.10000002384,pvp,player_1,player_2,270.333,304.417,109.728,426.747,-182.334,333.398,down,stay,3,2
1775924143883,6159,173384.80000007153,pvp,player_1,player_2,278,304.417,106.689,432.304,-182.334,333.398,down,stay,3,2
1775924143883,6160,173401.60000002384,pvp,player_1,player_2,285.667,304.417,103.651,437.861,-182.334,333.398,down,stay,3,2
1775924143883,6161,173418.39999997616,pvp,player_1,player_2,293.333,304.417,100.612,443.417,-182.334,333.398,down,stay,3,2
1775924143883,6162,173435,pvp,player_1,player_2,301,304.417,97.573,448.974,-182.334,333.398,down,stay,3,2
1775924143883,6163,173451.80000007153,pvp,player_1,player_2,308.667,304.417,94.534,454.53,-182.334,333.398,down,stay,3,2
1775924143883,6164,173468.30000007153,pvp,player_1,player_2,316.333,304.417,91.495,460.087,-182.334,333.398,down,stay,3,2
1775924143883,6165,173485.10000002384,pvp,player_1,player_2,324,304.417,88.456,465.644,-182.334,333.398,down,stay,3,2
1775924143883,6166,173501.80000007153,pvp,player_1,player_2,331.667,304.417,85.417,471.2,-182.334,333.398,down,stay,3,2
1775924143883,6167,173518.39999997616,pvp,player_1,player_2,339.333,304.417,82.378,476.757,-182.334,333.398,down,stay,3,2
1775924143883,6168,173534.60000002384,pvp,player_1,player_2,347,304.417,79.339,482.314,-182.334,333.398,down,stay,3,2
1775924143883,6169,173552,pvp,player_1,player_2,354.667,304.417,76.3,487.87,-182.334,333.398,down,stay,3,2
1775924143883,6170,173568.30000007153,pvp,player_1,player_2,362.333,304.417,73.261,493.427,-182.334,333.398,down,stay,3,2
1775924143883,6171,173585.10000002384,pvp,player_1,player_2,370,304.417,70.223,498.984,-182.334,333.398,down,stay,3,2
1775924143883,6172,173601.39999997616,pvp,player_1,player_2,377.667,304.417,67.184,504.54,-182.334,333.398,down,stay,3,2
1775924143883,6173,173618.20000004768,pvp,player_1,player_2,385.333,304.417,64.145,510.097,-182.334,333.398,down,stay,3,2
1775924143883,6174,173634.89999997616,pvp,player_1,player_2,393,304.417,61.106,515.653,-182.334,333.398,down,stay,3,2
1775924143883,6175,173651.80000007153,pvp,player_1,player_2,400.667,304.417,58.067,521.21,-182.334,333.398,down,stay,3,2
1775924143883,6176,173668.60000002384,pvp,player_1,player_2,408.333,304.417,55.028,526.767,-182.334,333.398,down,stay,3,2
1775924143883,6177,173684.89999997616,pvp,player_1,player_2,416,304.417,51.989,530,-182.334,-333.398,down,stay,3,2
1775924143883,6178,173702,pvp,player_1,player_2,423.667,304.417,48.95,524.443,-182.334,-333.398,down,stay,3,2
1775924143883,6179,173718.5,pvp,player_1,player_2,431.333,304.417,48,518.887,237.582,321.8,down,stay,3,2
1775924143883,6180,173735.10000002384,pvp,player_1,player_2,439,304.417,51.96,524.25,237.582,321.8,down,stay,3,2
1775924143883,6181,173751.80000007153,pvp,player_1,player_2,444,304.417,55.919,529.613,237.582,321.8,down,stay,3,2
1775924143883,6182,173767.80000007153,pvp,player_1,player_2,444,304.417,59.879,530,237.582,-321.8,down,stay,3,2
1775924143883,6183,173784.70000004768,pvp,player_1,player_2,444,304.417,63.839,524.637,237.582,-321.8,down,stay,3,2
1775924143883,6184,173801,pvp,player_1,player_2,444,304.417,67.798,519.273,237.582,-321.8,down,stay,3,2
1775924143883,6185,173818,pvp,player_1,player_2,444,304.417,71.758,513.91,237.582,-321.8,down,stay,3,2
1775924143883,6186,173834.39999997616,pvp,player_1,player_2,444,304.417,75.718,508.547,237.582,-321.8,down,stay,3,2
1775924143883,6187,173850.89999997616,pvp,player_1,player_2,444,304.417,79.678,503.183,237.582,-321.8,down,stay,3,2
1775924143883,6188,173868.5,pvp,player_1,player_2,444,304.417,83.637,497.82,237.582,-321.8,down,stay,3,2
1775924143883,6189,173885.20000004768,pvp,player_1,player_2,444,304.417,87.597,492.457,237.582,-321.8,down,stay,3,2
1775924143883,6190,173901.20000004768,pvp,player_1,player_2,444,304.417,91.557,487.093,237.582,-321.8,down,stay,3,2
1775924143883,6191,173918.39999997616,pvp,player_1,player_2,444,304.417,95.516,481.73,237.582,-321.8,down,stay,3,2
1775924143883,6192,173935,pvp,player_1,player_2,444,304.417,99.476,476.367,237.582,-321.8,down,stay,3,2
1775924143883,6193,173951.70000004768,pvp,player_1,player_2,444,304.417,103.436,471.003,237.582,-321.8,down,stay,3,2
1775924143883,6194,173968.5,pvp,player_1,player_2,444,304.417,107.395,465.64,237.582,-321.8,down,stay,3,2
1775924143883,6195,173985,pvp,player_1,player_2,444,304.417,111.355,460.277,237.582,-321.8,down,stay,3,2
1775924143883,6196,174001,pvp,player_1,player_2,444,304.417,115.315,454.913,237.582,-321.8,down,stay,3,2
1775924143883,6197,174018.39999997616,pvp,player_1,player_2,444,304.417,119.274,449.55,237.582,-321.8,down,stay,3,2
1775924143883,6198,174034.30000007153,pvp,player_1,player_2,444,304.417,123.234,444.187,237.582,-321.8,down,stay,3,2
1775924143883,6199,174051.80000007153,pvp,player_1,player_2,444,304.417,127.194,438.823,237.582,-321.8,down,stay,3,2
1775924143883,6200,174068.20000004768,pvp,player_1,player_2,444,304.417,131.154,433.46,237.582,-321.8,down,stay,3,2
1775924143883,6201,174085,pvp,player_1,player_2,444,304.417,135.113,428.097,237.582,-321.8,down,stay,3,2
1775924143883,6202,174101.5,pvp,player_1,player_2,444,304.417,139.073,422.733,237.582,-321.8,down,stay,3,2
1775924143883,6203,174118.5,pvp,player_1,player_2,444,304.417,143.033,417.37,237.582,-321.8,down,stay,3,2
1775924143883,6204,174134.60000002384,pvp,player_1,player_2,444,304.417,146.992,412.007,237.582,-321.8,down,stay,3,2
1775924143883,6205,174151.5,pvp,player_1,player_2,444,304.417,150.952,406.643,237.582,-321.8,down,stay,3,2
1775924143883,6206,174168.39999997616,pvp,player_1,player_2,444,304.417,154.912,401.28,237.582,-321.8,down,stay,3,2
1775924143883,6207,174184.5,pvp,player_1,player_2,444,304.417,158.871,395.917,237.582,-321.8,down,stay,3,2
1775924143883,6208,174201.89999997616,pvp,player_1,player_2,444,304.417,162.831,390.554,237.582,-321.8,stay,stay,3,2
1775924143883,6209,174218.39999997616,pvp,player_1,player_2,444,304.417,166.791,385.19,237.582,-321.8,stay,stay,3,2
1775924143883,6210,174234.70000004768,pvp,player_1,player_2,444,304.417,170.75,379.827,237.582,-321.8,stay,stay,3,2
1775924143883,6211,174251.60000002384,pvp,player_1,player_2,444,304.417,174.71,374.464,237.582,-321.8,stay,stay,3,2
1775924143883,6212,174268.39999997616,pvp,player_1,player_2,444,304.417,178.67,369.1,237.582,-321.8,stay,stay,3,2
1775924143883,6213,174284.89999997616,pvp,player_1,player_2,444,304.417,182.63,363.737,237.582,-321.8,stay,stay,3,2
1775924143883,6214,174301.70000004768,pvp,player_1,player_2,444,304.417,186.589,358.374,237.582,-321.8,stay,stay,3,2
1775924143883,6215,174318.39999997616,pvp,player_1,player_2,444,304.417,190.549,353.01,237.582,-321.8,stay,stay,3,2
1775924143883,6216,174335,pvp,player_1,player_2,444,304.417,194.509,347.647,237.582,-321.8,stay,stay,3,2
1775924143883,6217,174351.5,pvp,player_1,player_2,444,304.417,198.468,342.284,237.582,-321.8,stay,stay,3,2
1775924143883,6218,174368.30000007153,pvp,player_1,player_2,444,304.417,202.428,336.92,237.582,-321.8,stay,stay,3,2
1775924143883,6219,174385.20000004768,pvp,player_1,player_2,444,304.417,206.388,331.557,237.582,-321.8,stay,stay,3,2
1775924143883,6220,174401.70000004768,pvp,player_1,player_2,444,304.417,210.347,326.194,237.582,-321.8,stay,stay,3,2
1775924143883,6221,174418.5,pvp,player_1,player_2,444,304.417,214.307,320.83,237.582,-321.8,stay,stay,3,2
1775924143883,6222,174435,pvp,player_1,player_2,444,304.417,218.267,315.467,237.582,-321.8,stay,stay,3,2
1775924143883,6223,174451.30000007153,pvp,player_1,player_2,444,304.417,222.226,310.104,237.582,-321.8,stay,stay,3,2
1775924143883,6224,174468.30000007153,pvp,player_1,player_2,444,304.417,226.186,304.74,237.582,-321.8,stay,stay,3,2
1775924143883,6225,174484.70000004768,pvp,player_1,player_2,444,304.417,230.146,299.377,237.582,-321.8,stay,stay,3,2
1775924143883,6226,174501.10000002384,pvp,player_1,player_2,444,304.417,234.106,294.014,237.582,-321.8,stay,stay,3,2
1775924143883,6227,174518.5,pvp,player_1,player_2,444,304.417,238.065,288.65,237.582,-321.8,stay,stay,3,2
1775924143883,6228,174534.80000007153,pvp,player_1,player_2,444,304.161,242.025,283.287,237.582,-321.8,stay,up,3,2
1775924143883,6229,174551.60000002384,pvp,player_1,player_2,444,303.65,245.985,277.924,237.582,-321.8,stay,up,3,2
1775924143883,6230,174568.39999997616,pvp,player_1,player_2,444,302.883,249.944,272.56,237.582,-321.8,stay,up,3,2
1775924143883,6231,174584.89999997616,pvp,player_1,player_2,444,301.861,253.904,267.197,237.582,-321.8,stay,up,3,2
1775924143883,6232,174601.39999997616,pvp,player_1,player_2,444,300.583,257.864,261.834,237.582,-321.8,stay,up,3,2
1775924143883,6233,174618.60000002384,pvp,player_1,player_2,444,299.05,261.823,256.47,237.582,-321.8,stay,up,3,2
1775924143883,6234,174635,pvp,player_1,player_2,444,297.261,265.783,251.107,237.582,-321.8,stay,up,3,2
1775924143883,6235,174651.80000007153,pvp,player_1,player_2,444,295.217,269.743,245.744,237.582,-321.8,stay,up,3,2
1775924143883,6236,174668.39999997616,pvp,player_1,player_2,444,292.917,273.703,240.38,237.582,-321.8,stay,up,3,2
1775924143883,6237,174684.89999997616,pvp,player_1,player_2,444,290.361,277.662,235.017,237.582,-321.8,stay,up,3,2
1775924143883,6238,174701.89999997616,pvp,player_1,player_2,444,287.55,281.622,229.654,237.582,-321.8,stay,up,3,2
1775924143883,6239,174718.5,pvp,player_1,player_2,444,284.483,285.582,224.29,237.582,-321.8,stay,up,3,2
1775924143883,6240,174735.30000007153,pvp,player_1,player_2,444,281.161,289.541,218.927,237.582,-321.8,stay,up,3,2
1775924143883,6241,174751.10000002384,pvp,player_1,player_2,444,277.583,293.501,213.564,237.582,-321.8,stay,up,3,2
1775924143883,6242,174767.60000002384,pvp,player_1,player_2,444,273.75,297.461,208.2,237.582,-321.8,stay,up,3,2
1775924143883,6243,174785,pvp,player_1,player_2,444,269.661,301.42,202.837,237.582,-321.8,stay,up,3,2
1775924143883,6244,174801.70000004768,pvp,player_1,player_2,444,265.317,305.38,197.474,237.582,-321.8,stay,up,3,2
1775924143883,6245,174818.39999997616,pvp,player_1,player_2,444,260.717,309.34,192.11,237.582,-321.8,stay,up,3,2
1775924143883,6246,174834.89999997616,pvp,player_1,player_2,444,255.861,313.299,186.747,237.582,-321.8,stay,up,3,2
1775924143883,6247,174851.20000004768,pvp,player_1,player_2,444,250.75,317.259,181.384,237.582,-321.8,stay,up,3,2
1775924143883,6248,174868.30000007153,pvp,player_1,player_2,444,245.383,321.219,176.02,237.582,-321.8,stay,up,3,2
1775924143883,6249,174884.89999997616,pvp,player_1,player_2,444,239.761,325.179,170.657,237.582,-321.8,stay,up,3,2
1775924143883,6250,174901.5,pvp,player_1,player_2,444,233.883,329.138,165.294,237.582,-321.8,stay,up,3,2
1775924143883,6251,174918.5,pvp,player_1,player_2,444,227.75,333.098,159.93,237.582,-321.8,stay,up,3,2
1775924143883,6252,174935.10000002384,pvp,player_1,player_2,444,221.361,337.058,154.567,237.582,-321.8,stay,up,3,2
1775924143883,6253,174952.10000002384,pvp,player_1,player_2,444,214.717,341.017,149.204,237.582,-321.8,stay,up,3,2
1775924143883,6254,174968.20000004768,pvp,player_1,player_2,444,207.817,344.977,143.84,237.582,-321.8,stay,up,3,2
1775924143883,6255,174984.39999997616,pvp,player_1,player_2,444,200.661,348.937,138.477,237.582,-321.8,stay,up,3,2
1775924143883,6256,175001.60000002384,pvp,player_1,player_2,444,193.25,352.896,133.114,237.582,-321.8,stay,up,3,2
1775924143883,6257,175018.10000002384,pvp,player_1,player_2,444,185.583,356.856,127.75,237.582,-321.8,stay,up,3,2
1775924143883,6258,175035,pvp,player_1,player_2,444,177.917,360.816,122.387,237.582,-321.8,stay,up,3,2
1775924143883,6259,175051,pvp,player_1,player_2,444,170.25,364.775,117.024,237.582,-321.8,stay,up,3,2
1775924143883,6260,175068.5,pvp,player_1,player_2,444,162.778,368.735,111.661,237.582,-321.8,stay,stay,3,2
1775924143883,6261,175085.10000002384,pvp,player_1,player_2,444,155.5,372.695,106.297,237.582,-321.8,stay,stay,3,2
1775924143883,6262,175101.70000004768,pvp,player_1,player_2,444,148.417,376.655,100.934,237.582,-321.8,stay,stay,3,2
1775924143883,6263,175118.30000007153,pvp,player_1,player_2,444,141.528,380.614,95.571,237.582,-321.8,stay,stay,3,2
1775924143883,6264,175135,pvp,player_1,player_2,444,134.833,384.574,90.207,237.582,-321.8,stay,stay,3,2
1775924143883,6265,175151.80000007153,pvp,player_1,player_2,444,128.333,388.534,84.844,237.582,-321.8,stay,stay,3,2
1775924143883,6266,175168.39999997616,pvp,player_1,player_2,444,122.028,392.493,79.481,237.582,-321.8,stay,stay,3,2
1775924143883,6267,175185.20000004768,pvp,player_1,player_2,444,115.917,396.453,74.117,237.582,-321.8,stay,stay,3,2
1775924143883,6268,175201.89999997616,pvp,player_1,player_2,444,110,400.413,68.754,237.582,-321.8,stay,stay,3,2
1775924143883,6269,175218.30000007153,pvp,player_1,player_2,444,104.278,404.372,63.391,237.582,-321.8,stay,stay,3,2
1775924143883,6270,175235.10000002384,pvp,player_1,player_2,444,98.75,408.332,58.027,237.582,-321.8,stay,stay,3,2
1775924143883,6271,175251.30000007153,pvp,player_1,player_2,444,93.417,412.292,52.664,237.582,-321.8,stay,stay,3,2
1775924143883,6272,175268.39999997616,pvp,player_1,player_2,444,88.278,416.251,47.301,237.582,-321.8,stay,stay,3,2
1775924143883,6273,175285.10000002384,pvp,player_1,player_2,444,83.333,420.211,41.937,237.582,-321.8,stay,stay,3,2
1775924143883,6274,175301.80000007153,pvp,player_1,player_2,444,78.583,424.171,36.574,237.582,-321.8,stay,stay,3,2
1775924143883,6275,175318.5,pvp,player_1,player_2,444,74.028,428.131,31.211,237.582,-321.8,stay,stay,3,2
1775924143883,6276,175335.20000004768,pvp,player_1,player_2,444,69.667,432.09,25.847,237.582,-321.8,stay,stay,3,2
1775924143883,6277,175351.5,pvp,player_1,player_2,444,65.5,436.05,20.484,237.582,-321.8,stay,stay,3,2
1775924143883,6278,175367.70000004768,pvp,player_1,player_2,444,61.528,440.01,15.121,237.582,-321.8,stay,stay,3,2
1775924143883,6279,175385.10000002384,pvp,player_1,player_2,444,57.75,443.969,10,237.582,321.8,stay,stay,3,2
1775924143883,6280,175401.60000002384,pvp,player_1,player_2,444,54.167,447.929,15.363,237.582,321.8,stay,stay,3,2
1775924143883,6281,175418.20000004768,pvp,player_1,player_2,444,50.778,451.889,20.727,237.582,321.8,stay,stay,3,2
1775924143883,6282,175435,pvp,player_1,player_2,444,47.583,455.848,26.09,237.582,321.8,stay,stay,3,2
1775924143883,6283,175451.39999997616,pvp,player_1,player_2,444,44.583,459.808,31.453,237.582,321.8,stay,stay,3,2
1775924143883,6284,175468.30000007153,pvp,player_1,player_2,444,41.778,463.768,36.817,237.582,321.8,stay,stay,3,2
1775924143883,6285,175485,pvp,player_1,player_2,444,39.167,467.727,42.18,237.582,321.8,stay,stay,3,2
1775924143883,6286,175501.39999997616,pvp,player_1,player_2,444,36.75,471.687,47.543,237.582,321.8,stay,stay,3,2
1775924143883,6287,175518.20000004768,pvp,player_1,player_2,444,34.528,475.647,52.907,237.582,321.8,stay,stay,3,2
1775924143883,6288,175535,pvp,player_1,player_2,444,32.5,479.607,58.27,237.582,321.8,stay,stay,3,2
1775924143883,6289,175551.70000004768,pvp,player_1,player_2,444,30.667,483.566,63.633,237.582,321.8,stay,stay,3,2
1775924143883,6290,175568.20000004768,pvp,player_1,player_2,444,29.194,487.526,68.997,237.582,321.8,stay,down,3,2
1775924143883,6291,175584.80000007153,pvp,player_1,player_2,444,28.083,491.486,74.36,237.582,321.8,stay,down,3,2
1775924143883,6292,175601.60000002384,pvp,player_1,player_2,444,27.333,495.445,79.723,237.582,321.8,stay,down,3,2
1775924143883,6293,175618.5,pvp,player_1,player_2,444,26.944,499.405,85.087,237.582,321.8,stay,down,3,2
1775924143883,6294,175635.10000002384,pvp,player_1,player_2,444,26.917,503.365,90.45,237.582,321.8,stay,down,3,2
1775924143883,6295,175651.60000002384,pvp,player_1,player_2,444,27.25,507.324,95.813,237.582,321.8,stay,down,3,2
1775924143883,6296,175668.30000007153,pvp,player_1,player_2,444,27.839,511.284,101.177,237.582,321.8,stay,down,3,2
1775924143883,6297,175685.60000002384,pvp,player_1,player_2,444,28.683,515.244,106.54,237.582,321.8,stay,down,3,2
1775924143883,6298,175701.89999997616,pvp,player_1,player_2,444,29.783,519.203,111.903,237.582,321.8,stay,down,3,2
1775924143883,6299,175718.30000007153,pvp,player_1,player_2,444,31.139,523.163,117.267,237.582,321.8,stay,down,3,2
1775924143883,6300,175735.30000007153,pvp,player_1,player_2,444,32.75,527.123,122.63,237.582,321.8,stay,down,3,2
1775924143883,6301,175751.39999997616,pvp,player_1,player_2,444,34.617,531.083,127.993,237.582,321.8,stay,down,3,2
1775924143883,6302,175767.89999997616,pvp,player_1,player_2,444,36.739,535.042,133.357,237.582,321.8,stay,down,3,2
1775924143883,6303,175784.89999997616,pvp,player_1,player_2,444,39.117,539.002,138.72,237.582,321.8,stay,down,3,2
1775924143883,6304,175801.80000007153,pvp,player_1,player_2,444,41.75,542.962,144.083,237.582,321.8,stay,down,3,2
1775924143883,6305,175818.5,pvp,player_1,player_2,444,44.639,546.921,149.446,237.582,321.8,stay,down,3,2
1775924143883,6306,175835,pvp,player_1,player_2,444,47.783,550.881,154.81,237.582,321.8,stay,down,3,2
1775924143883,6307,175852.10000002384,pvp,player_1,player_2,444,51.183,554.841,160.173,237.582,321.8,stay,down,3,2
1775924143883,6308,175868.60000002384,pvp,player_1,player_2,444,54.839,558.8,165.536,237.582,321.8,stay,down,3,2
1775924143883,6309,175884.89999997616,pvp,player_1,player_2,444,58.75,562.76,170.9,237.582,321.8,stay,down,3,2
1775924143883,6310,175901.60000002384,pvp,player_1,player_2,444,62.917,566.72,176.263,237.582,321.8,stay,down,3,2
1775924143883,6311,175918.60000002384,pvp,player_1,player_2,444,67.339,570.679,181.626,237.582,321.8,stay,down,3,2
1775924143883,6312,175934.89999997616,pvp,player_1,player_2,444,72.017,574.639,186.99,237.582,321.8,stay,down,3,2
1775924143883,6313,175951.80000007153,pvp,player_1,player_2,444,76.95,578.599,192.353,237.582,321.8,stay,down,3,2
1775924143883,6314,175968.10000002384,pvp,player_1,player_2,444,82.139,582.559,197.716,237.582,321.8,stay,down,3,2
1775924143883,6315,175984.89999997616,pvp,player_1,player_2,444,87.583,586.518,203.08,237.582,321.8,stay,down,3,2
1775924143883,6316,176001.39999997616,pvp,player_1,player_2,444,93.283,590.478,208.443,237.582,321.8,stay,down,3,2
1775924143883,6317,176018.10000002384,pvp,player_1,player_2,444,99.239,594.438,213.806,237.582,321.8,stay,down,3,2
1775924143883,6318,176035.20000004768,pvp,player_1,player_2,444,105.45,598.397,219.17,237.582,321.8,stay,down,3,2
1775924143883,6319,176051.30000007153,pvp,player_1,player_2,444,111.917,602.357,224.533,237.582,321.8,stay,down,3,2
1775924143883,6320,176068.5,pvp,player_1,player_2,444,118.639,606.317,229.896,237.582,321.8,stay,down,3,2
1775924143883,6321,176085.20000004768,pvp,player_1,player_2,444,125.617,610.276,235.26,237.582,321.8,stay,down,3,2
1775924143883,6322,176101.70000004768,pvp,player_1,player_2,444,132.85,614.236,240.623,237.582,321.8,stay,down,3,2
1775924143883,6323,176118.39999997616,pvp,player_1,player_2,444,140.339,618.196,245.986,237.582,321.8,stay,down,3,2
1775924143883,6324,176135.10000002384,pvp,player_1,player_2,444,148.006,622.155,251.35,237.582,321.8,stay,down,3,2
1775924143883,6325,176151.80000007153,pvp,player_1,player_2,444,155.672,626.115,256.713,237.582,321.8,stay,down,3,2
1775924143883,6326,176168.20000004768,pvp,player_1,player_2,444,163.339,630.075,262.076,237.582,321.8,stay,down,3,2
1775924143883,6327,176185.20000004768,pvp,player_1,player_2,444,171.006,634.035,267.44,237.582,321.8,stay,down,3,2
1775924143883,6328,176201.60000002384,pvp,player_1,player_2,444,178.672,637.994,272.803,237.582,321.8,stay,down,3,2
1775924143883,6329,176217.89999997616,pvp,player_1,player_2,444,186.339,641.954,278.166,237.582,321.8,stay,down,3,2
1775924143883,6330,176234.70000004768,pvp,player_1,player_2,444,193.811,645.914,283.53,237.582,321.8,stay,stay,3,2
1775924143883,6331,176251.60000002384,pvp,player_1,player_2,444,201.089,649.873,288.893,237.582,321.8,stay,stay,3,2
1775924143883,6332,176268.39999997616,pvp,player_1,player_2,444,208.172,653.833,294.256,237.582,321.8,stay,stay,3,2
1775924143883,6333,176285,pvp,player_1,player_2,444,215.061,657.793,299.62,237.582,321.8,stay,stay,3,2
1775924143883,6334,176301.60000002384,pvp,player_1,player_2,444,221.756,661.752,304.983,237.582,321.8,stay,stay,3,2
1775924143883,6335,176318.39999997616,pvp,player_1,player_2,444,228.256,665.712,310.346,237.582,321.8,stay,stay,3,2
1775924143883,6336,176335.20000004768,pvp,player_1,player_2,444,234.561,669.672,315.71,237.582,321.8,stay,stay,3,2
1775924143883,6337,176351.60000002384,pvp,player_1,player_2,444,240.672,673.632,321.073,237.582,321.8,stay,stay,3,2
1775924143883,6338,176368.5,pvp,player_1,player_2,444,246.589,677.591,326.436,237.582,321.8,stay,stay,3,2
1775924143883,6339,176385.20000004768,pvp,player_1,player_2,444,252.311,681.551,331.8,237.582,321.8,stay,stay,3,2
1775924143883,6340,176401.5,pvp,player_1,player_2,444,257.839,685.511,337.163,237.582,321.8,stay,stay,3,2
1775924143883,6341,176418.5,pvp,player_1,player_2,444,263.172,689.47,342.526,237.582,321.8,stay,stay,3,2
1775924143883,6342,176434.5,pvp,player_1,player_2,444,268.311,693.43,347.89,237.582,321.8,stay,stay,3,2
1775924143883,6343,176451,pvp,player_1,player_2,444,273.256,697.39,353.253,237.582,321.8,stay,stay,3,2
1775924143883,6344,176467.70000004768,pvp,player_1,player_2,444,278.006,701.349,358.616,237.582,321.8,stay,stay,3,2
1775924143883,6345,176484.5,pvp,player_1,player_2,444,282.561,705.309,363.98,237.582,321.8,stay,stay,3,2
1775924143883,6346,176500.89999997616,pvp,player_1,player_2,444,286.922,709.269,369.343,237.582,321.8,stay,stay,3,2
1775924143883,6347,176517.80000007153,pvp,player_1,player_2,444,291.089,713.228,374.706,237.582,321.8,stay,stay,3,2
1775924143883,6348,176534.60000002384,pvp,player_1,player_2,444,295.061,717.188,380.07,237.582,321.8,stay,stay,3,2
1775924143883,6349,176551.60000002384,pvp,player_1,player_2,444,298.839,721.148,385.433,237.582,321.8,stay,stay,3,2
1775924143883,6350,176568.30000007153,pvp,player_1,player_2,444,302.422,725.108,390.796,237.582,321.8,stay,stay,3,2
1775924143883,6351,176584.80000007153,pvp,player_1,player_2,444,305.811,729.067,396.16,237.582,321.8,stay,stay,3,2
1775924143883,6352,176601.5,pvp,player_1,player_2,444,309.006,733.027,401.523,237.582,321.8,stay,stay,3,2
1775924143883,6353,176618.39999997616,pvp,player_1,player_2,444,312.006,736.987,406.886,237.582,321.8,stay,stay,3,2
1775924143883,6354,176635,pvp,player_1,player_2,444,314.811,740.946,412.25,237.582,321.8,stay,stay,3,2
1775924143883,6355,176651.60000002384,pvp,player_1,player_2,444,317.422,744.906,417.613,237.582,321.8,stay,stay,3,2
1775924143883,6356,176667.89999997616,pvp,player_1,player_2,444,319.839,748.866,422.976,237.582,321.8,stay,stay,3,2
1775924143883,6357,176684.80000007153,pvp,player_1,player_2,444,322.511,752.825,428.339,237.582,321.8,stay,down,3,2
1775924143883,6358,176701,pvp,player_1,player_2,444,325.439,756.785,433.703,237.582,321.8,stay,down,3,2
1775924143883,6359,176718.20000004768,pvp,player_1,player_2,444,328.622,760.745,439.066,237.582,321.8,stay,down,3,2
1775924143883,6360,176735.30000007153,pvp,player_1,player_2,444,332.061,764.704,444.429,237.582,321.8,stay,down,3,2
1775924143883,6361,176751.70000004768,pvp,player_1,player_2,444,335.756,768.664,449.793,237.582,321.8,stay,down,3,2
1775924143883,6362,176767.60000002384,pvp,player_1,player_2,444,339.706,772.624,455.156,237.582,321.8,stay,down,3,2
1775924143883,6363,176784.89999997616,pvp,player_1,player_2,444,343.911,776.584,460.519,237.582,321.8,stay,down,3,2
1775924143883,6364,176801.5,pvp,player_1,player_2,444,348.372,780.543,465.883,237.582,321.8,stay,down,3,2
1775924143883,6365,176818.10000002384,pvp,player_1,player_2,444,353.089,784.503,471.246,237.582,321.8,stay,down,3,2
1775924143883,6366,176835.20000004768,pvp,player_1,player_2,444,358.061,788.463,476.609,237.582,321.8,stay,down,3,2
1775924143883,6367,176851.80000007153,pvp,player_1,player_2,444,363.289,792.422,481.973,237.582,321.8,stay,down,3,2
1775924143883,6368,176867.60000002384,pvp,player_1,player_2,444,368.772,796.382,487.336,237.582,321.8,stay,down,3,2
1775924143883,6369,176884.30000007153,pvp,player_1,player_2,444,374.511,800.342,492.699,237.582,321.8,stay,down,3,2
1775924143883,6370,176900.89999997616,pvp,player_1,player_2,444,380.506,804.301,498.063,237.582,321.8,stay,down,3,2
1775924143883,6371,176917.70000004768,pvp,player_1,player_2,444,386.756,808.261,503.426,237.582,321.8,stay,down,3,2
1775924143883,6372,176934.20000004768,pvp,player_1,player_2,444,393.261,812.221,508.789,237.582,321.8,stay,down,3,2
1775924143883,6373,176950.89999997616,pvp,player_1,player_2,444,400.022,816.18,514.153,237.582,321.8,stay,down,3,2
1775924143883,6374,176967.30000007153,pvp,player_1,player_2,444,407.039,820.14,519.516,237.582,321.8,stay,down,3,2
1775924143883,6375,176984.10000002384,pvp,player_1,player_2,444,414.311,824.1,524.879,237.582,321.8,stay,down,3,2
1775924143883,6376,177000.89999997616,pvp,player_1,player_2,444,421.839,828.06,530,237.582,-321.8,stay,down,3,2
1775924143883,6377,177017.60000002384,pvp,player_1,player_2,444,429.506,832.019,524.637,237.582,-321.8,stay,down,3,2
1775924143883,6378,177034.20000004768,pvp,player_1,player_2,444,437.172,835.979,519.273,237.582,-321.8,stay,down,3,2
1775924143883,6379,177050.80000007153,pvp,player_1,player_2,444,444,839.939,513.91,237.582,-321.8,stay,down,3,2
1775924143883,6380,177067.70000004768,pvp,player_1,player_2,444,444,843.898,508.547,237.582,-321.8,stay,down,3,2
1775924143883,6381,177085.10000002384,pvp,player_1,player_2,444,444,847.858,503.183,237.582,-321.8,stay,down,3,2
1775924143883,6382,177101.5,pvp,player_1,player_2,444,444,851.818,497.82,237.582,-321.8,stay,stay,3,2
1775924143883,6383,177118.30000007153,pvp,player_1,player_2,444,444,855.777,492.457,237.582,-321.8,stay,stay,3,2
1775924143883,6384,177135.10000002384,pvp,player_1,player_2,444,444,859.737,487.093,237.582,-321.8,stay,stay,3,2
1775924143883,6385,177151.70000004768,pvp,player_1,player_2,444,444,863.697,481.73,237.582,-321.8,stay,stay,3,2
1775924143883,6386,177168.39999997616,pvp,player_1,player_2,444,444,867.656,476.367,237.582,-321.8,stay,stay,3,2
1775924143883,6387,177185,pvp,player_1,player_2,444,444,871.616,471.003,237.582,-321.8,stay,stay,3,2
1775924143883,6388,177202.10000002384,pvp,player_1,player_2,444,444,875.576,465.64,237.582,-321.8,stay,up,3,2
1775924143883,6389,177218,pvp,player_1,player_2,444,444,879.536,460.277,237.582,-321.8,stay,up,3,2
1775924143883,6390,177234.70000004768,pvp,player_1,player_2,444,444,883.495,454.913,237.582,-321.8,stay,up,3,2
1775924143883,6391,177251.70000004768,pvp,player_1,player_2,444,444,887.455,449.55,237.582,-321.8,stay,up,3,2
1775924143883,6392,177268.20000004768,pvp,player_1,player_2,444,444,891.415,444.187,237.582,-321.8,stay,up,3,2
1775924143883,6393,177284.70000004768,pvp,player_1,player_2,444,444,895.374,438.823,237.582,-321.8,stay,up,3,2
1775924143883,6394,177301.60000002384,pvp,player_1,player_2,444,444,899.334,433.46,237.582,-321.8,stay,up,3,2
1775924143883,6395,177318.5,pvp,player_1,player_2,444,444,903.294,428.097,237.582,-321.8,stay,up,3,2
1775924143883,6396,177334.80000007153,pvp,player_1,player_2,444,444,907.253,422.733,237.582,-321.8,stay,up,3,2
1775924143883,6397,177351.80000007153,pvp,player_1,player_2,444,444,911.213,417.37,237.582,-321.8,stay,up,3,2
1775924143883,6398,177368.30000007153,pvp,player_1,player_2,444,444,915.173,412.007,237.582,-321.8,stay,up,3,2
1775924143883,6399,177384.89999997616,pvp,player_1,player_2,444,444,919.132,406.643,237.582,-321.8,stay,up,3,2
1775924143883,6400,177402,pvp,player_1,player_2,444,444,923.092,401.28,237.582,-321.8,stay,up,3,2
1775924143883,6401,177418.20000004768,pvp,player_1,player_2,444,444,927.052,395.917,237.582,-321.8,stay,up,3,2
1775924143883,6402,177434.70000004768,pvp,player_1,player_2,444,444,931.012,390.554,237.582,-321.8,stay,up,3,2
1775924143883,6403,177451,pvp,player_1,player_2,444,444,934.971,385.19,237.582,-321.8,stay,up,3,2
1775924143883,6404,177468.39999997616,pvp,player_1,player_2,444,444,938.931,379.827,237.582,-321.8,stay,up,3,2
1775924143883,6405,177484.89999997616,pvp,player_1,player_2,444,444,942.891,374.464,237.582,-321.8,stay,up,3,2
1775924143883,6406,177501.60000002384,pvp,player_1,player_2,444,443.744,946.85,369.1,237.582,-321.8,stay,up,3,2
1775924143883,6407,177517.80000007153,pvp,player_1,player_2,444,443.233,950.81,363.737,237.582,-321.8,stay,up,3,2
1775924143883,6408,177534.80000007153,pvp,player_1,player_2,444,442.467,954.77,358.374,237.582,-321.8,stay,up,3,2
1775924143883,6409,177551.60000002384,pvp,player_1,player_2,444,441.444,958.729,353.01,237.582,-321.8,stay,up,3,2
1775924143883,6410,177568.5,pvp,player_1,player_2,444,440.167,962.689,347.647,237.582,-321.8,stay,up,3,2
1775924143883,6411,177584.89999997616,pvp,player_1,player_2,444,438.633,966.649,342.284,237.582,-321.8,stay,up,3,2
1775924143883,6412,177601.70000004768,pvp,player_1,player_2,444,436.844,480,270,280,0,stay,up,4,2
1775924143883,6413,177618.20000004768,pvp,player_1,player_2,444,434.8,484.667,270,280,0,stay,up,4,2
1775924143883,6414,177634.89999997616,pvp,player_1,player_2,444,432.5,489.333,270,280,0,stay,up,4,2
1775924143883,6415,177651.60000002384,pvp,player_1,player_2,444,429.944,494,270,280,0,stay,up,4,2
1775924143883,6416,177668.30000007153,pvp,player_1,player_2,444,427.133,498.667,270,280,0,stay,up,4,2
1775924143883,6417,177684.80000007153,pvp,player_1,player_2,444,424.067,503.333,270,280,0,stay,up,4,2
1775924143883,6418,177701.70000004768,pvp,player_1,player_2,444,420.744,508,270,280,0,stay,up,4,2
1775924143883,6419,177717.70000004768,pvp,player_1,player_2,444,417.167,512.667,270,280,0,stay,up,4,2
1775924143883,6420,177734.30000007153,pvp,player_1,player_2,444,413.333,517.333,270,280,0,stay,up,4,2
1775924143883,6421,177751.80000007153,pvp,player_1,player_2,444,409.244,522,270,280,0,stay,up,4,2
1775924143883,6422,177767.70000004768,pvp,player_1,player_2,444,404.9,526.667,270,280,0,stay,up,4,2
1775924143883,6423,177784.70000004768,pvp,player_1,player_2,444,400.3,531.333,270,280,0,stay,up,4,2
1775924143883,6424,177801.20000004768,pvp,player_1,player_2,444,395.444,536,270,280,0,stay,up,4,2
1775924143883,6425,177818.5,pvp,player_1,player_2,444,390.333,540.667,270,280,0,stay,up,4,2
1775924143883,6426,177835,pvp,player_1,player_2,444,384.967,545.333,270,280,0,stay,up,4,2
1775924143883,6427,177851.60000002384,pvp,player_1,player_2,444,379.344,550,270,280,0,stay,up,4,2
1775924143883,6428,177868.39999997616,pvp,player_1,player_2,444,373.467,554.667,270,280,0,stay,up,4,2
1775924143883,6429,177884.70000004768,pvp,player_1,player_2,444,367.333,559.333,270,280,0,stay,up,4,2
1775924143883,6430,177901.80000007153,pvp,player_1,player_2,444,360.944,564,270,280,0,stay,up,4,2
1775924143883,6431,177918.5,pvp,player_1,player_2,444,354.3,568.667,270,280,0,stay,up,4,2
1775924143883,6432,177934.60000002384,pvp,player_1,player_2,444,347.4,573.333,270,280,0,stay,up,4,2
1775924143883,6433,177951.10000002384,pvp,player_1,player_2,444,340.694,578,270,280,0,stay,stay,4,2
1775924143883,6434,177968.39999997616,pvp,player_1,player_2,444,334.183,582.667,270,280,0,stay,stay,4,2
1775924143883,6435,177985,pvp,player_1,player_2,444,327.867,587.333,270,280,0,stay,stay,4,2
1775924143883,6436,178001.30000007153,pvp,player_1,player_2,444,321.744,592,270,280,0,stay,stay,4,2
1775924143883,6437,178018.39999997616,pvp,player_1,player_2,444,315.817,596.667,270,280,0,stay,stay,4,2
1775924143883,6438,178034.20000004768,pvp,player_1,player_2,444,310.083,601.333,270,280,0,stay,stay,4,2
1775924143883,6439,178051.60000002384,pvp,player_1,player_2,444,304.544,606,270,280,0,stay,stay,4,2
1775924143883,6440,178068.30000007153,pvp,player_1,player_2,444,299.2,610.667,270,280,0,stay,stay,4,2
1775924143883,6441,178085,pvp,player_1,player_2,444,294.05,615.333,270,280,0,stay,stay,4,2
1775924143883,6442,178101.80000007153,pvp,player_1,player_2,444,288.644,620,270,280,0,stay,up,4,2
1775924143883,6443,178118,pvp,player_1,player_2,444,282.983,624.667,270,280,0,stay,up,4,2
1775924143883,6444,178134.89999997616,pvp,player_1,player_2,444,277.067,629.333,270,280,0,stay,up,4,2
1775924143883,6445,178151.60000002384,pvp,player_1,player_2,444,270.894,634,270,280,0,stay,up,4,2
1775924143883,6446,178167.89999997616,pvp,player_1,player_2,444,264.467,638.667,270,280,0,stay,up,4,2
1775924143883,6447,178184.89999997616,pvp,player_1,player_2,444,257.783,643.333,270,280,0,stay,up,4,2
1775924143883,6448,178201.39999997616,pvp,player_1,player_2,444,250.844,648,270,280,0,stay,up,4,2
1775924143883,6449,178218.20000004768,pvp,player_1,player_2,444,243.65,652.667,270,280,0,stay,up,4,2
1775924143883,6450,178234.30000007153,pvp,player_1,player_2,444,236.2,657.333,270,280,0,stay,up,4,2
1775924143883,6451,178251.39999997616,pvp,player_1,player_2,444,228.533,662,270,280,0,stay,up,4,2
1775924143883,6452,178268.5,pvp,player_1,player_2,444,220.867,666.667,270,280,0,stay,up,4,2
1775924143883,6453,178284.89999997616,pvp,player_1,player_2,444,213.2,671.333,270,280,0,stay,up,4,2
1775924143883,6454,178301.60000002384,pvp,player_1,player_2,444,205.533,676,270,280,0,stay,up,4,2
1775924143883,6455,178318.39999997616,pvp,player_1,player_2,444,198.061,680.667,270,280,0,stay,stay,4,2
1775924143883,6456,178335.10000002384,pvp,player_1,player_2,444,190.783,685.333,270,280,0,stay,stay,4,2
1775924143883,6457,178351.80000007153,pvp,player_1,player_2,444,183.7,690,270,280,0,stay,stay,4,2
1775924143883,6458,178368,pvp,player_1,player_2,444,176.811,694.667,270,280,0,stay,stay,4,2
1775924143883,6459,178385.39999997616,pvp,player_1,player_2,444,170.117,699.333,270,280,0,stay,stay,4,2
1775924143883,6460,178401.5,pvp,player_1,player_2,444,163.617,704,270,280,0,stay,stay,4,2
1775924143883,6461,178418.10000002384,pvp,player_1,player_2,444,157.311,708.667,270,280,0,stay,stay,4,2
1775924143883,6462,178435.10000002384,pvp,player_1,player_2,444,151.2,713.333,270,280,0,stay,stay,4,2
1775924143883,6463,178451.39999997616,pvp,player_1,player_2,444,145.283,718,270,280,0,stay,stay,4,2
1775924143883,6464,178468.39999997616,pvp,player_1,player_2,444,139.561,722.667,270,280,0,stay,stay,4,2
1775924143883,6465,178484.80000007153,pvp,player_1,player_2,444,134.033,727.333,270,280,0,stay,stay,4,2
1775924143883,6466,178501.60000002384,pvp,player_1,player_2,444,128.7,732,270,280,0,stay,stay,4,2
1775924143883,6467,178518.20000004768,pvp,player_1,player_2,444,123.561,736.667,270,280,0,stay,stay,4,2
1775924143883,6468,178535,pvp,player_1,player_2,444,118.617,741.333,270,280,0,stay,stay,4,2
1775924143883,6469,178551.70000004768,pvp,player_1,player_2,444,113.867,746,270,280,0,stay,stay,4,2
1775924143883,6470,178568.39999997616,pvp,player_1,player_2,444,109.311,750.667,270,280,0,stay,stay,4,2
1775924143883,6471,178585,pvp,player_1,player_2,444,104.95,755.333,270,280,0,stay,stay,4,2
1775924143883,6472,178601.60000002384,pvp,player_1,player_2,444,100.783,760,270,280,0,stay,stay,4,2
1775924143883,6473,178618.60000002384,pvp,player_1,player_2,444,96.811,764.667,270,280,0,stay,stay,4,2
1775924143883,6474,178634.60000002384,pvp,player_1,player_2,444,93.033,769.333,270,280,0,stay,stay,4,2
1775924143883,6475,178650.89999997616,pvp,player_1,player_2,444,89.45,774,270,280,0,stay,stay,4,2
1775924143883,6476,178668.30000007153,pvp,player_1,player_2,444,86.061,778.667,270,280,0,stay,stay,4,2
1775924143883,6477,178685.10000002384,pvp,player_1,player_2,444,83.033,783.333,270,280,0,stay,down,4,2
1775924143883,6478,178701.5,pvp,player_1,player_2,444,80.367,788,270,280,0,stay,down,4,2
1775924143883,6479,178718.30000007153,pvp,player_1,player_2,444,78.061,792.667,270,280,0,stay,down,4,2
1775924143883,6480,178735,pvp,player_1,player_2,444,76.117,797.333,270,280,0,stay,down,4,2
1775924143883,6481,178751.80000007153,pvp,player_1,player_2,444,74.533,802,270,280,0,stay,down,4,2
1775924143883,6482,178767.5,pvp,player_1,player_2,444,73.311,806.667,270,280,0,stay,down,4,2
1775924143883,6483,178784.60000002384,pvp,player_1,player_2,444,72.45,811.333,270,280,0,stay,down,4,2
1775924143883,6484,178801.60000002384,pvp,player_1,player_2,444,71.95,816,270,280,0,stay,down,4,2
1775924143883,6485,178818.10000002384,pvp,player_1,player_2,444,71.811,820.667,270,280,0,stay,down,4,2
1775924143883,6486,178834.89999997616,pvp,player_1,player_2,444,72.033,825.333,270,280,0,stay,down,4,2
1775924143883,6487,178851.5,pvp,player_1,player_2,444,72.511,830,270,280,0,stay,down,4,2
1775924143883,6488,178868.20000004768,pvp,player_1,player_2,444,73.244,834.667,270,280,0,stay,down,4,2
1775924143883,6489,178884.5,pvp,player_1,player_2,444,74.233,839.333,270,280,0,stay,down,4,2
1775924143883,6490,178901.20000004768,pvp,player_1,player_2,444,75.478,844,270,280,0,stay,down,4,2
1775924143883,6491,178918.30000007153,pvp,player_1,player_2,444,76.978,848.667,270,280,0,stay,down,4,2
1775924143883,6492,178934.80000007153,pvp,player_1,player_2,444,78.733,853.333,270,280,0,stay,down,4,2
1775924143883,6493,178951,pvp,player_1,player_2,444,80.744,858,270,280,0,stay,down,4,2
1775924143883,6494,178968.30000007153,pvp,player_1,player_2,444,83.011,862.667,270,280,0,stay,down,4,2
1775924143883,6495,178984.89999997616,pvp,player_1,player_2,444,85.533,867.333,270,280,0,stay,down,4,2
1775924143883,6496,179001.89999997616,pvp,player_1,player_2,444,88.311,872,270,280,0,stay,down,4,2
1775924143883,6497,179018.30000007153,pvp,player_1,player_2,444,91.344,876.667,270,280,0,stay,down,4,2
1775924143883,6498,179034.89999997616,pvp,player_1,player_2,444,94.633,881.333,270,280,0,stay,down,4,2
1775924143883,6499,179051.20000004768,pvp,player_1,player_2,444,98.178,886,270,280,0,stay,down,4,2
1775924143883,6500,179068.30000007153,pvp,player_1,player_2,444,101.978,890.667,270,280,0,stay,down,4,2
1775924143883,6501,179085,pvp,player_1,player_2,444,106.033,895.333,270,280,0,stay,down,4,2
1775924143883,6502,179101.70000004768,pvp,player_1,player_2,444,110.344,900,270,280,0,stay,down,4,2
1775924143883,6503,179118.70000004768,pvp,player_1,player_2,444,114.911,904.667,270,280,0,stay,down,4,2
1775924143883,6504,179135,pvp,player_1,player_2,444,119.733,909.333,270,280,0,stay,down,4,2
1775924143883,6505,179151.5,pvp,player_1,player_2,444,124.811,914,270,280,0,stay,down,4,2
1775924143883,6506,179168.20000004768,pvp,player_1,player_2,444,130.144,918.667,270,280,0,stay,down,4,2
1775924143883,6507,179184.39999997616,pvp,player_1,player_2,444,135.733,923.333,270,280,0,stay,down,4,2
1775924143883,6508,179201.39999997616,pvp,player_1,player_2,444,141.578,928,270,280,0,stay,down,4,2
1775924143883,6509,179218.10000002384,pvp,player_1,player_2,444,147.678,932.667,270,280,0,stay,down,4,2
1775924143883,6510,179234.70000004768,pvp,player_1,player_2,444,154.033,937.333,270,280,0,stay,down,4,2
1775924143883,6511,179251.5,pvp,player_1,player_2,444,160.644,942,270,280,0,stay,down,4,2
1775924143883,6512,179268.30000007153,pvp,player_1,player_2,444,167.511,946.667,270,280,0,stay,down,4,2
1775924143883,6513,179285,pvp,player_1,player_2,444,174.633,951.333,270,280,0,stay,down,4,2
1775924143883,6514,179301.80000007153,pvp,player_1,player_2,444,182.011,956,270,280,0,stay,down,4,2
1775924143883,6515,179318.30000007153,pvp,player_1,player_2,444,189.644,960.667,270,280,0,stay,down,4,2
1775924143883,6516,179334.60000002384,pvp,player_1,player_2,444,197.311,965.333,270,280,0,stay,down,4,2
1775924143883,6517,179351.70000004768,pvp,player_1,player_2,444,204.978,970,270,280,0,stay,down,4,2
1775924143883,6518,179369,pvp,player_1,player_2,444,212.644,480,270,280,0,stay,down,5,2